{
  "type": "FeatureCollection",
  "name": "poligono_transformado_wgs84",
  "crs": {
    "type": "name",
    "properties": {
      "name": "urn:ogc:def:crs:OGC:1.3:CRS84"
    }
  },
  "features": [
    {
      "type": "Feature",
      "properties": {
        "NOMBRE_PROYECTO": "Puente Gabino",
        "SUBREGION": "NORDESTE",
        "sistema_origen": "MAGNA-SIRGAS / Colombia Bogota zone",
        "epsg_origen": 3116,
        "epsg_destino": 4326,
        "elevacion_m": 1077.696
      },
      "geometry": {
        "type": "Polygon",
        "coordinates": [
          [
            [
              -75.20066039,
              6.57015894,
              1077.696
            ],
            [
              -75.20059002,
              6.57006031,
              1077.696
            ],
            [
              -75.19903981,
              6.57112499,
              1077.696
            ],
            [
              -75.19911329,
              6.57119494,
              1077.696
            ],
            [
              -75.19990592,
              6.57065459,
              1077.696
            ],
            [
              -75.20013225,
              6.57064452,
              1077.696
            ],
            [
              -75.20022637,
              6.5707878,
              1077.696
            ],
            [
              -75.20043502,
              6.57200067,
              1077.696
            ],
            [
              -75.20038961,
              6.57224774,
              1077.696
            ],
            [
              -75.20049668,
              6.5721847,
              1077.696
            ],
            [
              -75.20052038,
              6.57210029,
              1077.696
            ],
            [
              -75.20060013,
              6.5721346,
              1077.696
            ],
            [
              -75.20072214,
              6.57207774,
              1077.696
            ],
            [
              -75.20054376,
              6.57199291,
              1077.696
            ],
            [
              -75.20054226,
              6.57198355,
              1077.696
            ],
            [
              -75.20033356,
              6.57077107,
              1077.696
            ],
            [
              -75.20028478,
              6.57042111,
              1077.696
            ],
            [
              -75.20066039,
              6.57015894,
              1077.696
            ]
          ]
        ]
      }
    },
    {
      "type": "Feature",
      "properties": {
        "Id": 0,
        "NOMBRE_PROYECTO": "Mi Casita Venecia",
        "SUBREGION": "SUROESTE"
      },
      "geometry": {
        "type": "MultiPolygon",
        "coordinates": [
          [
            [
              [
                -75.74951477223017,
                5.961798107757841
              ],
              [
                -75.7495962823325,
                5.961729991168212
              ],
              [
                -75.74961580940973,
                5.961719582750376
              ],
              [
                -75.74964851818383,
                5.961701561717435
              ],
              [
                -75.74965686103026,
                5.961697932414459
              ],
              [
                -75.74967174620255,
                5.961688888983518
              ],
              [
                -75.74970093722548,
                5.961674392649366
              ],
              [
                -75.74972597171934,
                5.961664700587271
              ],
              [
                -75.74976055238213,
                5.961653167027711
              ],
              [
                -75.74980232022702,
                5.961645783142337
              ],
              [
                -75.74983694557291,
                5.961643218441892
              ],
              [
                -75.74997824792929,
                5.961643100619296
              ],
              [
                -75.7501698853197,
                5.961643187391637
              ],
              [
                -75.75023038916709,
                5.961643214773585
              ],
              [
                -75.75028571553113,
                5.961643239806523
              ],
              [
                -75.75044068680492,
                5.961643309895297
              ],
              [
                -75.75067238181312,
                5.961643414602334
              ],
              [
                -75.75071195966073,
                5.961643432478498
              ],
              [
                -75.75074052247564,
                5.961641801205034
              ],
              [
                -75.75076871034295,
                5.961636903083814
              ],
              [
                -75.75080090854836,
                5.961627040871043
              ],
              [
                -75.75083148502752,
                5.961612922955539
              ],
              [
                -75.75085988160183,
                5.961594807062686
              ],
              [
                -75.75088557988735,
                5.961573023901397
              ],
              [
                -75.75090026492751,
                5.961558763075129
              ],
              [
                -75.75092209629746,
                5.96152761161947
              ],
              [
                -75.75093663861911,
                5.96150183364874
              ],
              [
                -75.75095345934129,
                5.961455237469513
              ],
              [
                -75.7510056311208,
                5.961407915296125
              ],
              [
                -75.75099097745408,
                5.961488709480884
              ],
              [
                -75.75098289616386,
                5.961523023603396
              ],
              [
                -75.75097384763534,
                5.96154724404579
              ],
              [
                -75.75096111319114,
                5.961567810719179
              ],
              [
                -75.75093976798112,
                5.961592654338849
              ],
              [
                -75.75089515549453,
                5.961628394802261
              ],
              [
                -75.75087020724231,
                5.961644875056595
              ],
              [
                -75.75086122632483,
                5.961650807648307
              ],
              [
                -75.75083978278612,
                5.961662036450504
              ],
              [
                -75.75081310335129,
                5.96167432943475
              ],
              [
                -75.75078175285068,
                5.961682804330912
              ],
              [
                -75.75074334098882,
                5.961695045249267
              ],
              [
                -75.75070130347497,
                5.961704422467888
              ],
              [
                -75.75069876447964,
                5.961705500640481
              ],
              [
                -75.7506964191073,
                5.961706953394884
              ],
              [
                -75.75069432232412,
                5.961708746640171
              ],
              [
                -75.75069252231796,
                5.961710839123215
              ],
              [
                -75.75069106251458,
                5.961713181524963
              ],
              [
                -75.75068997456941,
                5.961715718976269
              ],
              [
                -75.75068928636988,
                5.961718392737483
              ],
              [
                -75.7506863707382,
                5.961734820659508
              ],
              [
                -75.75065484400581,
                5.961737076288908
              ],
              [
                -75.75065369203473,
                5.961728439497795
              ],
              [
                -75.75065273702837,
                5.96172305794272
              ],
              [
                -75.75065088583538,
                5.961719024328162
              ],
              [
                -75.75064830720564,
                5.961715601867398
              ],
              [
                -75.75064361555786,
                5.961712174724933
              ],
              [
                -75.75064091861599,
                5.961711070894621
              ],
              [
                -75.75063517143354,
                5.961710226433663
              ],
              [
                -75.75062793780867,
                5.96171028240395
              ],
              [
                -75.75045683272269,
                5.961710204890834
              ],
              [
                -75.75041909015823,
                5.961710187827488
              ],
              [
                -75.75035630625716,
                5.961710159437217
              ],
              [
                -75.75034168470667,
                5.961710152824418
              ],
              [
                -75.75025381439009,
                5.961710113075942
              ],
              [
                -75.75006296304407,
                5.961710026695254
              ],
              [
                -75.74985076754345,
                5.961709930576347
              ],
              [
                -75.74981468740812,
                5.961709914224906
              ],
              [
                -75.74978058261553,
                5.961712208285112
              ],
              [
                -75.74974709664738,
                5.961719079511316
              ],
              [
                -75.74971484040789,
                5.961730402830208
              ],
              [
                -75.74968440112082,
                5.961745972055758
              ],
              [
                -75.74951477223017,
                5.961798107757841
              ]
            ]
          ]
        ]
      }
    },
    {
      "type": "Feature",
      "properties": {
        "NOMBRE_PROYECTO": "Variante Majagual",
        "SUBREGION": "SUROESTE"
      },
      "geometry": {
        "type": "Polygon",
        "coordinates": [
          [
            [
              -75.96068494846676,
              6.045466570050736
            ],
            [
              -75.96058974686346,
              6.045475413199757
            ],
            [
              -75.96056549306442,
              6.045476431176451
            ],
            [
              -75.96015141177114,
              6.045472705694259
            ],
            [
              -75.96002146004447,
              6.045499859475447
            ],
            [
              -75.9594809537551,
              6.04574182605056
            ],
            [
              -75.95923273912028,
              6.045709331504981
            ],
            [
              -75.95908866950478,
              6.045592567863879
            ],
            [
              -75.95880811535076,
              6.04548541426538
            ],
            [
              -75.95850812100197,
              6.04547087087337
            ],
            [
              -75.95841867090908,
              6.04547484695894
            ],
            [
              -75.95812208424033,
              6.045515850750371
            ],
            [
              -75.95791403483334,
              6.045519496789753
            ],
            [
              -75.95748740194942,
              6.045475708658121
            ],
            [
              -75.95726011099528,
              6.045304590792492
            ],
            [
              -75.95712078255768,
              6.044958730792255
            ],
            [
              -75.95699705983878,
              6.044813051155207
            ],
            [
              -75.9561512511727,
              6.0442998199841735
            ],
            [
              -75.95589150613289,
              6.044017745585507
            ],
            [
              -75.9558109269159,
              6.043856393561269
            ],
            [
              -75.95580885673796,
              6.043646432252392
            ],
            [
              -75.95608227132884,
              6.043070872856958
            ],
            [
              -75.95606863163073,
              6.042785325877656
            ],
            [
              -75.95604465113372,
              6.042745227911402
            ],
            [
              -75.95553845736235,
              6.042725585988801
            ],
            [
              -75.95537939494587,
              6.042950089657702
            ],
            [
              -75.9552238272809,
              6.04308328971364
            ],
            [
              -75.95499130559625,
              6.043198985910106
            ],
            [
              -75.95474205868803,
              6.04349847210506
            ],
            [
              -75.95467351146698,
              6.0437373329567565
            ],
            [
              -75.9544565926888,
              6.043883375464011
            ],
            [
              -75.95430079745931,
              6.043866634850351
            ],
            [
              -75.95409635458972,
              6.043874398955116
            ],
            [
              -75.95387966397847,
              6.043914486547721
            ],
            [
              -75.9536117645375,
              6.044062812595627
            ],
            [
              -75.95339097929077,
              6.04430336918613
            ],
            [
              -75.95324645449756,
              6.044378719446041
            ],
            [
              -75.9532321367253,
              6.04438063204253
            ],
            [
              -75.95324050334952,
              6.044443347082975
            ],
            [
              -75.953254812095,
              6.044441434534571
            ],
            [
              -75.95343751849624,
              6.044346173567311
            ],
            [
              -75.95365830372134,
              6.044105616959746
            ],
            [
              -75.95389115173802,
              6.043976696513466
            ],
            [
              -75.95410784236876,
              6.043936608904682
            ],
            [
              -75.9542940515975,
              6.043929540484942
            ],
            [
              -75.95444984684673,
              6.043946281091816
            ],
            [
              -75.95473425028499,
              6.043754807543365
            ],
            [
              -75.95480280645315,
              6.043515937609129
            ],
            [
              -75.95501943877657,
              6.043255646238666
            ],
            [
              -75.95525196041868,
              6.043139940983628
            ],
            [
              -75.95543093819754,
              6.04298668457659
            ],
            [
              -75.95559000966594,
              6.042762189886678
            ],
            [
              -75.95599042245775,
              6.042777725676886
            ],
            [
              -75.95601440295451,
              6.042817823646742
            ],
            [
              -75.95602519067774,
              6.0430437077577706
            ],
            [
              -75.95575178504022,
              6.043619267098595
            ],
            [
              -75.95575440016842,
              6.043884692126098
            ],
            [
              -75.9558349793319,
              6.044046035126918
            ],
            [
              -75.95611849196511,
              6.0443539194523614
            ],
            [
              -75.9569643007342,
              6.044867150647658
            ],
            [
              -75.9570621721928,
              6.0449823952969375
            ],
            [
              -75.9572015005647,
              6.04532824628942
            ],
            [
              -75.95748095462349,
              6.0455386396495925
            ],
            [
              -75.9579075876104,
              6.045582436800153
            ],
            [
              -75.95813073110104,
              6.04557851871566
            ],
            [
              -75.95842731779875,
              6.045537514903211
            ],
            [
              -75.95850506088347,
              6.045534063542945
            ],
            [
              -75.95880506429688,
              6.045548606870441
            ],
            [
              -75.95904890491083,
              6.045641743695386
            ],
            [
              -75.95919297454112,
              6.04575850734468
            ],
            [
              -75.95950674608049,
              6.045799574139845
            ],
            [
              -75.96004726141894,
              6.045557607467801
            ],
            [
              -75.96015084405947,
              6.04553596603473
            ],
            [
              -75.9605649254014,
              6.045539691493815
            ],
            [
              -75.9605955879063,
              6.045538403581438
            ],
            [
              -75.96069078049142,
              6.0455295604753
            ],
            [
              -75.96068494846676,
              6.045466570050736
            ]
          ]
        ]
      }
    },
    {
      "type": "Feature",
      "properties": {
        "Id": 0,
        "NOMBRE_PROYECTO": "Puente El Verdún",
        "SUBREGION": "SUROESTE"
      },
      "geometry": {
        "type": "MultiPolygon",
        "coordinates": [
          [
            [
              [
                -75.8511476150221,
                5.592305043548472
              ],
              [
                -75.85115886572757,
                5.59229620856986
              ],
              [
                -75.8511789896631,
                5.592280405600857
              ],
              [
                -75.85120231420845,
                5.592310330958416
              ],
              [
                -75.85121124604028,
                5.5923337632070025
              ],
              [
                -75.85121436844078,
                5.592354194584306
              ],
              [
                -75.85121272343241,
                5.592378687970537
              ],
              [
                -75.85117579480585,
                5.592609080671799
              ],
              [
                -75.85116509193215,
                5.592688142268481
              ],
              [
                -75.85116459898185,
                5.592794416297633
              ],
              [
                -75.85112100983855,
                5.592794123414074
              ],
              [
                -75.85112565870519,
                5.592661576796066
              ],
              [
                -75.85112839346782,
                5.592601990799201
              ],
              [
                -75.85116381655321,
                5.592372867545961
              ],
              [
                -75.85115937083835,
                5.592339316414736
              ],
              [
                -75.8511476150221,
                5.592305043548472
              ]
            ]
          ]
        ]
      }
    },
    {
      "type": "Feature",
      "properties": {
        "NOMBRE_PROYECTO": "Puente El Vólcan",
        "SUBREGION": "SUROESTE"
      },
      "geometry": {
        "type": "Polygon",
        "coordinates": [
          [
            [
              -76.13157346324,
              6.28475891606383
            ],
            [
              -76.13147503848495,
              6.284852153742215
            ],
            [
              -76.13143602238011,
              6.284876666722256
            ],
            [
              -76.13127822046916,
              6.285026142917648
            ],
            [
              -76.1307808761183,
              6.28508584733621
            ],
            [
              -76.13003932640241,
              6.28466177419966
            ],
            [
              -76.12982342807969,
              6.284603979265733
            ],
            [
              -76.12957875590702,
              6.2846031109458815
            ],
            [
              -76.12953168508581,
              6.2846096981810815
            ],
            [
              -76.1294417727022,
              6.28450282872503
            ],
            [
              -76.12943806111299,
              6.2843918298908275
            ],
            [
              -76.12939290607555,
              6.284393339327356
            ],
            [
              -76.1293966176551,
              6.28450433816043
            ],
            [
              -76.12941735766388,
              6.284882179281847
            ],
            [
              -76.1294889188547,
              6.284888864006566
            ],
            [
              -76.12947513031777,
              6.28478392272127
            ],
            [
              -76.1295785238771,
              6.284666400259145
            ],
            [
              -76.12982320511516,
              6.284667268599922
            ],
            [
              -76.13000793571075,
              6.28471671612016
            ],
            [
              -76.13074949450154,
              6.285140789324578
            ],
            [
              -76.13132170853287,
              6.285072097632898
            ],
            [
              -76.13147950141334,
              6.284922621408508
            ],
            [
              -76.13150609879891,
              6.284884984981355
            ],
            [
              -76.13160452355632,
              6.284791747297334
            ],
            [
              -76.13157346324,
              6.28475891606383
            ]
          ]
        ]
      }
    },
    {
      "type": "Feature",
      "properties": {
        "NOMBRE_PROYECTO": "Puente La Loma",
        "SUBREGION": "SUROESTE"
      },
      "geometry": {
        "type": "Polygon",
        "coordinates": [
          [
            [
              -76.20732689340502,
              6.3715899781391245
            ],
            [
              -76.2071571109999,
              6.371484050309957
            ],
            [
              -76.20700875158336,
              6.371359759014792
            ],
            [
              -76.2069751944651,
              6.371322559712889
            ],
            [
              -76.20685310125157,
              6.371180464669842
            ],
            [
              -76.20661837669694,
              6.371094996652532
            ],
            [
              -76.20612773766449,
              6.371163399578095
            ],
            [
              -76.20576198877848,
              6.371296117587602
            ],
            [
              -76.20563233474917,
              6.3713823086276005
            ],
            [
              -76.20559155943953,
              6.371407736900125
            ],
            [
              -76.20550468756524,
              6.371457472331451
            ],
            [
              -76.20523739970805,
              6.371597399658918
            ],
            [
              -76.20526254242283,
              6.371645470859065
            ],
            [
              -76.20552983030161,
              6.371505543521297
            ],
            [
              -76.2056202483396,
              6.371453779729806
            ],
            [
              -76.20566102366735,
              6.3714283424138385
            ],
            [
              -76.20579545466988,
              6.371349826670501
            ],
            [
              -76.20613646161752,
              6.37122609033104
            ],
            [
              -76.20662710974817,
              6.371157687420554
            ],
            [
              -76.20680613375353,
              6.371222871676441
            ],
            [
              -76.20693494307123,
              6.371358902137668
            ],
            [
              -76.20696850017302,
              6.371396110483592
            ],
            [
              -76.20712842043203,
              6.371530077667378
            ],
            [
              -76.20729820284384,
              6.371636005507059
            ],
            [
              -76.20732689340502,
              6.3715899781391245
            ]
          ]
        ]
      }
    },
    {
      "type": "Feature",
      "properties": {
        "NOMBRE_PROYECTO": "Puente Cisneros",
        "SUBREGION": "NORDESTE"
      },
      "geometry": {
        "type": "Polygon",
        "coordinates": [
          [
            [
              -75.07821180542689,
              6.53876052455678
            ],
            [
              -75.07796773612233,
              6.538118797959657
            ],
            [
              -75.07794341700261,
              6.537940988509102
            ],
            [
              -75.07795481409862,
              6.537816902969329
            ],
            [
              -75.07803144317126,
              6.536982377568374
            ],
            [
              -75.07806322456864,
              6.53670756238518
            ],
            [
              -75.07811402344421,
              6.536740425464151
            ],
            [
              -75.07808540617847,
              6.536987975239825
            ],
            [
              -75.07800856461905,
              6.537824707102457
            ],
            [
              -75.07799743309748,
              6.537945953187314
            ],
            [
              -75.07801844050054,
              6.538099511771489
            ],
            [
              -75.0782625098709,
              6.538741247377186
            ],
            [
              -75.07821180542689,
              6.53876052455678
            ]
          ]
        ]
      }
    },
    {
      "type": "Feature",
      "properties": {
        "NOMBRE_PROYECTO": "Puente El Churimbo",
        "SUBREGION": "OCCIDENTE"
      },
      "geometry": {
        "type": "Polygon",
        "coordinates": [
          [
            [
              -75.97672084429121,
              6.599867160337525
            ],
            [
              -75.97677187630435,
              6.599885497731882
            ],
            [
              -75.97681988275177,
              6.599751903755977
            ],
            [
              -75.976768850755,
              6.599733566361109
            ],
            [
              -75.97672084429121,
              6.599867160337525
            ]
          ]
        ]
      }
    },
    {
      "type": "Feature",
      "properties": {
        "NOMBRE_PROYECTO": "Puente Las Margaritas",
        "SUBREGION": "OCCIDENTE"
      },
      "geometry": {
        "type": "Polygon",
        "coordinates": [
          [
            [
              -75.72659400486461,
              6.42136100370514
            ],
            [
              -75.72657771193725,
              6.421299861437514
            ],
            [
              -75.72616261424555,
              6.4214105498786775
            ],
            [
              -75.72617890713796,
              6.421471692178783
            ],
            [
              -75.72659400486461,
              6.42136100370514
            ]
          ]
        ]
      }
    },
    {
      "type": "Feature",
      "properties": {
        "NOMBRE_PROYECTO": "Muro",
        "SUBREGION": "OCCIDENTE"
      },
      "geometry": {
        "type": "Polygon",
        "coordinates": [
          [
            [
              -75.66436856274309,
              6.189877015255524
            ],
            [
              -75.66436887480583,
              6.189876846890435
            ],
            [
              -75.6644318782977,
              6.18983132921067
            ],
            [
              -75.66443215443773,
              6.1898310626128445
            ],
            [
              -75.66453088146878,
              6.189704003210353
            ],
            [
              -75.66453102266404,
              6.189703779095257
            ],
            [
              -75.6645311171672,
              6.189703531901225
            ],
            [
              -75.66453116134656,
              6.18970327112778
            ],
            [
              -75.66453115350434,
              6.189703006796304
            ],
            [
              -75.6645310939419,
              6.189702749064907
            ],
            [
              -75.6645309849482,
              6.189702507838058
            ],
            [
              -75.66453083071181,
              6.189702292385972
            ],
            [
              -75.66453063715993,
              6.189702110988354
            ],
            [
              -75.66453041173067,
              6.189701970616208
            ],
            [
              -75.66453016308712,
              6.189701876663962
            ],
            [
              -75.66452990078456,
              6.189701832742145
            ],
            [
              -75.66452963490309,
              6.189701840538647
            ],
            [
              -75.6645293756604,
              6.189701899753856
            ],
            [
              -75.66452913301903,
              6.189702008112162
            ],
            [
              -75.66452891630358,
              6.189702161449416
            ],
            [
              -75.66452873384227,
              6.189702353872955
            ],
            [
              -75.66443012566893,
              6.189829260307729
            ],
            [
              -75.66436742431613,
              6.189874559703156
            ],
            [
              -75.66429546449584,
              6.189901978964082
            ],
            [
              -75.66429522664362,
              6.189902097353118
            ],
            [
              -75.66429501659366,
              6.189902259599479
            ],
            [
              -75.66429484241806,
              6.18990245946813
            ],
            [
              -75.6642947108103,
              6.189902689278231
            ],
            [
              -75.66429462682798,
              6.189902940198308
            ],
            [
              -75.6642945936985,
              6.189903202585642
            ],
            [
              -75.66429461269502,
              6.189903466356835
            ],
            [
              -75.66429468308749,
              6.189903721375309
            ],
            [
              -75.66429480217079,
              6.189903957840849
            ],
            [
              -75.6642949653686,
              6.189904166666214
            ],
            [
              -75.66429516640932,
              6.189904339826362
            ],
            [
              -75.66429539756707,
              6.189904470666848
            ],
            [
              -75.6642956499586,
              6.189904554159543
            ],
            [
              -75.66429591388463,
              6.189904587095871
            ],
            [
              -75.66429617920264,
              6.189904568210107
            ],
            [
              -75.6642964357166,
              6.189904498228022
            ],
            [
              -75.66436856274309,
              6.189877015255524
            ]
          ]
        ]
      }
    },
    {
      "type": "Feature",
      "properties": {
        "NOMBRE_PROYECTO": "PAP Heliconia",
        "SUBREGION": "OCCIDENTE"
      },
      "geometry": {
        "type": "Polygon",
        "coordinates": [
          [
            [
              -75.73315207112303,
              6.20571164422833
            ],
            [
              -75.73320898540268,
              6.205684078698943
            ],
            [
              -75.73291681860172,
              6.2050799240448535
            ],
            [
              -75.73285990434427,
              6.205107489521504
            ],
            [
              -75.73315207112303,
              6.20571164422833
            ]
          ]
        ]
      }
    },
    {
      "type": "Feature",
      "properties": {
        "NOMBRE_PROYECTO": "PAP Heliconia",
        "SUBREGION": "OCCIDENTE",
        "TIPO_OBRA": "Muro pantalla"
      },
      "geometry": {
        "type": "Polygon",
        "coordinates": [
          [
            [
              -75.73335399033465,
              6.205465264561915
            ],
            [
              -75.7333546107223,
              6.2054645698636515
            ],
            [
              -75.7333550742762,
              6.205463763254722
            ],
            [
              -75.73335536121131,
              6.205462879162158
            ],
            [
              -75.73335545928092,
              6.205461955320095
            ],
            [
              -75.73335536429926,
              6.205461031159218
            ],
            [
              -75.73335508032031,
              6.205460146123823
            ],
            [
              -75.7333546194646,
              6.205459337988281
            ],
            [
              -75.73335400140202,
              6.205458641244784
            ],
            [
              -75.73299097193902,
              6.205126045182776
            ],
            [
              -75.7329902641537,
              6.20512551422707
            ],
            [
              -75.73298946577349,
              6.2051251307466115
            ],
            [
              -75.73298860747974,
              6.205124909478344
            ],
            [
              -75.73298772225615,
              6.20512485892548
            ],
            [
              -75.7329868441214,
              6.205124981030736
            ],
            [
              -75.7329860068217,
              6.205125271101678
            ],
            [
              -75.73298524253401,
              6.2051257179910415
            ],
            [
              -75.73298458062948,
              6.20512630452512
            ],
            [
              -75.73298404654473,
              6.205127008163736
            ],
            [
              -75.73298366080432,
              6.205127801866458
            ],
            [
              -75.73298343823205,
              6.20512865513173
            ],
            [
              -75.73298338738125,
              6.205129535169049
            ],
            [
              -75.73298351020611,
              6.205130408159074
            ],
            [
              -75.73298380198649,
              6.205131240553287
            ],
            [
              -75.73298425150949,
              6.205132000363247
            ],
            [
              -75.73298484150015,
              6.20513265838988
            ],
            [
              -75.73334424973888,
              6.205461936808042
            ],
            [
              -75.7331680685768,
              6.205622275313512
            ],
            [
              -75.73316747638907,
              6.205622931387224
            ],
            [
              -75.7331670243281,
              6.205623689707795
            ],
            [
              -75.73316672976637,
              6.205624521133388
            ],
            [
              -75.73316660402368,
              6.205625393712785
            ],
            [
              -75.73316665193227,
              6.205626273913253
            ],
            [
              -75.73316687165105,
              6.205627127909177
            ],
            [
              -75.73316725473636,
              6.205627922881973
            ],
            [
              -75.73316778646642,
              6.205628628281285
            ],
            [
              -75.73316844640715,
              6.20562921699901
            ],
            [
              -75.73316920919741,
              6.205629666411055
            ],
            [
              -75.73317004552358,
              6.205629959246767
            ],
            [
              -75.73317092324613,
              6.205630084252638
            ],
            [
              -75.73317180863467,
              6.205630036624756
            ],
            [
              -75.7331726676642,
              6.2056298181934375
            ],
            [
              -75.73317346732273,
              6.205629437352874
            ],
            [
              -75.73317417687979,
              6.205628908738555
            ],
            [
              -75.73335399033465,
              6.205465264561915
            ]
          ]
        ]
      }
    },
    {
      "type": "Feature",
      "properties": {
        "NOMBRE_PROYECTO": "PAP Heliconia",
        "SUBREGION": "OCCIDENTE",
        "TIPO_OBRA": "Canal escalonado"
      },
      "geometry": {
        "type": "Polygon",
        "coordinates": [
          [
            [
              -75.73339434163321,
              6.2055752665286
            ],
            [
              -75.73316985339548,
              6.205648437753531
            ],
            [
              -75.73316904197604,
              6.205648793159259
            ],
            [
              -75.73316831589271,
              6.205649299108455
            ],
            [
              -75.73316770304845,
              6.205649936157771
            ],
            [
              -75.73316722699452,
              6.205650679825765
            ],
            [
              -75.73316690602542,
              6.205651501533691
            ],
            [
              -75.73316675247578,
              6.205652369703773
            ],
            [
              -75.73316677224646,
              6.2056532509727225
            ],
            [
              -75.73316696457768,
              6.205654111473871
            ],
            [
              -75.73316732207824,
              6.205654918138638
            ],
            [
              -75.73316783100962,
              6.2056556399673495
            ],
            [
              -75.73316847181387,
              6.205656249220534
            ],
            [
              -75.73316921986523,
              6.205656722484931
            ],
            [
              -75.73317004641649,
              6.205657041573256
            ],
            [
              -75.73317091970378,
              6.205657194223123
            ],
            [
              -75.73317180616715,
              6.205657174568284
            ],
            [
              -75.73317267174029,
              6.205656983364061
            ],
            [
              -75.73339811448224,
              6.205583501021155
            ],
            [
              -75.73339901276623,
              6.205583095680697
            ],
            [
              -75.73339980129033,
              6.2055825063748795
            ],
            [
              -75.73351666599044,
              6.205473425783377
            ],
            [
              -75.7335172498082,
              6.205472762337353
            ],
            [
              -75.73351769221333,
              6.205471998409425
            ],
            [
              -75.73351797620441,
              6.205471163356915
            ],
            [
              -75.73351809086785,
              6.205470289270424
            ],
            [
              -75.73351803179719,
              6.205469409740606
            ],
            [
              -75.73351780126248,
              6.205468558567294
            ],
            [
              -75.73351740812303,
              6.205467768460607
            ],
            [
              -75.73351686748701,
              6.205467069783899
            ],
            [
              -75.73351620013071,
              6.205466489386924
            ],
            [
              -75.73351543170028,
              6.205466049574011
            ],
            [
              -75.73351459172608,
              6.205465767246924
            ],
            [
              -75.73351371248783,
              6.205465653255333
            ],
            [
              -75.73351282777416,
              6.205465711979873
            ],
            [
              -75.73351197158415,
              6.205465941163792
            ],
            [
              -75.73351117682066,
              6.20546633199968
            ],
            [
              -75.73351047402603,
              6.205466869467934
            ],
            [
              -75.73339434163321,
              6.2055752665286
            ]
          ]
        ]
      }
    },
    {
      "type": "Feature",
      "properties": {
        "NOMBRE_PROYECTO": "PAP Heliconia",
        "SUBREGION": "OCCIDENTE",
        "TIPO_OBRA": "Canal pantallas deflectoras"
      },
      "geometry": {
        "type": "Polygon",
        "coordinates": [
          [
            [
              -75.73289633854358,
              6.205062138122736
            ],
            [
              -75.73289531337126,
              6.20506248003971
            ],
            [
              -75.73289439912836,
              6.205063054088511
            ],
            [
              -75.73284942244202,
              6.2050994453392585
            ],
            [
              -75.73284879291276,
              6.205100066100288
            ],
            [
              -75.7328482972979,
              6.2051007970291
            ],
            [
              -75.73284795464365,
              6.205101610036511
            ],
            [
              -75.73284777811797,
              6.2051024738791005
            ],
            [
              -75.73284777450469,
              6.205103355359885
            ],
            [
              -75.73284794394264,
              6.20510422060405
            ],
            [
              -75.73284827992042,
              6.205105036360749
            ],
            [
              -75.73284876952661,
              6.205105771280906
            ],
            [
              -75.73284939394591,
              6.205106397121956
            ],
            [
              -75.73285012918222,
              6.205106889833176
            ],
            [
              -75.73285094698085,
              6.205107230479948
            ],
            [
              -75.73285181591423,
              6.205107405971409
            ],
            [
              -75.73285270258975,
              6.205107409563519
            ],
            [
              -75.73285357293297,
              6.205107241118236
            ],
            [
              -75.73285439349708,
              6.20510690710882
            ],
            [
              -75.73285513274826,
              6.205106420371062
            ],
            [
              -75.73289925228823,
              6.205070722648901
            ],
            [
              -75.7330335194932,
              6.205043126935175
            ],
            [
              -75.7330343660367,
              6.205042864718324
            ],
            [
              -75.73303514485666,
              6.205042443355006
            ],
            [
              -75.73303582602347,
              6.205041879037974
            ],
            [
              -75.73303638336029,
              6.20504119345362
            ],
            [
              -75.73303679544894,
              6.2050404129485655
            ],
            [
              -75.73303704645313,
              6.205039567517179
            ],
            [
              -75.73303712672688,
              6.2050386896489185
            ],
            [
              -75.73303703318531,
              6.205037813079768
            ],
            [
              -75.73303676942321,
              6.205036971495788
            ],
            [
              -75.73303634557676,
              6.205036197238577
            ],
            [
              -75.73303577793418,
              6.205035520062409
            ],
            [
              -75.73303508830963,
              6.205034965990779
            ],
            [
              -75.73303430320502,
              6.205034556316353
            ],
            [
              -75.73303345279146,
              6.205034306782687
            ],
            [
              -75.73303256974988,
              6.20503422697922
            ],
            [
              -75.73303168801506,
              6.205034319972755
            ],
            [
              -75.73289633854358,
              6.205062138122736
            ]
          ]
        ]
      }
    },
    {
      "type": "Feature",
      "properties": {
        "NOMBRE_PROYECTO": "Puente Briceño",
        "SUBREGION": "NORTE"
      },
      "geometry": {
        "type": "Polygon",
        "coordinates": [
          [
            [
              -75.50486993081076,
              7.09896776907782
            ],
            [
              -75.50486834006661,
              7.098963820992571
            ],
            [
              -75.5047492141582,
              7.098693231030328
            ],
            [
              -75.50474270880463,
              7.098681691686551
            ],
            [
              -75.5047340598463,
              7.098671633471225
            ],
            [
              -75.50472359965788,
              7.098663442915816
            ],
            [
              -75.50471173021849,
              7.0986574347786675
            ],
            [
              -75.5046989076639,
              7.098653839949034
            ],
            [
              -75.50468562475747,
              7.098652796574143
            ],
            [
              -75.50467239195368,
              7.09865434475029
            ],
            [
              -75.50465971778151,
              7.098658424981958
            ],
            [
              -75.50464808930212,
              7.098664880468202
            ],
            [
              -75.50463795339132,
              7.098673463128391
            ],
            [
              -75.50462969956648,
              7.098683843135823
            ],
            [
              -75.50462364501747,
              7.098695621592736
            ],
            [
              -75.50462002241737,
              7.098708345859726
            ],
            [
              -75.50461897098084,
              7.098721526950405
            ],
            [
              -75.50462053111423,
              7.098734658322871
            ],
            [
              -75.50462464286271,
              7.098747235345815
            ],
            [
              -75.50474291060686,
              7.099015876187145
            ],
            [
              -75.50482485683561,
              7.099239458465043
            ],
            [
              -75.50483061658102,
              7.099251381628751
            ],
            [
              -75.50483860971936,
              7.099261960636052
            ],
            [
              -75.50484852907886,
              7.099270788941526
            ],
            [
              -75.50485999346408,
              7.0992775272782325
            ],
            [
              -75.50487256230501,
              7.099281916695577
            ],
            [
              -75.50488575258797,
              7.0992837885106415
            ],
            [
              -75.50489905741757,
              7.099283070790594
            ],
            [
              -75.50491196549648,
              7.0992797911170245
            ],
            [
              -75.50492398077422,
              7.099274075526
            ],
            [
              -75.5049346415103,
              7.099266143664568
            ],
            [
              -75.50494353801855,
              7.099256300349817
            ],
            [
              -75.50495032841116,
              7.099244923854924
            ],
            [
              -75.50495475173726,
              7.099232451372301
            ],
            [
              -75.50495663801108,
              7.099219362212531
            ],
            [
              -75.50495591474439,
              7.099206159384717
            ],
            [
              -75.50495260973213,
              7.099193350266111
            ],
            [
              -75.50486993081076,
              7.09896776907782
            ]
          ]
        ]
      }
    },
    {
      "type": "Feature",
      "properties": {
        "NOMBRE_PROYECTO": "Puente la Soledad",
        "SUBREGION": "OCCIDENTE"
      },
      "geometry": {
        "type": "Polygon",
        "coordinates": [
          [
            [
              -75.95193426634272,
              6.384832612361806
            ],
            [
              -75.95192769130448,
              6.384832128476404
            ],
            [
              -75.95192113701435,
              6.384832837831903
            ],
            [
              -75.95191482091471,
              6.384834716895022
            ],
            [
              -75.9519089525458,
              6.3848377033267605
            ],
            [
              -75.95190372659417,
              6.38484169805052
            ],
            [
              -75.95180487063635,
              6.384932645395507
            ],
            [
              -75.95180016101465,
              6.384937920159459
            ],
            [
              -75.95179657736517,
              6.384944006672737
            ],
            [
              -75.95179425740561,
              6.384950671034079
            ],
            [
              -75.95179329029075,
              6.384957657135828
            ],
            [
              -75.9517937131863,
              6.384964696506024
            ],
            [
              -75.95179550984074,
              6.38497151862561
            ],
            [
              -75.95179861120963,
              6.384977861324347
            ],
            [
              -75.95180289810918,
              6.384983480855856
            ],
            [
              -75.95180820579624,
              6.384988161264663
            ],
            [
              -75.95181433029936,
              6.384991722685256
            ],
            [
              -75.95182103625731,
              6.384994028254217
            ],
            [
              -75.95182806596384,
              6.384994989369803
            ],
            [
              -75.9518351492712,
              6.384994569096874
            ],
            [
              -75.95184201397183,
              6.384992783586288
            ],
            [
              -75.95184839625907,
              6.384989701454229
            ],
            [
              -75.95185405086517,
              6.384985441145323
            ],
            [
              -75.95193987893558,
              6.3849064794347345
            ],
            [
              -75.95223886794416,
              6.384955991737932
            ],
            [
              -75.9522459479713,
              6.384956463443676
            ],
            [
              -75.9522529845573,
              6.384955553408508
            ],
            [
              -75.95225970729004,
              6.384953296604575
            ],
            [
              -75.95226585781863,
              6.384949779759603
            ],
            [
              -75.95227119978169,
              6.384945138023998
            ],
            [
              -75.95227552789055,
              6.384939549777083
            ],
            [
              -75.95227867581843,
              6.38493322977208
            ],
            [
              -75.95228052259228,
              6.384926420883259
            ],
            [
              -75.95228099724164,
              6.384919384772415
            ],
            [
              -75.95228008152608,
              6.384912391833343
            ],
            [
              -75.95227781063608,
              6.384905710800763
            ],
            [
              -75.95227427184072,
              6.384899598422995
            ],
            [
              -75.95226960113393,
              6.384894289595264
            ],
            [
              -75.95226397800838,
              6.384889988332814
            ],
            [
              -75.95225761855761,
              6.384886859930721
            ],
            [
              -75.9522507671717,
              6.384885024611703
            ],
            [
              -75.95193426634272,
              6.384832612361806
            ]
          ]
        ]
      }
    },
    {
      "type": "Feature",
      "properties": {
        "NOMBRE_PROYECTO": "PAP El Tres San Pedro de Uraba",
        "SUBREGION": "URABA"
      },
      "geometry": {
        "type": "Polygon",
        "coordinates": [
          [
            [
              -76.609447040998,
              8.110268372603029
            ],
            [
              -76.60944098052143,
              8.110205441820382
            ],
            [
              -76.60785195165988,
              8.110357410510334
            ],
            [
              -76.60785801191157,
              8.11042034142392
            ],
            [
              -76.609447040998,
              8.110268372603029
            ]
          ]
        ]
      }
    },
    {
      "type": "Feature",
      "properties": {
        "NOMBRE_PROYECTO": "PAP Taraza Ecogan",
        "SUBREGION": "BAJO CAUCA"
      },
      "geometry": {
        "type": "Polygon",
        "coordinates": [
          [
            [
              -75.50054307532928,
              7.684480284345282
            ],
            [
              -75.50057132612419,
              7.684536948375807
            ],
            [
              -75.50128305131553,
              7.68418382126247
            ],
            [
              -75.50125480047977,
              7.684127157300872
            ],
            [
              -75.50054307532928,
              7.684480284345282
            ]
          ]
        ]
      }
    },
    {
      "type": "Feature",
      "properties": {
        "NOMBRE_PROYECTO": "Puente Camaron",
        "SUBREGION": "URABA"
      },
      "geometry": {
        "type": "Polygon",
        "coordinates": [
          [
            [
              -76.22936985276463,
              8.41310020931686
            ],
            [
              -76.22935656000638,
              8.413038366119467
            ],
            [
              -76.22918591514092,
              8.413074734843732
            ],
            [
              -76.22919920787766,
              8.413136578056584
            ],
            [
              -76.22936985276463,
              8.41310020931686
            ]
          ]
        ]
      }
    },
    {
      "type": "Feature",
      "properties": {
        "NOMBRE_PROYECTO": "Puente Piru",
        "SUBREGION": "URABA"
      },
      "geometry": {
        "type": "Polygon",
        "coordinates": [
          [
            [
              -76.36137274579535,
              8.242497176621908
            ],
            [
              -76.36143281148821,
              8.242476725350196
            ],
            [
              -76.36137749114965,
              8.242315480109458
            ],
            [
              -76.36131742547164,
              8.242335931364352
            ],
            [
              -76.36137274579535,
              8.242497176621908
            ]
          ]
        ]
      }
    },
    {
      "type": "Feature",
      "properties": {
        "Layer": "0",
        "PaperSpace": null,
        "SubClasses": "AcDbEntity:AcDbPolyline",
        "Linetype": null,
        "EntityHandle": "6FFB",
        "Text": null,
        "NOMBRE_PROYECTO": "Jardin Rio Sucio",
        "SUBREGION": "Suroeste"
      },
      "geometry": {
        "type": "LineString",
        "coordinates": [
          [
            4691367.351368507,
            2175589.138927559
          ],
          [
            4691380.036630904,
            2175589.845920623
          ],
          [
            4691380.036630904,
            2175589.845920623
          ],
          [
            4691382.772697635,
            2175589.995731908
          ],
          [
            4691382.772697635,
            2175589.995731908
          ],
          [
            4691384.151180819,
            2175590.06716127
          ],
          [
            4691384.151180819,
            2175590.06716127
          ],
          [
            4691386.453854492,
            2175590.172960398
          ],
          [
            4691386.453854492,
            2175590.172960398
          ],
          [
            4691388.308957926,
            2175590.241868724
          ],
          [
            4691388.308957926,
            2175590.241868724
          ],
          [
            4691390.542715471,
            2175590.298649492
          ],
          [
            4691390.542715471,
            2175590.298649492
          ],
          [
            4691392.510583781,
            2175590.319846351
          ],
          [
            4691392.510583781,
            2175590.319846351
          ],
          [
            4691394.529249997,
            2175590.307872397
          ],
          [
            4691398.703726053,
            2175590.465080639
          ],
          [
            4691399.750507785,
            2175590.479636106
          ],
          [
            4691400.048393108,
            2175590.479487905
          ],
          [
            4691401.102805167,
            2175590.390421627
          ],
          [
            4691402.128055915,
            2175590.289410753
          ],
          [
            4691403.151801493,
            2175590.174122254
          ],
          [
            4691404.173843322,
            2175590.04457841
          ],
          [
            4691405.193983333,
            2175589.900804743
          ],
          [
            4691406.212023897,
            2175589.74282922
          ],
          [
            4691407.227767883,
            2175589.570682797
          ],
          [
            4691408.241018649,
            2175589.384399046
          ],
          [
            4691409.251580355,
            2175589.184014506
          ],
          [
            4691410.259257433,
            2175588.969568076
          ],
          [
            4691411.263855543,
            2175588.741102113
          ],
          [
            4691412.265180664,
            2175588.498660809
          ],
          [
            4691413.263039981,
            2175588.242292036
          ],
          [
            4691414.257241389,
            2175587.972045582
          ],
          [
            4691415.247593877,
            2175587.687974608
          ],
          [
            4691416.233907634,
            2175587.390134605
          ],
          [
            4691417.21467991,
            2175587.079000661
          ],
          [
            4691417.714487397,
            2175586.914661645
          ],
          [
            4691417.988139074,
            2175586.815227583
          ],
          [
            4691428.360791967,
            2175582.123867341
          ],
          [
            4691428.360791967,
            2175582.123867341
          ],
          [
            4691431.134774314,
            2175580.765579844
          ],
          [
            4691445.512666299,
            2175573.171749566
          ],
          [
            4691454.72690824,
            2175568.693987126
          ],
          [
            4691456.294642992,
            2175567.943603376
          ],
          [
            4691457.628852954,
            2175567.315674196
          ],
          [
            4691458.981869664,
            2175566.690889576
          ],
          [
            4691460.099196333,
            2175566.187028213
          ],
          [
            4691461.237517251,
            2175565.688323692
          ],
          [
            4691462.140516064,
            2175565.304861997
          ],
          [
            4691463.048243813,
            2175564.92955896
          ],
          [
            4691463.959993845,
            2175564.562607526
          ],
          [
            4691464.875691668,
            2175564.203913139
          ],
          [
            4691465.794849452,
            2175563.853516753
          ],
          [
            4691466.950066405,
            2175563.42639721
          ],
          [
            4691468.110804875,
            2175563.011530056
          ],
          [
            4691469.042702021,
            2175562.688934479
          ],
          [
            4691470.213661637,
            2175562.294828609
          ],
          [
            4691478.726406169,
            2175559.523803672
          ],
          [
            4691509.774033272,
            2175550.729754208
          ],
          [
            4691529.26561982,
            2175545.545433311
          ],
          [
            4691530.950137783,
            2175545.107508749
          ],
          [
            4691532.395434761,
            2175544.741156572
          ],
          [
            4691534.08610881,
            2175544.326978333
          ],
          [
            4691535.539568183,
            2175543.986222175
          ],
          [
            4691536.510868592,
            2175543.768221517
          ],
          [
            4691537.484994928,
            2175543.557527847
          ],
          [
            4691538.709658141,
            2175543.306816423
          ],
          [
            4691539.684375923,
            2175543.118496354
          ],
          [
            4691540.655840466,
            2175542.94239843
          ],
          [
            4691541.630853064,
            2175542.777395143
          ],
          [
            4691542.609548624,
            2175542.624211749
          ],
          [
            4691543.591112859,
            2175542.483871093
          ],
          [
            4691544.561124892,
            2175542.359548467
          ],
          [
            4691545.534489149,
            2175542.249028326
          ],
          [
            4691546.26582538,
            2175542.176655928
          ],
          [
            4691546.99954942,
            2175542.111675653
          ],
          [
            4691547.735556302,
            2175542.056210312
          ],
          [
            4691548.472319079,
            2175542.008607428
          ],
          [
            4691549.461336457,
            2175541.9609132
          ],
          [
            4691550.203367147,
            2175541.93541711
          ],
          [
            4691551.199555093,
            2175541.916454746
          ],
          [
            4691552.183566074,
            2175541.915157073
          ],
          [
            4691553.171692159,
            2175541.930320923
          ],
          [
            4691553.901022412,
            2175541.952851081
          ],
          [
            4691554.632365414,
            2175541.984540131
          ],
          [
            4691555.36449386,
            2175542.025326238
          ],
          [
            4691556.097411615,
            2175542.075180932
          ],
          [
            4691556.83056759,
            2175542.134025484
          ],
          [
            4691557.56461642,
            2175542.202918121
          ],
          [
            4691558.300068502,
            2175542.280876764
          ],
          [
            4691559.036449099,
            2175542.367840729
          ],
          [
            4691559.773835879,
            2175542.463761489
          ],
          [
            4691560.510943775,
            2175542.568422759
          ],
          [
            4691561.49041903,
            2175542.722522578
          ],
          [
            4691562.222357522,
            2175542.847380297
          ],
          [
            4691562.946677112,
            2175542.979187734
          ],
          [
            4691563.919068255,
            2175543.169314057
          ],
          [
            4691564.87494448,
            2175543.371107609
          ],
          [
            4691565.829979191,
            2175543.586351482
          ],
          [
            4691566.783894246,
            2175543.814436108
          ],
          [
            4691567.736773443,
            2175544.054730113
          ],
          [
            4691568.688466825,
            2175544.306428622
          ],
          [
            4691569.639476702,
            2175544.569493831
          ],
          [
            4691570.589867973,
            2175544.841762967
          ],
          [
            4691578.605602682,
            2175547.220521204
          ],
          [
            4691578.605602682,
            2175547.220521204
          ],
          [
            4691579.503246466,
            2175547.538050025
          ],
          [
            4691610.514623002,
            2175558.52177186
          ],
          [
            4691615.973588945,
            2175560.838522418
          ],
          [
            4691618.076862637,
            2175561.742152374
          ],
          [
            4691619.956581196,
            2175562.560417429
          ],
          [
            4691621.8534498,
            2175563.397986002
          ],
          [
            4691623.074416034,
            2175563.937375647
          ],
          [
            4691623.590372588,
            2175564.129252452
          ],
          [
            4691624.09195808,
            2175564.307433362
          ],
          [
            4691624.596030871,
            2175564.478189168
          ],
          [
            4691625.102475811,
            2175564.641480351
          ],
          [
            4691625.61117673,
            2175564.797268926
          ],
          [
            4691626.122016504,
            2175564.945518347
          ],
          [
            4691626.634876572,
            2175565.086193285
          ],
          [
            4691627.14963741,
            2175565.219260334
          ],
          [
            4691627.666178398,
            2175565.344687108
          ],
          [
            4691628.184377296,
            2175565.462442887
          ],
          [
            4691628.704111188,
            2175565.572498657
          ],
          [
            4691629.225255501,
            2175565.674826258
          ],
          [
            4691629.747684139,
            2175565.769399583
          ],
          [
            4691630.271270225,
            2175565.856193813
          ],
          [
            4691630.795885147,
            2175565.93518531
          ],
          [
            4691631.321398372,
            2175566.006351913
          ],
          [
            4691631.847678274,
            2175566.069673325
          ],
          [
            4691632.374591694,
            2175566.125130136
          ],
          [
            4691632.902003403,
            2175566.17270446
          ],
          [
            4691633.429776522,
            2175566.212379751
          ],
          [
            4691633.957772343,
            2175566.244140759
          ],
          [
            4691634.485850035,
            2175566.267973381
          ],
          [
            4691635.01386661,
            2175566.28386488
          ],
          [
            4691635.541677412,
            2175566.291803678
          ],
          [
            4691636.069134942,
            2175566.291778719
          ],
          [
            4691636.596089096,
            2175566.283780476
          ],
          [
            4691637.12238796,
            2175566.267800094
          ],
          [
            4691637.647876385,
            2175566.243828946
          ],
          [
            4691638.172396134,
            2175566.211859342
          ],
          [
            4691638.695786571,
            2175566.171883823
          ],
          [
            4691639.217883393,
            2175566.123894629
          ],
          [
            4691639.738519371,
            2175566.067884217
          ],
          [
            4691640.257523663,
            2175566.003843725
          ],
          [
            4691640.774721398,
            2175565.931763728
          ],
          [
            4691641.28993426,
            2175565.851633171
          ],
          [
            4691641.802980324,
            2175565.763438761
          ],
          [
            4691642.313622979,
            2175565.667173361
          ],
          [
            4691642.820452688,
            2175565.563136466
          ],
          [
            4691643.093295905,
            2175565.5033852
          ],
          [
            4691643.837019433,
            2175565.297760329
          ],
          [
            4691646.424583679,
            2175564.577218487
          ],
          [
            4691646.602411118,
            2175564.531304545
          ],
          [
            4691647.343656498,
            2175564.354660024
          ],
          [
            4691648.093996953,
            2175564.16568726
          ],
          [
            4691648.841325339,
            2175563.968173761
          ],
          [
            4691649.830521176,
            2175563.694014915
          ],
          [
            4691650.814231595,
            2175563.409315055
          ],
          [
            4691652.032958953,
            2175563.044513952
          ],
          [
            4691658.162455429,
            2175561.193600649
          ],
          [
            4691687.074673207,
            2175554.405843583
          ],
          [
            4691687.074673207,
            2175554.405843583
          ],
          [
            4691695.950857824,
            2175551.996534843
          ],
          [
            4691704.640088909,
            2175548.981790226
          ],
          [
            4691713.104825881,
            2175545.96308822
          ],
          [
            4691715.501474651,
            2175545.120262675
          ],
          [
            4691717.679654569,
            2175544.366960159
          ],
          [
            4691719.641795897,
            2175543.700463065
          ],
          [
            4691720.902023854,
            2175543.274010218
          ],
          [
            4691721.411635069,
            2175543.072083067
          ],
          [
            4691721.904853792,
            2175542.867663125
          ],
          [
            4691722.394687846,
            2175542.65559847
          ],
          [
            4691722.881007826,
            2175542.435944572
          ],
          [
            4691723.363683837,
            2175542.208759226
          ],
          [
            4691723.842586145,
            2175541.9741028
          ],
          [
            4691724.31758518,
            2175541.732037761
          ],
          [
            4691724.788550851,
            2175541.482629072
          ],
          [
            4691725.255353659,
            2175541.225944269
          ],
          [
            4691725.71786356,
            2175540.962052775
          ],
          [
            4691726.175950272,
            2175540.691026972
          ],
          [
            4691726.629483393,
            2175540.412941483
          ],
          [
            4691727.078332132,
            2175540.127873556
          ],
          [
            4691727.522365535,
            2175539.835902878
          ],
          [
            4691727.961451826,
            2175539.537111603
          ],
          [
            4691728.395458652,
            2175539.231584827
          ],
          [
            4691728.824253432,
            2175538.919410019
          ],
          [
            4691729.247702313,
            2175538.600677148
          ],
          [
            4691729.665670534,
            2175538.275479251
          ],
          [
            4691730.078022683,
            2175537.943911701
          ],
          [
            4691730.484621556,
            2175537.60607246
          ],
          [
            4691730.885328778,
            2175537.262062443
          ],
          [
            4691731.28000428,
            2175536.911984806
          ],
          [
            4691731.668506053,
            2175536.555945371
          ],
          [
            4691732.050689693,
            2175536.194052456
          ],
          [
            4691732.426408744,
            2175535.826416719
          ],
          [
            4691732.795513695,
            2175535.453150601
          ],
          [
            4691733.157851524,
            2175535.07436891
          ],
          [
            4691733.513266103,
            2175534.690187934
          ],
          [
            4691733.861596634,
            2175534.300725109
          ],
          [
            4691734.202678007,
            2175533.906099011
          ],
          [
            4691734.536339522,
            2175533.506428185
          ],
          [
            4691734.862404699,
            2175533.101830958
          ],
          [
            4691735.180683683,
            2175532.692432263
          ],
          [
            4691735.491983228,
            2175532.277037985
          ],
          [
            4691735.792933508,
            2175531.856419933
          ],
          [
            4691737.228275612,
            2175529.775330393
          ],
          [
            4691737.584268512,
            2175529.291505016
          ],
          [
            4691738.040069859,
            2175528.671683891
          ],
          [
            4691738.490875337,
            2175528.042789665
          ],
          [
            4691739.078984591,
            2175527.200475042
          ],
          [
            4691739.655775623,
            2175526.353545699
          ],
          [
            4691740.362401848,
            2175525.295326867
          ],
          [
            4691741.874921079,
            2175523.020472011
          ],
          [
            4691743.712556431,
            2175520.370968393
          ],
          [
            4691745.27762934,
            2175518.135672652
          ],
          [
            4691746.421830972,
            2175516.51903099
          ],
          [
            4691747.429370121,
            2175515.112381436
          ],
          [
            4691748.299145511,
            2175513.914292691
          ],
          [
            4691749.176899199,
            2175512.724093273
          ],
          [
            4691749.91549356,
            2175511.740271751
          ],
          [
            4691750.663078508,
            2175510.763933287
          ],
          [
            4691751.268119796,
            2175509.990244574
          ],
          [
            4691751.881499298,
            2175509.222936789
          ],
          [
            4691752.347424144,
            2175508.654138527
          ],
          [
            4691752.979214078,
            2175507.900307901
          ],
          [
            4691753.460621161,
            2175507.343688751
          ],
          [
            4691753.951081953,
            2175506.792251511
          ],
          [
            4691754.451428327,
            2175506.246953685
          ],
          [
            4691754.789854156,
            2175505.889236013
          ],
          [
            4691755.12738076,
            2175505.541225405
          ],
          [
            4691755.650094498,
            2175505.02160033
          ],
          [
            4691755.996536064,
            2175504.691684336
          ],
          [
            4691756.350832669,
            2175504.365348454
          ],
          [
            4691756.710014384,
            2175504.045992009
          ],
          [
            4691757.266857209,
            2175503.574647277
          ],
          [
            4691757.842832745,
            2175503.114388477
          ],
          [
            4691758.225762411,
            2175502.820424238
          ],
          [
            4691758.611144672,
            2175502.537320765
          ],
          [
            4691759.004103478,
            2175502.258681433
          ],
          [
            4691759.401852886,
            2175501.986483245
          ],
          [
            4691759.808648956,
            2175501.720316312
          ],
          [
            4691760.21832902,
            2175501.459456391
          ],
          [
            4691760.842765065,
            2175501.08415111
          ],
          [
            4691761.48127013,
            2175500.721280332
          ],
          [
            4691761.902684764,
            2175500.494361513
          ],
          [
            4691762.331641909,
            2175500.272136842
          ],
          [
            4691762.763345467,
            2175500.057056267
          ],
          [
            4691763.424805778,
            2175499.745684639
          ],
          [
            4691764.100390582,
            2175499.44858635
          ],
          [
            4691764.545802855,
            2175499.261941136
          ],
          [
            4691765.231073067,
            2175498.990650991
          ],
          [
            4691765.912248036,
            2175498.739951519
          ],
          [
            4691766.366316033,
            2175498.581933438
          ],
          [
            4691767.298255883,
            2175498.280998027
          ],
          [
            4691768.005689702,
            2175498.072692458
          ],
          [
            4691768.481320108,
            2175497.940284173
          ],
          [
            4691768.951972152,
            2175497.815412303
          ],
          [
            4691769.67043726,
            2175497.636866686
          ],
          [
            4691770.379120125,
            2175497.474683052
          ],
          [
            4691775.273850947,
            2175496.433998239
          ],
          [
            4691790.311878631,
            2175494.26518686
          ],
          [
            4691798.751638301,
            2175493.484040097
          ],
          [
            4691801.283207651,
            2175493.261119431
          ],
          [
            4691803.581277414,
            2175493.070923585
          ],
          [
            4691805.64793564,
            2175492.911418909
          ],
          [
            4691806.449893693,
            2175492.852422409
          ],
          [
            4691806.992697445,
            2175492.785733135
          ],
          [
            4691807.520452524,
            2175492.711814261
          ],
          [
            4691808.046094577,
            2175492.630280313
          ],
          [
            4691808.57036752,
            2175492.541027721
          ],
          [
            4691809.093148725,
            2175492.444076888
          ],
          [
            4691809.614315475,
            2175492.339449486
          ],
          [
            4691810.133744192,
            2175492.227169205
          ],
          [
            4691810.651310971,
            2175492.107261646
          ],
          [
            4691811.166891297,
            2175491.979754202
          ],
          [
            4691811.680360171,
            2175491.844676238
          ],
          [
            4691812.191591905,
            2175491.702058867
          ],
          [
            4691812.700460123,
            2175491.551935202
          ],
          [
            4691813.206837566,
            2175491.394340204
          ],
          [
            4691813.710596144,
            2175491.229310988
          ],
          [
            4691814.211607393,
            2175491.056886511
          ],
          [
            4691814.709741169,
            2175490.877107413
          ],
          [
            4691815.204866787,
            2175490.690016872
          ],
          [
            4691815.696852219,
            2175490.495659376
          ],
          [
            4691816.185564103,
            2175490.294081897
          ],
          [
            4691816.670867829,
            2175490.085333091
          ],
          [
            4691817.152627165,
            2175489.869463717
          ],
          [
            4691817.630704545,
            2175489.646526355
          ],
          [
            4691818.104960271,
            2175489.416575286
          ],
          [
            4691818.575252473,
            2175489.179666988
          ],
          [
            4691819.041437761,
            2175488.935859635
          ],
          [
            4691819.503370003,
            2175488.685212703
          ],
          [
            4691819.960900609,
            2175488.427787513
          ],
          [
            4691820.413877801,
            2175488.16364657
          ],
          [
            4691820.862147186,
            2175487.892853877
          ],
          [
            4691821.305550778,
            2175487.615473846
          ],
          [
            4691821.743926636,
            2175487.331571957
          ],
          [
            4691822.177109134,
            2175487.041213784
          ],
          [
            4691822.604928026,
            2175486.74446449
          ],
          [
            4691823.027208044,
            2175486.441388625
          ],
          [
            4691823.443734903,
            2175486.132074364
          ],
          [
            4691823.853307751,
            2175485.817432273
          ],
          [
            4691824.069207759,
            2175485.647001261
          ],
          [
            4691825.403772449,
            2175484.492824856
          ],
          [
            4691826.523277834,
            2175483.523665501
          ],
          [
            4691827.228411831,
            2175482.959591605
          ],
          [
            4691827.826709221,
            2175482.46801079
          ],
          [
            4691828.612449143,
            2175481.805013846
          ],
          [
            4691829.388192203,
            2175481.133266799
          ],
          [
            4691830.343805825,
            2175480.287096337
          ],
          [
            4691831.661778788,
            2175479.100974924
          ],
          [
            4691832.384384668,
            2175478.454082218
          ],
          [
            4691840.418734009,
            2175471.558583913
          ],
          [
            4691848.940375152,
            2175464.973342511
          ],
          [
            4691850.319253653,
            2175463.920703315
          ],
          [
            4691851.505333055,
            2175463.026682685
          ],
          [
            4691852.697511061,
            2175462.142144615
          ],
          [
            4691853.696337425,
            2175461.414128042
          ],
          [
            4691854.701164823,
            2175460.695571183
          ],
          [
            4691855.715439545,
            2175459.989631947
          ],
          [
            4691856.534009166,
            2175459.435910928
          ],
          [
            4691857.363101201,
            2175458.891905426
          ],
          [
            4691857.989233813,
            2175458.491722046
          ],
          [
            4691858.835771893,
            2175457.96758172
          ],
          [
            4691859.680914804,
            2175457.464944456
          ],
          [
            4691860.323714639,
            2175457.095905024
          ],
          [
            4691860.960529371,
            2175456.74348945
          ],
          [
            4691861.603957764,
            2175456.39986947
          ],
          [
            4691862.25383738,
            2175456.065610322
          ],
          [
            4691862.910436173,
            2175455.741035346
          ],
          [
            4691863.350908958,
            2175455.532283537
          ],
          [
            4691864.020121239,
            2175455.224322321
          ],
          [
            4691864.698218409,
            2175454.929471155
          ],
          [
            4691865.1537626,
            2175454.738776115
          ],
          [
            4691865.604624622,
            2175454.556238109
          ],
          [
            4691866.293624291,
            2175454.290068631
          ],
          [
            4691866.974694682,
            2175454.042738223
          ],
          [
            4691867.663083217,
            2175453.806924356
          ],
          [
            4691868.358074048,
            2175453.582935578
          ],
          [
            4691869.058852961,
            2175453.371039139
          ],
          [
            4691869.766231627,
            2175453.172665176
          ],
          [
            4691870.483463319,
            2175452.987016043
          ],
          [
            4691870.9639475,
            2175452.869815648
          ],
          [
            4691871.438691341,
            2175452.759961362
          ],
          [
            4691872.162117928,
            2175452.604816585
          ],
          [
            4691872.875419419,
            2175452.466489375
          ],
          [
            4691873.592337862,
            2175452.340654052
          ],
          [
            4691874.560734725,
            2175452.192780241
          ],
          [
            4691875.045444722,
            2175452.128150638
          ],
          [
            4691875.531964464,
            2175452.067600322
          ],
          [
            4691876.27027615,
            2175451.989414384
          ],
          [
            4691876.753871079,
            2175451.944686152
          ],
          [
            4691877.490971462,
            2175451.887805562
          ],
          [
            4691878.230345568,
            2175451.843410405
          ],
          [
            4691878.957800575,
            2175451.813143155
          ],
          [
            4691879.686920952,
            2175451.79481718
          ],
          [
            4691880.667025625,
            2175451.790101313
          ],
          [
            4691881.402957998,
            2175451.800441758
          ],
          [
            4691882.142799891,
            2175451.822267941
          ],
          [
            4691882.884685473,
            2175451.855304026
          ],
          [
            4691883.620977655,
            2175451.900126345
          ],
          [
            4691884.359416413,
            2175451.9555447
          ],
          [
            4691885.092449876,
            2175452.021631258
          ],
          [
            4691885.827086491,
            2175452.096237176
          ],
          [
            4691886.553346999,
            2175452.180049127
          ],
          [
            4691887.52517304,
            2175452.305264602
          ],
          [
            4691888.497164027,
            2175452.44413321
          ],
          [
            4691889.469228611,
            2175452.595249151
          ],
          [
            4691897.39997793,
            2175453.932409286
          ],
          [
            4691930.885188121,
            2175461.194662509
          ],
          [
            4691939.565779597,
            2175463.49584036
          ],
          [
            4691940.580978238,
            2175463.722068152
          ],
          [
            4691941.589027398,
            2175463.931943022
          ],
          [
            4691942.599829586,
            2175464.127667646
          ],
          [
            4691943.613174079,
            2175464.309192991
          ],
          [
            4691944.628847046,
            2175464.476470864
          ],
          [
            4691945.646631191,
            2175464.629454234
          ],
          [
            4691946.666305524,
            2175464.76809664
          ],
          [
            4691947.687644541,
            2175464.892351757
          ],
          [
            4691948.710417712,
            2175465.002173463
          ],
          [
            4691949.734388808,
            2175465.097515033
          ],
          [
            4691950.759314984,
            2175465.178328896
          ],
          [
            4691951.784946005,
            2175465.244565875
          ],
          [
            4691952.811022592,
            2175465.29617412
          ],
          [
            4691953.837275693,
            2175465.333099322
          ],
          [
            4691954.863424597,
            2175465.355282215
          ],
          [
            4691955.889175271,
            2175465.362658802
          ],
          [
            4691956.913485176,
            2175465.355163212
          ],
          [
            4691957.682334672,
            2175465.339711371
          ],
          [
            4691958.449730675,
            2175465.315822773
          ],
          [
            4691959.216248998,
            2175465.283440508
          ],
          [
            4691959.98173025,
            2175465.24251734
          ],
          [
            4691960.746007112,
            2175465.193000027
          ],
          [
            4691961.508903084,
            2175465.134827681
          ],
          [
            4691962.270232175,
            2175465.067931099
          ],
          [
            4691963.029797954,
            2175464.992230132
          ],
          [
            4691963.787393123,
            2175464.907632399
          ],
          [
            4691964.546861634,
            2175464.813526377
          ],
          [
            4691966.037330504,
            2175464.584639631
          ],
          [
            4691984.3062683,
            2175461.837463131
          ],
          [
            4692033.864586861,
            2175455.1345227
          ],
          [
            4692052.64412372,
            2175452.936999731
          ],
          [
            4692054.364446558,
            2175452.746497811
          ],
          [
            4692055.837988219,
            2175452.593742132
          ],
          [
            4692057.311628194,
            2175452.452582423
          ],
          [
            4692058.538927964,
            2175452.345594468
          ],
          [
            4692059.767061534,
            2175452.249969362
          ],
          [
            4692060.996395272,
            2175452.16594911
          ],
          [
            4692061.97967243,
            2175452.108352254
          ],
          [
            4692062.96392833,
            2175452.059862431
          ],
          [
            4692063.9495645,
            2175452.021733504
          ],
          [
            4692064.935535025,
            2175451.993302818
          ],
          [
            4692066.172198746,
            2175451.974625709
          ],
          [
            4692067.16243362,
            2175451.972323839
          ],
          [
            4692068.154865952,
            2175451.982180901
          ],
          [
            4692069.149953161,
            2175452.005598392
          ],
          [
            4692070.147961174,
            2175452.042294818
          ],
          [
            4692071.132421252,
            2175452.09268676
          ],
          [
            4692072.11832768,
            2175452.156898154
          ],
          [
            4692073.098523646,
            2175452.235631254
          ],
          [
            4692073.834618087,
            2175452.303058394
          ],
          [
            4692074.807980436,
            2175452.405762992
          ],
          [
            4692075.781447439,
            2175452.522602124
          ],
          [
            4692076.51005261,
            2175452.620223602
          ],
          [
            4692077.485001004,
            2175452.762053254
          ],
          [
            4692078.214174286,
            2175452.878268742
          ],
          [
            4692078.944715615,
            2175453.002643411
          ],
          [
            4692079.675524117,
            2175453.13501377
          ],
          [
            4692080.406678929,
            2175453.27537389
          ],
          [
            4692081.137369666,
            2175453.423563623
          ],
          [
            4692082.113880917,
            2175453.634493689
          ],
          [
            4692083.074600806,
            2175453.856619438
          ],
          [
            4692084.03473805,
            2175454.092319491
          ],
          [
            4692084.986950471,
            2175454.340461993
          ],
          [
            4692085.700948237,
            2175454.534368843
          ],
          [
            4692086.642753478,
            2175454.802733387
          ],
          [
            4692087.582246324,
            2175455.083315384
          ],
          [
            4692088.519680607,
            2175455.375872901
          ],
          [
            4692089.454850469,
            2175455.679965043
          ],
          [
            4692090.38827297,
            2175455.996115696
          ],
          [
            4692091.319740708,
            2175456.322242822
          ],
          [
            4692092.482498489,
            2175456.745171102
          ],
          [
            4692093.643443756,
            2175457.183552962
          ],
          [
            4692094.570599198,
            2175457.543507912
          ],
          [
            4692102.538969262,
            2175460.708974728
          ],
          [
            4692102.538969262,
            2175460.708974728
          ],
          [
            4692104.400415376,
            2175461.560477656
          ],
          [
            4692107.633194182,
            2175463.042151237
          ],
          [
            4692119.640106342,
            2175468.83737059
          ],
          [
            4692120.570694621,
            2175469.286029109
          ],
          [
            4692121.280472256,
            2175469.614932869
          ],
          [
            4692121.99462354,
            2175469.933397552
          ],
          [
            4692122.713306172,
            2175470.241498762
          ],
          [
            4692123.436369761,
            2175470.539172131
          ],
          [
            4692124.163662962,
            2175470.826355164
          ],
          [
            4692124.895033555,
            2175471.10298793
          ],
          [
            4692125.630328438,
            2175471.369012239
          ],
          [
            4692126.369393673,
            2175471.62437267
          ],
          [
            4692127.112074609,
            2175471.869015442
          ],
          [
            4692127.858215662,
            2175472.102889511
          ],
          [
            4692128.60766071,
            2175472.325945726
          ],
          [
            4692129.360252659,
            2175472.538137343
          ],
          [
            4692130.115834037,
            2175472.739420067
          ],
          [
            4692130.874246664,
            2175472.929751451
          ],
          [
            4692131.635331405,
            2175473.10909153
          ],
          [
            4692132.398928993,
            2175473.277403009
          ],
          [
            4692133.164879609,
            2175473.434650212
          ],
          [
            4692133.933022331,
            2175473.580799968
          ],
          [
            4692134.70319629,
            2175473.715822003
          ],
          [
            4692135.475240196,
            2175473.839687588
          ],
          [
            4692136.248991991,
            2175473.952370627
          ],
          [
            4692137.024289253,
            2175474.053847279
          ],
          [
            4692137.800969343,
            2175474.144096306
          ],
          [
            4692138.578869275,
            2175474.223098457
          ],
          [
            4692139.35782565,
            2175474.290836977
          ],
          [
            4692140.137674782,
            2175474.347297334
          ],
          [
            4692140.91825268,
            2175474.392467434
          ],
          [
            4692141.699395126,
            2175474.426337502
          ],
          [
            4692142.480937774,
            2175474.448900137
          ],
          [
            4692143.262715886,
            2175474.460150074
          ],
          [
            4692144.044564523,
            2175474.460084708
          ],
          [
            4692144.82631896,
            2175474.448703707
          ],
          [
            4692145.607813793,
            2175474.426008625
          ],
          [
            4692146.388883775,
            2175474.392004092
          ],
          [
            4692147.169363408,
            2175474.346696374
          ],
          [
            4692147.949087253,
            2175474.290094695
          ],
          [
            4692148.727889459,
            2175474.22220987
          ],
          [
            4692149.505604123,
            2175474.143055843
          ],
          [
            4692150.282065543,
            2175474.052648381
          ],
          [
            4692151.057107301,
            2175473.951005543
          ],
          [
            4692151.830563351,
            2175473.838148245
          ],
          [
            4692152.602267379,
            2175473.714098983
          ],
          [
            4692153.372052436,
            2175473.578882948
          ],
          [
            4692154.13975177,
            2175473.432527902
          ],
          [
            4692154.905198454,
            2175473.275063591
          ],
          [
            4692155.668225023,
            2175473.106522042
          ],
          [
            4692156.428663432,
            2175472.926937685
          ],
          [
            4692157.186345542,
            2175472.736347566
          ],
          [
            4692157.941102656,
            2175472.534790687
          ],
          [
            4692158.692765322,
            2175472.322308504
          ],
          [
            4692159.44116317,
            2175472.098944833
          ],
          [
            4692160.186125438,
            2175471.864746139
          ],
          [
            4692160.927479936,
            2175471.619760718
          ],
          [
            4692161.665165084,
            2175471.364001168
          ],
          [
            4692162.428179704,
            2175471.086668153
          ],
          [
            4692163.146495472,
            2175470.74727555
          ],
          [
            4692165.658389936,
            2175469.556028338
          ],
          [
            4692166.822345011,
            2175469.008326265
          ],
          [
            4692167.077580888,
            2175468.873507836
          ],
          [
            4692171.913203255,
            2175465.989473396
          ],
          [
            4692171.913203255,
            2175465.989473396
          ],
          [
            4692173.451730635,
            2175465.108313163
          ],
          [
            4692173.451730635,
            2175465.108313163
          ],
          [
            4692174.865411223,
            2175464.273062081
          ],
          [
            4692174.865411223,
            2175464.273062081
          ],
          [
            4692176.6049654,
            2175463.219764399
          ],
          [
            4692176.6049654,
            2175463.219764399
          ],
          [
            4692177.641263787,
            2175462.582045426
          ],
          [
            4692177.641263787,
            2175462.582045426
          ],
          [
            4692179.68784129,
            2175461.312438884
          ],
          [
            4692181.803626505,
            2175459.996380276
          ],
          [
            4692189.883446462,
            2175455.488587588
          ],
          [
            4692192.05543347,
            2175454.288729376
          ],
          [
            4692192.927475161,
            2175453.817731284
          ],
          [
            4692193.805128741,
            2175453.354757486
          ],
          [
            4692194.688787235,
            2175452.901004378
          ],
          [
            4692195.57988765,
            2175452.457909548
          ],
          [
            4692196.473363357,
            2175452.029413426
          ],
          [
            4692197.145908275,
            2175451.717082466
          ],
          [
            4692197.815530875,
            2175451.415367304
          ],
          [
            4692198.723135311,
            2175451.022130488
          ],
          [
            4692199.396560585,
            2175450.743156545
          ],
          [
            4692200.075681985,
            2175450.472502404
          ],
          [
            4692200.75958627,
            2175450.210936576
          ],
          [
            4692201.447849232,
            2175449.958988569
          ],
          [
            4692202.142632738,
            2175449.717612538
          ],
          [
            4692202.840958578,
            2175449.485600037
          ],
          [
            4692203.784345961,
            2175449.193913914
          ],
          [
            4692204.73882634,
            2175448.920987728
          ],
          [
            4692205.447005839,
            2175448.735071606
          ],
          [
            4692205.922080455,
            2175448.615819773
          ],
          [
            4692206.631149811,
            2175448.450211104
          ],
          [
            4692207.344821773,
            2175448.295850321
          ],
          [
            4692208.061453746,
            2175448.153059308
          ],
          [
            4692209.026804585,
            2175447.981134018
          ],
          [
            4692210.001903175,
            2175447.830446052
          ],
          [
            4692210.736535344,
            2175447.730307083
          ],
          [
            4692211.4691413,
            2175447.643548745
          ],
          [
            4692212.205474328,
            2175447.56825883
          ],
          [
            4692212.929985509,
            2175447.50684034
          ],
          [
            4692213.657800484,
            2175447.456551339
          ],
          [
            4692214.388264733,
            2175447.417360345
          ],
          [
            4692215.120665115,
            2175447.389193877
          ],
          [
            4692215.855957109,
            2175447.373175714
          ],
          [
            4692216.594569294,
            2175447.367949538
          ],
          [
            4692217.335859857,
            2175447.37341951
          ],
          [
            4692218.079276515,
            2175447.389442838
          ],
          [
            4692218.816183344,
            2175447.416692764
          ],
          [
            4692219.799718801,
            2175447.468741623
          ],
          [
            4692220.786017411,
            2175447.537865557
          ],
          [
            4692221.51315438,
            2175447.599961191
          ],
          [
            4692222.487127748,
            2175447.696312651
          ],
          [
            4692223.461429309,
            2175447.806723538
          ],
          [
            4692224.436756662,
            2175447.93005798
          ],
          [
            4692225.412262367,
            2175448.064988514
          ],
          [
            4692226.63437523,
            2175448.249329056
          ],
          [
            4692235.102353083,
            2175449.615231487
          ],
          [
            4692280.28080859,
            2175458.725952539
          ],
          [
            4692280.28080859,
            2175458.725952539
          ],
          [
            4692284.076436155,
            2175459.488654635
          ],
          [
            4692284.076436155,
            2175459.488654635
          ],
          [
            4692285.982146775,
            2175459.867487259
          ],
          [
            4692285.982146775,
            2175459.867487259
          ],
          [
            4692289.164077757,
            2175460.486325317
          ],
          [
            4692289.164077757,
            2175460.486325317
          ],
          [
            4692291.721200297,
            2175460.967175415
          ],
          [
            4692291.721200297,
            2175460.967175415
          ],
          [
            4692294.79917096,
            2175461.519603072
          ],
          [
            4692294.79917096,
            2175461.519603072
          ],
          [
            4692297.506193794,
            2175461.976566305
          ],
          [
            4692297.506193794,
            2175461.976566305
          ],
          [
            4692300.555687851,
            2175462.452439684
          ],
          [
            4692300.555687851,
            2175462.452439684
          ],
          [
            4692303.343073818,
            2175462.846100373
          ],
          [
            4692303.343073818,
            2175462.846100373
          ],
          [
            4692306.389798134,
            2175463.225007197
          ],
          [
            4692306.389798134,
            2175463.225007197
          ],
          [
            4692309.234237668,
            2175463.525026502
          ],
          [
            4692309.234237668,
            2175463.525026502
          ],
          [
            4692318.544392815,
            2175464.1115106717
          ],
          [
            4692327.872981439,
            2175464.091843339
          ],
          [
            4692327.872981439,
            2175464.091843339
          ],
          [
            4692330.730395412,
            2175463.965221265
          ],
          [
            4692330.730395412,
            2175463.965221265
          ],
          [
            4692333.794514004,
            2175463.772149316
          ],
          [
            4692333.794514004,
            2175463.772149316
          ],
          [
            4692336.60066999,
            2175463.548592031
          ],
          [
            4692336.60066999,
            2175463.548592031
          ],
          [
            4692339.673445377,
            2175463.258901015
          ],
          [
            4692339.673445377,
            2175463.258901015
          ],
          [
            4692342.403233301,
            2175462.967274887
          ],
          [
            4692342.403233301,
            2175462.967274887
          ],
          [
            4692345.509084527,
            2175462.602901443
          ],
          [
            4692345.509084527,
            2175462.602901443
          ],
          [
            4692348.090700702,
            2175462.278323869
          ],
          [
            4692348.090700702,
            2175462.278323869
          ],
          [
            4692351.304355522,
            2175461.853979918
          ],
          [
            4692351.304355522,
            2175461.853979918
          ],
          [
            4692353.229564337,
            2175461.59164816
          ],
          [
            4692353.229564337,
            2175461.59164816
          ],
          [
            4692357.06452369,
            2175461.060997377
          ],
          [
            4692383.777090893,
            2175457.345928169
          ],
          [
            4692389.577413969,
            2175456.873836042
          ],
          [
            4692392.109425135,
            2175456.678770143
          ],
          [
            4692394.406852232,
            2175456.513612202
          ],
          [
            4692396.472611398,
            2175456.376460292
          ],
          [
            4692398.327432534,
            2175456.255873711
          ],
          [
            4692398.874851457,
            2175456.188285125
          ],
          [
            4692399.404300233,
            2175456.114506865
          ],
          [
            4692399.932449857,
            2175456.032482732
          ],
          [
            4692400.459165029,
            2175455.942233511
          ],
          [
            4692400.9843103,
            2175455.843782439
          ],
          [
            4692401.50775045,
            2175455.737154714
          ],
          [
            4692402.029349331,
            2175455.622377481
          ],
          [
            4692402.548970813,
            2175455.49948067
          ],
          [
            4692403.066478654,
            2175455.368496006
          ],
          [
            4692403.581736247,
            2175455.229457671
          ],
          [
            4692404.094606742,
            2175455.082401933
          ],
          [
            4692404.604952629,
            2175454.927367452
          ],
          [
            4692405.112636599,
            2175454.76439535
          ],
          [
            4692405.617520566,
            2175454.593528599
          ],
          [
            4692406.119465903,
            2175454.414813037
          ],
          [
            4692406.618333948,
            2175454.228296622
          ],
          [
            4692407.113985144,
            2175454.034029574
          ],
          [
            4692407.606279411,
            2175453.83206474
          ],
          [
            4692408.095075919,
            2175453.622457268
          ],
          [
            4692408.580233494,
            2175453.405264831
          ],
          [
            4692409.061609458,
            2175453.18054727
          ],
          [
            4692409.53906069,
            2175452.948367509
          ],
          [
            4692410.012443059,
            2175452.708790308
          ],
          [
            4692410.481610949,
            2175452.461883315
          ],
          [
            4692410.946417957,
            2175452.207716535
          ],
          [
            4692411.406715771,
            2175451.946362258
          ],
          [
            4692411.862354808,
            2175451.677895556
          ],
          [
            4692412.313183548,
            2175451.402393559
          ],
          [
            4692412.759048595,
            2175451.11993605
          ],
          [
            4692413.199794421,
            2175450.830604836
          ],
          [
            4692413.635263044,
            2175450.534483964
          ],
          [
            4692414.065294023,
            2175450.23165927
          ],
          [
            4692414.489723297,
            2175449.922218402
          ],
          [
            4692414.908383865,
            2175449.606251016
          ],
          [
            4692415.321105488,
            2175449.283847334
          ],
          [
            4692415.727712849,
            2175448.955098597
          ],
          [
            4692416.128026732,
            2175448.620096883
          ],
          [
            4692416.521863014,
            2175448.278933197
          ],
          [
            4692416.909031014,
            2175447.931698117
          ],
          [
            4692417.28933473,
            2175447.578480613
          ],
          [
            4692417.66257264,
            2175447.219364404
          ],
          [
            4692418.028777616,
            2175446.854183503
          ],
          [
            4692418.730093447,
            2175446.127697964
          ],
          [
            4692420.743157722,
            2175444.04041276
          ],
          [
            4692421.280384517,
            2175443.496526177
          ],
          [
            4692421.991418291,
            2175442.757888801
          ],
          [
            4692423.08117232,
            2175441.61345124
          ],
          [
            4692425.704172849,
            2175438.908091393
          ],
          [
            4692427.819978185,
            2175436.741381896
          ],
          [
            4692429.600391963,
            2175434.933761291
          ],
          [
            4692431.222615625,
            2175433.302981258
          ],
          [
            4692432.687695836,
            2175431.845863764
          ],
          [
            4692433.619532947,
            2175430.921032383
          ],
          [
            4692433.993248687,
            2175430.535383057
          ],
          [
            4692434.359855398,
            2175430.145179147
          ],
          [
            4692434.720387351,
            2175429.74935578
          ],
          [
            4692435.07475872,
            2175429.348007686
          ],
          [
            4692435.422884662,
            2175428.941230516
          ],
          [
            4692435.76468203,
            2175428.529121715
          ],
          [
            4692436.100069336,
            2175428.111779564
          ],
          [
            4692436.428966344,
            2175427.689303715
          ],
          [
            4692436.751294501,
            2175427.261795111
          ],
          [
            4692437.066976626,
            2175426.829355935
          ],
          [
            4692437.375937418,
            2175426.392089672
          ],
          [
            4692437.678103241,
            2175425.950100609
          ],
          [
            4692437.973401855,
            2175425.503494205
          ],
          [
            4692438.261762478,
            2175425.052377318
          ],
          [
            4692438.543116484,
            2175424.596857697
          ],
          [
            4692438.81739634,
            2175424.137044189
          ],
          [
            4692439.084536933,
            2175423.67304668
          ],
          [
            4692439.344474053,
            2175423.204975902
          ],
          [
            4692439.597145962,
            2175422.732943798
          ],
          [
            4692439.842491904,
            2175422.257063048
          ],
          [
            4692440.080453645,
            2175421.777447461
          ],
          [
            4692440.310974008,
            2175421.294211432
          ],
          [
            4692440.533998005,
            2175420.8074708
          ],
          [
            4692440.74947264,
            2175420.317341477
          ],
          [
            4692440.957346021,
            2175419.823940612
          ],
          [
            4692441.157568665,
            2175419.327386369
          ],
          [
            4692441.350092818,
            2175418.827797082
          ],
          [
            4692441.534872258,
            2175418.325292225
          ],
          [
            4692441.711862943,
            2175417.81999201
          ],
          [
            4692441.881022611,
            2175417.31201709
          ],
          [
            4692442.042310857,
            2175416.801488869
          ],
          [
            4692442.195689222,
            2175416.288529145
          ],
          [
            4692442.341120714,
            2175415.773260724
          ],
          [
            4692442.478570953,
            2175415.255806788
          ],
          [
            4692442.608006894,
            2175414.736290794
          ],
          [
            4692442.729397672,
            2175414.214837045
          ],
          [
            4692442.842714248,
            2175413.691570083
          ],
          [
            4692442.947929512,
            2175413.166615008
          ],
          [
            4692443.045018284,
            2175412.640097448
          ],
          [
            4692443.133957586,
            2175412.112143052
          ],
          [
            4692443.214725891,
            2175411.582877968
          ],
          [
            4692443.287303931,
            2175411.052429102
          ],
          [
            4692443.351674668,
            2175410.520922827
          ],
          [
            4692443.407822221,
            2175409.988486325
          ],
          [
            4692443.455733467,
            2175409.455247263
          ],
          [
            4692443.495397049,
            2175408.921332727
          ],
          [
            4692443.526803265,
            2175408.386870382
          ],
          [
            4692443.549944585,
            2175407.851988346
          ],
          [
            4692443.564815667,
            2175407.316814473
          ],
          [
            4692443.571412893,
            2175406.781476637
          ],
          [
            4692443.569734674,
            2175406.246102872
          ],
          [
            4692443.559781299,
            2175405.710821392
          ],
          [
            4692443.541555273,
            2175405.175760346
          ],
          [
            4692443.515060975,
            2175404.641047653
          ],
          [
            4692443.480304699,
            2175404.106811301
          ],
          [
            4692443.43729479,
            2175403.57317929
          ],
          [
            4692443.386041648,
            2175403.040279254
          ],
          [
            4692443.326557422,
            2175402.508238633
          ],
          [
            4692443.258856249,
            2175401.977185292
          ],
          [
            4692443.182954724,
            2175401.447246122
          ],
          [
            4692443.098870635,
            2175400.918548193
          ],
          [
            4692443.006624495,
            2175400.391218279
          ],
          [
            4692442.90623822,
            2175399.865382482
          ],
          [
            4692442.797735799,
            2175399.341167292
          ],
          [
            4692442.681143539,
            2175398.818698208
          ],
          [
            4692442.556489146,
            2175398.298100741
          ],
          [
            4692442.423802885,
            2175397.77949973
          ],
          [
            4692442.28311633,
            2175397.263019531
          ],
          [
            4692442.134463329,
            2175396.748784417
          ],
          [
            4692441.977879688,
            2175396.236918041
          ],
          [
            4692441.813403133,
            2175395.727543194
          ],
          [
            4692441.641073058,
            2175395.220782554
          ],
          [
            4692441.460931132,
            2175394.716757937
          ],
          [
            4692441.273020535,
            2175394.215590852
          ],
          [
            4692441.077386784,
            2175393.717401953
          ],
          [
            4692440.87407685,
            2175393.222311315
          ],
          [
            4692440.663139934,
            2175392.730438581
          ],
          [
            4692440.444627039,
            2175392.241902269
          ],
          [
            4692440.21859084,
            2175391.756820526
          ],
          [
            4692439.985086151,
            2175391.275310626
          ],
          [
            4692439.744169381,
            2175390.797489097
          ],
          [
            4692439.495899038,
            2175390.323472
          ],
          [
            4692439.240335483,
            2175389.853373953
          ],
          [
            4692438.977540482,
            2175389.38730922
          ],
          [
            4692438.707578209,
            2175388.92539144
          ],
          [
            4692438.430514521,
            2175388.467732873
          ],
          [
            4692438.146416813,
            2175388.014444989
          ],
          [
            4692437.855354514,
            2175387.565638786
          ],
          [
            4692437.557399031,
            2175387.121424018
          ],
          [
            4692437.252623304,
            2175386.681909477
          ],
          [
            4692436.94110215,
            2175386.247203134
          ],
          [
            4692436.622912327,
            2175385.81741225
          ],
          [
            4692436.298132438,
            2175385.392642591
          ],
          [
            4692435.966842591,
            2175384.972999372
          ],
          [
            4692435.629125083,
            2175384.558586646
          ],
          [
            4692435.285063827,
            2175384.149507627
          ],
          [
            4692434.93474473,
            2175383.745864246
          ],
          [
            4692434.578255253,
            2175383.347757571
          ],
          [
            4692434.21568492,
            2175382.955287708
          ],
          [
            4692433.847125029,
            2175382.568553683
          ],
          [
            4692433.47266876,
            2175382.18765351
          ],
          [
            4692433.092411205,
            2175381.812684195
          ],
          [
            4692432.706449274,
            2175381.443741548
          ],
          [
            4692432.314881753,
            2175381.080920592
          ],
          [
            4692431.917809551,
            2175380.724315226
          ],
          [
            4692431.515335355,
            2175380.37401823
          ],
          [
            4692431.107563855,
            2175380.030121486
          ],
          [
            4692430.69460176,
            2175379.692715808
          ],
          [
            4692430.276557794,
            2175379.361891117
          ],
          [
            4692429.853542915,
            2175379.037736405
          ],
          [
            4692429.425670163,
            2175378.720339499
          ],
          [
            4692428.993054409,
            2175378.409787198
          ],
          [
            4692428.555812959,
            2175378.106165955
          ],
          [
            4692428.114065572,
            2175377.809560909
          ],
          [
            4692427.667933949,
            2175377.52005649
          ],
          [
            4692427.2175425,
            2175377.237736479
          ],
          [
            4692426.763017691,
            2175376.962683453
          ],
          [
            4692426.304488488,
            2175376.694980061
          ],
          [
            4692425.842087017,
            2175376.434708049
          ],
          [
            4692425.375947259,
            2175376.181948194
          ],
          [
            4692424.90620595,
            2175375.936781599
          ],
          [
            4692424.433003174,
            2175375.699288892
          ],
          [
            4692423.956481457,
            2175375.469550243
          ],
          [
            4692423.476785875,
            2175375.247645842
          ],
          [
            4692422.994064958,
            2175375.033656647
          ],
          [
            4692422.508470128,
            2175374.827663195
          ],
          [
            4692422.020155698,
            2175374.629747353
          ],
          [
            4692421.529279446,
            2175374.439991314
          ],
          [
            4692421.036001703,
            2175374.258478689
          ],
          [
            4692420.540486191,
            2175374.085294805
          ],
          [
            4692420.042900177,
            2175373.920527181
          ],
          [
            4692419.543413335,
            2175373.764265018
          ],
          [
            4692419.042198507,
            2175373.616601744
          ],
          [
            4692418.539431541,
            2175373.477633517
          ],
          [
            4692418.035290578,
            2175373.347461858
          ],
          [
            4692417.529879652,
            2175373.226174607
          ],
          [
            4692417.008572316,
            2175373.110712608
          ],
          [
            4692415.786870739,
            2175372.910677368
          ],
          [
            4692413.770316925,
            2175372.57876105
          ],
          [
            4692411.658586181,
            2175372.171437241
          ],
          [
            4692410.641509076,
            2175371.998181902
          ],
          [
            4692409.628066643,
            2175371.838577725
          ],
          [
            4692408.367399882,
            2175371.653395656
          ],
          [
            4692406.156898226,
            2175371.336178999
          ],
          [
            4692394.75257809,
            2175369.388251074
          ],
          [
            4692377.234473275,
            2175365.859411862
          ],
          [
            4692361.567043293,
            2175362.316321031
          ],
          [
            4692359.867194191,
            2175361.918898266
          ],
          [
            4692358.423632715,
            2175361.569710597
          ],
          [
            4692356.974028853,
            2175361.206946946
          ],
          [
            4692355.780096705,
            2175360.898040422
          ],
          [
            4692354.580020739,
            2175360.577427174
          ],
          [
            4692353.382594257,
            2175360.246622237
          ],
          [
            4692352.202922475,
            2175359.90883783
          ],
          [
            4692351.010797944,
            2175359.555634928
          ],
          [
            4692349.836552536,
            2175359.194555806
          ],
          [
            4692348.666003402,
            2175358.821356634
          ],
          [
            4692347.499354091,
            2175358.435646891
          ],
          [
            4692346.336604772,
            2175358.037119336
          ],
          [
            4692345.177729627,
            2175357.625640701
          ],
          [
            4692344.022691111,
            2175357.201201899
          ],
          [
            4692342.871359442,
            2175356.763879802
          ],
          [
            4692341.723639522,
            2175356.314103554
          ],
          [
            4692340.579171996,
            2175355.851953781
          ],
          [
            4692339.437553072,
            2175355.379085438
          ],
          [
            4692338.298885394,
            2175354.895640059
          ],
          [
            4692337.162957078,
            2175354.403171155
          ],
          [
            4692327.146512874,
            2175349.964082995
          ],
          [
            4692327.146512874,
            2175349.964082995
          ],
          [
            4692326.04577628,
            2175349.425368267
          ],
          [
            4692315.233020822,
            2175344.129065124
          ],
          [
            4692294.576401525,
            2175333.674306279
          ],
          [
            4692292.811229122,
            2175332.769430045
          ],
          [
            4692291.053782389,
            2175331.85377602
          ],
          [
            4692289.7426415,
            2175331.157894451
          ],
          [
            4692288.655656149,
            2175330.570781793
          ],
          [
            4692287.357241651,
            2175329.853233851
          ],
          [
            4692286.498202148,
            2175329.366616515
          ],
          [
            4692285.643116858,
            2175328.871008536
          ],
          [
            4692284.792607571,
            2175328.36511989
          ],
          [
            4692284.159397218,
            2175327.978645784
          ],
          [
            4692283.5289497,
            2175327.584596099
          ],
          [
            4692282.903358464,
            2175327.183363499
          ],
          [
            4692282.078579676,
            2175326.634896665
          ],
          [
            4692281.67531772,
            2175326.359484807
          ],
          [
            4692281.06798818,
            2175325.933284174
          ],
          [
            4692280.480290041,
            2175325.505840475
          ],
          [
            4692279.898297829,
            2175325.067886536
          ],
          [
            4692279.322734561,
            2175324.61904899
          ],
          [
            4692278.754487086,
            2175324.159298043
          ],
          [
            4692278.19395563,
            2175323.685987786
          ],
          [
            4692277.64073332,
            2175323.199833644
          ],
          [
            4692277.102257659,
            2175322.704308714
          ],
          [
            4692276.571127726,
            2175322.19397416
          ],
          [
            4692276.232182742,
            2175321.854308501
          ],
          [
            4692275.897807215,
            2175321.508766977
          ],
          [
            4692275.402006129,
            2175320.972831044
          ],
          [
            4692275.07982434,
            2175320.609128917
          ],
          [
            4692274.760995125,
            2175320.236928325
          ],
          [
            4692274.453762269,
            2175319.865896303
          ],
          [
            4692273.999123158,
            2175319.290127591
          ],
          [
            4692273.713417264,
            2175318.905475352
          ],
          [
            4692273.43050127,
            2175318.513479933
          ],
          [
            4692273.156101448,
            2175318.114277352
          ],
          [
            4692272.886799496,
            2175317.706383719
          ],
          [
            4692272.629157843,
            2175317.29986427
          ],
          [
            4692272.384157247,
            2175316.891927834
          ],
          [
            4692272.145091658,
            2175316.475821614
          ],
          [
            4692271.914034119,
            2175316.05489926
          ],
          [
            4692271.69200598,
            2175315.625681593
          ],
          [
            4692271.476466028,
            2175315.187782437
          ],
          [
            4692271.27269102,
            2175314.75221633
          ],
          [
            4692271.0819665,
            2175314.316215807
          ],
          [
            4692270.899118127,
            2175313.874223352
          ],
          [
            4692270.725566227,
            2175313.422842041
          ],
          [
            4692270.559036205,
            2175312.969426618
          ],
          [
            4692270.330196383,
            2175312.279176881
          ],
          [
            4692270.193549364,
            2175311.824527424
          ],
          [
            4692270.065398957,
            2175311.365027839
          ],
          [
            4692269.89040145,
            2175310.660869985
          ],
          [
            4692269.738992814,
            2175309.952816338
          ],
          [
            4692269.607492561,
            2175309.234433008
          ],
          [
            4692269.536917318,
            2175308.761569924
          ],
          [
            4692269.472625352,
            2175308.282428728
          ],
          [
            4692269.419828979,
            2175307.80033669
          ],
          [
            4692269.376865436,
            2175307.323301547
          ],
          [
            4692269.330367756,
            2175306.594695045
          ],
          [
            4692269.309687382,
            2175305.871461103
          ],
          [
            4692269.30580613,
            2175305.391770337
          ],
          [
            4692269.321512316,
            2175304.667237052
          ],
          [
            4692269.357872508,
            2175303.936380819
          ],
          [
            4692269.394051366,
            2175303.460659899
          ],
          [
            4692269.439121792,
            2175302.98337914
          ],
          [
            4692269.526194771,
            2175302.260407299
          ],
          [
            4692269.635843701,
            2175301.532050689
          ],
          [
            4692269.717250735,
            2175301.056483825
          ],
          [
            4692269.808091906,
            2175300.586963077
          ],
          [
            4692269.907632821,
            2175300.115338224
          ],
          [
            4692270.015072761,
            2175299.644947099
          ],
          [
            4692270.133049891,
            2175299.172717022
          ],
          [
            4692270.256635368,
            2175298.702042832
          ],
          [
            4692270.459108748,
            2175298.000825769
          ],
          [
            4692270.678469988,
            2175297.300155531
          ],
          [
            4692270.910720351,
            2175296.615818791
          ],
          [
            4692271.158370258,
            2175295.932014956
          ],
          [
            4692271.420782538,
            2175295.248629235
          ],
          [
            4692271.601905112,
            2175294.79766247
          ],
          [
            4692271.887654756,
            2175294.119240729
          ],
          [
            4692272.290642243,
            2175293.214346287
          ],
          [
            4692272.603173861,
            2175292.546808118
          ],
          [
            4692272.92691364,
            2175291.880645486
          ],
          [
            4692273.373395008,
            2175290.998482673
          ],
          [
            4692273.713035793,
            2175290.352409543
          ],
          [
            4692274.180242184,
            2175289.491869183
          ],
          [
            4692274.660334099,
            2175288.636170157
          ],
          [
            4692275.151948182,
            2175287.784813574
          ],
          [
            4692275.782578228,
            2175286.723944804
          ],
          [
            4692276.295792261,
            2175285.880011151
          ],
          [
            4692282.436142967,
            2175276.008959567
          ],
          [
            4692309.909302587,
            2175234.122452639
          ],
          [
            4692321.245438489,
            2175217.435500489
          ],
          [
            4692322.229850617,
            2175216.005296114
          ],
          [
            4692323.080655544,
            2175214.785710281
          ],
          [
            4692323.940226215,
            2175213.57270888
          ],
          [
            4692324.664496129,
            2175212.56871223
          ],
          [
            4692325.398563834,
            2175211.570863317
          ],
          [
            4692325.993554947,
            2175210.778749621
          ],
          [
            4692326.597343314,
            2175209.991629952
          ],
          [
            4692327.210661791,
            2175209.210437756
          ],
          [
            4692327.835379239,
            2175208.43590158
          ],
          [
            4692328.468565911,
            2175207.673687145
          ],
          [
            4692328.949528472,
            2175207.109226617
          ],
          [
            4692329.432318802,
            2175206.555637537
          ],
          [
            4692330.0933292,
            2175205.819573999
          ],
          [
            4692330.589185099,
            2175205.285039631
          ],
          [
            4692331.093698028,
            2175204.755640187
          ],
          [
            4692331.606342167,
            2175204.23246723
          ],
          [
            4692332.126929734,
            2175203.716176293
          ],
          [
            4692332.657360965,
            2175203.207199521
          ],
          [
            4692333.197485814,
            2175202.704441951
          ],
          [
            4692333.747141723,
            2175202.208447633
          ],
          [
            4692334.306074071,
            2175201.719779309
          ],
          [
            4692334.869155295,
            2175201.244867795
          ],
          [
            4692335.438873089,
            2175200.781542426
          ],
          [
            4692335.822575331,
            2175200.476176943
          ],
          [
            4692336.400169,
            2175200.031529229
          ],
          [
            4692336.985839823,
            2175199.595445108
          ],
          [
            4692337.581681188,
            2175199.16802185
          ],
          [
            4692338.184117401,
            2175198.748673595
          ],
          [
            4692339.005633685,
            2175198.2022085
          ],
          [
            4692339.62959388,
            2175197.80269717
          ],
          [
            4692340.257092636,
            2175197.416000589
          ],
          [
            4692340.893403557,
            2175197.037333219
          ],
          [
            4692341.537136776,
            2175196.667603875
          ],
          [
            4692342.1755778,
            2175196.314989871
          ],
          [
            4692342.820101699,
            2175195.97155386
          ],
          [
            4692343.693853269,
            2175195.526682445
          ],
          [
            4692344.355395611,
            2175195.204181669
          ],
          [
            4692345.024746695,
            2175194.889665755
          ],
          [
            4692345.700882042,
            2175194.58345906
          ],
          [
            4692346.382331932,
            2175194.286052124
          ],
          [
            4692347.289085597,
            2175193.908949744
          ],
          [
            4692348.205981617,
            2175193.545789266
          ],
          [
            4692349.131770277,
            2175193.196519383
          ],
          [
            4692350.051445954,
            2175192.866491067
          ],
          [
            4692350.978398397,
            2175192.548610128
          ],
          [
            4692351.911447521,
            2175192.242072088
          ],
          [
            4692352.850701192,
            2175191.946294714
          ],
          [
            4692353.794918276,
            2175191.659227443
          ],
          [
            4692354.743587271,
            2175191.381012883
          ],
          [
            4692363.967654038,
            2175188.762142742
          ],
          [
            4692412.324117224,
            2175176.727032614
          ],
          [
            4692420.447527126,
            2175175.136562731
          ],
          [
            4692422.941948938,
            2175174.659399786
          ],
          [
            4692425.206662128,
            2175174.238216897
          ],
          [
            4692427.243327599,
            2175173.870971131
          ],
          [
            4692428.292469657,
            2175173.686110445
          ],
          [
            4692428.825572452,
            2175173.564672774
          ],
          [
            4692429.342856597,
            2175173.438018832
          ],
          [
            4692429.857564611,
            2175173.303928704
          ],
          [
            4692430.370129484,
            2175173.162297338
          ],
          [
            4692430.88043074,
            2175173.013156992
          ],
          [
            4692431.388348119,
            2175172.85654206
          ],
          [
            4692431.893760984,
            2175172.692488397
          ],
          [
            4692432.396548121,
            2175172.521034038
          ],
          [
            4692432.896588146,
            2175172.342218911
          ],
          [
            4692433.393759258,
            2175172.156084808
          ],
          [
            4692433.887939174,
            2175171.962675461
          ],
          [
            4692434.379004994,
            2175171.762036527
          ],
          [
            4692434.866833069,
            2175171.554215801
          ],
          [
            4692435.351299409,
            2175171.339263182
          ],
          [
            4692435.8322793,
            2175171.11723037
          ],
          [
            4692436.309647198,
            2175170.888171149
          ],
          [
            4692436.783276353,
            2175170.652141344
          ],
          [
            4692437.253039385,
            2175170.409199055
          ],
          [
            4692437.718807435,
            2175170.159404231
          ],
          [
            4692438.18045097,
            2175169.902819214
          ],
          [
            4692438.637838759,
            2175169.639507835
          ],
          [
            4692439.090837717,
            2175169.369536592
          ],
          [
            4692439.539313885,
            2175169.09297381
          ],
          [
            4692439.983130625,
            2175168.809889556
          ],
          [
            4692440.422149939,
            2175168.520356357
          ],
          [
            4692440.856231172,
            2175168.224447855
          ],
          [
            4692441.285231181,
            2175167.922240013
          ],
          [
            4692441.709003944,
            2175167.613810092
          ],
          [
            4692442.127400661,
            2175167.299236915
          ],
          [
            4692442.540268728,
            2175166.978600256
          ],
          [
            4692442.947452239,
            2175166.65198094
          ],
          [
            4692443.348790575,
            2175166.319459922
          ],
          [
            4692443.744118775,
            2175165.981118669
          ],
          [
            4692444.133266888,
            2175165.637037526
          ],
          [
            4692444.516058634,
            2175165.287296036
          ],
          [
            4692444.892300919,
            2175164.931982556
          ],
          [
            4692445.260696795,
            2175164.572281882
          ],
          [
            4692445.448219705,
            2175164.384374404
          ],
          [
            4692447.479167713,
            2175162.252829126
          ],
          [
            4692448.701286024,
            2175161.034795138
          ],
          [
            4692449.41676926,
            2175160.294724631
          ],
          [
            4692450.120248814,
            2175159.549862836
          ],
          [
            4692450.98542498,
            2175158.616076235
          ],
          [
            4692453.014305313,
            2175156.411458254
          ],
          [
            4692455.417872372,
            2175153.895221823
          ],
          [
            4692457.142602626,
            2175152.103815966
          ],
          [
            4692458.700762329,
            2175150.500432246
          ],
          [
            4692460.093175585,
            2175149.084797899
          ],
          [
            4692461.143191648,
            2175148.030992186
          ],
          [
            4692462.200685384,
            2175146.984861711
          ],
          [
            4692463.088486481,
            2175146.120969488
          ],
          [
            4692463.984717208,
            2175145.264660804
          ],
          [
            4692464.708179994,
            2175144.587021141
          ],
          [
            4692465.439172939,
            2175143.916299411
          ],
          [
            4692466.18044266,
            2175143.25342952
          ],
          [
            4692466.741034236,
            2175142.763643937
          ],
          [
            4692467.490412631,
            2175142.129318648
          ],
          [
            4692468.062476881,
            2175141.660199608
          ],
          [
            4692468.642597926,
            2175141.199390302
          ],
          [
            4692469.220946478,
            2175140.757532339
          ],
          [
            4692469.807644473,
            2175140.324215634
          ],
          [
            4692470.607383063,
            2175139.757873052
          ],
          [
            4692471.215619145,
            2175139.34388477
          ],
          [
            4692471.833436195,
            2175138.93709813
          ],
          [
            4692472.459329927,
            2175138.538375198
          ],
          [
            4692473.087739835,
            2175138.152251184
          ],
          [
            4692473.724422753,
            2175137.773496043
          ],
          [
            4692474.367949385,
            2175137.402795365
          ],
          [
            4692475.005325058,
            2175137.048092283
          ],
          [
            4692475.649102446,
            2175136.700635016
          ],
          [
            4692476.298564806,
            2175136.36036537
          ],
          [
            4692481.04600766,
            2175133.943058473
          ],
          [
            4692497.722311363,
            2175126.840823108
          ],
          [
            4692504.99600286,
            2175124.079138164
          ],
          [
            4692506.916759492,
            2175123.360777757
          ],
          [
            4692508.86747357,
            2175122.63292846
          ],
          [
            4692509.606678269,
            2175122.335561125
          ],
          [
            4692510.33780202,
            2175122.024565105
          ],
          [
            4692511.062653294,
            2175121.699219264
          ],
          [
            4692511.780950249,
            2175121.359649983
          ],
          [
            4692512.492413539,
            2175121.005989272
          ],
          [
            4692513.196766736,
            2175120.63837473
          ],
          [
            4692513.893736069,
            2175120.25694917
          ],
          [
            4692514.583050667,
            2175119.861860859
          ],
          [
            4692515.264442397,
            2175119.453263261
          ],
          [
            4692515.937646284,
            2175119.031315349
          ],
          [
            4692516.602400727,
            2175118.596181121
          ],
          [
            4692517.258446888,
            2175118.148029664
          ],
          [
            4692517.90552979,
            2175117.687035545
          ],
          [
            4692518.543397852,
            2175117.213377808
          ],
          [
            4692519.17180258,
            2175116.727240678
          ],
          [
            4692519.790499674,
            2175116.228813468
          ],
          [
            4692520.399248254,
            2175115.718289884
          ],
          [
            4692520.997811256,
            2175115.19586871
          ],
          [
            4692521.585955677,
            2175114.661753279
          ],
          [
            4692522.163452316,
            2175114.116151517
          ],
          [
            4692522.73007631,
            2175113.559275929
          ],
          [
            4692523.285606561,
            2175112.991343372
          ],
          [
            4692523.829826644,
            2175112.412575324
          ],
          [
            4692524.362524211,
            2175111.823197224
          ],
          [
            4692524.88349126,
            2175111.223438978
          ],
          [
            4692525.392524347,
            2175110.613534621
          ],
          [
            4692525.889424589,
            2175109.993722189
          ],
          [
            4692526.373997525,
            2175109.364243767
          ],
          [
            4692526.846053475,
            2175108.725345536
          ],
          [
            4692527.305407766,
            2175108.077277293
          ],
          [
            4692527.751879871,
            2175107.420292671
          ],
          [
            4692528.185294784,
            2175106.75464921
          ],
          [
            4692528.605481725,
            2175106.080607883
          ],
          [
            4692529.012275495,
            2175105.3984336
          ],
          [
            4692529.405515555,
            2175104.708394424
          ],
          [
            4692529.785046515,
            2175104.010762106
          ],
          [
            4692530.15071789,
            2175103.305811814
          ],
          [
            4692530.502384578,
            2175102.593822163
          ],
          [
            4692530.839906464,
            2175101.875075018
          ],
          [
            4692531.163148699,
            2175101.14985572
          ],
          [
            4692531.471981831,
            2175100.418452661
          ],
          [
            4692531.766281099,
            2175099.681157723
          ],
          [
            4692532.045927677,
            2175098.938266252
          ],
          [
            4692532.310807844,
            2175098.190076408
          ],
          [
            4692532.560812841,
            2175097.436890055
          ],
          [
            4692532.79583978,
            2175096.679012356
          ],
          [
            4692533.015790659,
            2175095.916751794
          ],
          [
            4692533.220573239,
            2175095.150420357
          ],
          [
            4692533.410100057,
            2175094.380333753
          ],
          [
            4692533.584289782,
            2175093.606811326
          ],
          [
            4692533.743065734,
            2175092.830176051
          ],
          [
            4692533.886356807,
            2175092.050755375
          ],
          [
            4692534.014087142,
            2175091.268943603
          ],
          [
            4692534.126046678,
            2175090.487029075
          ],
          [
            4692534.164864095,
            2175090.184046815
          ],
          [
            4692534.172452264,
            2175089.8808399
          ],
          [
            4692534.181247036,
            2175087.089023689
          ],
          [
            4692534.192085054,
            2175085.661982702
          ],
          [
            4692534.192085054,
            2175085.661982702
          ],
          [
            4692534.157845995,
            2175084.3117960426
          ],
          [
            4692534.034773912,
            2175082.966794336
          ],
          [
            4692529.512095416,
            2175046.73889516
          ],
          [
            4692528.201753662,
            2175033.637676882
          ],
          [
            4692528.01626837,
            2175031.662567199
          ],
          [
            4692527.867281937,
            2175029.934860791
          ],
          [
            4692527.752435746,
            2175028.45385493
          ],
          [
            4692527.66812174,
            2175027.219232061
          ],
          [
            4692527.609799618,
            2175026.231739789
          ],
          [
            4692527.561664769,
            2175025.242668153
          ],
          [
            4692527.533596574,
            2175024.500984419
          ],
          [
            4692527.512996941,
            2175023.758502241
          ],
          [
            4692527.498832003,
            2175022.764650847
          ],
          [
            4692527.501643089,
            2175021.773796149
          ],
          [
            4692527.508840568,
            2175021.284982709
          ],
          [
            4692527.528849788,
            2175020.542659567
          ],
          [
            4692527.560198925,
            2175019.81595755
          ],
          [
            4692527.602785147,
            2175019.088210511
          ],
          [
            4692527.657165308,
            2175018.359892886
          ],
          [
            4692527.723977792,
            2175017.629658801
          ],
          [
            4692527.775200114,
            2175017.146298352
          ],
          [
            4692527.865079111,
            2175016.416148735
          ],
          [
            4692527.970601139,
            2175015.683343312
          ],
          [
            4692528.046602322,
            2175015.205276747
          ],
          [
            4692528.174735027,
            2175014.479967125
          ],
          [
            4692528.317987816,
            2175013.76191049
          ],
          [
            4692528.421732929,
            2175013.283285195
          ],
          [
            4692528.588956265,
            2175012.570556443
          ],
          [
            4692528.707569818,
            2175012.100884474
          ],
          [
            4692528.901309668,
            2175011.391838896
          ],
          [
            4692529.10985004,
            2175010.691311413
          ],
          [
            4692529.334042618,
            2175009.990983379
          ],
          [
            4692529.573909848,
            2175009.29158443
          ],
          [
            4692529.737813114,
            2175008.841782301
          ],
          [
            4692530.09272939,
            2175007.931268951
          ],
          [
            4692530.279557256,
            2175007.481474171
          ],
          [
            4692530.471518968,
            2175007.032254704
          ],
          [
            4692530.777241517,
            2175006.357161336
          ],
          [
            4692530.983958807,
            2175005.918988846
          ],
          [
            4692531.310788998,
            2175005.257615177
          ],
          [
            4692531.646288208,
            2175004.615036185
          ],
          [
            4692531.995432368,
            2175003.977835103
          ],
          [
            4692532.486639829,
            2175003.13243789
          ],
          [
            4692532.87321721,
            2175002.505250145
          ],
          [
            4692533.13828399,
            2175002.089691658
          ],
          [
            4692533.40483178,
            2175001.683567885
          ],
          [
            4692533.820802004,
            2175001.073297232
          ],
          [
            4692534.242129538,
            2175000.483175856
          ],
          [
            4692534.677014844,
            2174999.898416363
          ],
          [
            4692534.974065056,
            2174999.514688266
          ],
          [
            4692535.431280417,
            2174998.939394745
          ],
          [
            4692535.903914624,
            2174998.372221343
          ],
          [
            4692536.225314682,
            2174997.997788645
          ],
          [
            4692536.546574981,
            2174997.632676077
          ],
          [
            4692537.043782306,
            2174997.085918992
          ],
          [
            4692537.542526681,
            2174996.559275749
          ],
          [
            4692538.052915373,
            2174996.039276887
          ],
          [
            4692538.575025422,
            2174995.525619324
          ],
          [
            4692538.925678063,
            2174995.190341987
          ],
          [
            4692539.648896291,
            2174994.5235969
          ],
          [
            4692540.39107247,
            2174993.87014444
          ],
          [
            4692540.952792626,
            2174993.394009002
          ],
          [
            4692541.524814808,
            2174992.923468741
          ],
          [
            4692542.105133743,
            2174992.45974134
          ],
          [
            4692542.681880949,
            2174992.012452757
          ],
          [
            4692543.265362196,
            2174991.571338636
          ],
          [
            4692544.054515097,
            2174990.990866502
          ],
          [
            4692544.853056234,
            2174990.419982634
          ],
          [
            4692545.66051999,
            2174989.857248181
          ],
          [
            4692552.159721656,
            2174985.428086549
          ],
          [
            4692581.028676817,
            2174967.505228205
          ],
          [
            4692589.461663879,
            2174962.703316847
          ],
          [
            4692591.25601198,
            2174961.693590508
          ],
          [
            4692591.940005589,
            2174961.307751957
          ],
          [
            4692592.623370049,
            2174960.905885054
          ],
          [
            4692593.299296982,
            2174960.490715946
          ],
          [
            4692593.967119798,
            2174960.062642995
          ],
          [
            4692594.626591269,
            2174959.621824386
          ],
          [
            4692595.277467439,
            2174959.168423178
          ],
          [
            4692595.919507046,
            2174958.702607042
          ],
          [
            4692596.552472749,
            2174958.224548551
          ],
          [
            4692597.176129591,
            2174957.734424315
          ],
          [
            4692597.790246551,
            2174957.23241621
          ],
          [
            4692598.394595703,
            2174956.718709982
          ],
          [
            4692598.98895268,
            2174956.193496192
          ],
          [
            4692599.573096573,
            2174955.656969581
          ],
          [
            4692600.14681,
            2174955.109329427
          ],
          [
            4692600.709879548,
            2174954.550779272
          ],
          [
            4692601.262095335,
            2174953.981526666
          ],
          [
            4692601.803251106,
            2174953.40178355
          ],
          [
            4692602.333144647,
            2174952.81176607
          ],
          [
            4692602.851577667,
            2174952.211694289
          ],
          [
            4692603.358355492,
            2174951.601792427
          ],
          [
            4692603.853287845,
            2174950.982288814
          ],
          [
            4692604.336188009,
            2174950.353415606
          ],
          [
            4692604.806873644,
            2174949.71540928
          ],
          [
            4692605.265166617,
            2174949.068509878
          ],
          [
            4692605.71089236,
            2174948.412961504
          ],
          [
            4692606.143880821,
            2174947.749012531
          ],
          [
            4692606.563966206,
            2174947.076914945
          ],
          [
            4692606.970986641,
            2174946.396924637
          ],
          [
            4692607.364784129,
            2174945.709301852
          ],
          [
            4692607.745205529,
            2174945.014310853
          ],
          [
            4692608.112101368,
            2174944.312219712
          ],
          [
            4692608.465326525,
            2174943.603300879
          ],
          [
            4692608.804739607,
            2174942.887831115
          ],
          [
            4692609.130203876,
            2174942.166091592
          ],
          [
            4692609.441585985,
            2174941.438367962
          ],
          [
            4692609.738757286,
            2174940.704950645
          ],
          [
            4692610.021619174,
            2174939.966064441
          ],
          [
            4692610.29945626,
            2174939.19547498
          ],
          [
            4692610.377163792,
            2174938.898654577
          ],
          [
            4692610.97388771,
            2174936.164925292
          ],
          [
            4692611.436776811,
            2174934.087231036
          ],
          [
            4692611.436776811,
            2174934.087231036
          ],
          [
            4692611.561997722,
            2174933.4259928893
          ],
          [
            4692611.644601578,
            2174932.758091125
          ],
          [
            4692613.811310542,
            2174909.013637637
          ],
          [
            4692615.184025139,
            2174897.885579967
          ],
          [
            4692615.406709427,
            2174896.166244301
          ],
          [
            4692615.607163086,
            2174894.695400524
          ],
          [
            4692615.783226791,
            2174893.472301497
          ],
          [
            4692615.968805927,
            2174892.252056084
          ],
          [
            4692616.169562731,
            2174891.034568562
          ],
          [
            4692616.343133935,
            2174890.06253225
          ],
          [
            4692616.48186436,
            2174889.334921654
          ],
          [
            4692616.628643644,
            2174888.607080723
          ],
          [
            4692616.783697771,
            2174887.880740871
          ],
          [
            4692617.006052153,
            2174886.910142379
          ],
          [
            4692617.182459531,
            2174886.192604577
          ],
          [
            4692617.369261291,
            2174885.475313532
          ],
          [
            4692617.563712529,
            2174884.774703631
          ],
          [
            4692617.769194297,
            2174884.075567126
          ],
          [
            4692617.98599203,
            2174883.378441748
          ],
          [
            4692618.214526828,
            2174882.683330757
          ],
          [
            4692618.454968049,
            2174881.990990237
          ],
          [
            4692618.709224318,
            2174881.301591295
          ],
          [
            4692618.978924131,
            2174880.612073072
          ],
          [
            4692619.165245123,
            2174880.154524459
          ],
          [
            4692619.354116155,
            2174879.706036194
          ],
          [
            4692619.651962557,
            2174879.029580082
          ],
          [
            4692619.957644247,
            2174878.371951074
          ],
          [
            4692620.276708405,
            2174877.717189827
          ],
          [
            4692620.608830333,
            2174877.066057406
          ],
          [
            4692620.837861702,
            2174876.636559817
          ],
          [
            4692621.192329038,
            2174875.990808819
          ],
          [
            4692621.562680921,
            2174875.350184541
          ],
          [
            4692621.811091153,
            2174874.934004132
          ],
          [
            4692622.199527151,
            2174874.306368283
          ],
          [
            4692622.600041018,
            2174873.684668391
          ],
          [
            4692623.005781417,
            2174873.081314896
          ],
          [
            4692623.422960724,
            2174872.484176223
          ],
          [
            4692624.001717996,
            2174871.693763172
          ],
          [
            4692624.448314961,
            2174871.109958843
          ],
          [
            4692624.910243455,
            2174870.529730716
          ],
          [
            4692625.223788574,
            2174870.146562592
          ],
          [
            4692625.536972579,
            2174869.772542907
          ],
          [
            4692626.020984258,
            2174869.21218445
          ],
          [
            4692626.506363031,
            2174868.670916472
          ],
          [
            4692627.002643245,
            2174868.135702356
          ],
          [
            4692627.508116959,
            2174867.608171187
          ],
          [
            4692628.20069235,
            2174866.914011142
          ],
          [
            4692628.912964353,
            2174866.231170696
          ],
          [
            4692629.456919171,
            2174865.727117462
          ],
          [
            4692630.00626245,
            2174865.234520241
          ],
          [
            4692630.565160277,
            2174864.747616155
          ],
          [
            4692631.132282559,
            2174864.26727974
          ],
          [
            4692631.696178502,
            2174863.803586918
          ],
          [
            4692632.267564733,
            2174863.345624137
          ],
          [
            4692632.845104032,
            2174862.893811016
          ],
          [
            4692633.62618661,
            2174862.298606857
          ],
          [
            4692634.416465992,
            2174861.712625336
          ],
          [
            4692635.216448261,
            2174861.134725582
          ],
          [
            4692641.622253169,
            2174856.601316602
          ],
          [
            4692678.663382472,
            2174832.804990208
          ],
          [
            4692678.663382472,
            2174832.804990208
          ],
          [
            4692681.471126675,
            2174830.99803162
          ],
          [
            4692681.471126675,
            2174830.99803162
          ],
          [
            4692682.879886937,
            2174830.086610044
          ],
          [
            4692682.879886937,
            2174830.086610044
          ],
          [
            4692685.223615539,
            2174828.554260397
          ],
          [
            4692685.223615539,
            2174828.554260397
          ],
          [
            4692687.09811982,
            2174827.309305277
          ],
          [
            4692687.09811982,
            2174827.309305277
          ],
          [
            4692689.337689465,
            2174825.790657919
          ],
          [
            4692689.337689465,
            2174825.790657919
          ],
          [
            4692691.289833716,
            2174824.432377893
          ],
          [
            4692691.289833716,
            2174824.432377893
          ],
          [
            4692693.463436562,
            2174822.873007247
          ],
          [
            4692693.463436562,
            2174822.873007247
          ],
          [
            4692695.423901589,
            2174821.41596181
          ],
          [
            4692695.423901589,
            2174821.41596181
          ],
          [
            4692697.532244472,
            2174819.785150031
          ],
          [
            4692697.532244472,
            2174819.785150031
          ],
          [
            4692699.465186048,
            2174818.222024759
          ],
          [
            4692699.465186048,
            2174818.222024759
          ],
          [
            4692704.016094311,
            2174814.2356353216
          ],
          [
            4692708.335535415,
            2174809.9995409753
          ],
          [
            4692712.409828411,
            2174805.527158686
          ],
          [
            4692712.409828411,
            2174805.527158686
          ],
          [
            4692714.010314311,
            2174803.625036535
          ],
          [
            4692714.010314311,
            2174803.625036535
          ],
          [
            4692715.681891008,
            2174801.548865034
          ],
          [
            4692715.681891008,
            2174801.548865034
          ],
          [
            4692717.176853406,
            2174799.617158032
          ],
          [
            4692717.176853406,
            2174799.617158032
          ],
          [
            4692718.778273912,
            2174797.474347148
          ],
          [
            4692718.778273912,
            2174797.474347148
          ],
          [
            4692720.174327548,
            2174795.549035199
          ],
          [
            4692720.174327548,
            2174795.549035199
          ],
          [
            4692721.73631765,
            2174793.339476672
          ],
          [
            4692721.73631765,
            2174793.339476672
          ],
          [
            4692723.017555287,
            2174791.489582219
          ],
          [
            4692723.017555287,
            2174791.489582219
          ],
          [
            4692724.595274314,
            2174789.176151414
          ],
          [
            4692724.595274314,
            2174789.176151414
          ],
          [
            4692725.53396823,
            2174787.785414616
          ],
          [
            4692725.53396823,
            2174787.785414616
          ],
          [
            4692727.395283884,
            2174785.013406285
          ],
          [
            4692758.135274122,
            2174739.153792276
          ],
          [
            4692758.135274122,
            2174739.153792276
          ],
          [
            4692762.926872567,
            2174732.2957366514
          ],
          [
            4692767.979857721,
            2174725.627927142
          ],
          [
            4692803.453460796,
            2174682.636017701
          ],
          [
            4692808.241735731,
            2174676.849829769
          ],
          [
            4692811.288978462,
            2174673.184226387
          ],
          [
            4692813.549898713,
            2174670.481619813
          ],
          [
            4692815.342308641,
            2174668.355670716
          ],
          [
            4692816.824714631,
            2174666.612820955
          ],
          [
            4692818.161311453,
            2174665.056316915
          ],
          [
            4692818.838022621,
            2174664.264401148
          ],
          [
            4692819.338196886,
            2174663.653405163
          ],
          [
            4692819.826381963,
            2174663.034633869
          ],
          [
            4692820.303188767,
            2174662.407338077
          ],
          [
            4692820.768440145,
            2174661.771739215
          ],
          [
            4692821.221959993,
            2174661.128063523
          ],
          [
            4692821.663572495,
            2174660.476543116
          ],
          [
            4692822.093102849,
            2174659.817416133
          ],
          [
            4692822.510375998,
            2174659.150926675
          ],
          [
            4692822.915216772,
            2174658.477325789
          ],
          [
            4692823.307449642,
            2174657.796871134
          ],
          [
            4692823.686897193,
            2174657.109827771
          ],
          [
            4692824.053380748,
            2174656.416468843
          ],
          [
            4692824.406718887,
            2174655.717075342
          ],
          [
            4692824.746726737,
            2174655.011937104
          ],
          [
            4692825.073214963,
            2174654.301353161
          ],
          [
            4692825.385988809,
            2174653.58563204
          ],
          [
            4692825.684846289,
            2174652.865091982
          ],
          [
            4692825.969576235,
            2174652.140061803
          ],
          [
            4692826.23995732,
            2174651.410880425
          ],
          [
            4692826.495753713,
            2174650.677897112
          ],
          [
            4692826.736714143,
            2174649.941471171
          ],
          [
            4692826.962566008,
            2174649.201970853
          ],
          [
            4692827.173012092,
            2174648.459775279
          ],
          [
            4692827.367637377,
            2174647.71562373
          ],
          [
            4692827.486950498,
            2174647.219070362
          ],
          [
            4692827.998197574,
            2174645.036564827
          ],
          [
            4692828.358384047,
            2174643.659484948
          ],
          [
            4692828.604671109,
            2174642.664825118
          ],
          [
            4692828.84001626,
            2174641.670334646
          ],
          [
            4692829.121657061,
            2174640.43106639
          ],
          [
            4692830.054012113,
            2174636.261931214
          ],
          [
            4692832.169208848,
            2174627.26548664
          ],
          [
            4692833.32241401,
            2174622.404068044
          ],
          [
            4692834.197912084,
            2174618.760433248
          ],
          [
            4692834.850139886,
            2174616.090345405
          ],
          [
            4692835.455391231,
            2174613.663886158
          ],
          [
            4692835.888866393,
            2174611.966450932
          ],
          [
            4692836.269237181,
            2174610.511889041
          ],
          [
            4692836.660074677,
            2174609.057073543
          ],
          [
            4692836.991130439,
            2174607.861689058
          ],
          [
            4692837.334726725,
            2174606.66073596
          ],
          [
            4692837.68708876,
            2174605.477167585
          ],
          [
            4692837.980234688,
            2174604.530569009
          ],
          [
            4692838.284394904,
            2174603.587532756
          ],
          [
            4692838.597546381,
            2174602.662404968
          ],
          [
            4692838.841509242,
            2174601.973052714
          ],
          [
            4692839.094974456,
            2174601.286158747
          ],
          [
            4692839.358185691,
            2174600.604367884
          ],
          [
            4692839.730246158,
            2174599.698606385
          ],
          [
            4692840.027274956,
            2174599.02528162
          ],
          [
            4692840.233233667,
            2174598.57933337
          ],
          [
            4692840.442883425,
            2174598.143570719
          ],
          [
            4692840.658937636,
            2174597.718379131
          ],
          [
            4692840.884379532,
            2174597.294252585
          ],
          [
            4692841.117719193,
            2174596.873986881
          ],
          [
            4692841.362967263,
            2174596.455078563
          ],
          [
            4692841.613622506,
            2174596.040016836
          ],
          [
            4692842.008076523,
            2174595.42735291
          ],
          [
            4692842.275527897,
            2174595.034231491
          ],
          [
            4692842.552851081,
            2174594.641954672
          ],
          [
            4692842.838396601,
            2174594.2529499
          ],
          [
            4692843.129604481,
            2174593.870577888
          ],
          [
            4692843.590862,
            2174593.298845153
          ],
          [
            4692843.899770364,
            2174592.931412649
          ],
          [
            4692844.386119103,
            2174592.379339882
          ],
          [
            4692844.710162698,
            2174592.02904791
          ],
          [
            4692845.046497972,
            2174591.680641121
          ],
          [
            4692845.387659414,
            2174591.336080392
          ],
          [
            4692845.915771905,
            2174590.827267774
          ],
          [
            4692846.455760713,
            2174590.33466309
          ],
          [
            4692846.815576721,
            2174590.020995683
          ],
          [
            4692847.18361884,
            2174589.710255091
          ],
          [
            4692847.557843099,
            2174589.404105796
          ],
          [
            4692847.936982931,
            2174589.103427987
          ],
          [
            4692848.324678031,
            2174588.807535283
          ],
          [
            4692848.715443316,
            2174588.516024746
          ],
          [
            4692849.318684785,
            2174588.086692454
          ],
          [
            4692849.71785707,
            2174587.81196705
          ],
          [
            4692850.333669396,
            2174587.403824289
          ],
          [
            4692850.94691536,
            2174587.01543894
          ],
          [
            4692851.57027784,
            2174586.635670563
          ],
          [
            4692852.04792987,
            2174586.35505885
          ],
          [
            4692858.237731366,
            2174583.153866129
          ],
          [
            4692859.034794087,
            2174582.752822724
          ],
          [
            4692862.630854401,
            2174580.955550928
          ],
          [
            4692865.342557914,
            2174579.611926398
          ],
          [
            4692867.618078244,
            2174578.495937813
          ],
          [
            4692869.686672349,
            2174577.493533439
          ],
          [
            4692870.386815519,
            2174577.153951124
          ],
          [
            4692871.085773144,
            2174576.799188474
          ],
          [
            4692871.778025502,
            2174576.433917746
          ],
          [
            4692872.464175821,
            2174576.057825723
          ],
          [
            4692873.144020042,
            2174575.671011186
          ],
          [
            4692873.817351558,
            2174575.273576758
          ],
          [
            4692874.483960648,
            2174574.865628768
          ],
          [
            4692875.143634177,
            2174574.447277555
          ],
          [
            4692875.796154885,
            2174574.018637327
          ],
          [
            4692876.441300863,
            2174573.579826419
          ],
          [
            4692877.078844785,
            2174573.130967177
          ],
          [
            4692877.70855292,
            2174572.672186139
          ],
          [
            4692878.330184714,
            2174572.203614062
          ],
          [
            4692878.943491217,
            2174571.725385446
          ],
          [
            4692879.548214046,
            2174571.237638881
          ],
          [
            4692880.144084272,
            2174570.740516504
          ],
          [
            4692880.730820902,
            2174570.234163295
          ],
          [
            4692881.308128458,
            2174569.718726492
          ],
          [
            4692881.875696047,
            2174569.194354815
          ],
          [
            4692882.433194133,
            2174568.661196301
          ],
          [
            4692882.980272715,
            2174568.119396953
          ],
          [
            4692883.516557642,
            2174567.569097442
          ],
          [
            4692884.040403698,
            2174567.011754092
          ],
          [
            4692884.878847657,
            2174566.094436135
          ],
          [
            4692887.158646176,
            2174563.762923993
          ],
          [
            4692889.111240509,
            2174561.781296067
          ],
          [
            4692890.725485956,
            2174560.157596546
          ],
          [
            4692892.178248375,
            2174558.710325267
          ],
          [
            4692893.654003512,
            2174557.255505378
          ],
          [
            4692895.160987498,
            2174555.78577162
          ],
          [
            4692896.525817519,
            2174554.456448324
          ],
          [
            4692896.906409656,
            2174554.030266937
          ],
          [
            4692897.264841802,
            2174553.609644958
          ],
          [
            4692897.613291559,
            2174553.180964922
          ],
          [
            4692897.95156669,
            2174552.744472793
          ],
          [
            4692898.279479908,
            2174552.300419927
          ],
          [
            4692898.596849864,
            2174551.84906323
          ],
          [
            4692898.903500307,
            2174551.390664777
          ],
          [
            4692899.199261039,
            2174550.925492166
          ],
          [
            4692899.483967168,
            2174550.453818108
          ],
          [
            4692899.757459884,
            2174549.975920924
          ],
          [
            4692900.019586334,
            2174549.492083829
          ],
          [
            4692900.270199316,
            2174549.002595659
          ],
          [
            4692900.509158475,
            2174548.507750095
          ],
          [
            4692900.736328567,
            2174548.007846079
          ],
          [
            4692900.951581469,
            2174547.503188001
          ],
          [
            4692901.154794551,
            2174546.994085112
          ],
          [
            4692901.34585216,
            2174546.480851986
          ],
          [
            4692901.524644158,
            2174545.963808208
          ],
          [
            4692901.69106721,
            2174545.443278914
          ],
          [
            4692901.845023939,
            2174544.919594143
          ],
          [
            4692901.986423347,
            2174544.393089291
          ],
          [
            4692902.115180395,
            2174543.864104601
          ],
          [
            4692902.231215493,
            2174543.332986246
          ],
          [
            4692902.334455613,
            2174542.800085344
          ],
          [
            4692902.424832372,
            2174542.265758301
          ],
          [
            4692902.502284251,
            2174541.730359472
          ],
          [
            4692902.566519684,
            2174541.196105422
          ],
          [
            4692902.777540767,
            2174539.097108204
          ],
          [
            4692902.816887023,
            2174538.55447364
          ],
          [
            4692902.844005037,
            2174538.014051261
          ],
          [
            4692902.859041709,
            2174537.473914648
          ],
          [
            4692902.861986298,
            2174536.934384673
          ],
          [
            4692902.852832831,
            2174536.395786161
          ],
          [
            4692902.831579446,
            2174535.858448422
          ],
          [
            4692902.798228471,
            2174535.322705259
          ],
          [
            4692902.752785557,
            2174534.788894865
          ],
          [
            4692902.69525913,
            2174534.257360104
          ],
          [
            4692902.625659495,
            2174533.728448732
          ],
          [
            4692902.543997079,
            2174533.202507242
          ],
          [
            4692902.450980428,
            2174532.683831089
          ],
          [
            4692901.962739351,
            2174530.159927405
          ],
          [
            4692901.580395385,
            2174528.120199678
          ],
          [
            4692901.049737334,
            2174525.246490971
          ],
          [
            4692900.930861555,
            2174524.704452216
          ],
          [
            4692900.801610407,
            2174524.169748188
          ],
          [
            4692900.661013372,
            2174523.637928111
          ],
          [
            4692900.509134786,
            2174523.109233963
          ],
          [
            4692900.346044266,
            2174522.58390607
          ],
          [
            4692900.171816369,
            2174522.062182976
          ],
          [
            4692899.986530601,
            2174521.544302323
          ],
          [
            4692899.79027213,
            2174521.030499905
          ],
          [
            4692899.583130812,
            2174520.521009248
          ],
          [
            4692899.36520137,
            2174520.016062335
          ],
          [
            4692899.136583781,
            2174519.515889588
          ],
          [
            4692898.897383223,
            2174519.020718832
          ],
          [
            4692898.647709369,
            2174518.530775571
          ],
          [
            4692898.387676883,
            2174518.046283486
          ],
          [
            4692898.117405468,
            2174517.56746367
          ],
          [
            4692897.837019488,
            2174517.094534831
          ],
          [
            4692897.546648231,
            2174516.627712944
          ],
          [
            4692897.246425497,
            2174516.167211362
          ],
          [
            4692896.936489915,
            2174515.713240841
          ],
          [
            4692896.616984824,
            2174515.266009205
          ],
          [
            4692896.288058054,
            2174514.825721151
          ],
          [
            4692895.949861931,
            2174514.39257862
          ],
          [
            4692895.602553516,
            2174513.966780371
          ],
          [
            4692895.24629427,
            2174513.548521916
          ],
          [
            4692894.881249944,
            2174513.137995181
          ],
          [
            4692894.507590688,
            2174512.735389356
          ],
          [
            4692894.125491241,
            2174512.340889527
          ],
          [
            4692893.735130191,
            2174511.954677668
          ],
          [
            4692893.336690922,
            2174511.576932058
          ],
          [
            4692892.930360605,
            2174511.207826891
          ],
          [
            4692892.516330585,
            2174510.847533042
          ],
          [
            4692892.094796523,
            2174510.496217268
          ],
          [
            4692891.665958073,
            2174510.154042652
          ],
          [
            4692891.23001902,
            2174509.821167808
          ],
          [
            4692890.787186936,
            2174509.497747666
          ],
          [
            4692890.337673553,
            2174509.183932646
          ],
          [
            4692889.88169433,
            2174508.879869286
          ],
          [
            4692889.419468907,
            2174508.585699617
          ],
          [
            4692888.951220571,
            2174508.301561319
          ],
          [
            4692888.477176684,
            2174508.027587745
          ],
          [
            4692887.997568282,
            2174507.763907399
          ],
          [
            4692887.512630109,
            2174507.510644546
          ],
          [
            4692887.022600835,
            2174507.267918635
          ],
          [
            4692886.527723029,
            2174507.035844754
          ],
          [
            4692886.02824279,
            2174506.814532563
          ],
          [
            4692885.524410127,
            2174506.604087872
          ],
          [
            4692885.016478946,
            2174506.404610634
          ],
          [
            4692884.504706588,
            2174506.216196757
          ],
          [
            4692883.989354582,
            2174506.038936638
          ],
          [
            4692883.470687827,
            2174505.872916084
          ],
          [
            4692882.948975643,
            2174505.718215984
          ],
          [
            4692882.424490819,
            2174505.574911788
          ],
          [
            4692881.897509907,
            2174505.443074446
          ],
          [
            4692881.368313974,
            2174505.322769926
          ],
          [
            4692880.837187638,
            2174505.214058899
          ],
          [
            4692880.304419504,
            2174505.116997652
          ],
          [
            4692879.770302681,
            2174505.031637639
          ],
          [
            4692879.235134469,
            2174504.958025608
          ],
          [
            4692878.699216104,
            2174504.896203672
          ],
          [
            4692878.162853093,
            2174504.846210071
          ],
          [
            4692877.626356064,
            2174504.808079185
          ],
          [
            4692877.090039703,
            2174504.781841184
          ],
          [
            4692876.554223127,
            2174504.767523637
          ],
          [
            4692876.019230709,
            2174504.765151292
          ],
          [
            4692875.485391267,
            2174504.774746703
          ],
          [
            4692874.953038645,
            2174504.796331437
          ],
          [
            4692874.42251149,
            2174504.829926469
          ],
          [
            4692873.894153571,
            2174504.875553938
          ],
          [
            4692873.368313621,
            2174504.933237793
          ],
          [
            4692872.845345384,
            2174505.003006002
          ],
          [
            4692872.325607533,
            2174505.084891867
          ],
          [
            4692871.809463236,
            2174505.178936681
          ],
          [
            4692871.297273863,
            2174505.285193581
          ],
          [
            4692870.792712568,
            2174505.402966401
          ],
          [
            4692868.438132062,
            2174505.994348205
          ],
          [
            4692868.27650477,
            2174506.030139597
          ],
          [
            4692867.525611005,
            2174506.181137264
          ],
          [
            4692866.764085709,
            2174506.347914157
          ],
          [
            4692866.007074663,
            2174506.525956219
          ],
          [
            4692865.254084728,
            2174506.713745856
          ],
          [
            4692864.258746521,
            2174506.975483348
          ],
          [
            4692863.027237595,
            2174507.31406617
          ],
          [
            4692860.838717757,
            2174507.921245793
          ],
          [
            4692860.132188375,
            2174508.105944187
          ],
          [
            4692856.022058241,
            2174509.138125011
          ],
          [
            4692853.118656013,
            2174509.857272615
          ],
          [
            4692850.698145971,
            2174510.446637925
          ],
          [
            4692848.517792179,
            2174510.965788046
          ],
          [
            4692846.575727607,
            2174511.415044628
          ],
          [
            4692836.836659208,
            2174513.622646465
          ],
          [
            4692835.558551549,
            2174513.909781021
          ],
          [
            4692820.420773925,
            2174517.206076683
          ],
          [
            4692819.347162896,
            2174517.421748686
          ],
          [
            4692817.648184279,
            2174517.752181465
          ],
          [
            4692815.948793612,
            2174518.070758905
          ],
          [
            4692814.492249553,
            2174518.332390646
          ],
          [
            4692813.034538525,
            2174518.582223562
          ],
          [
            4692811.819605845,
            2174518.780182169
          ],
          [
            4692810.603517677,
            2174518.968099536
          ],
          [
            4692809.386369813,
            2174519.14518429
          ],
          [
            4692808.168012379,
            2174519.310675219
          ],
          [
            4692806.948218743,
            2174519.463763805
          ],
          [
            4692805.726312313,
            2174519.603831995
          ],
          [
            4692804.748274733,
            2174519.705941654
          ],
          [
            4692803.76853305,
            2174519.798978952
          ],
          [
            4692802.787380019,
            2174519.882547644
          ],
          [
            4692801.804948035,
            2174519.956366671
          ],
          [
            4692800.820446447,
            2174520.019548444
          ],
          [
            4692799.83495844,
            2174520.073115999
          ],
          [
            4692798.598309272,
            2174520.124082875
          ],
          [
            4692797.607550777,
            2174520.153220386
          ],
          [
            4692796.614637458,
            2174520.171620755
          ],
          [
            4692795.368475249,
            2174520.178947703
          ],
          [
            4692794.126425048,
            2174520.168756959
          ],
          [
            4692792.879966716,
            2174520.141708916
          ],
          [
            4692791.891441184,
            2174520.107867026
          ],
          [
            4692790.90087579,
            2174520.063360943
          ],
          [
            4692789.924773517,
            2174520.008522974
          ],
          [
            4692788.932064567,
            2174519.942887711
          ],
          [
            4692787.954711321,
            2174519.867382537
          ],
          [
            4692786.977308884,
            2174519.781671088
          ],
          [
            4692786.000131166,
            2174519.685881335
          ],
          [
            4692785.023199576,
            2174519.580141039
          ],
          [
            4692784.046524342,
            2174519.464599422
          ],
          [
            4692783.070103351,
            2174519.339430724
          ],
          [
            4692782.093920844,
            2174519.204838299
          ],
          [
            4692781.118185151,
            2174519.061094708
          ],
          [
            4692780.142431845,
            2174518.907811957
          ],
          [
            4692779.167465899,
            2174518.746579156
          ],
          [
            4692777.70348213,
            2174518.488503291
          ],
          [
            4692776.23973416,
            2174518.212660285
          ],
          [
            4692775.020695328,
            2174517.970770962
          ],
          [
            4692773.556362762,
            2174517.665735309
          ],
          [
            4692772.090958611,
            2174517.345605548
          ],
          [
            4692770.869598854,
            2174517.068429461
          ],
          [
            4692769.409535561,
            2174516.724285969
          ],
          [
            4692768.202866268,
            2174516.430145324
          ],
          [
            4692766.779164935,
            2174516.070310462
          ],
          [
            4692765.019647483,
            2174515.588085647
          ],
          [
            4692762.674824245,
            2174514.718371019
          ],
          [
            4692760.525606721,
            2174513.909644642
          ],
          [
            4692758.601908718,
            2174513.174369958
          ],
          [
            4692756.658360247,
            2174512.419427424
          ],
          [
            4692754.433088389,
            2174511.541509784
          ],
          [
            4692752.647469991,
            2174510.836734456
          ],
          [
            4692752.105892266,
            2174510.644812476
          ],
          [
            4692751.560805699,
            2174510.470041611
          ],
          [
            4692751.010812632,
            2174510.311900187
          ],
          [
            4692750.45642991,
            2174510.170527526
          ],
          [
            4692749.898179415,
            2174510.046046975
          ],
          [
            4692749.336587463,
            2174509.938565393
          ],
          [
            4692748.772184011,
            2174509.848172965
          ],
          [
            4692748.205502158,
            2174509.774943229
          ],
          [
            4692747.63707804,
            2174509.718933131
          ],
          [
            4692747.067450492,
            2174509.680182551
          ],
          [
            4692746.497159953,
            2174509.658714065
          ],
          [
            4692745.926748568,
            2174509.654533404
          ],
          [
            4692745.35675952,
            2174509.667628616
          ],
          [
            4692744.787736536,
            2174509.697970574
          ],
          [
            4692744.220223572,
            2174509.745512418
          ],
          [
            4692743.654763928,
            2174509.810189737
          ],
          [
            4692743.09190036,
            2174509.891920664
          ],
          [
            4692742.532174521,
            2174509.99060535
          ],
          [
            4692741.976125981,
            2174510.10612612
          ],
          [
            4692741.42429213,
            2174510.238347758
          ],
          [
            4692740.877208388,
            2174510.387117158
          ],
          [
            4692740.335406378,
            2174510.552262959
          ],
          [
            4692739.79941485,
            2174510.733596651
          ],
          [
            4692739.269758526,
            2174510.930911129
          ],
          [
            4692738.746957716,
            2174511.143982081
          ],
          [
            4692738.231528479,
            2174511.372567245
          ],
          [
            4692737.723981896,
            2174511.61640663
          ],
          [
            4692737.224823537,
            2174511.875222755
          ],
          [
            4692736.734553791,
            2174512.148720911
          ],
          [
            4692736.253667529,
            2174512.436588745
          ],
          [
            4692735.78265311,
            2174512.738496891
          ],
          [
            4692735.321993084,
            2174513.054099608
          ],
          [
            4692734.87216444,
            2174513.383034227
          ],
          [
            4692734.433637354,
            2174513.724921947
          ],
          [
            4692734.006876704,
            2174514.07936866
          ],
          [
            4692733.592341298,
            2174514.445964688
          ],
          [
            4692733.190485001,
            2174514.824286299
          ],
          [
            4692732.801756696,
            2174515.213895749
          ],
          [
            4692732.426601276,
            2174515.614343049
          ],
          [
            4692732.065460928,
            2174516.025166431
          ],
          [
            4692731.71877568,
            2174516.445893999
          ],
          [
            4692731.386985141,
            2174516.876045931
          ],
          [
            4692731.070531163,
            2174517.315135771
          ],
          [
            4692730.769858973,
            2174517.7626727
          ],
          [
            4692730.485420072,
            2174518.218165409
          ],
          [
            4692730.217676507,
            2174518.681124247
          ],
          [
            4692729.967099476,
            2174519.151071837
          ],
          [
            4692729.736367377,
            2174519.623087845
          ],
          [
            4692728.769796508,
            2174521.724737362
          ],
          [
            4692728.282224111,
            2174522.615027704
          ],
          [
            4692728.03867998,
            2174523.082680368
          ],
          [
            4692727.690036653,
            2174523.783450314
          ],
          [
            4692727.355583738,
            2174524.490376628
          ],
          [
            4692727.034132917,
            2174525.200297716
          ],
          [
            4692726.723346918,
            2174525.911732116
          ],
          [
            4692723.890698218,
            2174532.586387276
          ],
          [
            4692719.679919435,
            2174541.337579667
          ],
          [
            4692719.679919435,
            2174541.337579667
          ],
          [
            4692717.294813454,
            2174546.7627210384
          ],
          [
            4692715.286774328,
            2174552.338442365
          ],
          [
            4692713.665227582,
            2174558.038571801
          ],
          [
            4692713.422666558,
            2174559.017496043
          ],
          [
            4692711.373282269,
            2174566.029057611
          ],
          [
            4692710.859245332,
            2174567.951069481
          ],
          [
            4692710.401112336,
            2174569.62302529
          ],
          [
            4692709.999328533,
            2174571.051658543
          ],
          [
            4692709.585932584,
            2174572.476123548
          ],
          [
            4692709.230718216,
            2174573.658886353
          ],
          [
            4692708.864009818,
            2174574.837877608
          ],
          [
            4692708.481985835,
            2174576.012667226
          ],
          [
            4692708.163928629,
            2174576.947626646
          ],
          [
            4692707.83085186,
            2174577.880584409
          ],
          [
            4692707.571829195,
            2174578.57630594
          ],
          [
            4692707.304370654,
            2174579.2624268
          ],
          [
            4692707.025620982,
            2174579.945819655
          ],
          [
            4692706.734844936,
            2174580.624445132
          ],
          [
            4692706.434540441,
            2174581.285262428
          ],
          [
            4692706.22808714,
            2174581.718451967
          ],
          [
            4692705.900213544,
            2174582.367494377
          ],
          [
            4692705.549861086,
            2174583.011638073
          ],
          [
            4692705.31142747,
            2174583.426863914
          ],
          [
            4692705.064235127,
            2174583.832521542
          ],
          [
            4692704.806168931,
            2174584.236944901
          ],
          [
            4692704.541017451,
            2174584.634243331
          ],
          [
            4692704.114589401,
            2174585.230187484
          ],
          [
            4692703.826530698,
            2174585.613322653
          ],
          [
            4692703.530916475,
            2174585.986262929
          ],
          [
            4692703.226153075,
            2174586.355143005
          ],
          [
            4692702.909994328,
            2174586.718744681
          ],
          [
            4692702.583206011,
            2174587.079633683
          ],
          [
            4692702.254615499,
            2174587.428413287
          ],
          [
            4692701.739415777,
            2174587.947143256
          ],
          [
            4692701.212096682,
            2174588.441008567
          ],
          [
            4692700.850713426,
            2174588.762388806
          ],
          [
            4692700.478981162,
            2174589.080387897
          ],
          [
            4692700.106781983,
            2174589.386864378
          ],
          [
            4692699.731435633,
            2174589.681306655
          ],
          [
            4692699.348763382,
            2174589.970150548
          ],
          [
            4692698.955662241,
            2174590.252920685
          ],
          [
            4692698.558950159,
            2174590.530157739
          ],
          [
            4692697.951519058,
            2174590.929764352
          ],
          [
            4692697.328110129,
            2174591.316969946
          ],
          [
            4692696.915606734,
            2174591.559641877
          ],
          [
            4692696.496229132,
            2174591.797132309
          ],
          [
            4692696.068476214,
            2174592.028138361
          ],
          [
            4692695.638109549,
            2174592.254031623
          ],
          [
            4692694.975763379,
            2174592.581702212
          ],
          [
            4692694.538718087,
            2174592.788899578
          ],
          [
            4692693.866099549,
            2174593.092771539
          ],
          [
            4692689.571551992,
            2174594.922868833
          ],
          [
            4692676.319435063,
            2174599.32866927
          ],
          [
            4692676.319435063,
            2174599.32866927
          ],
          [
            4692666.911546402,
            2174602.8016360276
          ],
          [
            4692657.750509978,
            2174606.881498625
          ],
          [
            4692655.51384771,
            2174607.966489333
          ],
          [
            4692644.080926146,
            2174613.132103837
          ],
          [
            4692642.494260696,
            2174613.836088333
          ],
          [
            4692641.135238058,
            2174614.425590918
          ],
          [
            4692640.22524071,
            2174614.812449859
          ],
          [
            4692639.092523936,
            2174615.282155141
          ],
          [
            4692637.939399187,
            2174615.745953776
          ],
          [
            4692637.024895775,
            2174616.100516912
          ],
          [
            4692636.33798251,
            2174616.358267773
          ],
          [
            4692635.413719103,
            2174616.690867678
          ],
          [
            4692634.719870437,
            2174616.930206188
          ],
          [
            4692633.785401072,
            2174617.234222592
          ],
          [
            4692632.839699085,
            2174617.519317378
          ],
          [
            4692632.125726577,
            2174617.721346609
          ],
          [
            4692631.412668299,
            2174617.910026591
          ],
          [
            4692630.694137839,
            2174618.088442091
          ],
          [
            4692629.985704151,
            2174618.251709667
          ],
          [
            4692629.27268806,
            2174618.404583408
          ],
          [
            4692628.555693968,
            2174618.546917688
          ],
          [
            4692627.834718281,
            2174618.678709282
          ],
          [
            4692627.111786678,
            2174618.799618894
          ],
          [
            4692626.13673866,
            2174618.94253871
          ],
          [
            4692625.402501595,
            2174619.03767683
          ],
          [
            4692624.66404916,
            2174619.122153974
          ],
          [
            4692623.929398423,
            2174619.193871559
          ],
          [
            4692623.191064507,
            2174619.254931837
          ],
          [
            4692622.465223845,
            2174619.303089882
          ],
          [
            4692621.736646637,
            2174619.340699173
          ],
          [
            4692621.005943558,
            2174619.367769866
          ],
          [
            4692620.273125712,
            2174619.384361169
          ],
          [
            4692619.538848433,
            2174619.390537918
          ],
          [
            4692618.802229564,
            2174619.385182572
          ],
          [
            4692618.062832943,
            2174619.369526796
          ],
          [
            4692617.321194546,
            2174619.343597609
          ],
          [
            4692616.578829269,
            2174619.307629655
          ],
          [
            4692615.599578107,
            2174619.24321739
          ],
          [
            4692614.617633821,
            2174619.161761765
          ],
          [
            4692613.632891275,
            2174619.063635513
          ],
          [
            4692612.90771007,
            2174618.980358461
          ],
          [
            4692611.93692732,
            2174618.855740324
          ],
          [
            4692606.236251369,
            2174618.040366398
          ],
          [
            4692545.365389357,
            2174604.979833632
          ],
          [
            4692537.809175381,
            2174602.919561616
          ],
          [
            4692534.650849267,
            2174602.046774403
          ],
          [
            4692532.212452561,
            2174601.362285569
          ],
          [
            4692530.006672107,
            2174600.732198008
          ],
          [
            4692528.03228939,
            2174600.157373963
          ],
          [
            4692526.03775172,
            2174599.565034999
          ],
          [
            4692524.012414645,
            2174598.952108789
          ],
          [
            4692522.960144111,
            2174598.630436221
          ],
          [
            4692522.406659072,
            2174598.49822188
          ],
          [
            4692521.86608868,
            2174598.382356475
          ],
          [
            4692521.323589732,
            2174598.278546905
          ],
          [
            4692520.778933095,
            2174598.186737901
          ],
          [
            4692520.232384139,
            2174598.106974083
          ],
          [
            4692519.68420953,
            2174598.03929452
          ],
          [
            4692519.134676575,
            2174597.983731849
          ],
          [
            4692518.584052967,
            2174597.940313195
          ],
          [
            4692518.032607392,
            2174597.909059745
          ],
          [
            4692517.480608592,
            2174597.889986522
          ],
          [
            4692516.928325892,
            2174597.883103018
          ],
          [
            4692516.376028668,
            2174597.888412244
          ],
          [
            4692515.823986303,
            2174597.905911656
          ],
          [
            4692515.272467753,
            2174597.93559239
          ],
          [
            4692514.721742275,
            2174597.977440306
          ],
          [
            4692514.172078626,
            2174598.031434463
          ],
          [
            4692513.623744683,
            2174598.097548552
          ],
          [
            4692513.077008,
            2174598.175750214
          ],
          [
            4692512.53213552,
            2174598.266001205
          ],
          [
            4692511.989392984,
            2174598.368257169
          ],
          [
            4692511.449045372,
            2174598.48246818
          ],
          [
            4692510.911356134,
            2174598.608578095
          ],
          [
            4692510.376587758,
            2174598.74652553
          ],
          [
            4692509.845001556,
            2174598.896242759
          ],
          [
            4692509.316856901,
            2174599.057656396
          ],
          [
            4692508.7924115,
            2174599.230687469
          ],
          [
            4692508.271921787,
            2174599.415251264
          ],
          [
            4692507.755641627,
            2174599.611257112
          ],
          [
            4692507.243823286,
            2174599.818609308
          ],
          [
            4692506.736716912,
            2174600.037205983
          ],
          [
            4692506.234570132,
            2174600.266940066
          ],
          [
            4692505.737628439,
            2174600.507698929
          ],
          [
            4692505.246134779,
            2174600.759364381
          ],
          [
            4692504.760329309,
            2174601.021812919
          ],
          [
            4692504.280449655,
            2174601.29491574
          ],
          [
            4692503.806730317,
            2174601.578538705
          ],
          [
            4692503.339403314,
            2174601.872542587
          ],
          [
            4692502.878697042,
            2174602.17678269
          ],
          [
            4692502.424837212,
            2174602.491109629
          ],
          [
            4692501.978045903,
            2174602.815368452
          ],
          [
            4692501.538541693,
            2174603.149399807
          ],
          [
            4692501.1065402,
            2174603.493039101
          ],
          [
            4692500.682252775,
            2174603.846116855
          ],
          [
            4692500.265887661,
            2174604.20845907
          ],
          [
            4692499.85764861,
            2174604.579886737
          ],
          [
            4692499.457736184,
            2174604.96021663
          ],
          [
            4692499.066346301,
            2174605.349260452
          ],
          [
            4692498.683671258,
            2174605.746825903
          ],
          [
            4692498.309898673,
            2174606.152715883
          ],
          [
            4692497.945212111,
            2174606.566729489
          ],
          [
            4692497.589791054,
            2174606.988660994
          ],
          [
            4692497.243809856,
            2174607.418300649
          ],
          [
            4692496.907438584,
            2174607.855434981
          ],
          [
            4692496.580842774,
            2174608.299846171
          ],
          [
            4692496.264183183,
            2174608.751312396
          ],
          [
            4692495.957615399,
            2174609.209608151
          ],
          [
            4692495.661290389,
            2174609.674504327
          ],
          [
            4692495.375354315,
            2174610.145767622
          ],
          [
            4692495.099947549,
            2174610.623161485
          ],
          [
            4692494.835206104,
            2174611.106445845
          ],
          [
            4692494.58126006,
            2174611.595376948
          ],
          [
            4692494.338234851,
            2174612.089707797
          ],
          [
            4692494.106249736,
            2174612.589187959
          ],
          [
            4692493.885419194,
            2174613.093564055
          ],
          [
            4692493.675851726,
            2174613.602579127
          ],
          [
            4692493.477650388,
            2174614.115973482
          ],
          [
            4692493.290912497,
            2174614.63348423
          ],
          [
            4692493.115729735,
            2174615.154845364
          ],
          [
            4692492.952187484,
            2174615.679788269
          ],
          [
            4692492.800365828,
            2174616.208041405
          ],
          [
            4692492.660338294,
            2174616.739330475
          ],
          [
            4692492.532173044,
            2174617.273378379
          ],
          [
            4692492.415931444,
            2174617.809905182
          ],
          [
            4692492.311669038,
            2174618.348628681
          ],
          [
            4692492.219434943,
            2174618.889264086
          ],
          [
            4692492.13927244,
            2174619.431523732
          ],
          [
            4692492.071217818,
            2174619.97511745
          ],
          [
            4692492.015301258,
            2174620.519753034
          ],
          [
            4692491.971546558,
            2174621.065135524
          ],
          [
            4692491.939970989,
            2174621.61096737
          ],
          [
            4692491.920585115,
            2174622.156948618
          ],
          [
            4692491.913392919,
            2174622.702777242
          ],
          [
            4692491.918392163,
            2174623.248148366
          ],
          [
            4692491.935573586,
            2174623.792754547
          ],
          [
            4692491.964921472,
            2174624.336286181
          ],
          [
            4692492.006413656,
            2174624.878430968
          ],
          [
            4692492.060021451,
            2174625.418873755
          ],
          [
            4692492.125709541,
            2174625.957296704
          ],
          [
            4692492.203436322,
            2174626.493379684
          ],
          [
            4692492.293154419,
            2174627.026798972
          ],
          [
            4692492.394809828,
            2174627.557228184
          ],
          [
            4692492.508343505,
            2174628.084337726
          ],
          [
            4692492.633690623,
            2174628.607794449
          ],
          [
            4692492.770781621,
            2174629.12726165
          ],
          [
            4692492.919542326,
            2174629.642398864
          ],
          [
            4692493.07989501,
            2174630.152861721
          ],
          [
            4692493.251759022,
            2174630.658301103
          ],
          [
            4692493.435051469,
            2174631.158363273
          ],
          [
            4692493.629688799,
            2174631.652689549
          ],
          [
            4692493.835588132,
            2174632.140915891
          ],
          [
            4692494.052668963,
            2174632.622671705
          ],
          [
            4692494.28085206,
            2174633.097575132
          ],
          [
            4692494.518916178,
            2174633.563008491
          ],
          [
            4692494.645756329,
            2174633.799791287
          ],
          [
            4692494.778435742,
            2174634.03444737
          ],
          [
            4692496.137900037,
            2174636.311102171
          ],
          [
            4692496.831244508,
            2174637.606607153
          ],
          [
            4692497.21446009,
            2174638.287341946
          ],
          [
            4692497.605995101,
            2174638.958939256
          ],
          [
            4692498.005220545,
            2174639.623814286
          ],
          [
            4692498.545025664,
            2174640.499024731
          ],
          [
            4692499.360742617,
            2174641.792197894
          ],
          [
            4692500.166664055,
            2174643.070611918
          ],
          [
            4692500.416171444,
            2174643.478913349
          ],
          [
            4692502.706925516,
            2174647.335193081
          ],
          [
            4692504.352528428,
            2174650.125465584
          ],
          [
            4692505.608982957,
            2174652.2749453
          ],
          [
            4692506.729872735,
            2174654.213909517
          ],
          [
            4692507.592642183,
            2174655.726151151
          ],
          [
            4692508.324238622,
            2174657.026297279
          ],
          [
            4692509.046660135,
            2174658.3323436
          ],
          [
            4692509.64017035,
            2174659.425546713
          ],
          [
            4692510.107676571,
            2174660.304500071
          ],
          [
            4692510.568447245,
            2174661.187463892
          ],
          [
            4692511.133022501,
            2174662.301845192
          ],
          [
            4692511.459894971,
            2174662.966479119
          ],
          [
            4692511.780829767,
            2174663.635964893
          ],
          [
            4692512.091164026,
            2174664.302370038
          ],
          [
            4692512.396423366,
            2174664.980017174
          ],
          [
            4692512.6848349,
            2174665.648286916
          ],
          [
            4692512.9628382,
            2174666.321979503
          ],
          [
            4692513.228991936,
            2174667.001261415
          ],
          [
            4692513.397216089,
            2174667.45748389
          ],
          [
            4692513.560211524,
            2174667.914754019
          ],
          [
            4692513.789875138,
            2174668.614616765
          ],
          [
            4692513.930296121,
            2174669.073919357
          ],
          [
            4692514.058146484,
            2174669.5312862
          ],
          [
            4692514.177165969,
            2174669.994313392
          ],
          [
            4692514.285575771,
            2174670.459090268
          ],
          [
            4692514.379812347,
            2174670.927341341
          ],
          [
            4692514.4570241,
            2174671.389398069
          ],
          [
            4692514.523126599,
            2174671.859748492
          ],
          [
            4692514.577308717,
            2174672.332898943
          ],
          [
            4692514.616477658,
            2174672.810068373
          ],
          [
            4692514.639940191,
            2174673.279648356
          ],
          [
            4692514.651418711,
            2174673.75314447
          ],
          [
            4692514.647594078,
            2174674.231643724
          ],
          [
            4692514.631362408,
            2174674.714238459
          ],
          [
            4692514.600348645,
            2174675.187547854
          ],
          [
            4692514.580852223,
            2174675.417455186
          ],
          [
            4692514.527885327,
            2174675.895304928
          ],
          [
            4692514.462476017,
            2174676.373394294
          ],
          [
            4692514.383360258,
            2174676.840700141
          ],
          [
            4692514.34084787,
            2174677.065585022
          ],
          [
            4692514.185092633,
            2174677.772805353
          ],
          [
            4692514.066868948,
            2174678.222724026
          ],
          [
            4692513.934588565,
            2174678.678446886
          ],
          [
            4692513.790463309,
            2174679.131751723
          ],
          [
            4692513.631218163,
            2174679.582522307
          ],
          [
            4692513.460998219,
            2174680.019858236
          ],
          [
            4692513.277433174,
            2174680.458258392
          ],
          [
            4692513.082431285,
            2174680.892969143
          ],
          [
            4692512.872774783,
            2174681.323519279
          ],
          [
            4692512.653852964,
            2174681.739497382
          ],
          [
            4692512.421651764,
            2174682.15505176
          ],
          [
            4692512.179891259,
            2174682.563519398
          ],
          [
            4692511.920283906,
            2174682.966810195
          ],
          [
            4692511.790098043,
            2174683.166328149
          ],
          [
            4692511.518435437,
            2174683.555929046
          ],
          [
            4692511.383617602,
            2174683.741846912
          ],
          [
            4692510.941087209,
            2174684.31640988
          ],
          [
            4692510.642748163,
            2174684.674245369
          ],
          [
            4692510.329861295,
            2174685.031365187
          ],
          [
            4692510.004403232,
            2174685.38515627
          ],
          [
            4692509.84340954,
            2174685.553968341
          ],
          [
            4692509.502178077,
            2174685.894924289
          ],
          [
            4692509.159386955,
            2174686.21762012
          ],
          [
            4692508.804863519,
            2174686.535790359
          ],
          [
            4692508.442178687,
            2174686.846217165
          ],
          [
            4692508.067066786,
            2174687.148713587
          ],
          [
            4692507.681874769,
            2174687.444920578
          ],
          [
            4692507.296044604,
            2174687.724531543
          ],
          [
            4692507.106648283,
            2174687.856932816
          ],
          [
            4692506.500629126,
            2174688.257191384
          ],
          [
            4692506.093589288,
            2174688.505970493
          ],
          [
            4692505.677805029,
            2174688.75101959
          ],
          [
            4692505.263068599,
            2174688.980625711
          ],
          [
            4692504.835358585,
            2174689.202884901
          ],
          [
            4692504.404252046,
            2174689.418450868
          ],
          [
            4692503.744515073,
            2174689.7225256
          ],
          [
            4692503.308518588,
            2174689.908911042
          ],
          [
            4692502.863571703,
            2174690.089179011
          ],
          [
            4692502.412885827,
            2174690.26216805
          ],
          [
            4692501.960364288,
            2174690.426686401
          ],
          [
            4692501.261869085,
            2174690.659439066
          ],
          [
            4692500.801843269,
            2174690.803249648
          ],
          [
            4692500.094252615,
            2174691.008806072
          ],
          [
            4692495.386035836,
            2174692.258604469
          ],
          [
            4692444.784982472,
            2174702.006415557
          ],
          [
            4692425.169317907,
            2174705.452867424
          ],
          [
            4692423.46104049,
            2174705.742974627
          ],
          [
            4692421.752492103,
            2174706.020968005
          ],
          [
            4692420.288024051,
            2174706.247329015
          ],
          [
            4692419.066971298,
            2174706.424953114
          ],
          [
            4692417.843882481,
            2174706.592635492
          ],
          [
            4692416.619091357,
            2174706.750034489
          ],
          [
            4692415.392163791,
            2174706.896920574
          ],
          [
            4692414.163374542,
            2174707.034236252
          ],
          [
            4692412.932612587,
            2174707.16142709
          ],
          [
            4692411.700289575,
            2174707.279475802
          ],
          [
            4692410.21871562,
            2174707.408680071
          ],
          [
            4692408.485963738,
            2174707.543415176
          ],
          [
            4692406.998452335,
            2174707.646565688
          ],
          [
            4692405.508315015,
            2174707.739297866
          ],
          [
            4692403.515971661,
            2174707.848977943
          ],
          [
            4692401.536111735,
            2174707.946039926
          ],
          [
            4692383.300325355,
            2174708.781575218
          ],
          [
            4692376.545289455,
            2174709.08067846
          ],
          [
            4692372.282195806,
            2174709.259498954
          ],
          [
            4692369.011415532,
            2174709.386688383
          ],
          [
            4692366.230984942,
            2174709.484096032
          ],
          [
            4692363.939679205,
            2174709.554105529
          ],
          [
            4692362.909596951,
            2174709.587325204
          ],
          [
            4692362.131268875,
            2174709.623925714
          ],
          [
            4692361.354186942,
            2174709.670589271
          ],
          [
            4692360.577777255,
            2174709.72734078
          ],
          [
            4692359.802170839,
            2174709.794171028
          ],
          [
            4692359.027498629,
            2174709.871068565
          ],
          [
            4692358.253891524,
            2174709.958020652
          ],
          [
            4692357.481479957,
            2174710.055012347
          ],
          [
            4692356.710394404,
            2174710.162027701
          ],
          [
            4692355.940765287,
            2174710.279048488
          ],
          [
            4692355.172722274,
            2174710.406054941
          ],
          [
            4692354.406395465,
            2174710.543026018
          ],
          [
            4692353.641914134,
            2174710.689938177
          ],
          [
            4692352.879407583,
            2174710.846767131
          ],
          [
            4692352.119004686,
            2174711.013486144
          ],
          [
            4692351.360834104,
            2174711.190067416
          ],
          [
            4692350.605024055,
            2174711.376480991
          ],
          [
            4692349.85170254,
            2174711.572695652
          ],
          [
            4692349.10099696,
            2174711.778678158
          ],
          [
            4692348.35303459,
            2174711.994394094
          ],
          [
            4692347.607942299,
            2174712.219806926
          ],
          [
            4692346.865846334,
            2174712.454878672
          ],
          [
            4692346.126872608,
            2174712.699569791
          ],
          [
            4692345.391146749,
            2174712.953839097
          ],
          [
            4692344.658793837,
            2174713.217643645
          ],
          [
            4692343.929938524,
            2174713.490938949
          ],
          [
            4692343.204704782,
            2174713.773678869
          ],
          [
            4692342.483216584,
            2174714.065815914
          ],
          [
            4692341.765597098,
            2174714.367300465
          ],
          [
            4692341.05196898,
            2174714.678081778
          ],
          [
            4692340.342454675,
            2174714.998107377
          ],
          [
            4692339.637176133,
            2174715.327323067
          ],
          [
            4692338.936254624,
            2174715.665673043
          ],
          [
            4692338.239811106,
            2174716.01310011
          ],
          [
            4692337.547966226,
            2174716.369545317
          ],
          [
            4692336.860839969,
            2174716.734948107
          ],
          [
            4692336.17855224,
            2174717.109246497
          ],
          [
            4692335.501222347,
            2174717.492376599
          ],
          [
            4692334.828969374,
            2174717.884273187
          ],
          [
            4692334.161912206,
            2174718.284869179
          ],
          [
            4692333.500169199,
            2174718.694095848
          ],
          [
            4692332.843858642,
            2174719.11188307
          ],
          [
            4692332.193098971,
            2174719.53815891
          ],
          [
            4692331.548008373,
            2174719.972849512
          ],
          [
            4692330.908704873,
            2174720.41587946
          ],
          [
            4692330.275306908,
            2174720.867171648
          ],
          [
            4692329.647932949,
            2174721.326647009
          ],
          [
            4692329.026702148,
            2174721.794224736
          ],
          [
            4692328.411733641,
            2174722.269821881
          ],
          [
            4692327.803147795,
            2174722.753353902
          ],
          [
            4692327.20106538,
            2174723.244733679
          ],
          [
            4692326.60560837,
            2174723.743872386
          ],
          [
            4692326.016899815,
            2174724.25067881
          ],
          [
            4692325.435064747,
            2174724.765059568
          ],
          [
            4692324.860229532,
            2174725.286918526
          ],
          [
            4692324.29252302,
            2174725.816157349
          ],
          [
            4692323.732076314,
            2174726.352674729
          ],
          [
            4692323.179023746,
            2174726.896366719
          ],
          [
            4692322.63350263,
            2174727.447126217
          ],
          [
            4692322.095654613,
            2174728.004843359
          ],
          [
            4692321.565625806,
            2174728.569404702
          ],
          [
            4692321.043567591,
            2174729.140693508
          ],
          [
            4692320.529637199,
            2174729.71858954
          ],
          [
            4692320.023999128,
            2174730.302969027
          ],
          [
            4692319.526825507,
            2174730.893704387
          ],
          [
            4692319.038297756,
            2174731.490664713
          ],
          [
            4692318.558607918,
            2174732.093715393
          ],
          [
            4692318.087959646,
            2174732.702718701
          ],
          [
            4692317.626570851,
            2174733.317534315
          ],
          [
            4692317.174674892,
            2174733.938019592
          ],
          [
            4692316.732523252,
            2174734.564031322
          ],
          [
            4692316.300388849,
            2174735.195426291
          ],
          [
            4692315.8790745,
            2174735.831297753
          ],
          [
            4692314.825110342,
            2174737.467950273
          ],
          [
            4692314.428819177,
            2174738.079184199
          ],
          [
            4692313.865078662,
            2174738.917424566
          ],
          [
            4692313.165597183,
            2174739.980813074
          ],
          [
            4692312.477418546,
            2174741.048614279
          ],
          [
            4692311.530114639,
            2174742.543341786
          ],
          [
            4692310.199744682,
            2174744.651254196
          ],
          [
            4692308.842773715,
            2174746.737332957
          ],
          [
            4692307.747836345,
            2174748.403133285
          ],
          [
            4692306.781689248,
            2174749.85551886
          ],
          [
            4692305.945487898,
            2174751.095682701
          ],
          [
            4692305.242153299,
            2174752.124535228
          ],
          [
            4692304.385689093,
            2174753.354465601
          ],
          [
            4692303.80724058,
            2174754.169292417
          ],
          [
            4692303.225701419,
            2174754.973733335
          ],
          [
            4692302.484217629,
            2174755.974440479
          ],
          [
            4692301.88572847,
            2174756.75887578
          ],
          [
            4692301.275003099,
            2174757.535975294
          ],
          [
            4692300.815952019,
            2174758.101903245
          ],
          [
            4692300.348046869,
            2174758.662359534
          ],
          [
            4692299.870735367,
            2174759.216542042
          ],
          [
            4692299.384696748,
            2174759.763630683
          ],
          [
            4692298.718794135,
            2174760.484672583
          ],
          [
            4692298.033430726,
            2174761.195126592
          ],
          [
            4692297.509540708,
            2174761.720002389
          ],
          [
            4692296.979687391,
            2174762.233207348
          ],
          [
            4692296.44015307,
            2174762.740054705
          ],
          [
            4692295.901801087,
            2174763.228820145
          ],
          [
            4692295.344333817,
            2174763.721415718
          ],
          [
            4692294.598163282,
            2174764.353636548
          ],
          [
            4692294.030794733,
            2174764.818651838
          ],
          [
            4692293.453350882,
            2174765.275971719
          ],
          [
            4692292.866544946,
            2174765.726515911
          ],
          [
            4692292.271402792,
            2174766.169500662
          ],
          [
            4692291.673221091,
            2174766.599485921
          ],
          [
            4692291.066345278,
            2174767.02235897
          ],
          [
            4692290.455763626,
            2174767.433011896
          ],
          [
            4692290.045186052,
            2174767.703457367
          ],
          [
            4692289.429531744,
            2174768.096227139
          ],
          [
            4692288.806808958,
            2174768.480963574
          ],
          [
            4692288.178310317,
            2174768.856971432
          ],
          [
            4692287.325899585,
            2174769.346599363
          ],
          [
            4692286.679988815,
            2174769.703466514
          ],
          [
            4692286.027181163,
            2174770.052531038
          ],
          [
            4692285.143690551,
            2174770.506338857
          ],
          [
            4692284.254035589,
            2174770.942618656
          ],
          [
            4692283.590720565,
            2174771.256057836
          ],
          [
            4692282.68952794,
            2174771.665579865
          ],
          [
            4692282.020489312,
            2174771.957648913
          ],
          [
            4692281.118316327,
            2174772.337253916
          ],
          [
            4692275.141538695,
            2174774.751428091
          ],
          [
            4692262.685206192,
            2174778.933758585
          ],
          [
            4692244.80751366,
            2174784.582635854
          ],
          [
            4692243.152080463,
            2174785.094919709
          ],
          [
            4692241.732175032,
            2174785.524210866
          ],
          [
            4692240.310421352,
            2174785.942008466
          ],
          [
            4692238.884696073,
            2174786.345341979
          ],
          [
            4692237.93398274,
            2174786.60436807
          ],
          [
            4692236.73970651,
            2174786.915149549
          ],
          [
            4692235.781390905,
            2174787.151140697
          ],
          [
            4692235.060800393,
            2174787.319392759
          ],
          [
            4692234.336893161,
            2174787.479691612
          ],
          [
            4692233.611318946,
            2174787.630643534
          ],
          [
            4692232.635691573,
            2174787.815556034
          ],
          [
            4692231.914848001,
            2174787.93548461
          ],
          [
            4692231.432437721,
            2174788.009716101
          ],
          [
            4692230.712465555,
            2174788.106644054
          ],
          [
            4692229.98698071,
            2174788.19052954
          ],
          [
            4692229.506115921,
            2174788.238608911
          ],
          [
            4692228.52757863,
            2174788.316613502
          ],
          [
            4692227.790212613,
            2174788.357662573
          ],
          [
            4692227.296687128,
            2174788.378138274
          ],
          [
            4692226.810209671,
            2174788.392521661
          ],
          [
            4692226.071298759,
            2174788.402436786
          ],
          [
            4692225.345638603,
            2174788.397965595
          ],
          [
            4692224.617113772,
            2174788.380692088
          ],
          [
            4692223.885351157,
            2174788.350706704
          ],
          [
            4692223.401588408,
            2174788.324033544
          ],
          [
            4692222.419352078,
            2174788.25058976
          ],
          [
            4692221.682926223,
            2174788.18209748
          ],
          [
            4692220.944255279,
            2174788.101537907
          ],
          [
            4692220.212300669,
            2174788.008954644
          ],
          [
            4692219.484260643,
            2174787.904622095
          ],
          [
            4692218.998251083,
            2174787.830288761
          ],
          [
            4692218.277877103,
            2174787.709826684
          ],
          [
            4692217.557313163,
            2174787.579532651
          ],
          [
            4692216.837249727,
            2174787.440078971
          ],
          [
            4692216.071966817,
            2174787.281258333
          ],
          [
            4692213.694129051,
            2174786.716013714
          ],
          [
            4692209.116281663,
            2174785.524400483
          ],
          [
            4692205.229463613,
            2174784.502088967
          ],
          [
            4692202.30671787,
            2174783.723108332
          ],
          [
            4692199.862327229,
            2174783.061439824
          ],
          [
            4692197.651209067,
            2174782.452122404
          ],
          [
            4692195.671180922,
            2174781.895731128
          ],
          [
            4692193.151400984,
            2174781.179735699
          ],
          [
            4692192.625329906,
            2174781.048351344
          ],
          [
            4692192.103733415,
            2174780.926671161
          ],
          [
            4692191.580310873,
            2174780.8131192
          ],
          [
            4692191.055189102,
            2174780.707723213
          ],
          [
            4692190.52849548,
            2174780.610508581
          ],
          [
            4692190.000357708,
            2174780.521499052
          ],
          [
            4692189.470904095,
            2174780.440716145
          ],
          [
            4692188.940262958,
            2174780.368179362
          ],
          [
            4692188.408563087,
            2174780.303906409
          ],
          [
            4692187.875933691,
            2174780.247912857
          ],
          [
            4692187.342504014,
            2174780.200212228
          ],
          [
            4692186.808403686,
            2174780.160816202
          ],
          [
            4692186.273762559,
            2174780.129734255
          ],
          [
            4692185.738710461,
            2174780.106973935
          ],
          [
            4692185.203377636,
            2174780.092540877
          ],
          [
            4692184.667894442,
            2174780.086438468
          ],
          [
            4692184.132391144,
            2174780.088668109
          ],
          [
            4692183.596997984,
            2174780.099229227
          ],
          [
            4692183.061845453,
            2174780.118119393
          ],
          [
            4692182.527064169,
            2174780.145333973
          ],
          [
            4692181.992784765,
            2174780.180866265
          ],
          [
            4692181.459137354,
            2174780.224707359
          ],
          [
            4692180.926252314,
            2174780.27684683
          ],
          [
            4692180.394260192,
            2174780.337271755
          ],
          [
            4692179.863290908,
            2174780.405967244
          ],
          [
            4692179.333474508,
            2174780.482916628
          ],
          [
            4692178.804941105,
            2174780.56810094
          ],
          [
            4692178.277820181,
            2174780.66149913
          ],
          [
            4692177.752241212,
            2174780.763088405
          ],
          [
            4692177.228333679,
            2174780.872843685
          ],
          [
            4692176.706226505,
            2174780.990737805
          ],
          [
            4692176.186048394,
            2174781.116741725
          ],
          [
            4692175.667927835,
            2174781.250824283
          ],
          [
            4692175.151993014,
            2174781.392952307
          ],
          [
            4692174.638371882,
            2174781.543090526
          ],
          [
            4692174.127191794,
            2174781.701201576
          ],
          [
            4692173.618579999,
            2174781.867246259
          ],
          [
            4692173.112663483,
            2174782.04118299
          ],
          [
            4692172.609568303,
            2174782.222968256
          ],
          [
            4692172.109420636,
            2174782.412556784
          ],
          [
            4692171.612346286,
            2174782.60990076
          ],
          [
            4692171.118470427,
            2174782.814950458
          ],
          [
            4692170.62791765,
            2174783.027654096
          ],
          [
            4692170.140812492,
            2174783.24795794
          ],
          [
            4692169.657278958,
            2174783.475805829
          ],
          [
            4692169.1774403,
            2174783.711139788
          ],
          [
            4692168.70142007,
            2174783.953899651
          ],
          [
            4692168.229340661,
            2174784.20402269
          ],
          [
            4692167.761324053,
            2174784.461444783
          ],
          [
            4692167.297492594,
            2174784.726099161
          ],
          [
            4692166.837967435,
            2174784.997916655
          ],
          [
            4692166.382869576,
            2174785.276826417
          ],
          [
            4692165.93231968,
            2174785.562754964
          ],
          [
            4692165.486437965,
            2174785.855626811
          ],
          [
            4692165.04534454,
            2174786.155364034
          ],
          [
            4692164.609158925,
            2174786.46188637
          ],
          [
            4692164.178000724,
            2174786.775111226
          ],
          [
            4692163.751988585,
            2174787.094953557
          ],
          [
            4692163.331241645,
            2174787.421326388
          ],
          [
            4692162.915878903,
            2174787.754139511
          ],
          [
            4692162.506018679,
            2174788.09330068
          ],
          [
            4692162.101779758,
            2174788.438715187
          ],
          [
            4692161.703280745,
            2174788.790285469
          ],
          [
            4692161.310640432,
            2174789.147911611
          ],
          [
            4692160.923977816,
            2174789.511490875
          ],
          [
            4692160.543412157,
            2174789.880917962
          ],
          [
            4692160.169063332,
            2174790.256084728
          ],
          [
            4692159.801051568,
            2174790.636880189
          ],
          [
            4692159.439497686,
            2174791.023190848
          ],
          [
            4692159.084523678,
            2174791.41490038
          ],
          [
            4692158.73625255,
            2174791.811889519
          ],
          [
            4692158.394808727,
            2174792.214036162
          ],
          [
            4692158.060317868,
            2174792.621215384
          ],
          [
            4692157.732907465,
            2174793.033299883
          ],
          [
            4692157.412707423,
            2174793.450159568
          ],
          [
            4692157.099850096,
            2174793.871661725
          ],
          [
            4692156.794470739,
            2174794.297671337
          ],
          [
            4692156.496707943,
            2174794.728051297
          ],
          [
            4692156.206704358,
            2174795.162662666
          ],
          [
            4692155.924607153,
            2174795.601364932
          ],
          [
            4692155.650575468,
            2174796.044005753
          ],
          [
            4692155.385608529,
            2174796.488997896
          ],
          [
            4692155.247276017,
            2174796.728500655
          ],
          [
            4692155.010877576,
            2174797.186421856
          ],
          [
            4692153.712922121,
            2174799.765494821
          ],
          [
            4692153.104729906,
            2174800.86666128
          ],
          [
            4692152.740660912,
            2174801.551118588
          ],
          [
            4692152.385581579,
            2174802.237922385
          ],
          [
            4692151.9249778,
            2174803.155203659
          ],
          [
            4692151.475527023,
            2174804.074989574
          ],
          [
            4692150.818216538,
            2174805.449858784
          ],
          [
            4692150.290992759,
            2174806.553446305
          ],
          [
            4692146.115315876,
            2174814.727418195
          ],
          [
            4692131.199782446,
            2174841.606212537
          ],
          [
            4692122.22160496,
            2174857.137578245
          ],
          [
            4692121.344637125,
            2174858.635673456
          ],
          [
            4692120.458688838,
            2174860.127180772
          ],
          [
            4692119.690146366,
            2174861.398693964
          ],
          [
            4692119.041519129,
            2174862.452215314
          ],
          [
            4692118.382954502,
            2174863.500458602
          ],
          [
            4692117.849325283,
            2174864.332711129
          ],
          [
            4692117.1668872,
            2174865.367578321
          ],
          [
            4692116.750644029,
            2174865.9826093
          ],
          [
            4692116.327548503,
            2174866.594140287
          ],
          [
            4692115.749888134,
            2174867.404694056
          ],
          [
            4692115.165502663,
            2174868.194781823
          ],
          [
            4692114.715785482,
            2174868.783688342
          ],
          [
            4692114.265325133,
            2174869.354158921
          ],
          [
            4692113.805042701,
            2174869.918711496
          ],
          [
            4692113.334723189,
            2174870.476662722
          ],
          [
            4692112.852988683,
            2174871.028674827
          ],
          [
            4692112.528399422,
            2174871.38966861
          ],
          [
            4692112.027492798,
            2174871.927376102
          ],
          [
            4692111.511623011,
            2174872.45757177
          ],
          [
            4692111.169084547,
            2174872.798778739
          ],
          [
            4692110.638017119,
            2174873.308532788
          ],
          [
            4692110.103900689,
            2174873.797142452
          ],
          [
            4692109.742082268,
            2174874.116042327
          ],
          [
            4692109.37454401,
            2174874.430255115
          ],
          [
            4692108.998222429,
            2174874.73954017
          ],
          [
            4692108.61894647,
            2174875.043807922
          ],
          [
            4692108.039168095,
            2174875.485299508
          ],
          [
            4692107.444349908,
            2174875.915578357
          ],
          [
            4692107.050411869,
            2174876.186592734
          ],
          [
            4692106.649693116,
            2174876.452421249
          ],
          [
            4692106.239922829,
            2174876.711791204
          ],
          [
            4692105.827464741,
            2174876.965439048
          ],
          [
            4692105.198333223,
            2174877.32897942
          ],
          [
            4692104.554510694,
            2174877.678892027
          ],
          [
            4692104.129469059,
            2174877.896448453
          ],
          [
            4692103.696309759,
            2174878.108711286
          ],
          [
            4692103.261380566,
            2174878.312561253
          ],
          [
            4692102.588692547,
            2174878.605438799
          ],
          [
            4692102.135719426,
            2174878.791826222
          ],
          [
            4692101.685362987,
            2174878.968185979
          ],
          [
            4692101.236524514,
            2174879.132778536
          ],
          [
            4692100.781433867,
            2174879.290777507
          ],
          [
            4692100.324547124,
            2174879.440632738
          ],
          [
            4692099.625855,
            2174879.650978385
          ],
          [
            4692098.92407442,
            2174879.840637038
          ],
          [
            4692098.211093893,
            2174880.013800826
          ],
          [
            4692097.743838842,
            2174880.115374961
          ],
          [
            4692097.271924693,
            2174880.209589402
          ],
          [
            4692096.793950127,
            2174880.294505761
          ],
          [
            4692096.315437568,
            2174880.373263571
          ],
          [
            4692095.594603329,
            2174880.472351386
          ],
          [
            4692094.86553873,
            2174880.553969531
          ],
          [
            4692094.38930288,
            2174880.595923397
          ],
          [
            4692093.907813698,
            2174880.630320267
          ],
          [
            4692093.426648334,
            2174880.656768918
          ],
          [
            4692092.696207617,
            2174880.679913811
          ],
          [
            4692091.958040503,
            2174880.683412272
          ],
          [
            4692091.474665489,
            2174880.676771857
          ],
          [
            4692090.996292953,
            2174880.660642486
          ],
          [
            4692090.51495093,
            2174880.636811562
          ],
          [
            4692090.032276182,
            2174880.605375996
          ],
          [
            4692089.549827567,
            2174880.566508257
          ],
          [
            4692089.064366558,
            2174880.518109822
          ],
          [
            4692088.579772181,
            2174880.464274005
          ],
          [
            4692087.855638775,
            2174880.366751546
          ],
          [
            4692087.129956777,
            2174880.252981287
          ],
          [
            4692086.418875017,
            2174880.124354563
          ],
          [
            4692085.706347834,
            2174879.980414761
          ],
          [
            4692084.992146212,
            2174879.821528861
          ],
          [
            4692084.519744984,
            2174879.708649784
          ],
          [
            4692083.807007777,
            2174879.525407855
          ],
          [
            4692082.852980147,
            2174879.258868128
          ],
          [
            4692082.146946336,
            2174879.046920099
          ],
          [
            4692081.440261737,
            2174878.823346777
          ],
          [
            4692080.741457693,
            2174878.590262265
          ],
          [
            4692080.042697514,
            2174878.348385978
          ],
          [
            4692079.353269048,
            2174878.099289369
          ],
          [
            4692078.665903132,
            2174877.842333944
          ],
          [
            4692077.518747845,
            2174877.395000125
          ],
          [
            4692070.817269573,
            2174874.683314854
          ],
          [
            4692046.475637337,
            2174863.287173919
          ],
          [
            4692038.300029704,
            2174859.018275584
          ],
          [
            4692037.592611747,
            2174858.669127204
          ],
          [
            4692036.881908837,
            2174858.33267094
          ],
          [
            4692036.165811085,
            2174858.007861686
          ],
          [
            4692035.44450954,
            2174857.6947863
          ],
          [
            4692034.718196786,
            2174857.393528511
          ],
          [
            4692033.987066762,
            2174857.104168829
          ],
          [
            4692033.251314693,
            2174856.82678464
          ],
          [
            4692032.51113712,
            2174856.561450194
          ],
          [
            4692031.766731801,
            2174856.308236535
          ],
          [
            4692031.01829774,
            2174856.067211613
          ],
          [
            4692030.266035073,
            2174855.838440041
          ],
          [
            4692029.510145105,
            2174855.621983392
          ],
          [
            4692028.750830217,
            2174855.417899758
          ],
          [
            4692027.988293804,
            2174855.226244186
          ],
          [
            4692027.222740199,
            2174855.047068231
          ],
          [
            4692026.454374775,
            2174854.880420562
          ],
          [
            4692025.683403934,
            2174854.726346198
          ],
          [
            4692024.910034692,
            2174854.584886991
          ],
          [
            4692024.134475299,
            2174854.456081762
          ],
          [
            4692023.356934647,
            2174854.339965435
          ],
          [
            4692022.577622384,
            2174854.23657019
          ],
          [
            4692021.796748949,
            2174854.145924515
          ],
          [
            4692021.014525805,
            2174854.068054145
          ],
          [
            4692020.231165084,
            2174854.002980722
          ],
          [
            4692019.446879516,
            2174853.950723155
          ],
          [
            4692018.661882759,
            2174853.911296736
          ],
          [
            4692017.876389169,
            2174853.884713652
          ],
          [
            4692017.090614062,
            2174853.870982663
          ],
          [
            4692016.304773442,
            2174853.87010907
          ],
          [
            4692015.519083954,
            2174853.882094935
          ],
          [
            4692014.733763436,
            2174853.906939281
          ],
          [
            4692013.949030704,
            2174853.944637416
          ],
          [
            4692013.165105314,
            2174853.995181364
          ],
          [
            4692012.382207899,
            2174854.058559985
          ],
          [
            4692011.600560582,
            2174854.134758895
          ],
          [
            4692010.820386644,
            2174854.223760033
          ],
          [
            4692010.041910676,
            2174854.325542177
          ],
          [
            4692009.265358871,
            2174854.440080764
          ],
          [
            4692008.492069811,
            2174854.567165485
          ],
          [
            4692007.973026287,
            2174854.659759134
          ],
          [
            4692007.677416206,
            2174854.718202418
          ],
          [
            4692004.734783882,
            2174855.591093893
          ],
          [
            4692002.5097258,
            2174856.248582273
          ],
          [
            4691999.796836507,
            2174857.315128442
          ],
          [
            4691999.796836507,
            2174857.315128442
          ],
          [
            4691999.577638752,
            2174857.404168018
          ],
          [
            4691977.999910736,
            2174866.453717216
          ],
          [
            4691966.219085416,
            2174871.001219889
          ],
          [
            4691964.370347106,
            2174871.702140841
          ],
          [
            4691962.983711154,
            2174872.217394782
          ],
          [
            4691961.827323527,
            2174872.636319601
          ],
          [
            4691960.667353301,
            2174873.043288427
          ],
          [
            4691959.737128718,
            2174873.358695889
          ],
          [
            4691958.803230947,
            2174873.664598263
          ],
          [
            4691957.866499619,
            2174873.959745527
          ],
          [
            4691956.686584616,
            2174874.312610774
          ],
          [
            4691955.976628988,
            2174874.514299443
          ],
          [
            4691955.264060094,
            2174874.709512903
          ],
          [
            4691954.305615056,
            2174874.956788719
          ],
          [
            4691953.583942515,
            2174875.132993262
          ],
          [
            4691952.859317693,
            2174875.300628495
          ],
          [
            4691951.890691754,
            2174875.507994976
          ],
          [
            4691951.171437655,
            2174875.65084181
          ],
          [
            4691950.440530155,
            2174875.785786241
          ],
          [
            4691949.721738345,
            2174875.907145423
          ],
          [
            4691948.999515128,
            2174876.018669298
          ],
          [
            4691948.274361431,
            2174876.120101665
          ],
          [
            4691947.546822901,
            2174876.211208158
          ],
          [
            4691946.815758322,
            2174876.290802678
          ],
          [
            4691946.080768842,
            2174876.360063593
          ],
          [
            4691945.342414387,
            2174876.418877203
          ],
          [
            4691944.601186902,
            2174876.467174129
          ],
          [
            4691943.86412514,
            2174876.503477218
          ],
          [
            4691943.123609295,
            2174876.529354902
          ],
          [
            4691942.381202075,
            2174876.5446613
          ],
          [
            4691941.652034306,
            2174876.548342028
          ],
          [
            4691940.920806193,
            2174876.541763407
          ],
          [
            4691940.188714629,
            2174876.524989438
          ],
          [
            4691939.45440846,
            2174876.49689946
          ],
          [
            4691938.718739398,
            2174876.459775257
          ],
          [
            4691937.981970175,
            2174876.411511176
          ],
          [
            4691937.242996635,
            2174876.353194839
          ],
          [
            4691936.503890194,
            2174876.28510841
          ],
          [
            4691935.520497595,
            2174876.17783146
          ],
          [
            4691934.785181164,
            2174876.086910445
          ],
          [
            4691934.056977261,
            2174875.98782563
          ],
          [
            4691933.077178643,
            2174875.840265023
          ],
          [
            4691932.356648773,
            2174875.721070264
          ],
          [
            4691931.392945516,
            2174875.54889568
          ],
          [
            4691930.430256526,
            2174875.363070237
          ],
          [
            4691929.467782893,
            2174875.164377725
          ],
          [
            4691928.505738728,
            2174874.953892577
          ],
          [
            4691927.543697461,
            2174874.73191176
          ],
          [
            4691919.779204527,
            2174872.865468514
          ],
          [
            4691919.779204527,
            2174872.865468514
          ],
          [
            4691919.654044253,
            2174872.828417274
          ],
          [
            4691900.187035608,
            2174867.064258765
          ],
          [
            4691900.187035608,
            2174867.064258765
          ],
          [
            4691896.525159343,
            2174865.98277286
          ],
          [
            4691896.525159343,
            2174865.98277286
          ],
          [
            4691894.686024852,
            2174865.443811555
          ],
          [
            4691894.686024852,
            2174865.443811555
          ],
          [
            4691891.613911493,
            2174864.557537218
          ],
          [
            4691891.613911493,
            2174864.557537218
          ],
          [
            4691889.143294773,
            2174863.861642177
          ],
          [
            4691889.143294773,
            2174863.861642177
          ],
          [
            4691886.16691047,
            2174863.050248047
          ],
          [
            4691886.16691047,
            2174863.050248047
          ],
          [
            4691883.546351242,
            2174862.365374264
          ],
          [
            4691883.546351242,
            2174862.365374264
          ],
          [
            4691880.590595996,
            2174861.632611317
          ],
          [
            4691880.590595996,
            2174861.632611317
          ],
          [
            4691877.884905759,
            2174861.003968686
          ],
          [
            4691877.884905759,
            2174861.003968686
          ],
          [
            4691874.92272557,
            2174860.368057833
          ],
          [
            4691874.92272557,
            2174860.368057833
          ],
          [
            4691872.152157717,
            2174859.827919884
          ],
          [
            4691872.152157717,
            2174859.827919884
          ],
          [
            4691863.646018883,
            2174858.5259903283
          ],
          [
            4691855.075791051,
            2174857.750997855
          ],
          [
            4691855.075791051,
            2174857.750997855
          ],
          [
            4691852.256523225,
            2174857.611269116
          ],
          [
            4691852.256523225,
            2174857.611269116
          ],
          [
            4691849.228272113,
            2174857.518590628
          ],
          [
            4691849.228272113,
            2174857.518590628
          ],
          [
            4691846.450775411,
            2174857.480337781
          ],
          [
            4691846.450775411,
            2174857.480337781
          ],
          [
            4691843.405545987,
            2174857.483227827
          ],
          [
            4691843.405545987,
            2174857.483227827
          ],
          [
            4691840.697219443,
            2174857.519973092
          ],
          [
            4691840.697219443,
            2174857.519973092
          ],
          [
            4691837.613114103,
            2174857.594256998
          ],
          [
            4691837.613114103,
            2174857.594256998
          ],
          [
            4691835.047716792,
            2174857.677644195
          ],
          [
            4691835.047716792,
            2174857.677644195
          ],
          [
            4691831.852724099,
            2174857.801678484
          ],
          [
            4691831.852724099,
            2174857.801678484
          ],
          [
            4691829.938016414,
            2174857.88407677
          ],
          [
            4691829.938016414,
            2174857.88407677
          ],
          [
            4691826.123661718,
            2174858.056262175
          ],
          [
            4691825.913903158,
            2174858.065878316
          ],
          [
            4691825.913903158,
            2174858.065878316
          ],
          [
            4691822.977363609,
            2174858.20319821
          ],
          [
            4691822.977363609,
            2174858.20319821
          ],
          [
            4691821.499674964,
            2174858.276371671
          ],
          [
            4691821.499674964,
            2174858.276371671
          ],
          [
            4691819.033303744,
            2174858.41210571
          ],
          [
            4691819.033303744,
            2174858.41210571
          ],
          [
            4691817.049642399,
            2174858.537696941
          ],
          [
            4691817.049642399,
            2174858.537696941
          ],
          [
            4691814.66466435,
            2174858.715056004
          ],
          [
            4691814.66466435,
            2174858.715056004
          ],
          [
            4691812.568154188,
            2174858.899981065
          ],
          [
            4691812.568154188,
            2174858.899981065
          ],
          [
            4691810.212180612,
            2174859.147029057
          ],
          [
            4691810.212180612,
            2174859.147029057
          ],
          [
            4691808.062948989,
            2174859.414315456
          ],
          [
            4691808.062948989,
            2174859.414315456
          ],
          [
            4691805.723178778,
            2174859.75772088
          ],
          [
            4691805.723178778,
            2174859.75772088
          ],
          [
            4691803.546894997,
            2174860.132366801
          ],
          [
            4691803.546894997,
            2174860.132366801
          ],
          [
            4691798.533410841,
            2174861.222138289
          ],
          [
            4691793.596318595,
            2174862.6177547984
          ],
          [
            4691788.75425747,
            2174864.313947401
          ],
          [
            4691784.0255079,
            2174866.30431239
          ],
          [
            4691784.0255079,
            2174866.30431239
          ],
          [
            4691782.029395041,
            2174867.248825035
          ],
          [
            4691782.029395041,
            2174867.248825035
          ],
          [
            4691779.917468574,
            2174868.312882591
          ],
          [
            4691779.917468574,
            2174868.312882591
          ],
          [
            4691778.005208234,
            2174869.32969077
          ],
          [
            4691778.005208234,
            2174869.32969077
          ],
          [
            4691775.935415726,
            2174870.481907463
          ],
          [
            4691775.935415726,
            2174870.481907463
          ],
          [
            4691774.113641171,
            2174871.535800119
          ],
          [
            4691774.113641171,
            2174871.535800119
          ],
          [
            4691772.060177455,
            2174872.761713313
          ],
          [
            4691772.060177455,
            2174872.761713313
          ],
          [
            4691770.364850257,
            2174873.799283129
          ],
          [
            4691770.364850257,
            2174873.799283129
          ],
          [
            4691768.268715319,
            2174875.106045961
          ],
          [
            4691768.268715319,
            2174875.106045961
          ],
          [
            4691767.017532932,
            2174875.895641298
          ],
          [
            4691767.017532932,
            2174875.895641298
          ],
          [
            4691764.535771496,
            2174877.471389156
          ],
          [
            4691745.883217828,
            2174889.338483202
          ],
          [
            4691729.373944428,
            2174899.453055346
          ],
          [
            4691727.885897133,
            2174900.353494259
          ],
          [
            4691726.606072013,
            2174901.116934525
          ],
          [
            4691725.53607887,
            2174901.745475832
          ],
          [
            4691724.244193955,
            2174902.489562636
          ],
          [
            4691723.16182004,
            2174903.098688876
          ],
          [
            4691722.070508127,
            2174903.695947843
          ],
          [
            4691721.191219757,
            2174904.162872988
          ],
          [
            4691720.309726493,
            2174904.615459776
          ],
          [
            4691719.646299129,
            2174904.945386533
          ],
          [
            4691718.984690303,
            2174905.264042709
          ],
          [
            4691718.311539242,
            2174905.576485459
          ],
          [
            4691717.645053272,
            2174905.871578259
          ],
          [
            4691717.20211442,
            2174906.059858953
          ],
          [
            4691716.293304199,
            2174906.4231183
          ],
          [
            4691715.837779241,
            2174906.593604305
          ],
          [
            4691715.375100605,
            2174906.759642256
          ],
          [
            4691714.908372072,
            2174906.920098976
          ],
          [
            4691714.44709695,
            2174907.071936011
          ],
          [
            4691713.741721065,
            2174907.290517861
          ],
          [
            4691713.044619354,
            2174907.490178118
          ],
          [
            4691712.339042139,
            2174907.677858559
          ],
          [
            4691711.870069706,
            2174907.79487736
          ],
          [
            4691710.912839685,
            2174908.013790188
          ],
          [
            4691710.189021706,
            2174908.162019674
          ],
          [
            4691709.7042802,
            2174908.254674861
          ],
          [
            4691708.970114281,
            2174908.385371724
          ],
          [
            4691708.245057909,
            2174908.50021372
          ],
          [
            4691707.759053301,
            2174908.572352823
          ],
          [
            4691707.035348405,
            2174908.669341411
          ],
          [
            4691700.874153827,
            2174909.413132371
          ],
          [
            4691623.333380078,
            2174914.82292648
          ],
          [
            4691602.945307179,
            2174915.922970529
          ],
          [
            4691600.972102182,
            2174916.017544003
          ],
          [
            4691599.495302284,
            2174916.078525047
          ],
          [
            4691598.011696857,
            2174916.128900039
          ],
          [
            4691596.774041433,
            2174916.161290546
          ],
          [
            4691595.544910965,
            2174916.182217777
          ],
          [
            4691594.315766127,
            2174916.190742394
          ],
          [
            4691593.333521225,
            2174916.187688482
          ],
          [
            4691592.35095707,
            2174916.175005554
          ],
          [
            4691591.368607785,
            2174916.151939184
          ],
          [
            4691590.385652104,
            2174916.117023114
          ],
          [
            4691589.401364216,
            2174916.070942714
          ],
          [
            4691588.665101352,
            2174916.028325944
          ],
          [
            4691587.680500977,
            2174915.958969976
          ],
          [
            4691586.694010593,
            2174915.874785897
          ],
          [
            4691585.954219927,
            2174915.8026648
          ],
          [
            4691585.21446548,
            2174915.722177659
          ],
          [
            4691584.231562628,
            2174915.600190361
          ],
          [
            4691583.497182226,
            2174915.49893829
          ],
          [
            4691582.770551008,
            2174915.389834274
          ],
          [
            4691581.793569097,
            2174915.228433544
          ],
          [
            4691581.075112212,
            2174915.098097195
          ],
          [
            4691580.355991582,
            2174914.958201864
          ],
          [
            4691579.637406554,
            2174914.808928659
          ],
          [
            4691578.920612371,
            2174914.650527206
          ],
          [
            4691577.962957587,
            2174914.422852426
          ],
          [
            4691577.246996515,
            2174914.241174835
          ],
          [
            4691576.530448951,
            2174914.049676758
          ],
          [
            4691575.815660337,
            2174913.848984358
          ],
          [
            4691574.867960993,
            2174913.566059624
          ],
          [
            4691574.161480367,
            2174913.344101408
          ],
          [
            4691573.46375595,
            2174913.115346172
          ],
          [
            4691572.527860312,
            2174912.793056319
          ],
          [
            4691571.841397618,
            2174912.544670176
          ],
          [
            4691571.155799939,
            2174912.286993331
          ],
          [
            4691570.47223895,
            2174912.020483364
          ],
          [
            4691569.790697238,
            2174911.745173604
          ],
          [
            4691569.111662102,
            2174911.461315679
          ],
          [
            4691568.434833471,
            2174911.1677232
          ],
          [
            4691567.759425807,
            2174910.865176322
          ],
          [
            4691567.085858937,
            2174910.553890296
          ],
          [
            4691566.414036056,
            2174910.233901428
          ],
          [
            4691565.745108853,
            2174909.905832003
          ],
          [
            4691564.861249501,
            2174909.456042176
          ],
          [
            4691564.211230395,
            2174909.115015753
          ],
          [
            4691563.341236622,
            2174908.644200906
          ],
          [
            4691562.476278053,
            2174908.160334268
          ],
          [
            4691561.629792913,
            2174907.670890942
          ],
          [
            4691560.787953777,
            2174907.169670664
          ],
          [
            4691559.950779573,
            2174906.657465396
          ],
          [
            4691559.117976548,
            2174906.134980103
          ],
          [
            4691558.289250433,
            2174905.603011394
          ],
          [
            4691557.464516388,
            2174905.062430269
          ],
          [
            4691556.643707362,
            2174904.513478366
          ],
          [
            4691548.985390699,
            2174899.297802539
          ],
          [
            4691498.019453292,
            2174861.347024017
          ],
          [
            4691498.019453292,
            2174861.347024017
          ],
          [
            4691492.160620265,
            2174857.1938159
          ],
          [
            4691486.113942549,
            2174853.3191867964
          ],
          [
            4691479.892655626,
            2174849.731617824
          ],
          [
            4691458.333639418,
            2174837.962655732
          ],
          [
            4691422.215849606,
            2174818.425852933
          ],
          [
            4691415.615143842,
            2174814.843060294
          ],
          [
            4691411.430909812,
            2174812.559904372
          ],
          [
            4691408.343240339,
            2174810.862756301
          ],
          [
            4691405.911785896,
            2174809.514239735
          ],
          [
            4691403.916184415,
            2174808.396187828
          ],
          [
            4691401.910460178,
            2174807.259263967
          ],
          [
            4691400.112677328,
            2174806.227021971
          ],
          [
            4691398.739040632,
            2174805.435757587
          ],
          [
            4691398.260628414,
            2174805.176915619
          ],
          [
            4691397.780623093,
            2174804.928501135
          ],
          [
            4691397.296274608,
            2174804.689020504
          ],
          [
            4691396.807757811,
            2174804.458558697
          ],
          [
            4691396.315250135,
            2174804.237197942
          ],
          [
            4691395.818931657,
            2174804.025017677
          ],
          [
            4691395.318984686,
            2174803.822094091
          ],
          [
            4691394.815593912,
            2174803.628500906
          ],
          [
            4691394.308947015,
            2174803.44430894
          ],
          [
            4691393.799234003,
            2174803.269585821
          ],
          [
            4691393.286647363,
            2174803.104396468
          ],
          [
            4691392.771382409,
            2174802.948802927
          ],
          [
            4691392.253637195,
            2174802.802864343
          ],
          [
            4691391.733612635,
            2174802.666636967
          ],
          [
            4691391.211512214,
            2174802.540173986
          ],
          [
            4691390.687542683,
            2174802.423526214
          ],
          [
            4691390.161913457,
            2174802.316740961
          ],
          [
            4691389.634837149,
            2174802.21986368
          ],
          [
            4691389.106529638,
            2174802.132936384
          ],
          [
            4691388.577209973,
            2174802.055999207
          ],
          [
            4691388.0471008,
            2174801.989089239
          ],
          [
            4691387.516427831,
            2174801.932241579
          ],
          [
            4691386.985420467,
            2174801.885489181
          ],
          [
            4691386.454312107,
            2174801.848863373
          ],
          [
            4691385.923339888,
            2174801.822393467
          ],
          [
            4691385.392744535,
            2174801.80610776
          ],
          [
            4691384.862771494,
            2174801.800033859
          ],
          [
            4691384.333669718,
            2174801.804198402
          ],
          [
            4691383.805692681,
            2174801.818629156
          ],
          [
            4691383.279098533,
            2174801.843354126
          ],
          [
            4691382.754149356,
            2174801.878403398
          ],
          [
            4691382.231112193,
            2174801.923809871
          ],
          [
            4691381.710258061,
            2174801.979610103
          ],
          [
            4691381.191863036,
            2174802.045846543
          ],
          [
            4691380.676191446,
            2174802.122570039
          ],
          [
            4691380.157530235,
            2174802.210881445
          ],
          [
            4691377.307552879,
            2174802.80391717
          ],
          [
            4691376.855730708,
            2174802.880389511
          ],
          [
            4691376.09445139,
            2174803.010916118
          ],
          [
            4691375.331345495,
            2174803.153085298
          ],
          [
            4691374.571324654,
            2174803.304785461
          ],
          [
            4691373.565622326,
            2174803.518788053
          ],
          [
            4691372.565789341,
            2174803.743210713
          ],
          [
            4691370.835630526,
            2174804.145889582
          ],
          [
            4691369.533064109,
            2174804.445450992
          ],
          [
            4691366.602487826,
            2174805.051578414
          ],
          [
            4691364.156470474,
            2174805.54752602
          ],
          [
            4691362.196174861,
            2174805.935616292
          ],
          [
            4691360.240628753,
            2174806.310963764
          ],
          [
            4691358.531038377,
            2174806.626102256
          ],
          [
            4691357.302599064,
            2174806.84353916
          ],
          [
            4691356.087338835,
            2174807.048246859
          ],
          [
            4691355.113303592,
            2174807.204524828
          ],
          [
            4691353.886907266,
            2174807.388762905
          ],
          [
            4691352.917763789,
            2174807.522309313
          ],
          [
            4691351.94623028,
            2174807.644021863
          ],
          [
            4691351.217884904,
            2174807.726136784
          ],
          [
            4691350.487852718,
            2174807.799578457
          ],
          [
            4691349.758183553,
            2174807.863101844
          ],
          [
            4691348.778887815,
            2174807.929450131
          ],
          [
            4691348.045229717,
            2174807.963751574
          ],
          [
            4691347.315444063,
            2174807.981660244
          ],
          [
            4691346.581938482,
            2174807.983110199
          ],
          [
            4691346.104780515,
            2174807.972740106
          ],
          [
            4691345.623053627,
            2174807.954298973
          ],
          [
            4691345.139658593,
            2174807.928080744
          ],
          [
            4691344.657448116,
            2174807.894311092
          ],
          [
            4691343.92767101,
            2174807.826901789
          ],
          [
            4691343.202945139,
            2174807.741306406
          ],
          [
            4691342.475821271,
            2174807.638684471
          ],
          [
            4691341.762939059,
            2174807.520053864
          ],
          [
            4691341.048243699,
            2174807.38517356
          ],
          [
            4691340.574048061,
            2174807.2852943
          ],
          [
            4691339.857027988,
            2174807.123984766
          ],
          [
            4691339.140113093,
            2174806.944347368
          ],
          [
            4691338.671866365,
            2174806.819678315
          ],
          [
            4691337.961183607,
            2174806.617980811
          ],
          [
            4691337.252047709,
            2174806.403191763
          ],
          [
            4691336.558188863,
            2174806.179416347
          ],
          [
            4691336.02503554,
            2174805.998623138
          ],
          [
            4691325.490676532,
            2174801.847980217
          ],
          [
            4691320.809191652,
            2174799.962552015
          ],
          [
            4691315.235603653,
            2174797.706741307
          ],
          [
            4691311.514634014,
            2174796.189902306
          ],
          [
            4691308.484625623,
            2174794.942954322
          ],
          [
            4691306.146661989,
            2174793.969762235
          ],
          [
            4691304.031476154,
            2174793.077981687
          ],
          [
            4691301.887689621,
            2174792.172983281
          ],
          [
            4691301.15156026,
            2174791.884749638
          ],
          [
            4691300.414136064,
            2174791.610514109
          ],
          [
            4691299.672261511,
            2174791.349042307
          ],
          [
            4691298.926171975,
            2174791.10042256
          ],
          [
            4691298.176106374,
            2174790.864741703
          ],
          [
            4691297.422307811,
            2174790.642083261
          ],
          [
            4691296.665023078,
            2174790.432529016
          ],
          [
            4691295.904503856,
            2174790.236158635
          ],
          [
            4691295.14100659,
            2174790.0530496
          ],
          [
            4691294.374792623,
            2174789.883277553
          ],
          [
            4691293.606129028,
            2174789.726916938
          ],
          [
            4691292.835289084,
            2174789.584040664
          ],
          [
            4691292.062552386,
            2174789.454720612
          ],
          [
            4691291.288205684,
            2174789.339028304
          ],
          [
            4691290.5125436,
            2174789.237035079
          ],
          [
            4691289.735868945,
            2174789.148812621
          ],
          [
            4691288.958493632,
            2174789.074434082
          ],
          [
            4691288.180739809,
            2174789.013974619
          ],
          [
            4691287.40294001,
            2174788.967512027
          ],
          [
            4691286.625438026,
            2174788.935128885
          ],
          [
            4691285.848590327,
            2174788.916913933
          ],
          [
            4691285.072766635,
            2174788.912963694
          ],
          [
            4691284.298350242,
            2174788.923385041
          ],
          [
            4691283.525739099,
            2174788.948298807
          ],
          [
            4691282.75534819,
            2174788.987842893
          ],
          [
            4691281.986809125,
            2174789.042230067
          ],
          [
            4691281.474766163,
            2174789.089669496
          ],
          [
            4691278.787257129,
            2174789.369372319
          ],
          [
            4691276.556893304,
            2174789.561568564
          ],
          [
            4691275.538230127,
            2174789.666122277
          ],
          [
            4691274.274135106,
            2174789.807248319
          ],
          [
            4691272.266929162,
            2174790.045424541
          ],
          [
            4691270.792386258,
            2174790.217425661
          ],
          [
            4691266.334317454,
            2174790.67892577
          ],
          [
            4691262.86733889,
            2174791.02651562
          ],
          [
            4691260.39360094,
            2174791.264356774
          ],
          [
            4691258.168717592,
            2174791.467458342
          ],
          [
            4691256.439722129,
            2174791.615358413
          ],
          [
            4691254.711278999,
            2174791.751943874
          ],
          [
            4691252.98179987,
            2174791.873394607
          ],
          [
            4691251.498756051,
            2174791.966138597
          ],
          [
            4691250.014666943,
            2174792.047873157
          ],
          [
            4691248.778649399,
            2174792.106362621
          ],
          [
            4691247.292881146,
            2174792.162353811
          ],
          [
            4691246.05387596,
            2174792.196761919
          ],
          [
            4691245.06204433,
            2174792.215197735
          ],
          [
            4691244.06850003,
            2174792.225089195
          ],
          [
            4691243.074293125,
            2174792.225911324
          ],
          [
            4691241.82682754,
            2174792.212165615
          ],
          [
            4691240.827318891,
            2174792.189824859
          ],
          [
            4691239.833649301,
            2174792.156928325
          ],
          [
            4691238.846278475,
            2174792.112494401
          ],
          [
            4691237.857784984,
            2174792.056448834
          ],
          [
            4691236.875511838,
            2174791.988112296
          ],
          [
            4691236.137824338,
            2174791.929655882
          ],
          [
            4691235.162982492,
            2174791.840582492
          ],
          [
            4691234.188596188,
            2174791.738986548
          ],
          [
            4691233.214363868,
            2174791.624659289
          ],
          [
            4691232.239997707,
            2174791.497523074
          ],
          [
            4691231.510692275,
            2174791.393152195
          ],
          [
            4691230.535256962,
            2174791.243355761
          ],
          [
            4691229.805590545,
            2174791.122097963
          ],
          [
            4691229.074740046,
            2174790.993439428
          ],
          [
            4691228.344211094,
            2174790.857633223
          ],
          [
            4691227.368640116,
            2174790.665357984
          ],
          [
            4691226.393337148,
            2174790.459583822
          ],
          [
            4691225.424176114,
            2174790.24174711
          ],
          [
            4691224.700122663,
            2174790.070994062
          ],
          [
            4691223.984174238,
            2174789.895291766
          ],
          [
            4691223.023550082,
            2174789.648567425
          ],
          [
            4691222.065065383,
            2174789.390168768
          ],
          [
            4691221.122783267,
            2174789.123775065
          ],
          [
            4691220.182389233,
            2174788.846410351
          ],
          [
            4691219.244086677,
            2174788.55845119
          ],
          [
            4691218.307819875,
            2174788.260256929
          ],
          [
            4691217.373506443,
            2174787.952244647
          ],
          [
            4691216.441449708,
            2174787.635039466
          ],
          [
            4691215.278002566,
            2174787.225965583
          ],
          [
            4691214.117533766,
            2174786.804004437
          ],
          [
            4691212.959303384,
            2174786.370976654
          ],
          [
            4691211.803436091,
            2174785.927218095
          ],
          [
            4691201.744230382,
            2174781.978176707
          ],
          [
            4691137.714324599,
            2174754.363061548
          ],
          [
            4691137.714324599,
            2174754.363061548
          ],
          [
            4691135.013862239,
            2174753.201328308
          ],
          [
            4691135.013862239,
            2174753.201328308
          ],
          [
            4691133.653186742,
            2174752.620397699
          ],
          [
            4691133.653186742,
            2174752.620397699
          ],
          [
            4691131.376166016,
            2174751.663011969
          ],
          [
            4691131.376166016,
            2174751.663011969
          ],
          [
            4691129.537608656,
            2174750.9077688
          ],
          [
            4691129.537608656,
            2174750.9077688
          ],
          [
            4691127.315554331,
            2174750.023432309
          ],
          [
            4691127.315554331,
            2174750.023432309
          ],
          [
            4691125.34956195,
            2174749.272149298
          ],
          [
            4691125.34956195,
            2174749.272149298
          ],
          [
            4691123.123086708,
            2174748.463167038
          ],
          [
            4691123.123086708,
            2174748.463167038
          ],
          [
            4691121.073644147,
            2174747.762864464
          ],
          [
            4691121.073644147,
            2174747.762864464
          ],
          [
            4691118.819566335,
            2174747.047612682
          ],
          [
            4691118.819566335,
            2174747.047612682
          ],
          [
            4691116.698813176,
            2174746.432001829
          ],
          [
            4691116.698813176,
            2174746.432001829
          ],
          [
            4691111.618485242,
            2174745.197532604
          ],
          [
            4691106.470860091,
            2174744.2834201944
          ],
          [
            4691101.276118207,
            2174743.6932482393
          ],
          [
            4691096.054624783,
            2174743.429330418
          ],
          [
            4691090.826849893,
            2174743.49270138
          ],
          [
            4691090.826849893,
            2174743.49270138
          ],
          [
            4691088.622048702,
            2174743.616888227
          ],
          [
            4691088.622048702,
            2174743.616888227
          ],
          [
            4691086.264968854,
            2174743.808268761
          ],
          [
            4691086.264968854,
            2174743.808268761
          ],
          [
            4691084.110662522,
            2174744.030985585
          ],
          [
            4691084.110662522,
            2174744.030985585
          ],
          [
            4691081.75945584,
            2174744.319899752
          ],
          [
            4691081.75945584,
            2174744.319899752
          ],
          [
            4691079.67503682,
            2174744.611017611
          ],
          [
            4691079.67503682,
            2174744.611017611
          ],
          [
            4691077.311234657,
            2174744.974357299
          ],
          [
            4691077.311234657,
            2174744.974357299
          ],
          [
            4691075.350114585,
            2174745.297921073
          ],
          [
            4691075.350114585,
            2174745.297921073
          ],
          [
            4691072.916360186,
            2174745.720118059
          ],
          [
            4691072.916360186,
            2174745.720118059
          ],
          [
            4691071.46004551,
            2174745.981011846
          ],
          [
            4691071.46004551,
            2174745.981011846
          ],
          [
            4691068.567800972,
            2174746.507360547
          ],
          [
            4691057.963865549,
            2174748.447174736
          ],
          [
            4691051.732828681,
            2174749.284825711
          ],
          [
            4691049.768328742,
            2174749.608865143
          ],
          [
            4691048.057751665,
            2174749.881104634
          ],
          [
            4691046.592142995,
            2174750.104324469
          ],
          [
            4691045.125998958,
            2174750.316494143
          ],
          [
            4691043.904423851,
            2174750.482501464
          ],
          [
            4691042.681720311,
            2174750.63699698
          ],
          [
            4691041.210170664,
            2174750.806528464
          ],
          [
            4691039.982475739,
            2174750.935469158
          ],
          [
            4691038.752057771,
            2174751.052799057
          ],
          [
            4691037.519781724,
            2174751.159681389
          ],
          [
            4691028.750379311,
            2174751.83468158
          ],
          [
            4690999.388940492,
            2174752.713935215
          ],
          [
            4690999.388940492,
            2174752.713935215
          ],
          [
            4690990.192879254,
            2174753.248927149
          ],
          [
            4690981.041542678,
            2174754.300971595
          ],
          [
            4690970.544728896,
            2174755.80839002
          ],
          [
            4690957.39825068,
            2174757.333192638
          ],
          [
            4690955.666409395,
            2174757.52273584
          ],
          [
            4690954.175541508,
            2174757.674544277
          ],
          [
            4690952.942859436,
            2174757.789762412
          ],
          [
            4690951.70889873,
            2174757.893862069
          ],
          [
            4690950.725833974,
            2174757.966052422
          ],
          [
            4690949.98719084,
            2174758.013903751
          ],
          [
            4690949.01050198,
            2174758.06554681
          ],
          [
            4690948.032402123,
            2174758.103638964
          ],
          [
            4690947.299339173,
            2174758.122486842
          ],
          [
            4690946.565336973,
            2174758.132436764
          ],
          [
            4690945.829551589,
            2174758.131718512
          ],
          [
            4690945.094164651,
            2174758.121924813
          ],
          [
            4690944.10764212,
            2174758.089370758
          ],
          [
            4690943.368216487,
            2174758.052137186
          ],
          [
            4690942.633981882,
            2174758.001807935
          ],
          [
            4690941.898455965,
            2174757.938648113
          ],
          [
            4690941.178049974,
            2174757.862200434
          ],
          [
            4690940.456581976,
            2174757.771966431
          ],
          [
            4690939.733412109,
            2174757.667320319
          ],
          [
            4690939.255541807,
            2174757.590126741
          ],
          [
            4690938.533508982,
            2174757.459125467
          ],
          [
            4690937.809197358,
            2174757.310146249
          ],
          [
            4690937.337406557,
            2174757.204958865
          ],
          [
            4690936.622006842,
            2174757.030685586
          ],
          [
            4690935.923375104,
            2174756.842275225
          ],
          [
            4690935.459353897,
            2174756.705782512
          ],
          [
            4690934.994334622,
            2174756.563179657
          ],
          [
            4690934.531415491,
            2174756.411470095
          ],
          [
            4690934.067555081,
            2174756.251489029
          ],
          [
            4690933.604094218,
            2174756.083620698
          ],
          [
            4690933.15024437,
            2174755.911375879
          ],
          [
            4690932.705414446,
            2174755.732604941
          ],
          [
            4690932.260548593,
            2174755.545770865
          ],
          [
            4690931.81710875,
            2174755.351433699
          ],
          [
            4690931.377517777,
            2174755.150671495
          ],
          [
            4690930.718271601,
            2174754.83193992
          ],
          [
            4690930.07048211,
            2174754.498050046
          ],
          [
            4690929.425526328,
            2174754.146483134
          ],
          [
            4690929.010497425,
            2174753.908307333
          ],
          [
            4690928.59566178,
            2174753.661642331
          ],
          [
            4690928.18326757,
            2174753.407749809
          ],
          [
            4690927.775560117,
            2174753.148030417
          ],
          [
            4690927.166553431,
            2174752.741070744
          ],
          [
            4690926.570961468,
            2174752.320704855
          ],
          [
            4690925.980593465,
            2174751.883248089
          ],
          [
            4690925.602314469,
            2174751.589926457
          ],
          [
            4690925.225389819,
            2174751.288240546
          ],
          [
            4690924.851865466,
            2174750.979747619
          ],
          [
            4690924.483762938,
            2174750.666139389
          ],
          [
            4690923.93650721,
            2174750.178909716
          ],
          [
            4690923.404336383,
            2174749.680301387
          ],
          [
            4690922.879648536,
            2174749.165541421
          ],
          [
            4690922.545199335,
            2174748.822834411
          ],
          [
            4690922.213224625,
            2174748.472066889
          ],
          [
            4690921.886585176,
            2174748.116210611
          ],
          [
            4690921.56436975,
            2174747.751416708
          ],
          [
            4690921.246763589,
            2174747.383425711
          ],
          [
            4690920.777838043,
            2174746.812827257
          ],
          [
            4690920.47793902,
            2174746.434541358
          ],
          [
            4690920.031211664,
            2174745.847017367
          ],
          [
            4690919.748769368,
            2174745.458521376
          ],
          [
            4690919.471344527,
            2174745.064546531
          ],
          [
            4690919.063013303,
            2174744.457317309
          ],
          [
            4690918.799212956,
            2174744.047551428
          ],
          [
            4690918.539459936,
            2174743.630413143
          ],
          [
            4690918.290048921,
            2174743.216322185
          ],
          [
            4690917.923024881,
            2174742.578547803
          ],
          [
            4690917.578091656,
            2174741.943171187
          ],
          [
            4690917.24575736,
            2174741.297225749
          ],
          [
            4690916.927577966,
            2174740.639461097
          ],
          [
            4690916.622127635,
            2174739.970996565
          ],
          [
            4690916.334344562,
            2174739.298556907
          ],
          [
            4690916.059524454,
            2174738.61604992
          ],
          [
            4690915.804443949,
            2174737.936760831
          ],
          [
            4690915.643566342,
            2174737.484227224
          ],
          [
            4690915.337103292,
            2174736.555546681
          ],
          [
            4690915.125336278,
            2174735.8504922
          ],
          [
            4690914.991090131,
            2174735.376447282
          ],
          [
            4690914.86493834,
            2174734.907397298
          ],
          [
            4690914.685651443,
            2174734.190761987
          ],
          [
            4690914.524803613,
            2174733.483336684
          ],
          [
            4690914.376584571,
            2174732.769252135
          ],
          [
            4690914.286631694,
            2174732.2918476
          ],
          [
            4690914.158970409,
            2174731.566670102
          ],
          [
            4690914.045329243,
            2174730.83913259
          ],
          [
            4690913.911983767,
            2174729.855841154
          ],
          [
            4690913.826865114,
            2174729.123499765
          ],
          [
            4690913.753857719,
            2174728.392477552
          ],
          [
            4690913.689341706,
            2174727.657970165
          ],
          [
            4690913.635854687,
            2174726.929110423
          ],
          [
            4690913.591033162,
            2174726.198038817
          ],
          [
            4690913.543667489,
            2174725.218279378
          ],
          [
            4690913.509367369,
            2174724.23592601
          ],
          [
            4690913.486720999,
            2174723.25089048
          ],
          [
            4690913.394082662,
            2174715.314994229
          ],
          [
            4690915.505087278,
            2174653.747274583
          ],
          [
            4690915.505087278,
            2174653.747274583
          ],
          [
            4690915.607707366,
            2174650.67622486
          ],
          [
            4690915.607707366,
            2174650.67622486
          ],
          [
            4690915.65528554,
            2174649.131427799
          ],
          [
            4690915.65528554,
            2174649.131427799
          ],
          [
            4690915.72122678,
            2174646.552328429
          ],
          [
            4690915.72122678,
            2174646.552328429
          ],
          [
            4690915.757994857,
            2174644.477722782
          ],
          [
            4690915.757994857,
            2174644.477722782
          ],
          [
            4690915.776131975,
            2174641.981784575
          ],
          [
            4690915.776131975,
            2174641.981784575
          ],
          [
            4690915.763394864,
            2174639.786382533
          ],
          [
            4690915.763394864,
            2174639.786382533
          ],
          [
            4690915.710324611,
            2174637.316479434
          ],
          [
            4690915.710324611,
            2174637.316479434
          ],
          [
            4690915.620546245,
            2174635.060737059
          ],
          [
            4690915.620546245,
            2174635.060737059
          ],
          [
            4690915.471078048,
            2174632.600866403
          ],
          [
            4690915.471078048,
            2174632.600866403
          ],
          [
            4690915.277610339,
            2174630.308876321
          ],
          [
            4690915.277610339,
            2174630.308876321
          ],
          [
            4690914.663209055,
            2174625.3647789476
          ],
          [
            4690913.780614826,
            2174620.4614519943
          ],
          [
            4690912.632444319,
            2174615.6134325773
          ],
          [
            4690911.222101568,
            2174610.835093838
          ],
          [
            4690911.222101568,
            2174610.835093838
          ],
          [
            4690910.48453115,
            2174608.656415753
          ],
          [
            4690910.48453115,
            2174608.656415753
          ],
          [
            4690909.639601779,
            2174606.341378232
          ],
          [
            4690909.639601779,
            2174606.341378232
          ],
          [
            4690908.821432149,
            2174604.237326857
          ],
          [
            4690908.821432149,
            2174604.237326857
          ],
          [
            4690907.884113912,
            2174601.951572629
          ],
          [
            4690907.884113912,
            2174601.951572629
          ],
          [
            4690907.019395455,
            2174599.93359978
          ],
          [
            4690907.019395455,
            2174599.93359978
          ],
          [
            4690906.006396529,
            2174597.652400623
          ],
          [
            4690906.006396529,
            2174597.652400623
          ],
          [
            4690905.144509985,
            2174595.764944149
          ],
          [
            4690905.144509985,
            2174595.764944149
          ],
          [
            4690904.054483456,
            2174593.426580592
          ],
          [
            4690904.054483456,
            2174593.426580592
          ],
          [
            4690903.394183195,
            2174592.029202619
          ],
          [
            4690903.394183195,
            2174592.029202619
          ],
          [
            4690902.074142282,
            2174589.254428883
          ],
          [
            4690898.095696502,
            2174580.910338732
          ],
          [
            4690895.679019987,
            2174575.122979426
          ],
          [
            4690894.852359239,
            2174573.29801918
          ],
          [
            4690894.147997503,
            2174571.715426849
          ],
          [
            4690893.550181236,
            2174570.345304
          ],
          [
            4690893.065756697,
            2174569.211229115
          ],
          [
            4690892.588109039,
            2174568.06565184
          ],
          [
            4690892.220319419,
            2174567.158687517
          ],
          [
            4690891.764979114,
            2174566.002180323
          ],
          [
            4690891.415992347,
            2174565.08538479
          ],
          [
            4690891.075354286,
            2174564.164172225
          ],
          [
            4690890.743234056,
            2174563.239256646
          ],
          [
            4690890.419537493,
            2174562.310708505
          ],
          [
            4690890.10429123,
            2174561.379017956
          ],
          [
            4690889.721381966,
            2174560.20854578
          ],
          [
            4690889.350917628,
            2174559.032806641
          ],
          [
            4690889.063718601,
            2174558.090133333
          ],
          [
            4690887.411666742,
            2174552.455674694
          ],
          [
            4690882.364338011,
            2174530.93590276
          ],
          [
            4690881.68319697,
            2174527.986847796
          ],
          [
            4690881.122462614,
            2174525.51279218
          ],
          [
            4690880.669389024,
            2174523.513890131
          ],
          [
            4690880.483746975,
            2174522.757824831
          ],
          [
            4690880.28948918,
            2174522.006320265
          ],
          [
            4690880.086099835,
            2174521.2572778
          ],
          [
            4690879.873608085,
            2174520.510813893
          ],
          [
            4690879.652044376,
            2174519.767045715
          ],
          [
            4690879.421440806,
            2174519.026090463
          ],
          [
            4690879.18183031,
            2174518.288066012
          ],
          [
            4690878.933247493,
            2174517.553090996
          ],
          [
            4690878.675728249,
            2174516.821284382
          ],
          [
            4690878.409309554,
            2174516.092766435
          ],
          [
            4690878.134030213,
            2174515.367657881
          ],
          [
            4690877.849929712,
            2174514.646080947
          ],
          [
            4690877.557049541,
            2174513.928159141
          ],
          [
            4690877.255432246,
            2174513.214017035
          ],
          [
            4690876.945121567,
            2174512.503781547
          ],
          [
            4690876.626163168,
            2174511.797581008
          ],
          [
            4690876.29860344,
            2174511.09554628
          ],
          [
            4690875.962490716,
            2174510.397810946
          ],
          [
            4690875.617874675,
            2174509.704511064
          ],
          [
            4690875.26480611,
            2174509.015786244
          ],
          [
            4690874.903337454,
            2174508.331780014
          ],
          [
            4690874.533522566,
            2174507.652639938
          ],
          [
            4690874.155416463,
            2174506.97851847
          ],
          [
            4690873.769075566,
            2174506.309573726
          ],
          [
            4690873.374557618,
            2174505.645969762
          ],
          [
            4690872.971921222,
            2174504.987877626
          ],
          [
            4690872.561225766,
            2174504.335476061
          ],
          [
            4690872.142531008,
            2174503.688953209
          ],
          [
            4690871.715897248,
            2174503.048506639
          ],
          [
            4690871.281383808,
            2174502.414345383
          ],
          [
            4690870.839049129,
            2174501.786690881
          ],
          [
            4690870.388949029,
            2174501.165778679
          ],
          [
            4690869.931135759,
            2174500.551860291
          ],
          [
            4690869.465656319,
            2174499.945205024
          ],
          [
            4690868.992467335,
            2174499.345996648
          ],
          [
            4690868.518986385,
            2174498.764037223
          ],
          [
            4690867.135596325,
            2174497.074940146
          ],
          [
            4690866.511461193,
            2174496.282800465
          ],
          [
            4690865.714863778,
            2174495.291586168
          ],
          [
            4690864.910983584,
            2174494.309234862
          ],
          [
            4690863.781107877,
            2174492.948836138
          ],
          [
            4690860.124316164,
            2174488.555681935
          ],
          [
            4690855.522134389,
            2174482.826025216
          ],
          [
            4690854.123997747,
            2174481.066257802
          ],
          [
            4690853.048374335,
            2174479.69495187
          ],
          [
            4690851.982170276,
            2174478.315144215
          ],
          [
            4690851.080653376,
            2174477.126774344
          ],
          [
            4690850.491528371,
            2174476.336923062
          ],
          [
            4690849.759197924,
            2174475.336479855
          ],
          [
            4690849.037941863,
            2174474.327970869
          ],
          [
            4690848.478204776,
            2174473.525156617
          ],
          [
            4690847.927573216,
            2174472.715528887
          ],
          [
            4690847.387164866,
            2174471.898805233
          ],
          [
            4690846.857384662,
            2174471.073483908
          ],
          [
            4690846.468770744,
            2174470.450308022
          ],
          [
            4690846.087239735,
            2174469.820025911
          ],
          [
            4690845.71225112,
            2174469.184716209
          ],
          [
            4690845.345994501,
            2174468.54305212
          ],
          [
            4690844.988070762,
            2174467.895442866
          ],
          [
            4690844.522901196,
            2174467.017738891
          ],
          [
            4690844.189872664,
            2174466.36058799
          ],
          [
            4690843.869189361,
            2174465.699735899
          ],
          [
            4690843.659794661,
            2174465.256433443
          ],
          [
            4690843.359442797,
            2174464.592683142
          ],
          [
            4690843.069013364,
            2174463.921308872
          ],
          [
            4690842.883120843,
            2174463.474418413
          ],
          [
            4690842.522955748,
            2174462.560636584
          ],
          [
            4690842.26746753,
            2174461.870459936
          ],
          [
            4690842.026504968,
            2174461.178385107
          ],
          [
            4690841.796724271,
            2174460.478687461
          ],
          [
            4690841.578638996,
            2174459.772721271
          ],
          [
            4690841.378173129,
            2174459.075296518
          ],
          [
            4690841.189336402,
            2174458.371531434
          ],
          [
            4690841.012101507,
            2174457.661023888
          ],
          [
            4690840.901486048,
            2174457.188104107
          ],
          [
            4690840.746010352,
            2174456.469185104
          ],
          [
            4690840.603814948,
            2174455.742683162
          ],
          [
            4690840.515598459,
            2174455.256531919
          ],
          [
            4690840.434278995,
            2174454.776571684
          ],
          [
            4690840.322268235,
            2174454.045808886
          ],
          [
            4690840.226547488,
            2174453.326889899
          ],
          [
            4690840.143261876,
            2174452.603451294
          ],
          [
            4690840.072556922,
            2174451.876263783
          ],
          [
            4690840.014541731,
            2174451.146161721
          ],
          [
            4690839.970774989,
            2174450.412670647
          ],
          [
            4690839.941209121,
            2174449.672500883
          ],
          [
            4690839.928272866,
            2174449.178238976
          ],
          [
            4690839.921201537,
            2174448.691131424
          ],
          [
            4690839.922086208,
            2174447.951253033
          ],
          [
            4690839.937244103,
            2174447.225517422
          ],
          [
            4690839.965363684,
            2174446.497155889
          ],
          [
            4690840.006466812,
            2174445.766984103
          ],
          [
            4690840.042510865,
            2174445.280180333
          ],
          [
            4690840.082976218,
            2174444.792368582
          ],
          [
            4690840.156254718,
            2174444.058012209
          ],
          [
            4690840.243267372,
            2174443.329937727
          ],
          [
            4690840.343643992,
            2174442.599848419
          ],
          [
            4690840.457234568,
            2174441.869200688
          ],
          [
            4690840.58285579,
            2174441.15391378
          ],
          [
            4690840.721647482,
            2174440.437980173
          ],
          [
            4690840.873132175,
            2174439.723948464
          ],
          [
            4690841.097806808,
            2174438.769125088
          ],
          [
            4690841.283420867,
            2174438.054276833
          ],
          [
            4690841.414046182,
            2174437.57805554
          ],
          [
            4690841.548157094,
            2174437.110403503
          ],
          [
            4690841.762843297,
            2174436.403565376
          ],
          [
            4690841.990263158,
            2174435.704358791
          ],
          [
            4690842.146896265,
            2174435.24088798
          ],
          [
            4690842.480070609,
            2174434.322124031
          ],
          [
            4690842.742768739,
            2174433.638067555
          ],
          [
            4690843.019768288,
            2174432.956419561
          ],
          [
            4690843.312186255,
            2174432.274746995
          ],
          [
            4690843.509464395,
            2174431.831272624
          ],
          [
            4690843.82008439,
            2174431.160925369
          ],
          [
            4690844.142840678,
            2174430.494877332
          ],
          [
            4690844.47236468,
            2174429.846327945
          ],
          [
            4690844.813441483,
            2174429.2024544
          ],
          [
            4690845.290599823,
            2174428.346297935
          ],
          [
            4690845.536518505,
            2174427.923352352
          ],
          [
            4690845.786583512,
            2174427.501463207
          ],
          [
            4690846.175870066,
            2174426.870304744
          ],
          [
            4690846.57545932,
            2174426.243267431
          ],
          [
            4690846.981423365,
            2174425.633605181
          ],
          [
            4690847.257152145,
            2174425.228969859
          ],
          [
            4690847.676704512,
            2174424.6341943
          ],
          [
            4690848.1068656,
            2174424.04458775
          ],
          [
            4690848.547523204,
            2174423.460102158
          ],
          [
            4690848.99812692,
            2174422.881219704
          ],
          [
            4690849.460128896,
            2174422.307916442
          ],
          [
            4690849.932765784,
            2174421.738958988
          ],
          [
            4690850.415093685,
            2174421.175161087
          ],
          [
            4690850.902343687,
            2174420.623282449
          ],
          [
            4690851.571149343,
            2174419.890199704
          ],
          [
            4690852.073896477,
            2174419.355199043
          ],
          [
            4690852.762639774,
            2174418.643729675
          ],
          [
            4690853.453731119,
            2174417.952679259
          ],
          [
            4690854.156565974,
            2174417.269362494
          ],
          [
            4690854.869584799,
            2174416.593612243
          ],
          [
            4690860.495064224,
            2174411.392278365
          ],
          [
            4690860.495064224,
            2174411.392278365
          ],
          [
            4690860.778952882,
            2174411.159290345
          ],
          [
            4690903.131821185,
            2174376.41504858
          ],
          [
            4690915.431111569,
            2174366.528638313
          ],
          [
            4690916.028810563,
            2174366.027650095
          ],
          [
            4690916.617835356,
            2174365.521626391
          ],
          [
            4690917.200670715,
            2174365.008485918
          ],
          [
            4690917.777230673,
            2174364.488304592
          ],
          [
            4690918.347430312,
            2174363.961159059
          ],
          [
            4690918.911185404,
            2174363.427127005
          ],
          [
            4690919.468412679,
            2174362.886287344
          ],
          [
            4690920.019030198,
            2174362.338719866
          ],
          [
            4690920.562956502,
            2174361.784505193
          ],
          [
            4690921.100111445,
            2174361.22372525
          ],
          [
            4690921.630415736,
            2174360.656462659
          ],
          [
            4690922.153791122,
            2174360.082801197
          ],
          [
            4690922.670160542,
            2174359.502825407
          ],
          [
            4690923.179447477,
            2174358.91662085
          ],
          [
            4690923.681577114,
            2174358.324274211
          ],
          [
            4690924.176475315,
            2174357.725872587
          ],
          [
            4690924.664068881,
            2174357.121504366
          ],
          [
            4690925.144285957,
            2174356.511258771
          ],
          [
            4690925.617055629,
            2174355.895225827
          ],
          [
            4690926.082308292,
            2174355.273496429
          ],
          [
            4690926.539975115,
            2174354.646162246
          ],
          [
            4690926.989988689,
            2174354.013315931
          ],
          [
            4690927.432282514,
            2174353.375050754
          ],
          [
            4690927.866791337,
            2174352.73146093
          ],
          [
            4690928.293450872,
            2174352.082641483
          ],
          [
            4690928.712198441,
            2174351.428688146
          ],
          [
            4690929.122971884,
            2174350.76969733
          ],
          [
            4690929.525710836,
            2174350.105766432
          ],
          [
            4690929.920355576,
            2174349.436993311
          ],
          [
            4690930.306848032,
            2174348.763476803
          ],
          [
            4690930.685130989,
            2174348.08531617
          ],
          [
            4690931.055148523,
            2174347.40261166
          ],
          [
            4690931.416846094,
            2174346.715464007
          ],
          [
            4690931.770170093,
            2174346.023974612
          ],
          [
            4690932.115068315,
            2174345.328245687
          ],
          [
            4690932.451489798,
            2174344.628379923
          ],
          [
            4690932.779384701,
            2174343.924480706
          ],
          [
            4690933.098704546,
            2174343.21665207
          ],
          [
            4690933.409402072,
            2174342.504998573
          ],
          [
            4690933.711431252,
            2174341.789625378
          ],
          [
            4690934.004747334,
            2174341.070638162
          ],
          [
            4690934.289306609,
            2174340.348143304
          ],
          [
            4690934.565067012,
            2174339.622247751
          ],
          [
            4690934.831987566,
            2174338.893058733
          ],
          [
            4690935.090028366,
            2174338.160684327
          ],
          [
            4690935.339151286,
            2174337.425232992
          ],
          [
            4690935.579319013,
            2174336.686813506
          ],
          [
            4690935.810495615,
            2174335.94553545
          ],
          [
            4690936.032646523,
            2174335.201508856
          ],
          [
            4690936.245738618,
            2174334.454843991
          ],
          [
            4690936.449739517,
            2174333.705651844
          ],
          [
            4690936.644618828,
            2174332.954043838
          ],
          [
            4690936.830346797,
            2174332.200131732
          ],
          [
            4690937.006895421,
            2174331.44402793
          ],
          [
            4690937.174237639,
            2174330.685845133
          ],
          [
            4690937.332347848,
            2174329.925696623
          ],
          [
            4690937.481201537,
            2174329.163696185
          ],
          [
            4690937.620775738,
            2174328.399958033
          ],
          [
            4690937.751048497,
            2174327.634596766
          ],
          [
            4690937.871999134,
            2174326.867727647
          ],
          [
            4690937.983608304,
            2174326.099466301
          ],
          [
            4690938.085857617,
            2174325.329929013
          ],
          [
            4690938.178730174,
            2174324.559232755
          ],
          [
            4690938.262210345,
            2174323.787494758
          ],
          [
            4690938.336283324,
            2174323.014833029
          ],
          [
            4690938.400935706,
            2174322.241366354
          ],
          [
            4690938.456155184,
            2174321.467214189
          ],
          [
            4690938.501930716,
            2174320.692496561
          ],
          [
            4690938.538251936,
            2174319.917334588
          ],
          [
            4690938.565110069,
            2174319.14185031
          ],
          [
            4690938.582497133,
            2174318.36616645
          ],
          [
            4690938.590405976,
            2174317.59040724
          ],
          [
            4690938.588830896,
            2174316.81469791
          ],
          [
            4690938.57776665,
            2174316.039161202
          ],
          [
            4690938.556901714,
            2174315.252615474
          ],
          [
            4690938.366937285,
            2174312.424622004
          ],
          [
            4690938.366937285,
            2174312.424622004
          ],
          [
            4690938.195129301,
            2174310.532107055
          ],
          [
            4690937.9347363245,
            2174308.6497345334
          ],
          [
            4690937.58633163,
            2174306.781648619
          ],
          [
            4690937.58633163,
            2174306.781648619
          ],
          [
            4690934.745006655,
            2174293.671163953
          ],
          [
            4690934.457329184,
            2174292.378601876
          ],
          [
            4690932.674071436,
            2174282.94163471
          ],
          [
            4690932.360922783,
            2174281.235623169
          ],
          [
            4690932.017143532,
            2174279.284593745
          ],
          [
            4690931.772101909,
            2174277.821025667
          ],
          [
            4690931.577968425,
            2174276.601048088
          ],
          [
            4690931.396471976,
            2174275.380568824
          ],
          [
            4690931.232733987,
            2174274.157456211
          ],
          [
            4690931.117856059,
            2174273.175708987
          ],
          [
            4690931.041157262,
            2174272.437557865
          ],
          [
            4690930.973549513,
            2174271.696990097
          ],
          [
            4690930.917365649,
            2174270.961388499
          ],
          [
            4690930.871625218,
            2174270.222949083
          ],
          [
            4690930.837228924,
            2174269.483008786
          ],
          [
            4690930.816431623,
            2174268.75627799
          ],
          [
            4690930.807996064,
            2174268.027220186
          ],
          [
            4690930.812533152,
            2174267.297208223
          ],
          [
            4690930.832352149,
            2174266.564936001
          ],
          [
            4690930.866676738,
            2174265.830378562
          ],
          [
            4690930.917203955,
            2174265.101026765
          ],
          [
            4690930.983384084,
            2174264.369836138
          ],
          [
            4690931.066015436,
            2174263.651698275
          ],
          [
            4690931.130019338,
            2174263.174400898
          ],
          [
            4690931.201759591,
            2174262.695264447
          ],
          [
            4690931.280737959,
            2174262.218381512
          ],
          [
            4690931.416587406,
            2174261.498761131
          ],
          [
            4690931.570881485,
            2174260.786506019
          ],
          [
            4690931.744181601,
            2174260.072792544
          ],
          [
            4690931.867577967,
            2174259.611942614
          ],
          [
            4690932.002578736,
            2174259.147451236
          ],
          [
            4690932.14394902,
            2174258.683232987
          ],
          [
            4690932.295421789,
            2174258.22115801
          ],
          [
            4690932.456083801,
            2174257.757861376
          ],
          [
            4690932.621965014,
            2174257.304309534
          ],
          [
            4690932.79543628,
            2174256.859770902
          ],
          [
            4690932.977803722,
            2174256.415026675
          ],
          [
            4690933.168467182,
            2174255.971706012
          ],
          [
            4690933.366737665,
            2174255.531421608
          ],
          [
            4690933.575437826,
            2174255.093081307
          ],
          [
            4690933.793396679,
            2174254.654721784
          ],
          [
            4690934.01504521,
            2174254.22715559
          ],
          [
            4690934.368473982,
            2174253.58162323
          ],
          [
            4690934.607636333,
            2174253.168714802
          ],
          [
            4690934.859154388,
            2174252.755078017
          ],
          [
            4690935.116808102,
            2174252.343311345
          ],
          [
            4690935.383733289,
            2174251.93614069
          ],
          [
            4690935.653893358,
            2174251.538799795
          ],
          [
            4690936.080317771,
            2174250.941242684
          ],
          [
            4690936.367024642,
            2174250.559284923
          ],
          [
            4690936.663056336,
            2174250.178544006
          ],
          [
            4690936.964911352,
            2174249.803572512
          ],
          [
            4690937.436429603,
            2174249.245902354
          ],
          [
            4690937.921519658,
            2174248.703796618
          ],
          [
            4690938.424745083,
            2174248.169361363
          ],
          [
            4690938.760937562,
            2174247.829049618
          ],
          [
            4690939.104126577,
            2174247.493193014
          ],
          [
            4690939.636720862,
            2174246.996500375
          ],
          [
            4690940.188653042,
            2174246.510092411
          ],
          [
            4690940.555699254,
            2174246.199112266
          ],
          [
            4690941.128399199,
            2174245.735539577
          ],
          [
            4690941.508056568,
            2174245.442892833
          ],
          [
            4690942.09773139,
            2174245.004304662
          ],
          [
            4690942.69478279,
            2174244.57034352
          ],
          [
            4690943.298931026,
            2174244.142873035
          ],
          [
            4690943.909901146,
            2174243.720090322
          ],
          [
            4690944.519793657,
            2174243.306495825
          ],
          [
            4690945.131647325,
            2174242.899826936
          ],
          [
            4690946.534380993,
            2174242.001788445
          ],
          [
            4690949.152929659,
            2174240.518437171
          ],
          [
            4690951.14104357,
            2174239.40318091
          ],
          [
            4690952.260676109,
            2174238.797850859
          ],
          [
            4690954.078766442,
            2174237.826163766
          ],
          [
            4690955.925345458,
            2174236.852093875
          ],
          [
            4690958.050059791,
            2174235.745277731
          ],
          [
            4690959.272093435,
            2174235.112236049
          ],
          [
            4690959.770141515,
            2174234.827147526
          ],
          [
            4690960.25423343,
            2174234.530339016
          ],
          [
            4690960.729076763,
            2174234.220784517
          ],
          [
            4690961.195133813,
            2174233.898217543
          ],
          [
            4690961.652045745,
            2174233.562888395
          ],
          [
            4690962.099460673,
            2174233.215058194
          ],
          [
            4690962.537034472,
            2174232.854997599
          ],
          [
            4690962.964430254,
            2174232.482986953
          ],
          [
            4690963.381319393,
            2174232.099316127
          ],
          [
            4690963.787380832,
            2174231.704284059
          ],
          [
            4690964.182301984,
            2174231.298199365
          ],
          [
            4690964.565779483,
            2174230.881379059
          ],
          [
            4690964.937518091,
            2174230.454148804
          ],
          [
            4690965.297232227,
            2174230.016843031
          ],
          [
            4690965.644645307,
            2174229.569804033
          ],
          [
            4690965.97949066,
            2174229.113382321
          ],
          [
            4690966.301511029,
            2174228.647936052
          ],
          [
            4690966.610459696,
            2174228.17383108
          ],
          [
            4690966.906099994,
            2174227.691440109
          ],
          [
            4690967.188205559,
            2174227.201143261
          ],
          [
            4690967.456561097,
            2174226.703327255
          ],
          [
            4690967.710961902,
            2174226.198385173
          ],
          [
            4690967.951214397,
            2174225.68671667
          ],
          [
            4690968.177136527,
            2174225.168727108
          ],
          [
            4690968.388557378,
            2174224.644827637
          ],
          [
            4690968.585317913,
            2174224.115435063
          ],
          [
            4690968.767270996,
            2174223.580971047
          ],
          [
            4690968.934281175,
            2174223.041862459
          ],
          [
            4690969.086225654,
            2174222.498540679
          ],
          [
            4690969.222993496,
            2174221.951441413
          ],
          [
            4690969.344486573,
            2174221.401004713
          ],
          [
            4690969.450619307,
            2174220.847674308
          ],
          [
            4690969.54131906,
            2174220.291897369
          ],
          [
            4690969.616525778,
            2174219.734124538
          ],
          [
            4690969.676192813,
            2174219.17480957
          ],
          [
            4690969.720286549,
            2174218.614408952
          ],
          [
            4690969.748786971,
            2174218.053381421
          ],
          [
            4690969.761686988,
            2174217.492188347
          ],
          [
            4690969.758993742,
            2174216.93129291
          ],
          [
            4690969.740727429,
            2174216.371159861
          ],
          [
            4690969.706922224,
            2174215.812255865
          ],
          [
            4690969.657626158,
            2174215.255048741
          ],
          [
            4690969.592901168,
            2174214.700007131
          ],
          [
            4690969.512822861,
            2174214.147600857
          ],
          [
            4690969.417481165,
            2174213.598300413
          ],
          [
            4690969.306979774,
            2174213.052576345
          ],
          [
            4690969.181436074,
            2174212.510900119
          ],
          [
            4690969.040981832,
            2174211.97374335
          ],
          [
            4690968.885762324,
            2174211.441577305
          ],
          [
            4690968.71593631,
            2174210.914873771
          ],
          [
            4690968.531676293,
            2174210.394104497
          ],
          [
            4690968.333167784,
            2174209.87974127
          ],
          [
            4690968.120609264,
            2174209.372255954
          ],
          [
            4690967.894211444,
            2174208.872120641
          ],
          [
            4690967.654196931,
            2174208.379808208
          ],
          [
            4690967.400799616,
            2174207.895791967
          ],
          [
            4690967.134263297,
            2174207.420546465
          ],
          [
            4690966.854841175,
            2174206.954548213
          ],
          [
            4690966.562794277,
            2174206.498275675
          ],
          [
            4690966.258389676,
            2174206.052210702
          ],
          [
            4690965.941899035,
            2174205.616839185
          ],
          [
            4690965.613594272,
            2174205.192650116
          ],
          [
            4690965.266384677,
            2174204.771209066
          ],
          [
            4690965.062872867,
            2174204.552294528
          ],
          [
            4690962.735144117,
            2174202.316045607
          ],
          [
            4690962.160462168,
            2174201.675716593
          ],
          [
            4690961.801068377,
            2174201.290554513
          ],
          [
            4690961.256331017,
            2174200.728086171
          ],
          [
            4690960.70054118,
            2174200.17703478
          ],
          [
            4690960.136713841,
            2174199.637556527
          ],
          [
            4690959.566480191,
            2174199.108064588
          ],
          [
            4690958.8019619,
            2174198.416876656
          ],
          [
            4690957.655655775,
            2174197.401028131
          ],
          [
            4690957.285635843,
            2174197.073216529
          ],
          [
            4690956.793488052,
            2174196.60775394
          ],
          [
            4690951.714695485,
            2174191.720504262
          ],
          [
            4690946.555665357,
            2174186.727513369
          ],
          [
            4690946.555665357,
            2174186.727513369
          ],
          [
            4690942.241890223,
            2174182.833971342
          ],
          [
            4690937.667760547,
            2174179.249886642
          ],
          [
            4690905.470036643,
            2174155.782466113
          ],
          [
            4690889.07119691,
            2174143.433381528
          ],
          [
            4690887.690195652,
            2174142.381338806
          ],
          [
            4690886.512917166,
            2174141.473323924
          ],
          [
            4690885.342550398,
            2174140.55797604
          ],
          [
            4690884.180796561,
            2174139.632427843
          ],
          [
            4690883.221261028,
            2174138.852085843
          ],
          [
            4690882.269770783,
            2174138.059662454
          ],
          [
            4690881.515684529,
            2174137.416622213
          ],
          [
            4690880.955596905,
            2174136.928160344
          ],
          [
            4690880.400388807,
            2174136.433546293
          ],
          [
            4690879.666428192,
            2174135.760092462
          ],
          [
            4690879.130935999,
            2174135.25190946
          ],
          [
            4690878.612428813,
            2174134.743539352
          ],
          [
            4690878.087809237,
            2174134.215661294
          ],
          [
            4690877.581739171,
            2174133.689734835
          ],
          [
            4690877.082120773,
            2174133.155318398
          ],
          [
            4690876.589244604,
            2174132.61107228
          ],
          [
            4690876.102039672,
            2174132.059282365
          ],
          [
            4690875.622244994,
            2174131.498634471
          ],
          [
            4690875.148257712,
            2174130.929109065
          ],
          [
            4690874.681349323,
            2174130.352444707
          ],
          [
            4690874.072256614,
            2174129.573061907
          ],
          [
            4690873.62463928,
            2174128.982597033
          ],
          [
            4690873.18794716,
            2174128.391368196
          ],
          [
            4690872.611036044,
            2174127.585932737
          ],
          [
            4690872.194218041,
            2174126.985736331
          ],
          [
            4690871.645867844,
            2174126.173895889
          ],
          [
            4690871.10808135,
            2174125.353340068
          ],
          [
            4690866.9310579,
            2174118.78839123
          ],
          [
            4690861.028129345,
            2174108.658627337
          ],
          [
            4690858.110807922,
            2174103.004291653
          ],
          [
            4690857.147803478,
            2174101.262085245
          ],
          [
            4690856.43883379,
            2174099.95811594
          ],
          [
            4690855.739860483,
            2174098.649613416
          ],
          [
            4690855.167591035,
            2174097.554787917
          ],
          [
            4690854.717470264,
            2174096.676390206
          ],
          [
            4690854.16539395,
            2174095.570922409
          ],
          [
            4690853.73419161,
            2174094.681933754
          ],
          [
            4690853.312112579,
            2174093.786201739
          ],
          [
            4690853.00296003,
            2174093.111036575
          ],
          [
            4690852.700142394,
            2174092.432068917
          ],
          [
            4690852.306575472,
            2174091.518181424
          ],
          [
            4690851.929206989,
            2174090.602115553
          ],
          [
            4690851.656039161,
            2174089.912559665
          ],
          [
            4690851.393732179,
            2174089.225618056
          ],
          [
            4690851.140443038,
            2174088.532059248
          ],
          [
            4690850.975557865,
            2174088.067921385
          ],
          [
            4690850.741148298,
            2174087.374309809
          ],
          [
            4690850.515035317,
            2174086.676017354
          ],
          [
            4690850.299065912,
            2174085.974136764
          ],
          [
            4690850.094241552,
            2174085.266627235
          ],
          [
            4690849.899902923,
            2174084.554528501
          ],
          [
            4690849.657129296,
            2174083.592707192
          ],
          [
            4690849.490569052,
            2174082.874508656
          ],
          [
            4690849.335028429,
            2174082.150722053
          ],
          [
            4690849.194901551,
            2174081.437102678
          ],
          [
            4690849.065879421,
            2174080.718836034
          ],
          [
            4690848.948235333,
            2174079.99728948
          ],
          [
            4690848.843205853,
            2174079.271264047
          ],
          [
            4690848.749476362,
            2174078.540424687
          ],
          [
            4690848.667220079,
            2174077.805416821
          ],
          [
            4690848.596577604,
            2174077.066870717
          ],
          [
            4690848.539556832,
            2174076.332085683
          ],
          [
            4690848.494158155,
            2174075.593569097
          ],
          [
            4690848.462427185,
            2174074.867503529
          ],
          [
            4690848.442304238,
            2174074.138571573
          ],
          [
            4690848.433837836,
            2174073.407418386
          ],
          [
            4690848.437039736,
            2174072.675687432
          ],
          [
            4690848.460983618,
            2174071.694203208
          ],
          [
            4690848.507316765,
            2174070.708851958
          ],
          [
            4690848.574996175,
            2174069.717895918
          ],
          [
            4690848.639528578,
            2174068.982761121
          ],
          [
            4690848.715646622,
            2174068.260645511
          ],
          [
            4690848.803454916,
            2174067.537523197
          ],
          [
            4690848.902880066,
            2174066.814040082
          ],
          [
            4690849.013912466,
            2174066.090198722
          ],
          [
            4690849.136418891,
            2174065.366699523
          ],
          [
            4690849.271850609,
            2174064.64281359
          ],
          [
            4690849.418823744,
            2174063.919167084
          ],
          [
            4690849.634593805,
            2174062.950299859
          ],
          [
            4690849.808242957,
            2174062.233124547
          ],
          [
            4690849.993506104,
            2174061.515788241
          ],
          [
            4690850.187022366,
            2174060.814364279
          ],
          [
            4690850.391511999,
            2174060.113741429
          ],
          [
            4690850.606716375,
            2174059.414491343
          ],
          [
            4690850.832524126,
            2174058.716593901
          ],
          [
            4690851.068353951,
            2174058.021358239
          ],
          [
            4690851.400729821,
            2174057.094766379
          ],
          [
            4690851.7526204,
            2174056.169739948
          ],
          [
            4690852.026739549,
            2174055.47952557
          ],
          [
            4690852.407524795,
            2174054.564815674
          ],
          [
            4690852.698583753,
            2174053.891822888
          ],
          [
            4690853.103611845,
            2174052.989565269
          ],
          [
            4690853.522685252,
            2174052.091036181
          ],
          [
            4690853.948761553,
            2174051.210038757
          ],
          [
            4690854.386476194,
            2174050.332337709
          ],
          [
            4690854.83473728,
            2174049.458046092
          ],
          [
            4690855.292398075,
            2174048.587286852
          ],
          [
            4690855.876958194,
            2174047.502057307
          ],
          [
            4690856.472878246,
            2174046.421872023
          ],
          [
            4690857.202259001,
            2174045.130047988
          ],
          [
            4690857.943330247,
            2174043.843188793
          ],
          [
            4690858.694777411,
            2174042.561153544
          ],
          [
            4690859.582336407,
            2174041.070147018
          ],
          [
            4690860.479447606,
            2174039.585291829
          ],
          [
            4690861.517106268,
            2174037.895933857
          ],
          [
            4690862.304798239,
            2174036.636647796
          ],
          [
            4690862.96919321,
            2174035.593198958
          ],
          [
            4690863.643064156,
            2174034.555347241
          ],
          [
            4690864.189787066,
            2174033.730886844
          ],
          [
            4690864.745205809,
            2174032.911268546
          ],
          [
            4690865.310940696,
            2174032.097005416
          ],
          [
            4690865.741770831,
            2174031.492514894
          ],
          [
            4690866.330444271,
            2174030.69045661
          ],
          [
            4690866.930114721,
            2174029.900865167
          ],
          [
            4690867.387094342,
            2174029.315108175
          ],
          [
            4690867.846638495,
            2174028.739383196
          ],
          [
            4690868.475103356,
            2174027.973130524
          ],
          [
            4690869.10645531,
            2174027.226522002
          ],
          [
            4690869.749452404,
            2174026.487049869
          ],
          [
            4690870.402888692,
            2174025.755312153
          ],
          [
            4690871.236728202,
            2174024.848844871
          ],
          [
            4690875.797599662,
            2174020.013163124
          ],
          [
            4690888.682947396,
            2174007.675107634
          ],
          [
            4690888.682947396,
            2174007.675107634
          ],
          [
            4690893.3149947375,
            2174002.9968582233
          ],
          [
            4690897.691164323,
            2173998.0784214926
          ],
          [
            4690901.799020519,
            2173992.933774022
          ],
          [
            4690911.835743712,
            2173979.652759624
          ],
          [
            4690915.151772628,
            2173975.851955743
          ],
          [
            4690916.827515714,
            2173973.947654986
          ],
          [
            4690918.355020452,
            2173972.228890806
          ],
          [
            4690919.73399466,
            2173970.693790412
          ],
          [
            4690921.140990148,
            2173969.144509388
          ],
          [
            4690922.594447185,
            2173967.545264732
          ],
          [
            4690922.94399202,
            2173967.097691351
          ],
          [
            4690923.27146269,
            2173966.660955389
          ],
          [
            4690923.590279891,
            2173966.217879336
          ],
          [
            4690923.900320134,
            2173965.76863538
          ],
          [
            4690924.201463258,
            2173965.313398075
          ],
          [
            4690924.493592565,
            2173964.852344455
          ],
          [
            4690924.776594767,
            2173964.385653939
          ],
          [
            4690925.050360315,
            2173963.913508121
          ],
          [
            4690925.314782857,
            2173963.43609088
          ],
          [
            4690925.569760018,
            2173962.953588329
          ],
          [
            4690925.815192743,
            2173962.466188538
          ],
          [
            4690926.050985862,
            2173961.974081867
          ],
          [
            4690926.277047932,
            2173961.477460382
          ],
          [
            4690926.493291112,
            2173960.97651823
          ],
          [
            4690926.699631474,
            2173960.471451532
          ],
          [
            4690926.895989064,
            2173959.962457974
          ],
          [
            4690927.082287508,
            2173959.449737147
          ],
          [
            4690927.258454759,
            2173958.933490145
          ],
          [
            4690927.424422121,
            2173958.413919727
          ],
          [
            4690927.580125236,
            2173957.891230698
          ],
          [
            4690927.725504072,
            2173957.365628623
          ],
          [
            4690927.860501905,
            2173956.83732094
          ],
          [
            4690927.98506687,
            2173956.306516423
          ],
          [
            4690928.09915056,
            2173955.773424884
          ],
          [
            4690928.202708927,
            2173955.238258028
          ],
          [
            4690928.295702335,
            2173954.701228399
          ],
          [
            4690928.378095204,
            2173954.162549471
          ],
          [
            4690928.44985592,
            2173953.622436285
          ],
          [
            4690928.510957594,
            2173953.081104702
          ],
          [
            4690928.561377141,
            2173952.53877157
          ],
          [
            4690928.601096057,
            2173951.995655175
          ],
          [
            4690928.630100434,
            2173951.451974092
          ],
          [
            4690928.648380178,
            2173950.90794818
          ],
          [
            4690928.655930222,
            2173950.363798058
          ],
          [
            4690928.652749417,
            2173949.819744951
          ],
          [
            4690928.638841277,
            2173949.276011337
          ],
          [
            4690928.614213975,
            2173948.732820265
          ],
          [
            4690928.5788802,
            2173948.190395187
          ],
          [
            4690928.532856924,
            2173947.648960502
          ],
          [
            4690928.476165952,
            2173947.108741544
          ],
          [
            4690928.408833832,
            2173946.569964074
          ],
          [
            4690928.33089166,
            2173946.032854251
          ],
          [
            4690928.242375036,
            2173945.497639444
          ],
          [
            4690928.143324777,
            2173944.964547315
          ],
          [
            4690928.033785968,
            2173944.433806273
          ],
          [
            4690927.913808904,
            2173943.905645666
          ],
          [
            4690927.783448628,
            2173943.380294983
          ],
          [
            4690927.642764707,
            2173942.857984837
          ],
          [
            4690927.491822008,
            2173942.338946979
          ],
          [
            4690927.330690345,
            2173941.823413102
          ],
          [
            4690927.159443885,
            2173941.311616515
          ],
          [
            4690926.97816242,
            2173940.803791208
          ],
          [
            4690926.786930102,
            2173940.300172447
          ],
          [
            4690926.58583654,
            2173939.800996433
          ],
          [
            4690926.374975649,
            2173939.3065005
          ],
          [
            4690926.154446309,
            2173938.816923799
          ],
          [
            4690925.924352277,
            2173938.332507217
          ],
          [
            4690925.68480197,
            2173937.85349286
          ],
          [
            4690925.435907769,
            2173937.380125055
          ],
          [
            4690925.177786692,
            2173936.91265093
          ],
          [
            4690924.910559776,
            2173936.451319442
          ],
          [
            4690924.634351181,
            2173935.996382816
          ],
          [
            4690924.349288803,
            2173935.548096829
          ],
          [
            4690924.055503062,
            2173935.106720474
          ],
          [
            4690923.753126196,
            2173934.67251724
          ],
          [
            4690923.442291837,
            2173934.245755241
          ],
          [
            4690923.123133733,
            2173933.826708315
          ],
          [
            4690922.795088479,
            2173933.41478151
          ],
          [
            4690922.444468936,
            2173932.99613016
          ],
          [
            4690920.175744572,
            2173930.666008072
          ],
          [
            4690919.765712262,
            2173930.203516616
          ],
          [
            4690919.250815244,
            2173929.625618905
          ],
          [
            4690918.723422645,
            2173929.052837299
          ],
          [
            4690918.188831662,
            2173928.489193019
          ],
          [
            4690917.647940533,
            2173927.933578519
          ],
          [
            4690916.921103407,
            2173927.205535915
          ],
          [
            4690916.008468964,
            2173926.312283975
          ],
          [
            4690914.769993884,
            2173925.106550094
          ],
          [
            4690913.052696323,
            2173923.323073645
          ],
          [
            4690907.874268593,
            2173917.896161787
          ],
          [
            4690897.081747439,
            2173905.508680157
          ],
          [
            4690891.8038989,
            2173910.106974927
          ],
          [
            4690900.929522763,
            2173920.581218744
          ],
          [
            4690907.809514179,
            2173928.981193711
          ],
          [
            4690908.926912135,
            2173930.324787388
          ],
          [
            4690910.033039013,
            2173931.674029058
          ],
          [
            4690910.963957871,
            2173932.829653579
          ],
          [
            4690911.73251271,
            2173933.801323962
          ],
          [
            4690912.491869911,
            2173934.781294275
          ],
          [
            4690913.087243822,
            2173935.567888265
          ],
          [
            4690913.529206505,
            2173936.162510235
          ],
          [
            4690914.104017771,
            2173936.955941273
          ],
          [
            4690914.526290079,
            2173937.554757387
          ],
          [
            4690914.941090599,
            2173938.160780755
          ],
          [
            4690915.348440932,
            2173938.772080622
          ],
          [
            4690915.745777752,
            2173939.3915173
          ],
          [
            4690916.003774997,
            2173939.807908365
          ],
          [
            4690916.257628493,
            2173940.229594307
          ],
          [
            4690916.506227901,
            2173940.655730281
          ],
          [
            4690916.744339012,
            2173941.077992302
          ],
          [
            4690916.970549872,
            2173941.498806946
          ],
          [
            4690917.19040271,
            2173941.92565488
          ],
          [
            4690917.401681478,
            2173942.35562119
          ],
          [
            4690917.60457008,
            2173942.79698139
          ],
          [
            4690917.701440487,
            2173943.013845224
          ],
          [
            4690917.88902581,
            2173943.461013291
          ],
          [
            4690918.059411496,
            2173943.902257187
          ],
          [
            4690918.220562839,
            2173944.350044496
          ],
          [
            4690918.369960654,
            2173944.806199422
          ],
          [
            4690918.509869879,
            2173945.269169916
          ],
          [
            4690918.633354222,
            2173945.724433555
          ],
          [
            4690918.747588376,
            2173946.187471915
          ],
          [
            4690918.852419965,
            2173946.658338774
          ],
          [
            4690918.899474998,
            2173946.888012384
          ],
          [
            4690918.985719696,
            2173947.364001214
          ],
          [
            4690919.056637596,
            2173947.830392647
          ],
          [
            4690919.117578452,
            2173948.303372853
          ],
          [
            4690919.167910961,
            2173948.778393471
          ],
          [
            4690919.204877912,
            2173949.255839828
          ],
          [
            4690919.239429141,
            2173949.982394444
          ],
          [
            4690919.246891283,
            2173950.455690613
          ],
          [
            4690919.243805026,
            2173950.933530164
          ],
          [
            4690919.227388134,
            2173951.412253271
          ],
          [
            4690919.181249738,
            2173952.138001914
          ],
          [
            4690919.136544762,
            2173952.609090838
          ],
          [
            4690919.081266286,
            2173953.082011713
          ],
          [
            4690918.974941117,
            2173953.799679634
          ],
          [
            4690918.843092036,
            2173954.5130091
          ],
          [
            4690918.743511375,
            2173954.974588302
          ],
          [
            4690918.629731664,
            2173955.442090368
          ],
          [
            4690918.508744543,
            2173955.907473737
          ],
          [
            4690918.304090978,
            2173956.601872541
          ],
          [
            4690918.076688513,
            2173957.295598057
          ],
          [
            4690917.912869893,
            2173957.744780951
          ],
          [
            4690917.74051423,
            2173958.196723147
          ],
          [
            4690917.556866208,
            2173958.6459844
          ],
          [
            4690917.367184872,
            2173959.086527041
          ],
          [
            4690917.060438343,
            2173959.753726714
          ],
          [
            4690916.850572087,
            2173960.181560812
          ],
          [
            4690916.628166188,
            2173960.611409587
          ],
          [
            4690916.399397066,
            2173961.040267419
          ],
          [
            4690916.161434783,
            2173961.465656389
          ],
          [
            4690915.91480705,
            2173961.890963
          ],
          [
            4690915.666990017,
            2173962.304235375
          ],
          [
            4690912.905301154,
            2173966.627243254
          ],
          [
            4690904.000860348,
            2173978.409973957
          ],
          [
            4690894.411707271,
            2173990.459628973
          ],
          [
            4690893.481047373,
            2173991.61279559
          ],
          [
            4690892.541728095,
            2173992.757387536
          ],
          [
            4690891.751445009,
            2173993.7023039
          ],
          [
            4690890.789136123,
            2173994.827152963
          ],
          [
            4690889.977528152,
            2173995.756009477
          ],
          [
            4690889.155655288,
            2173996.677809071
          ],
          [
            4690888.324640773,
            2173997.592951977
          ],
          [
            4690887.484029207,
            2173998.501009327
          ],
          [
            4690886.63418518,
            2173999.402734893
          ],
          [
            4690885.780162258,
            2174000.293416271
          ],
          [
            4690873.253452713,
            2174012.342366763
          ],
          [
            4690873.19631351,
            2174012.396153394
          ],
          [
            4690870.80539378,
            2174014.632459398
          ],
          [
            4690868.76460428,
            2174016.526334896
          ],
          [
            4690866.88891837,
            2174018.262109177
          ],
          [
            4690866.327945245,
            2174018.800847783
          ],
          [
            4690865.775517467,
            2174019.344580476
          ],
          [
            4690865.229938362,
            2174019.894947793
          ],
          [
            4690864.69131241,
            2174020.451859503
          ],
          [
            4690864.159745175,
            2174021.015223374
          ],
          [
            4690863.635345065,
            2174021.584945179
          ],
          [
            4690863.118222561,
            2174022.160927652
          ],
          [
            4690862.608490912,
            2174022.743071275
          ],
          [
            4690862.10626671,
            2174023.331273669
          ],
          [
            4690861.61167023,
            2174023.925429621
          ],
          [
            4690861.124826495,
            2174024.525430773
          ],
          [
            4690860.645865198,
            2174025.131165229
          ],
          [
            4690860.1749217,
            2174025.742518038
          ],
          [
            4690859.712138395,
            2174026.359370665
          ],
          [
            4690859.257665224,
            2174026.981600562
          ],
          [
            4690858.81166029,
            2174027.609081806
          ],
          [
            4690858.374292538,
            2174028.241685
          ],
          [
            4690857.945742,
            2174028.879276688
          ],
          [
            4690857.526201623,
            2174029.521720819
          ],
          [
            4690857.115880245,
            2174030.168878612
          ],
          [
            4690856.715001059,
            2174030.820613182
          ],
          [
            4690856.325485116,
            2174031.473991337
          ],
          [
            4690855.180393083,
            2174033.421141666
          ],
          [
            4690853.134523834,
            2174036.882774324
          ],
          [
            4690851.722631316,
            2174039.271006191
          ],
          [
            4690850.310630007,
            2174041.668604298
          ],
          [
            4690849.13229578,
            2174043.650185469
          ],
          [
            4690846.454182787,
            2174048.597690494
          ],
          [
            4690846.198490231,
            2174049.062732109
          ],
          [
            4690846.068549355,
            2174049.325056748
          ],
          [
            4690845.144646281,
            2174051.441878278
          ],
          [
            4690844.315150323,
            2174053.318055884
          ],
          [
            4690843.464205586,
            2174055.237640614
          ],
          [
            4690843.190153842,
            2174055.99487876
          ],
          [
            4690842.93470139,
            2174056.735355178
          ],
          [
            4690842.69041917,
            2174057.479590012
          ],
          [
            4690842.457362681,
            2174058.227414542
          ],
          [
            4690842.235584769,
            2174058.978659195
          ],
          [
            4690842.025135546,
            2174059.73315389
          ],
          [
            4690841.826063125,
            2174060.49072764
          ],
          [
            4690841.638412614,
            2174061.251208528
          ],
          [
            4690841.46222668,
            2174062.014424095
          ],
          [
            4690841.297545158,
            2174062.780201427
          ],
          [
            4690841.144405959,
            2174063.548366658
          ],
          [
            4690841.002843476,
            2174064.318745543
          ],
          [
            4690840.872890524,
            2174065.091163235
          ],
          [
            4690840.75457641,
            2174065.865444101
          ],
          [
            4690840.647928204,
            2174066.641412539
          ],
          [
            4690840.552970523,
            2174067.418892184
          ],
          [
            4690840.469725258,
            2174068.197706027
          ],
          [
            4690840.398211336,
            2174068.977677043
          ],
          [
            4690840.338445654,
            2174069.758627631
          ],
          [
            4690840.2904419,
            2174070.540379829
          ],
          [
            4690840.254211551,
            2174071.322755539
          ],
          [
            4690840.229763365,
            2174072.105575976
          ],
          [
            4690840.21710312,
            2174072.888662509
          ],
          [
            4690840.216234597,
            2174073.671836014
          ],
          [
            4690840.227158385,
            2174074.454917022
          ],
          [
            4690840.249872695,
            2174075.237726056
          ],
          [
            4690840.284373077,
            2174076.020083256
          ],
          [
            4690840.3306524,
            2174076.801808547
          ],
          [
            4690840.388700869,
            2174077.582721773
          ],
          [
            4690840.458506272,
            2174078.362642517
          ],
          [
            4690840.540053733,
            2174079.14138982
          ],
          [
            4690840.63332539,
            2174079.918782807
          ],
          [
            4690840.738301172,
            2174080.694640299
          ],
          [
            4690840.854958175,
            2174081.468780796
          ],
          [
            4690840.983271074,
            2174082.241022255
          ],
          [
            4690841.123211516,
            2174083.011182623
          ],
          [
            4690841.274749111,
            2174083.779079027
          ],
          [
            4690841.437850123,
            2174084.544528337
          ],
          [
            4690841.612478754,
            2174085.307346816
          ],
          [
            4690841.798596214,
            2174086.067350101
          ],
          [
            4690841.996161411,
            2174086.824352854
          ],
          [
            4690842.205130182,
            2174087.578168886
          ],
          [
            4690842.425455872,
            2174088.328611081
          ],
          [
            4690842.656845426,
            2174089.074705262
          ],
          [
            4690842.828046895,
            2174089.602174165
          ],
          [
            4690843.041612799,
            2174090.101249078
          ],
          [
            4690844.146962246,
            2174092.654777894
          ],
          [
            4690844.963421406,
            2174094.552158721
          ],
          [
            4690846.405031681,
            2174097.255980511
          ],
          [
            4690850.247544727,
            2174104.043593833
          ],
          [
            4690850.247544727,
            2174104.043593833
          ],
          [
            4690850.855888735,
            2174105.099656391
          ],
          [
            4690850.855888735,
            2174105.099656391
          ],
          [
            4690852.06604923,
            2174107.182341405
          ],
          [
            4690859.150914713,
            2174119.340376847
          ],
          [
            4690862.512727559,
            2174125.831561152
          ],
          [
            4690863.562345267,
            2174127.883617738
          ],
          [
            4690864.041413061,
            2174128.817651759
          ],
          [
            4690864.434140171,
            2174129.506668186
          ],
          [
            4690864.830779715,
            2174130.179623939
          ],
          [
            4690865.237113281,
            2174130.846659357
          ],
          [
            4690865.653052519,
            2174131.507621438
          ],
          [
            4690866.07850694,
            2174132.162356923
          ],
          [
            4690866.513383382,
            2174132.810711657
          ],
          [
            4690866.957585738,
            2174133.452531145
          ],
          [
            4690867.41101543,
            2174134.08766006
          ],
          [
            4690867.873570931,
            2174134.715941853
          ],
          [
            4690868.345147754,
            2174135.337218875
          ],
          [
            4690868.8256384,
            2174135.951331507
          ],
          [
            4690869.31493199,
            2174136.558118892
          ],
          [
            4690869.81291488,
            2174137.157417215
          ],
          [
            4690870.319469408,
            2174137.749060307
          ],
          [
            4690870.83447472,
            2174138.33287868
          ],
          [
            4690871.357805926,
            2174138.908699198
          ],
          [
            4690871.889334557,
            2174139.476344773
          ],
          [
            4690872.428928163,
            2174140.035632488
          ],
          [
            4690872.976449732,
            2174140.586374577
          ],
          [
            4690873.53175874,
            2174141.128375966
          ],
          [
            4690874.094709803,
            2174141.661434073
          ],
          [
            4690874.665153545,
            2174142.185337482
          ],
          [
            4690875.242936483,
            2174142.699864813
          ],
          [
            4690875.827901597,
            2174143.204782765
          ],
          [
            4690876.419888261,
            2174143.69984429
          ],
          [
            4690877.018733265,
            2174144.184787405
          ],
          [
            4690877.624245506,
            2174144.659310901
          ],
          [
            4690878.234776378,
            2174145.122072598
          ],
          [
            4690878.450272381,
            2174145.281430475
          ],
          [
            4690881.11567223,
            2174147.130890871
          ],
          [
            4690882.074746449,
            2174147.831606143
          ],
          [
            4690882.906766831,
            2174148.425244303
          ],
          [
            4690883.957982469,
            2174149.159083124
          ],
          [
            4690888.143121157,
            2174151.815678657
          ],
          [
            4690926.308314033,
            2174179.632509236
          ],
          [
            4690931.130087029,
            2174183.547897766
          ],
          [
            4690932.514575521,
            2174184.606902673
          ],
          [
            4690933.688399971,
            2174185.516531362
          ],
          [
            4690934.85502838,
            2174186.433930581
          ],
          [
            4690935.819435051,
            2174187.205891043
          ],
          [
            4690936.777077904,
            2174187.98723765
          ],
          [
            4690937.536364452,
            2174188.618849584
          ],
          [
            4690938.289091836,
            2174189.259282672
          ],
          [
            4690939.034784882,
            2174189.90924516
          ],
          [
            4690939.959972836,
            2174190.739037105
          ],
          [
            4690940.508565779,
            2174191.242921267
          ],
          [
            4690941.236756832,
            2174191.926654678
          ],
          [
            4690941.946509931,
            2174192.610065239
          ],
          [
            4690942.656453897,
            2174193.309836485
          ],
          [
            4690943.176684726,
            2174193.832746536
          ],
          [
            4690943.869183711,
            2174194.543195719
          ],
          [
            4690944.549327121,
            2174195.257714374
          ],
          [
            4690945.0562017,
            2174195.799347824
          ],
          [
            4690945.719271783,
            2174196.522526707
          ],
          [
            4690946.375378268,
            2174197.253021623
          ],
          [
            4690947.02488752,
            2174197.990650847
          ],
          [
            4690947.667832553,
            2174198.734750346
          ],
          [
            4690948.463875246,
            2174199.674555074
          ],
          [
            4690949.251244599,
            2174200.62307168
          ],
          [
            4690950.031191454,
            2174201.579399668
          ],
          [
            4690950.804160744,
            2174202.542149547
          ],
          [
            4690951.569612535,
            2174203.510322977
          ],
          [
            4690952.325309289,
            2174204.484823109
          ],
          [
            4690953.069491499,
            2174205.468413362
          ],
          [
            4690953.654877126,
            2174206.262597017
          ],
          [
            4690954.086838473,
            2174206.86297751
          ],
          [
            4690954.512949867,
            2174207.469103825
          ],
          [
            4690954.932131206,
            2174208.081147711
          ],
          [
            4690955.343228472,
            2174208.699320203
          ],
          [
            4690955.740397902,
            2174209.319221699
          ],
          [
            4690956.127342982,
            2174209.946924726
          ],
          [
            4690956.493862139,
            2174210.571615028
          ],
          [
            4690956.729994589,
            2174210.991391705
          ],
          [
            4690956.959596416,
            2174211.415114669
          ],
          [
            4690957.180600786,
            2174211.844985914
          ],
          [
            4690957.394885906,
            2174212.28184559
          ],
          [
            4690957.597720919,
            2174212.717185934
          ],
          [
            4690957.795054536,
            2174213.165922065
          ],
          [
            4690957.88150932,
            2174213.375495255
          ],
          [
            4690958.136298145,
            2174214.049380388
          ],
          [
            4690958.280133564,
            2174214.487274482
          ],
          [
            4690958.414043703,
            2174214.941481163
          ],
          [
            4690958.472778609,
            2174215.160022829
          ],
          [
            4690958.579087304,
            2174215.618077142
          ],
          [
            4690958.658423023,
            2174216.071318237
          ],
          [
            4690958.716941855,
            2174216.527395264
          ],
          [
            4690958.759134379,
            2174216.988334339
          ],
          [
            4690958.776077052,
            2174217.444917899
          ],
          [
            4690958.776608304,
            2174217.908428306
          ],
          [
            4690958.752453098,
            2174218.368717184
          ],
          [
            4690958.734755646,
            2174218.591944624
          ],
          [
            4690958.680664173,
            2174219.061410186
          ],
          [
            4690958.607897579,
            2174219.516930943
          ],
          [
            4690958.512914847,
            2174219.980320214
          ],
          [
            4690958.461448201,
            2174220.193844372
          ],
          [
            4690958.334657745,
            2174220.649655819
          ],
          [
            4690958.192380785,
            2174221.100967237
          ],
          [
            4690958.029755395,
            2174221.538387831
          ],
          [
            4690957.847579471,
            2174221.982486711
          ],
          [
            4690957.756697463,
            2174222.184993813
          ],
          [
            4690957.54907483,
            2174222.609698104
          ],
          [
            4690957.328748512,
            2174223.018036167
          ],
          [
            4690957.092837197,
            2174223.423993837
          ],
          [
            4690956.839050487,
            2174223.82404725
          ],
          [
            4690956.57208076,
            2174224.211694184
          ],
          [
            4690956.438360088,
            2174224.396869912
          ],
          [
            4690956.147778732,
            2174224.775274485
          ],
          [
            4690955.850103953,
            2174225.135622396
          ],
          [
            4690955.535832588,
            2174225.495246588
          ],
          [
            4690955.380146386,
            2174225.666306783
          ],
          [
            4690955.047165752,
            2174226.013318567
          ],
          [
            4690954.710898821,
            2174226.342360389
          ],
          [
            4690954.36193507,
            2174226.667644623
          ],
          [
            4690954.006119847,
            2174226.984319389
          ],
          [
            4690953.450262803,
            2174227.446129315
          ],
          [
            4690952.873388638,
            2174227.897385891
          ],
          [
            4690952.494787357,
            2174228.178640648
          ],
          [
            4690952.336274695,
            2174228.28827852
          ],
          [
            4690948.940932606,
            2174230.406145268
          ],
          [
            4690946.368424883,
            2174231.998764751
          ],
          [
            4690944.209056162,
            2174233.323743646
          ],
          [
            4690942.247337599,
            2174234.51494818
          ],
          [
            4690940.481931501,
            2174235.574609719
          ],
          [
            4690938.910469235,
            2174236.513124044
          ],
          [
            4690938.45553116,
            2174236.797542264
          ],
          [
            4690938.006708835,
            2174237.087644963
          ],
          [
            4690937.562317825,
            2174237.384482928
          ],
          [
            4690937.122459834,
            2174237.687988522
          ],
          [
            4690936.687235315,
            2174237.998092161
          ],
          [
            4690936.25674336,
            2174238.314723186
          ],
          [
            4690935.831082637,
            2174238.637809349
          ],
          [
            4690935.410350294,
            2174238.967276623
          ],
          [
            4690934.994642644,
            2174239.303049847
          ],
          [
            4690934.584054805,
            2174239.645051997
          ],
          [
            4690934.17868051,
            2174239.993204934
          ],
          [
            4690933.778612721,
            2174240.347429046
          ],
          [
            4690933.383943122,
            2174240.70764305
          ],
          [
            4690932.994762111,
            2174241.073764405
          ],
          [
            4690932.61115882,
            2174241.445709228
          ],
          [
            4690932.233221393,
            2174241.823392241
          ],
          [
            4690931.861036697,
            2174242.206726571
          ],
          [
            4690931.494690051,
            2174242.595624175
          ],
          [
            4690931.134265746,
            2174242.989995769
          ],
          [
            4690930.779846794,
            2174243.389750538
          ],
          [
            4690930.431514852,
            2174243.794796395
          ],
          [
            4690930.089350259,
            2174244.205039905
          ],
          [
            4690929.753431848,
            2174244.620386434
          ],
          [
            4690929.42383733,
            2174245.040740106
          ],
          [
            4690929.100642944,
            2174245.46600365
          ],
          [
            4690928.783923619,
            2174245.896078619
          ],
          [
            4690928.473752923,
            2174246.330865116
          ],
          [
            4690928.170202582,
            2174246.770262334
          ],
          [
            4690927.873343679,
            2174247.214168102
          ],
          [
            4690927.583245147,
            2174247.662478751
          ],
          [
            4690927.299974844,
            2174248.11508991
          ],
          [
            4690927.023599098,
            2174248.571895594
          ],
          [
            4690926.754182815,
            2174249.032788756
          ],
          [
            4690926.491789319,
            2174249.497661084
          ],
          [
            4690926.236480487,
            2174249.966403167
          ],
          [
            4690925.988316654,
            2174250.438904456
          ],
          [
            4690925.74735697,
            2174250.915052994
          ],
          [
            4690925.513658636,
            2174251.394735562
          ],
          [
            4690925.287277418,
            2174251.877838155
          ],
          [
            4690925.068267765,
            2174252.364245378
          ],
          [
            4690924.856682697,
            2174252.853840283
          ],
          [
            4690924.652573177,
            2174253.346504933
          ],
          [
            4690924.455988978,
            2174253.842120417
          ],
          [
            4690924.266978326,
            2174254.340566259
          ],
          [
            4690924.085587887,
            2174254.841720752
          ],
          [
            4690923.911862752,
            2174255.345460789
          ],
          [
            4690923.745846216,
            2174255.851662236
          ],
          [
            4690923.587580456,
            2174256.360199503
          ],
          [
            4690923.437105793,
            2174256.870945407
          ],
          [
            4690923.294461023,
            2174257.383771692
          ],
          [
            4690923.159683611,
            2174257.898548293
          ],
          [
            4690923.032809002,
            2174258.415143905
          ],
          [
            4690922.913871588,
            2174258.933425811
          ],
          [
            4690922.802904101,
            2174259.453259188
          ],
          [
            4690922.699937459,
            2174259.974508048
          ],
          [
            4690922.605001545,
            2174260.497034531
          ],
          [
            4690922.518124375,
            2174261.020698905
          ],
          [
            4690922.43933278,
            2174261.54535977
          ],
          [
            4690922.368652074,
            2174262.070873561
          ],
          [
            4690922.306106164,
            2174262.597094861
          ],
          [
            4690922.251717721,
            2174263.123876093
          ],
          [
            4690922.205508118,
            2174263.651067347
          ],
          [
            4690922.167497434,
            2174264.178516646
          ],
          [
            4690922.137704949,
            2174264.706069347
          ],
          [
            4690922.116148618,
            2174265.2335681
          ],
          [
            4690922.102845526,
            2174265.760853501
          ],
          [
            4690922.097812559,
            2174266.287762673
          ],
          [
            4690922.101065339,
            2174266.814130046
          ],
          [
            4690922.112619825,
            2174267.33978727
          ],
          [
            4690922.132491765,
            2174267.864562106
          ],
          [
            4690922.160696933,
            2174268.388279446
          ],
          [
            4690922.197252164,
            2174268.910760451
          ],
          [
            4690922.242174984,
            2174269.431822637
          ],
          [
            4690922.295484853,
            2174269.951279816
          ],
          [
            4690922.357203283,
            2174270.468941856
          ],
          [
            4690922.42735497,
            2174270.984614554
          ],
          [
            4690922.505968262,
            2174271.498099518
          ],
          [
            4690922.593076396,
            2174272.009194239
          ],
          [
            4690922.688718524,
            2174272.517692049
          ],
          [
            4690922.79294125,
            2174273.023382419
          ],
          [
            4690922.905320666,
            2174273.523913997
          ],
          [
            4690925.81642623,
            2174285.775428118
          ],
          [
            4690927.815870646,
            2174294.759120943
          ],
          [
            4690928.703435592,
            2174300.543320861
          ],
          [
            4690929.068324036,
            2174302.513545349
          ],
          [
            4690929.28508009,
            2174303.739426991
          ],
          [
            4690929.490788255,
            2174304.968821989
          ],
          [
            4690929.683941588,
            2174306.203479437
          ],
          [
            4690929.82764959,
            2174307.185560682
          ],
          [
            4690929.99395569,
            2174308.420994663
          ],
          [
            4690930.113513762,
            2174309.40212125
          ],
          [
            4690930.221895608,
            2174310.386418935
          ],
          [
            4690930.316783182,
            2174311.366504893
          ],
          [
            4690930.380559831,
            2174312.103540827
          ],
          [
            4690930.452206663,
            2174313.079731046
          ],
          [
            4690930.51006489,
            2174314.057981606
          ],
          [
            4690930.543062215,
            2174314.792370835
          ],
          [
            4690930.56861126,
            2174315.528661753
          ],
          [
            4690930.584587746,
            2174316.266699377
          ],
          [
            4690930.592708418,
            2174317.005038318
          ],
          [
            4690930.587425407,
            2174317.99527723
          ],
          [
            4690930.573169548,
            2174318.737602576
          ],
          [
            4690930.538584186,
            2174319.733329709
          ],
          [
            4690930.486662916,
            2174320.715913373
          ],
          [
            4690930.417566732,
            2174321.701308016
          ],
          [
            4690930.354924931,
            2174322.42839219
          ],
          [
            4690930.282690514,
            2174323.157043589
          ],
          [
            4690930.201016295,
            2174323.885463054
          ],
          [
            4690930.108664054,
            2174324.614817677
          ],
          [
            4690930.007753705,
            2174325.344525335
          ],
          [
            4690929.896252703,
            2174326.074134971
          ],
          [
            4690929.774954233,
            2174326.804768835
          ],
          [
            4690929.643901014,
            2174327.535959964
          ],
          [
            4690929.503313846,
            2174328.266243165
          ],
          [
            4690929.301656992,
            2174329.226743997
          ],
          [
            4690929.082871392,
            2174330.18707975
          ],
          [
            4690928.846755228,
            2174331.14739558
          ],
          [
            4690928.661096018,
            2174331.85326436
          ],
          [
            4690928.465705878,
            2174332.559131379
          ],
          [
            4690928.260897654,
            2174333.263744912
          ],
          [
            4690928.046827608,
            2174333.966538957
          ],
          [
            4690927.822194226,
            2174334.667935785
          ],
          [
            4690927.587824193,
            2174335.36866936
          ],
          [
            4690927.34381565,
            2174336.068248453
          ],
          [
            4690927.090117773,
            2174336.766745131
          ],
          [
            4690926.827197434,
            2174337.462762736
          ],
          [
            4690926.464931211,
            2174338.375397679
          ],
          [
            4690926.085863607,
            2174339.285026684
          ],
          [
            4690925.689781942,
            2174340.191765476
          ],
          [
            4690925.386761644,
            2174340.856268578
          ],
          [
            4690925.07420093,
            2174341.519163891
          ],
          [
            4690924.752886186,
            2174342.178744578
          ],
          [
            4690924.421234523,
            2174342.835721167
          ],
          [
            4690924.081495475,
            2174343.490260808
          ],
          [
            4690923.731878391,
            2174344.141254544
          ],
          [
            4690923.37277727,
            2174344.79005572
          ],
          [
            4690923.005169603,
            2174345.434903321
          ],
          [
            4690922.501409494,
            2174346.285770078
          ],
          [
            4690922.11513569,
            2174346.917360992
          ],
          [
            4690921.724366194,
            2174347.53878556
          ],
          [
            4690921.185172967,
            2174348.36856063
          ],
          [
            4690920.778019978,
            2174348.974234295
          ],
          [
            4690920.362026617,
            2174349.576788686
          ],
          [
            4690919.937919406,
            2174350.175189461
          ],
          [
            4690919.505721553,
            2174350.769457293
          ],
          [
            4690919.065781703,
            2174351.359186613
          ],
          [
            4690918.616581742,
            2174351.944792298
          ],
          [
            4690918.160836791,
            2174352.525981703
          ],
          [
            4690917.537281987,
            2174353.295757976
          ],
          [
            4690917.062073554,
            2174353.867005768
          ],
          [
            4690916.413764514,
            2174354.624306898
          ],
          [
            4690915.761712401,
            2174355.361689826
          ],
          [
            4690915.096269147,
            2174356.092267378
          ],
          [
            4690914.418616748,
            2174356.814953679
          ],
          [
            4690913.739535592,
            2174357.518031253
          ],
          [
            4690913.049617653,
            2174358.213398866
          ],
          [
            4690912.349552234,
            2174358.901163573
          ],
          [
            4690911.64005358,
            2174359.581531879
          ],
          [
            4690910.92080802,
            2174360.254841242
          ],
          [
            4690910.193427453,
            2174360.92222812
          ],
          [
            4690909.265003761,
            2174361.756655378
          ],
          [
            4690905.005203569,
            2174365.820329354
          ],
          [
            4690905.005203569,
            2174365.820329354
          ],
          [
            4690905.00150384,
            2174365.823378263
          ],
          [
            4690905.00150384,
            2174365.823378263
          ],
          [
            4690902.947701653,
            2174367.512039319
          ],
          [
            4690856.339258188,
            2174405.747348823
          ],
          [
            4690856.339258188,
            2174405.747348823
          ],
          [
            4690854.478443276,
            2174407.278121137
          ],
          [
            4690854.478443276,
            2174407.278121137
          ],
          [
            4690854.226773331,
            2174407.48603889
          ],
          [
            4690849.707650469,
            2174410.714468464
          ],
          [
            4690849.086928055,
            2174411.217150905
          ],
          [
            4690848.48399674,
            2174411.721940395
          ],
          [
            4690847.889384687,
            2174412.236503354
          ],
          [
            4690847.303250164,
            2174412.760702591
          ],
          [
            4690846.725749444,
            2174413.294398549
          ],
          [
            4690846.157036241,
            2174413.837448947
          ],
          [
            4690845.597262128,
            2174414.389709247
          ],
          [
            4690845.046576284,
            2174414.951032262
          ],
          [
            4690844.505125403,
            2174415.521268437
          ],
          [
            4690843.973053717,
            2174416.100265849
          ],
          [
            4690843.45050297,
            2174416.687870236
          ],
          [
            4690842.937612296,
            2174417.283925097
          ],
          [
            4690842.434518513,
            2174417.888271646
          ],
          [
            4690841.941355487,
            2174418.500748784
          ],
          [
            4690841.458254669,
            2174419.121193465
          ],
          [
            4690840.98534475,
            2174419.749440372
          ],
          [
            4690840.522751915,
            2174420.385322047
          ],
          [
            4690840.07059899,
            2174421.028669067
          ],
          [
            4690839.629006799,
            2174421.679310265
          ],
          [
            4690839.198092929,
            2174422.337072009
          ],
          [
            4690838.777972047,
            2174423.001779167
          ],
          [
            4690838.368756131,
            2174423.673254743
          ],
          [
            4690837.970554347,
            2174424.351319792
          ],
          [
            4690837.583472739,
            2174425.035793551
          ],
          [
            4690837.207614326,
            2174425.726493697
          ],
          [
            4690836.843079273,
            2174426.42323628
          ],
          [
            4690836.489964758,
            2174427.125835662
          ],
          [
            4690836.148364901,
            2174427.834104641
          ],
          [
            4690835.81837075,
            2174428.54785449
          ],
          [
            4690835.500070268,
            2174429.266894937
          ],
          [
            4690835.193548037,
            2174429.991034482
          ],
          [
            4690834.898886013,
            2174430.720080209
          ],
          [
            4690834.616162515,
            2174431.453837788
          ],
          [
            4690834.345453088,
            2174432.192111769
          ],
          [
            4690834.086829759,
            2174432.934705367
          ],
          [
            4690833.840361622,
            2174433.681420679
          ],
          [
            4690833.606114196,
            2174434.432058635
          ],
          [
            4690833.384149954,
            2174435.186419299
          ],
          [
            4690833.174528111,
            2174435.944301576
          ],
          [
            4690832.97730451,
            2174436.705503553
          ],
          [
            4690832.792532003,
            2174437.469822188
          ],
          [
            4690832.620259522,
            2174438.23705381
          ],
          [
            4690832.460533436,
            2174439.00699381
          ],
          [
            4690832.313395875,
            2174439.779436966
          ],
          [
            4690832.178886624,
            2174440.554177354
          ],
          [
            4690832.057041246,
            2174441.331008193
          ],
          [
            4690831.947892392,
            2174442.109722559
          ],
          [
            4690831.851469428,
            2174442.890112492
          ],
          [
            4690831.767797818,
            2174443.671969895
          ],
          [
            4690831.696900273,
            2174444.455086167
          ],
          [
            4690831.638795596,
            2174445.239252278
          ],
          [
            4690831.593499618,
            2174446.024258873
          ],
          [
            4690831.561024359,
            2174446.809896268
          ],
          [
            4690831.541378635,
            2174447.59595474
          ],
          [
            4690831.534567882,
            2174448.382224331
          ],
          [
            4690831.540594238,
            2174449.16849465
          ],
          [
            4690831.559455916,
            2174449.954555614
          ],
          [
            4690831.591148386,
            2174450.740197054
          ],
          [
            4690831.635663379,
            2174451.525208428
          ],
          [
            4690831.692989023,
            2174452.309379632
          ],
          [
            4690831.763110382,
            2174453.092500577
          ],
          [
            4690831.846008925,
            2174453.874361264
          ],
          [
            4690831.941662883,
            2174454.654751731
          ],
          [
            4690832.050046779,
            2174455.433462465
          ],
          [
            4690832.171132164,
            2174456.210283921
          ],
          [
            4690832.304886655,
            2174456.985006991
          ],
          [
            4690832.451274913,
            2174457.757423041
          ],
          [
            4690832.610258219,
            2174458.527323253
          ],
          [
            4690832.781794035,
            2174459.294499662
          ],
          [
            4690832.965837068,
            2174460.058744174
          ],
          [
            4690833.16233782,
            2174460.819849551
          ],
          [
            4690833.371244316,
            2174461.577608677
          ],
          [
            4690833.592500545,
            2174462.331814658
          ],
          [
            4690833.826047293,
            2174463.082261332
          ],
          [
            4690834.071822105,
            2174463.828742531
          ],
          [
            4690834.329758778,
            2174464.57105273
          ],
          [
            4690834.599788092,
            2174465.308986462
          ],
          [
            4690834.881837026,
            2174466.042338849
          ],
          [
            4690835.175829603,
            2174466.770904771
          ],
          [
            4690835.481685692,
            2174467.494479488
          ],
          [
            4690835.799322128,
            2174468.212858777
          ],
          [
            4690836.128163527,
            2174468.924779232
          ],
          [
            4690836.356297864,
            2174469.401664399
          ],
          [
            4690836.492171255,
            2174469.67090238
          ],
          [
            4690837.985060561,
            2174472.060607911
          ],
          [
            4690839.352552755,
            2174474.256367243
          ],
          [
            4690842.409597627,
            2174478.023811411
          ],
          [
            4690842.409597627,
            2174478.023811411
          ],
          [
            4690842.598919699,
            2174478.28320411
          ],
          [
            4690842.598919699,
            2174478.28320411
          ],
          [
            4690843.788650617,
            2174479.874380646
          ],
          [
            4690843.788650617,
            2174479.874380646
          ],
          [
            4690844.796802245,
            2174481.177684394
          ],
          [
            4690844.796802245,
            2174481.177684394
          ],
          [
            4690846.063541369,
            2174482.774399664
          ],
          [
            4690846.063541369,
            2174482.774399664
          ],
          [
            4690846.829004781,
            2174483.723212171
          ],
          [
            4690846.829004781,
            2174483.723212171
          ],
          [
            4690848.349610014,
            2174485.592344572
          ],
          [
            4690856.489585372,
            2174495.570201366
          ],
          [
            4690861.030835738,
            2174501.672016242
          ],
          [
            4690861.913884198,
            2174502.874327165
          ],
          [
            4690862.642457883,
            2174503.880716242
          ],
          [
            4690863.507323197,
            2174505.097559693
          ],
          [
            4690864.217261452,
            2174506.119210586
          ],
          [
            4690864.916795807,
            2174507.152632106
          ],
          [
            4690865.329090962,
            2174507.77542465
          ],
          [
            4690865.861071056,
            2174508.60232835
          ],
          [
            4690866.380428186,
            2174509.439677545
          ],
          [
            4690866.887757799,
            2174510.28883338
          ],
          [
            4690867.252365134,
            2174510.921309399
          ],
          [
            4690867.610291309,
            2174511.560369099
          ],
          [
            4690867.96092905,
            2174512.20490716
          ],
          [
            4690868.30430853,
            2174512.854914165
          ],
          [
            4690868.639900822,
            2174513.509277376
          ],
          [
            4690869.076208123,
            2174514.392711333
          ],
          [
            4690869.499471131,
            2174515.285273452
          ],
          [
            4690869.909403846,
            2174516.188387791
          ],
          [
            4690870.306988419,
            2174517.10164812
          ],
          [
            4690870.685148436,
            2174518.010056503
          ],
          [
            4690871.051246344,
            2174518.927543612
          ],
          [
            4690871.404804946,
            2174519.852569769
          ],
          [
            4690871.739978938,
            2174520.7703288
          ],
          [
            4690872.062835268,
            2174521.693035851
          ],
          [
            4690874.048364411,
            2174527.73556977
          ],
          [
            4690880.978972303,
            2174556.190870064
          ],
          [
            4690880.978972303,
            2174556.190870064
          ],
          [
            4690882.896508261,
            2174563.033020767
          ],
          [
            4690885.27899462,
            2174569.727475871
          ],
          [
            4690888.11520158,
            2174576.242681199
          ],
          [
            4690894.925066593,
            2174590.525175092
          ],
          [
            4690897.218785217,
            2174596.010756565
          ],
          [
            4690898.254418251,
            2174598.289311891
          ],
          [
            4690898.967705861,
            2174599.882176361
          ],
          [
            4690899.570434959,
            2174601.251917724
          ],
          [
            4690900.163982036,
            2174602.627508311
          ],
          [
            4690900.74706781,
            2174604.010811344
          ],
          [
            4690901.224158453,
            2174605.169372099
          ],
          [
            4690901.688821983,
            2174606.326703444
          ],
          [
            4690902.140539293,
            2174607.483600483
          ],
          [
            4690902.492889193,
            2174608.409806634
          ],
          [
            4690902.837948269,
            2174609.340174133
          ],
          [
            4690903.172350588,
            2174610.266534857
          ],
          [
            4690903.581212761,
            2174611.437204156
          ],
          [
            4690903.896143787,
            2174612.372937589
          ],
          [
            4690904.127465027,
            2174613.078374969
          ],
          [
            4690904.424008676,
            2174614.013840407
          ],
          [
            4690904.710759697,
            2174614.952688902
          ],
          [
            4690904.987538777,
            2174615.895211397
          ],
          [
            4690905.254070622,
            2174616.841233578
          ],
          [
            4690905.509613211,
            2174617.791763024
          ],
          [
            4690905.755346532,
            2174618.746185447
          ],
          [
            4690905.989863526,
            2174619.704862758
          ],
          [
            4690906.213937715,
            2174620.668196335
          ],
          [
            4690906.42749806,
            2174621.63605878
          ],
          [
            4690906.630531086,
            2174622.608327125
          ],
          [
            4690906.822465509,
            2174623.58577595
          ],
          [
            4690907.003994915,
            2174624.568377841
          ],
          [
            4690907.173234578,
            2174625.54907992
          ],
          [
            4690907.291622024,
            2174626.275894552
          ],
          [
            4690907.441261694,
            2174627.255366189
          ],
          [
            4690907.58045225,
            2174628.238075329
          ],
          [
            4690907.709069288,
            2174629.223380557
          ],
          [
            4690907.824962444,
            2174630.196371646
          ],
          [
            4690907.930698765,
            2174631.171438594
          ],
          [
            4690908.026406532,
            2174632.148291387
          ],
          [
            4690908.112269998,
            2174633.126867716
          ],
          [
            4690908.188507504,
            2174634.107109841
          ],
          [
            4690908.255376948,
            2174635.088964528
          ],
          [
            4690908.313156983,
            2174636.071954526
          ],
          [
            4690908.373239712,
            2174637.303820146
          ],
          [
            4690908.42083843,
            2174638.545697963
          ],
          [
            4690908.763015098,
            2174644.0318393
          ],
          [
            4690908.763015098,
            2174644.0318393
          ],
          [
            4690908.75862003,
            2174644.384170533
          ],
          [
            4690908.75862003,
            2174644.384170533
          ],
          [
            4690908.72293261,
            2174646.397801067
          ],
          [
            4690908.72293261,
            2174646.397801067
          ],
          [
            4690908.658238346,
            2174648.928128625
          ],
          [
            4690908.658238346,
            2174648.928128625
          ],
          [
            4690908.611411122,
            2174650.448543319
          ],
          [
            4690908.611411122,
            2174650.448543319
          ],
          [
            4690908.509198374,
            2174653.50740288
          ],
          [
            4690906.360127276,
            2174716.185336369
          ],
          [
            4690905.684406711,
            2174726.381175875
          ],
          [
            4690905.652311242,
            2174727.179817864
          ],
          [
            4690905.636877302,
            2174727.976871758
          ],
          [
            4690905.638027909,
            2174728.774073859
          ],
          [
            4690905.655762526,
            2174729.57107914
          ],
          [
            4690905.690073551,
            2174730.367542557
          ],
          [
            4690905.740946048,
            2174731.163119408
          ],
          [
            4690905.808358169,
            2174731.957465207
          ],
          [
            4690905.892280569,
            2174732.750236089
          ],
          [
            4690905.992677038,
            2174733.541088939
          ],
          [
            4690906.109504156,
            2174734.329681143
          ],
          [
            4690906.242711078,
            2174735.115671495
          ],
          [
            4690906.392240416,
            2174735.898719696
          ],
          [
            4690906.558027315,
            2174736.678486603
          ],
          [
            4690906.740000019,
            2174737.454634661
          ],
          [
            4690906.938079798,
            2174738.226827747
          ],
          [
            4690907.152180852,
            2174738.994731382
          ],
          [
            4690907.382210384,
            2174739.75801312
          ],
          [
            4690907.628068893,
            2174740.51634237
          ],
          [
            4690907.889649866,
            2174741.26939063
          ],
          [
            4690908.166840018,
            2174742.016831709
          ],
          [
            4690908.459519274,
            2174742.758341706
          ],
          [
            4690908.767560754,
            2174743.493599561
          ],
          [
            4690909.090831229,
            2174744.222286461
          ],
          [
            4690909.429190405,
            2174744.944086672
          ],
          [
            4690909.782491833,
            2174745.65868735
          ],
          [
            4690910.150582327,
            2174746.365778464
          ],
          [
            4690910.533302123,
            2174747.065053562
          ],
          [
            4690910.930485459,
            2174747.756209546
          ],
          [
            4690911.341960192,
            2174748.43894613
          ],
          [
            4690911.767547485,
            2174749.112967275
          ],
          [
            4690912.207062952,
            2174749.777980391
          ],
          [
            4690912.660315688,
            2174750.433696464
          ],
          [
            4690913.127108812,
            2174751.079830924
          ],
          [
            4690913.607239759,
            2174751.716102596
          ],
          [
            4690914.100499541,
            2174752.342234931
          ],
          [
            4690914.606673888,
            2174752.957955584
          ],
          [
            4690915.125542637,
            2174753.562996329
          ],
          [
            4690915.656879783,
            2174754.157093322
          ],
          [
            4690916.200453708,
            2174754.739987744
          ],
          [
            4690916.756027529,
            2174755.311425073
          ],
          [
            4690917.323358752,
            2174755.871155789
          ],
          [
            4690917.902199666,
            2174756.418934737
          ],
          [
            4690918.492296921,
            2174756.954522115
          ],
          [
            4690919.093392245,
            2174757.477682906
          ],
          [
            4690919.705221945,
            2174757.988187225
          ],
          [
            4690920.327517359,
            2174758.485810428
          ],
          [
            4690920.960004687,
            2174758.970332821
          ],
          [
            4690921.602405015,
            2174759.441540291
          ],
          [
            4690922.254434599,
            2174759.899223854
          ],
          [
            4690922.915804629,
            2174760.343180029
          ],
          [
            4690923.586221396,
            2174760.773210602
          ],
          [
            4690924.265386178,
            2174761.189123041
          ],
          [
            4690924.952995388,
            2174761.590730196
          ],
          [
            4690925.648740513,
            2174761.977850688
          ],
          [
            4690926.352308166,
            2174762.350308412
          ],
          [
            4690927.063379732,
            2174762.707932963
          ],
          [
            4690927.781631628,
            2174763.050559627
          ],
          [
            4690928.506735184,
            2174763.378029278
          ],
          [
            4690929.238356212,
            2174763.690188158
          ],
          [
            4690929.976155266,
            2174763.986888743
          ],
          [
            4690930.719787537,
            2174764.267988444
          ],
          [
            4690931.468902008,
            2174764.5333504
          ],
          [
            4690932.223142034,
            2174764.782843513
          ],
          [
            4690932.98214446,
            2174765.016341509
          ],
          [
            4690933.745539607,
            2174765.233724219
          ],
          [
            4690934.512950908,
            2174765.434875915
          ],
          [
            4690935.283994313,
            2174765.61968663
          ],
          [
            4690936.058278185,
            2174765.788050736
          ],
          [
            4690936.835402121,
            2174765.939867424
          ],
          [
            4690937.61495732,
            2174766.075040597
          ],
          [
            4690938.396525143,
            2174766.19347727
          ],
          [
            4690939.179676471,
            2174766.295088716
          ],
          [
            4690939.963971821,
            2174766.379788825
          ],
          [
            4690940.7475172,
            2174766.447368594
          ],
          [
            4690941.272433144,
            2174766.483119245
          ],
          [
            4690941.795872966,
            2174766.511156738
          ],
          [
            4690942.319129418,
            2174766.531554086
          ],
          [
            4690942.842056011,
            2174766.544285828
          ],
          [
            4690943.364502617,
            2174766.549325534
          ],
          [
            4690943.886316496,
            2174766.546646231
          ],
          [
            4690944.407341373,
            2174766.536218644
          ],
          [
            4690944.927417414,
            2174766.518012191
          ],
          [
            4690945.446381665,
            2174766.49199335
          ],
          [
            4690945.964067229,
            2174766.458125535
          ],
          [
            4690946.480303946,
            2174766.416368344
          ],
          [
            4690946.994917645,
            2174766.366676315
          ],
          [
            4690947.507730852,
            2174766.308998709
          ],
          [
            4690948.019888118,
            2174766.243106827
          ],
          [
            4690948.71922512,
            2174766.139213665
          ],
          [
            4690957.89355974,
            2174764.695664815
          ],
          [
            4690957.89355974,
            2174764.695664815
          ],
          [
            4690959.225089344,
            2174764.505784459
          ],
          [
            4690982.036585299,
            2174761.229888551
          ],
          [
            4690982.036585299,
            2174761.229888551
          ],
          [
            4690990.796121533,
            2174760.222885763
          ],
          [
            4690999.59846761,
            2174759.710798682
          ],
          [
            4691032.940973849,
            2174758.712328547
          ],
          [
            4691032.940973849,
            2174758.712328547
          ],
          [
            4691039.146883036,
            2174758.370018404
          ],
          [
            4691045.327711272,
            2174757.7159179617
          ],
          [
            4691051.467803923,
            2174756.751683908
          ],
          [
            4691069.124283521,
            2174753.521723683
          ],
          [
            4691075.3083841,
            2174752.729700329
          ],
          [
            4691077.271694103,
            2174752.419407028
          ],
          [
            4691078.981170315,
            2174752.162736878
          ],
          [
            4691080.446590003,
            2174751.95499294
          ],
          [
            4691081.667856539,
            2174751.792039378
          ],
          [
            4691082.890069631,
            2174751.639272673
          ],
          [
            4691084.113253376,
            2174751.49778982
          ],
          [
            4691085.337715618,
            2174751.368513338
          ],
          [
            4691086.56394493,
            2174751.252338773
          ],
          [
            4691087.545711162,
            2174751.170171991
          ],
          [
            4691088.529197504,
            2174751.096910077
          ],
          [
            4691089.514424675,
            2174751.034202206
          ],
          [
            4691090.500533566,
            2174750.981261743
          ],
          [
            4691091.738107544,
            2174750.931637555
          ],
          [
            4691092.730156764,
            2174750.904283758
          ],
          [
            4691093.474402888,
            2174750.891618422
          ],
          [
            4691094.471529686,
            2174750.885697586
          ],
          [
            4691095.464115177,
            2174750.892763538
          ],
          [
            4691096.207133483,
            2174750.906022075
          ],
          [
            4691096.95209615,
            2174750.926362099
          ],
          [
            4691097.68956422,
            2174750.953443101
          ],
          [
            4691098.680237439,
            2174751.001209865
          ],
          [
            4691099.656192465,
            2174751.061341336
          ],
          [
            4691100.632602354,
            2174751.133923886
          ],
          [
            4691101.60918187,
            2174751.218936462
          ],
          [
            4691102.585930161,
            2174751.316372755
          ],
          [
            4691103.562547982,
            2174751.426188797
          ],
          [
            4691104.539691536,
            2174751.549241185
          ],
          [
            4691105.516291997,
            2174751.683880608
          ],
          [
            4691106.739575913,
            2174751.871588547
          ],
          [
            4691107.718160338,
            2174752.035264876
          ],
          [
            4691108.45101878,
            2174752.166157565
          ],
          [
            4691109.431160088,
            2174752.352613747
          ],
          [
            4691110.404636994,
            2174752.550842665
          ],
          [
            4691111.13205698,
            2174752.70680658
          ],
          [
            4691111.85143867,
            2174752.867781457
          ],
          [
            4691112.81684909,
            2174753.094620315
          ],
          [
            4691113.780788938,
            2174753.33313766
          ],
          [
            4691114.728115306,
            2174753.579917649
          ],
          [
            4691115.673704707,
            2174753.83778347
          ],
          [
            4691116.617302541,
            2174754.106451501
          ],
          [
            4691117.558935525,
            2174754.38567276
          ],
          [
            4691118.498652676,
            2174754.67515911
          ],
          [
            4691119.436527923,
            2174754.974576611
          ],
          [
            4691120.372662759,
            2174755.283537553
          ],
          [
            4691121.306959468,
            2174755.601513714
          ],
          [
            4691122.239331788,
            2174755.928524603
          ],
          [
            4691123.412253027,
            2174756.351709417
          ],
          [
            4691128.416136693,
            2174758.013361129
          ],
          [
            4691128.416136693,
            2174758.013361129
          ],
          [
            4691128.686719219,
            2174758.125741727
          ],
          [
            4691128.686719219,
            2174758.125741727
          ],
          [
            4691130.91641936,
            2174759.06323126
          ],
          [
            4691130.91641936,
            2174759.06323126
          ],
          [
            4691132.253489585,
            2174759.634083767
          ],
          [
            4691132.253489585,
            2174759.634083767
          ],
          [
            4691134.942163205,
            2174760.790745517
          ],
          [
            4691200.49779804,
            2174789.063884187
          ],
          [
            4691200.49779804,
            2174789.063884187
          ],
          [
            4691203.137126658,
            2174790.199273815
          ],
          [
            4691203.137126658,
            2174790.199273815
          ],
          [
            4691204.467359005,
            2174790.767118435
          ],
          [
            4691204.467359005,
            2174790.767118435
          ],
          [
            4691206.689676327,
            2174791.701153307
          ],
          [
            4691206.689676327,
            2174791.701153307
          ],
          [
            4691208.982830261,
            2174792.685378824
          ],
          [
            4691218.548245968,
            2174796.395217158
          ],
          [
            4691219.547540499,
            2174796.695761269
          ],
          [
            4691220.534899354,
            2174796.979051491
          ],
          [
            4691221.525750843,
            2174797.249726569
          ],
          [
            4691222.519928847,
            2174797.507737554
          ],
          [
            4691223.517265953,
            2174797.753036262
          ],
          [
            4691224.517592737,
            2174797.985575537
          ],
          [
            4691225.520737786,
            2174798.205309422
          ],
          [
            4691226.526527945,
            2174798.41219302
          ],
          [
            4691227.534787329,
            2174798.606181212
          ],
          [
            4691228.545337457,
            2174798.787230415
          ],
          [
            4691229.557996877,
            2174798.955296198
          ],
          [
            4691230.572580536,
            2174799.110334853
          ],
          [
            4691231.588899568,
            2174799.252301585
          ],
          [
            4691232.606760332,
            2174799.381151135
          ],
          [
            4691233.625964057,
            2174799.496836894
          ],
          [
            4691234.64630608,
            2174799.599310583
          ],
          [
            4691235.667574672,
            2174799.688521087
          ],
          [
            4691236.689550104,
            2174799.764414514
          ],
          [
            4691237.721145827,
            2174799.827491708
          ],
          [
            4691237.721145827,
            2174799.827491708
          ],
          [
            4691240.869547492,
            2174799.921587537
          ],
          [
            4691244.017691142,
            2174799.819222406
          ],
          [
            4691251.85276788,
            2174799.319484538
          ],
          [
            4691251.85276788,
            2174799.319484538
          ],
          [
            4691253.792630337,
            2174799.173993051
          ],
          [
            4691253.792630337,
            2174799.173993051
          ],
          [
            4691256.199210187,
            2174798.97320224
          ],
          [
            4691256.199210187,
            2174798.97320224
          ],
          [
            4691257.639870938,
            2174798.844896903
          ],
          [
            4691257.639870938,
            2174798.844896903
          ],
          [
            4691260.50100116,
            2174798.582030207
          ],
          [
            4691272.753291896,
            2174797.444848578
          ],
          [
            4691277.152764494,
            2174797.364784627
          ],
          [
            4691278.641371093,
            2174797.295840272
          ],
          [
            4691280.120492072,
            2174797.239426201
          ],
          [
            4691281.352111343,
            2174797.203889826
          ],
          [
            4691282.335744745,
            2174797.18453175
          ],
          [
            4691283.567540109,
            2174797.174489167
          ],
          [
            4691284.551433779,
            2174797.178666384
          ],
          [
            4691285.535545183,
            2174797.197085545
          ],
          [
            4691286.522111924,
            2174797.232438649
          ],
          [
            4691287.262105389,
            2174797.270372977
          ],
          [
            4691287.754471519,
            2174797.302554687
          ],
          [
            4691288.239344975,
            2174797.339808722
          ],
          [
            4691288.975335764,
            2174797.407765806
          ],
          [
            4691289.711459866,
            2174797.488574857
          ],
          [
            4691290.432719816,
            2174797.581405378
          ],
          [
            4691291.156008682,
            2174797.688227834
          ],
          [
            4691291.879915403,
            2174797.806078591
          ],
          [
            4691292.603803219,
            2174797.937337361
          ],
          [
            4691293.329052865,
            2174798.08083968
          ],
          [
            4691294.054450536,
            2174798.236213329
          ],
          [
            4691294.772879205,
            2174798.402808432
          ],
          [
            4691300.124383857,
            2174799.727728122
          ],
          [
            4691318.279257268,
            2174806.865373396
          ],
          [
            4691326.332935455,
            2174810.485976075
          ],
          [
            4691328.643630408,
            2174811.537048427
          ],
          [
            4691330.734246625,
            2174812.500794177
          ],
          [
            4691332.608056733,
            2174813.376950583
          ],
          [
            4691334.04701604,
            2174814.052498146
          ],
          [
            4691334.553347917,
            2174814.2605272
          ],
          [
            4691335.050297922,
            2174814.455667758
          ],
          [
            4691335.550116314,
            2174814.642955015
          ],
          [
            4691336.052671219,
            2174814.822338899
          ],
          [
            4691336.557828765,
            2174814.993770858
          ],
          [
            4691337.065453743,
            2174815.157204456
          ],
          [
            4691337.575409278,
            2174815.312594465
          ],
          [
            4691338.087556787,
            2174815.459897753
          ],
          [
            4691338.601756047,
            2174815.59907242
          ],
          [
            4691339.117864711,
            2174815.730078456
          ],
          [
            4691339.635739129,
            2174815.852877619
          ],
          [
            4691340.155233431,
            2174815.967432765
          ],
          [
            4691340.676199501,
            2174816.073708726
          ],
          [
            4691341.19848764,
            2174816.171671924
          ],
          [
            4691341.721945712,
            2174816.261290011
          ],
          [
            4691342.246419569,
            2174816.342532487
          ],
          [
            4691342.771752501,
            2174816.415369722
          ],
          [
            4691343.297785667,
            2174816.479774106
          ],
          [
            4691343.824357445,
            2174816.535718403
          ],
          [
            4691344.351303472,
            2174816.583177417
          ],
          [
            4691344.878457315,
            2174816.622126429
          ],
          [
            4691345.405648721,
            2174816.652541423
          ],
          [
            4691345.932704898,
            2174816.674399728
          ],
          [
            4691346.459450264,
            2174816.687678558
          ],
          [
            4691346.985705284,
            2174816.692355368
          ],
          [
            4691347.511287185,
            2174816.688407824
          ],
          [
            4691348.036010143,
            2174816.675813042
          ],
          [
            4691348.559684157,
            2174816.654546869
          ],
          [
            4691349.082115491,
            2174816.624584247
          ],
          [
            4691349.60310677,
            2174816.585897782
          ],
          [
            4691350.122456563,
            2174816.53845743
          ],
          [
            4691350.63995911,
            2174816.482229426
          ],
          [
            4691351.155404904,
            2174816.417175811
          ],
          [
            4691351.668570558,
            2174816.343253889
          ],
          [
            4691352.181191073,
            2174816.260109389
          ],
          [
            4691352.689309042,
            2174816.165694522
          ],
          [
            4691355.069147545,
            2174815.684045807
          ],
          [
            4691357.023965116,
            2174815.347652431
          ],
          [
            4691358.036067265,
            2174815.152997807
          ],
          [
            4691359.040700373,
            2174814.947009428
          ],
          [
            4691360.286336181,
            2174814.678697678
          ],
          [
            4691362.991406257,
            2174814.083778319
          ],
          [
            4691365.746999663,
            2174813.537202494
          ],
          [
            4691368.199030537,
            2174813.061799259
          ],
          [
            4691370.159715723,
            2174812.691973949
          ],
          [
            4691371.882488058,
            2174812.377608057
          ],
          [
            4691373.351038648,
            2174812.119591291
          ],
          [
            4691374.82258956,
            2174811.873204927
          ],
          [
            4691375.795761762,
            2174811.718070087
          ],
          [
            4691377.021999866,
            2174811.533561344
          ],
          [
            4691378.005784009,
            2174811.395736867
          ],
          [
            4691378.97622901,
            2174811.271016065
          ],
          [
            4691379.948612629,
            2174811.158481297
          ],
          [
            4691380.677529814,
            2174811.083458483
          ],
          [
            4691381.407415654,
            2174811.017389228
          ],
          [
            4691382.139548345,
            2174810.962546322
          ],
          [
            4691382.872803661,
            2174810.917754698
          ],
          [
            4691383.606666671,
            2174810.887132381
          ],
          [
            4691384.346177805,
            2174810.872560153
          ],
          [
            4691384.828527045,
            2174810.871214538
          ],
          [
            4691385.562121252,
            2174810.884966278
          ],
          [
            4691386.039914156,
            2174810.908245258
          ],
          [
            4691386.521316686,
            2174810.938787868
          ],
          [
            4691387.003286295,
            2174810.981234508
          ],
          [
            4691387.489364728,
            2174811.033466664
          ],
          [
            4691387.967362847,
            2174811.093925072
          ],
          [
            4691388.438737478,
            2174811.164903407
          ],
          [
            4691388.912875428,
            2174811.245340371
          ],
          [
            4691389.386053155,
            2174811.334549313
          ],
          [
            4691389.860096236,
            2174811.435037291
          ],
          [
            4691390.336693232,
            2174811.544982913
          ],
          [
            4691390.803914465,
            2174811.661326098
          ],
          [
            4691391.514201695,
            2174811.855535952
          ],
          [
            4691391.97208225,
            2174811.992447058
          ],
          [
            4691392.43369471,
            2174812.140736969
          ],
          [
            4691392.895291688,
            2174812.295120301
          ],
          [
            4691393.354993254,
            2174812.458686015
          ],
          [
            4691393.815910122,
            2174812.630431516
          ],
          [
            4691397.866036243,
            2174814.205213309
          ],
          [
            4691470.224021601,
            2174852.518770162
          ],
          [
            4691475.671436251,
            2174855.764441007
          ],
          [
            4691477.196168559,
            2174856.613187258
          ],
          [
            4691478.706954716,
            2174857.466929611
          ],
          [
            4691479.995295812,
            2174858.208153465
          ],
          [
            4691481.063633956,
            2174858.834428056
          ],
          [
            4691482.127609794,
            2174859.469117409
          ],
          [
            4691483.399631671,
            2174860.243832154
          ],
          [
            4691484.455024289,
            2174860.898689196
          ],
          [
            4691485.506932763,
            2174861.562481892
          ],
          [
            4691486.562734292,
            2174862.240137492
          ],
          [
            4691491.165057954,
            2174865.017040534
          ],
          [
            4691491.165057954,
            2174865.017040534
          ],
          [
            4691493.838773038,
            2174866.961461888
          ],
          [
            4691545.349947278,
            2174905.318240249
          ],
          [
            4691545.349947278,
            2174905.318240249
          ],
          [
            4691547.49679081,
            2174906.913139927
          ],
          [
            4691547.49679081,
            2174906.913139927
          ],
          [
            4691548.582253122,
            2174907.71393347
          ],
          [
            4691548.582253122,
            2174907.71393347
          ],
          [
            4691549.414364334,
            2174908.322367575
          ],
          [
            4691553.774361507,
            2174911.784082271
          ],
          [
            4691554.411620914,
            2174912.242886074
          ],
          [
            4691555.047258955,
            2174912.688898921
          ],
          [
            4691555.688265534,
            2174913.127154603
          ],
          [
            4691556.334545769,
            2174913.55758815
          ],
          [
            4691556.986004057,
            2174913.980135358
          ],
          [
            4691557.642543813,
            2174914.394733426
          ],
          [
            4691558.304067712,
            2174914.801320405
          ],
          [
            4691558.970477645,
            2174915.199835956
          ],
          [
            4691559.64167481,
            2174915.590220189
          ],
          [
            4691560.317559479,
            2174915.972415026
          ],
          [
            4691560.998031278,
            2174916.346362645
          ],
          [
            4691561.682988811,
            2174916.712007308
          ],
          [
            4691562.372330264,
            2174917.069293484
          ],
          [
            4691563.065952581,
            2174917.418167428
          ],
          [
            4691563.763752396,
            2174917.7585762
          ],
          [
            4691564.465625268,
            2174918.090467916
          ],
          [
            4691565.171466107,
            2174918.41379193
          ],
          [
            4691565.881168866,
            2174918.728498318
          ],
          [
            4691566.594626705,
            2174919.034538806
          ],
          [
            4691567.311732184,
            2174919.331865657
          ],
          [
            4691568.032376761,
            2174919.620432357
          ],
          [
            4691568.756451096,
            2174919.900193293
          ],
          [
            4691569.483844824,
            2174920.171103933
          ],
          [
            4691570.214446874,
            2174920.43312086
          ],
          [
            4691570.948145139,
            2174920.686201167
          ],
          [
            4691571.684826225,
            2174920.930303048
          ],
          [
            4691572.424375848,
            2174921.165385669
          ],
          [
            4691573.166678665,
            2174921.391408882
          ],
          [
            4691573.911617814,
            2174921.608333092
          ],
          [
            4691574.659075336,
            2174921.816119942
          ],
          [
            4691575.408931814,
            2174922.014731
          ],
          [
            4691576.161066195,
            2174922.204129071
          ],
          [
            4691576.915355994,
            2174922.384276882
          ],
          [
            4691577.671676509,
            2174922.555137759
          ],
          [
            4691578.429901283,
            2174922.716675542
          ],
          [
            4691579.18990202,
            2174922.86885417
          ],
          [
            4691579.951547603,
            2174923.011637061
          ],
          [
            4691580.714704252,
            2174923.144988297
          ],
          [
            4691581.479235889,
            2174923.268871425
          ],
          [
            4691582.245002811,
            2174923.383249099
          ],
          [
            4691583.011861736,
            2174923.488083823
          ],
          [
            4691583.779665984,
            2174923.583337103
          ],
          [
            4691584.548264436,
            2174923.668968868
          ],
          [
            4691585.317501215,
            2174923.744937711
          ],
          [
            4691586.087215394,
            2174923.811200153
          ],
          [
            4691586.857240548,
            2174923.867710356
          ],
          [
            4691587.627403702,
            2174923.914419034
          ],
          [
            4691588.397525197,
            2174923.951273919
          ],
          [
            4691589.167418266,
            2174923.978217769
          ],
          [
            4691589.936887705,
            2174923.99518786
          ],
          [
            4691590.705729399,
            2174924.002114981
          ],
          [
            4691591.475207383,
            2174923.998916082
          ],
          [
            4691591.675436105,
            2174923.994234123
          ],
          [
            4691603.190215764,
            2174923.24229175
          ],
          [
            4691603.190215764,
            2174923.24229175
          ],
          [
            4691605.858932502,
            2174923.059083213
          ],
          [
            4691694.609147945,
            2174916.867238982
          ],
          [
            4691702.302576198,
            2174916.776001946
          ],
          [
            4691704.604896433,
            2174916.760374208
          ],
          [
            4691706.67299417,
            2174916.75757792
          ],
          [
            4691707.474169722,
            2174916.759423398
          ],
          [
            4691708.020783442,
            2174916.734929565
          ],
          [
            4691708.813956893,
            2174916.681284624
          ],
          [
            4691709.604708065,
            2174916.611593858
          ],
          [
            4691710.393637404,
            2174916.525820031
          ],
          [
            4691711.180388355,
            2174916.423996923
          ],
          [
            4691711.96460134,
            2174916.306165622
          ],
          [
            4691712.745913587,
            2174916.172373977
          ],
          [
            4691713.523958404,
            2174916.022676881
          ],
          [
            4691714.298365291,
            2174915.857136514
          ],
          [
            4691715.068759044,
            2174915.675821823
          ],
          [
            4691715.834759349,
            2174915.478809174
          ],
          [
            4691716.595980529,
            2174915.266181932
          ],
          [
            4691717.352030068,
            2174915.038030252
          ],
          [
            4691718.102508501,
            2174914.794451791
          ],
          [
            4691718.847008615,
            2174914.535550657
          ],
          [
            4691719.585113752,
            2174914.261437339
          ],
          [
            4691720.31639722,
            2174913.972228729
          ],
          [
            4691721.040421017,
            2174913.66804699
          ],
          [
            4691721.756734061,
            2174913.349018835
          ],
          [
            4691722.464870847,
            2174913.015274495
          ],
          [
            4691723.163039373,
            2174912.667598225
          ],
          [
            4691723.625583882,
            2174912.426674296
          ],
          [
            4691724.082621072,
            2174912.180034016
          ],
          [
            4691724.535277232,
            2174911.927046181
          ],
          [
            4691724.983372925,
            2174911.667755924
          ],
          [
            4691725.425535171,
            2174911.402948854
          ],
          [
            4691725.657068824,
            2174911.260596824
          ],
          [
            4691726.08815346,
            2174910.972466716
          ],
          [
            4691728.516052444,
            2174909.320653366
          ],
          [
            4691729.109380883,
            2174908.943409674
          ],
          [
            4691729.757167073,
            2174908.525466421
          ],
          [
            4691730.613030585,
            2174907.958107302
          ],
          [
            4691731.46048056,
            2174907.381245779
          ],
          [
            4691732.507244984,
            2174906.652038234
          ],
          [
            4691733.954435272,
            2174905.625640914
          ],
          [
            4691734.539044698,
            2174905.20998201
          ],
          [
            4691744.939891188,
            2174898.235264933
          ],
          [
            4691763.453632567,
            2174886.456485791
          ],
          [
            4691775.799221418,
            2174879.0950966
          ],
          [
            4691777.078943075,
            2174878.345810823
          ],
          [
            4691778.36462903,
            2174877.607272855
          ],
          [
            4691779.440928335,
            2174877.002018118
          ],
          [
            4691780.522669471,
            2174876.405869419
          ],
          [
            4691781.61128002,
            2174875.820244924
          ],
          [
            4691782.485762415,
            2174875.359897758
          ],
          [
            4691783.586961118,
            2174874.794907402
          ],
          [
            4691784.697285461,
            2174874.242615958
          ],
          [
            4691785.590638482,
            2174873.810386573
          ],
          [
            4691786.718524522,
            2174873.281690296
          ],
          [
            4691787.627366068,
            2174872.869650705
          ],
          [
            4691788.53734172,
            2174872.47043914
          ],
          [
            4691789.213682391,
            2174872.181702437
          ],
          [
            4691790.127859788,
            2174871.803005096
          ],
          [
            4691791.048102738,
            2174871.434892633
          ],
          [
            4691791.974065727,
            2174871.077914812
          ],
          [
            4691792.892045851,
            2174870.737878357
          ],
          [
            4691793.815546151,
            2174870.408934666
          ],
          [
            4691794.744014905,
            2174870.091278292
          ],
          [
            4691795.678435534,
            2174869.785442909
          ],
          [
            4691796.617891037,
            2174869.490053756
          ],
          [
            4691797.56277581,
            2174869.206574917
          ],
          [
            4691798.513465108,
            2174868.934118443
          ],
          [
            4691799.47027466,
            2174868.672564718
          ],
          [
            4691800.189910768,
            2174868.484267018
          ],
          [
            4691801.157261139,
            2174868.242627256
          ],
          [
            4691802.13015163,
            2174868.011979174
          ],
          [
            4691803.093177747,
            2174867.796450514
          ],
          [
            4691804.060980011,
            2174867.591773159
          ],
          [
            4691805.033073133,
            2174867.397908807
          ],
          [
            4691806.002368765,
            2174867.216789591
          ],
          [
            4691806.732380476,
            2174867.086963734
          ],
          [
            4691807.699728364,
            2174866.92540517
          ],
          [
            4691808.669492269,
            2174866.774041849
          ],
          [
            4691809.64174204,
            2174866.632527916
          ],
          [
            4691810.616372062,
            2174866.500488632
          ],
          [
            4691811.592845358,
            2174866.377536266
          ],
          [
            4691812.817243065,
            2174866.235693073
          ],
          [
            4691814.044394788,
            2174866.106661582
          ],
          [
            4691823.746224704,
            2174865.174550305
          ],
          [
            4691823.746224704,
            2174865.174550305
          ],
          [
            4691826.234473458,
            2174865.058534084
          ],
          [
            4691826.444232047,
            2174865.048917941
          ],
          [
            4691826.444232047,
            2174865.048917941
          ],
          [
            4691830.248782975,
            2174864.877175092
          ],
          [
            4691830.248782975,
            2174864.877175092
          ],
          [
            4691831.093895863,
            2174864.8401485
          ],
          [
            4691844.277985187,
            2174864.797133743
          ],
          [
            4691845.759801539,
            2174864.80312194
          ],
          [
            4691847.240790048,
            2174864.819921417
          ],
          [
            4691848.720735805,
            2174864.84837922
          ],
          [
            4691850.199930717,
            2174864.889194794
          ],
          [
            4691851.431209609,
            2174864.93311895
          ],
          [
            4691852.661953765,
            2174864.986491645
          ],
          [
            4691853.891870301,
            2174865.04973035
          ],
          [
            4691855.120956197,
            2174865.123147807
          ],
          [
            4691856.349177019,
            2174865.207027993
          ],
          [
            4691857.576489258,
            2174865.301623913
          ],
          [
            4691858.802861583,
            2174865.407183014
          ],
          [
            4691860.02830602,
            2174865.523893373
          ],
          [
            4691861.252809933,
            2174865.651790883
          ],
          [
            4691862.476329067,
            2174865.790881176
          ],
          [
            4691863.698816584,
            2174865.941122161
          ],
          [
            4691864.920218966,
            2174866.102454372
          ],
          [
            4691866.140488122,
            2174866.274806707
          ],
          [
            4691867.359584543,
            2174866.458094399
          ],
          [
            4691868.577478509,
            2174866.652216183
          ],
          [
            4691869.794003314,
            2174866.857025936
          ],
          [
            4691871.00936448,
            2174867.072883869
          ],
          [
            4691872.223699248,
            2174867.298780371
          ],
          [
            4691873.436273544,
            2174867.53476483
          ],
          [
            4691883.577448818,
            2174869.605250397
          ],
          [
            4691883.577448818,
            2174869.605250397
          ],
          [
            4691884.358982318,
            2174869.812747274
          ],
          [
            4691884.358982318,
            2174869.812747274
          ],
          [
            4691887.269089472,
            2174870.606073546
          ],
          [
            4691887.269089472,
            2174870.606073546
          ],
          [
            4691889.692475474,
            2174871.288665179
          ],
          [
            4691889.692475474,
            2174871.288665179
          ],
          [
            4691892.726872143,
            2174872.164058624
          ],
          [
            4691892.726872143,
            2174872.164058624
          ],
          [
            4691894.547171314,
            2174872.697500207
          ],
          [
            4691894.547171314,
            2174872.697500207
          ],
          [
            4691898.199635741,
            2174873.776206454
          ],
          [
            4691911.684689213,
            2174877.769115026
          ],
          [
            4691925.907312492,
            2174882.285845193
          ],
          [
            4691926.658922873,
            2174882.507123256
          ],
          [
            4691927.410741372,
            2174882.717123573
          ],
          [
            4691928.16540324,
            2174882.91662403
          ],
          [
            4691928.922760913,
            2174883.105584874
          ],
          [
            4691929.682665958,
            2174883.283968628
          ],
          [
            4691930.444969389,
            2174883.451739621
          ],
          [
            4691931.209521429,
            2174883.608864226
          ],
          [
            4691931.976171737,
            2174883.755310842
          ],
          [
            4691932.7447693,
            2174883.891049707
          ],
          [
            4691933.515162341,
            2174884.016053042
          ],
          [
            4691934.287198528,
            2174884.13029509
          ],
          [
            4691935.060724692,
            2174884.233751793
          ],
          [
            4691935.835586879,
            2174884.32640134
          ],
          [
            4691936.611630693,
            2174884.408223812
          ],
          [
            4691937.388700798,
            2174884.47920091
          ],
          [
            4691938.166640885,
            2174884.53931645
          ],
          [
            4691938.945294007,
            2174884.588556228
          ],
          [
            4691939.724502184,
            2174884.626907737
          ],
          [
            4691940.504106667,
            2174884.654360612
          ],
          [
            4691941.283947453,
            2174884.670905835
          ],
          [
            4691942.063863301,
            2174884.67653673
          ],
          [
            4691942.843692266,
            2174884.671248296
          ],
          [
            4691943.623270414,
            2174884.655036774
          ],
          [
            4691944.402432485,
            2174884.627901032
          ],
          [
            4691945.181011911,
            2174884.589841149
          ],
          [
            4691945.958840038,
            2174884.540858931
          ],
          [
            4691946.735746171,
            2174884.480957838
          ],
          [
            4691947.511557434,
            2174884.410143048
          ],
          [
            4691948.286098472,
            2174884.328421201
          ],
          [
            4691949.059191113,
            2174884.235800476
          ],
          [
            4691949.83065415,
            2174884.132290472
          ],
          [
            4691950.600302626,
            2174884.017902058
          ],
          [
            4691951.367948263,
            2174883.892647761
          ],
          [
            4691952.13339785,
            2174883.756540431
          ],
          [
            4691952.896453749,
            2174883.609594897
          ],
          [
            4691953.656912879,
            2174883.451825844
          ],
          [
            4691954.414565731,
            2174883.283249054
          ],
          [
            4691955.169196643,
            2174883.103880658
          ],
          [
            4691955.920582072,
            2174882.913736244
          ],
          [
            4691956.668490261,
            2174882.712831368
          ],
          [
            4691957.412680413,
            2174882.501180034
          ],
          [
            4691958.152900855,
            2174882.278794318
          ],
          [
            4691958.888889122,
            2174882.045683967
          ],
          [
            4691959.620369737,
            2174881.801853977
          ],
          [
            4691960.347053789,
            2174881.54730442
          ],
          [
            4691961.068636678,
            2174881.282026996
          ],
          [
            4691961.784797426,
            2174881.006004148
          ],
          [
            4691962.495197024,
            2174880.719204462
          ],
          [
            4691963.196926929,
            2174880.422657079
          ],
          [
            4691974.91530674,
            2174875.338072744
          ],
          [
            4691983.270375437,
            2174871.834014985
          ],
          [
            4691994.11691635,
            2174867.641157328
          ],
          [
            4691995.990512505,
            2174866.929707849
          ],
          [
            4691997.398205017,
            2174866.40532505
          ],
          [
            4691998.803398225,
            2174865.893524079
          ],
          [
            4691999.967561316,
            2174865.480876579
          ],
          [
            4692001.137098661,
            2174865.081163393
          ],
          [
            4692002.078992059,
            2174864.771917967
          ],
          [
            4692003.010611071,
            2174864.47951384
          ],
          [
            4692003.962769314,
            2174864.193748928
          ],
          [
            4692004.668285941,
            2174863.993537341
          ],
          [
            4692005.377972144,
            2174863.800169473
          ],
          [
            4692006.089851433,
            2174863.615593075
          ],
          [
            4692006.805677932,
            2174863.441006383
          ],
          [
            4692007.52593799,
            2174863.275748533
          ],
          [
            4692008.250418369,
            2174863.12034583
          ],
          [
            4692008.978726211,
            2174862.975309542
          ],
          [
            4692009.70389725,
            2174862.843675328
          ],
          [
            4692010.433382495,
            2174862.723127511
          ],
          [
            4692011.151575739,
            2174862.617651314
          ],
          [
            4692011.873666095,
            2174862.523847396
          ],
          [
            4692012.599126599,
            2174862.442037718
          ],
          [
            4692013.328052412,
            2174862.372434182
          ],
          [
            4692013.815269285,
            2174862.334406538
          ],
          [
            4692014.304112601,
            2174862.300520743
          ],
          [
            4692015.041849506,
            2174862.261518545
          ],
          [
            4692015.775450152,
            2174862.236780958
          ],
          [
            4692016.512974634,
            2174862.224676269
          ],
          [
            4692017.252632274,
            2174862.225380166
          ],
          [
            4692017.979446051,
            2174862.239821571
          ],
          [
            4692018.709919817,
            2174862.26683516
          ],
          [
            4692019.193170755,
            2174862.291558805
          ],
          [
            4692020.172850296,
            2174862.359810878
          ],
          [
            4692020.905854143,
            2174862.425710245
          ],
          [
            4692021.643796131,
            2174862.505879698
          ],
          [
            4692022.135657721,
            2174862.565738973
          ],
          [
            4692022.619580776,
            2174862.629971043
          ],
          [
            4692023.352334407,
            2174862.738237184
          ],
          [
            4692024.0696122,
            2174862.85736953
          ],
          [
            4692024.787481737,
            2174862.988482735
          ],
          [
            4692025.504610378,
            2174863.131221277
          ],
          [
            4692026.222294618,
            2174863.287030279
          ],
          [
            4692026.93870264,
            2174863.452846448
          ],
          [
            4692027.896916181,
            2174863.694930834
          ],
          [
            4692028.613608466,
            2174863.888433457
          ],
          [
            4692029.322428931,
            2174864.091783613
          ],
          [
            4692030.264597369,
            2174864.378796882
          ],
          [
            4692031.204911939,
            2174864.683373713
          ],
          [
            4692031.896227576,
            2174864.919139496
          ],
          [
            4692032.586716482,
            2174865.163634898
          ],
          [
            4692033.506994124,
            2174865.502632248
          ],
          [
            4692034.424477064,
            2174865.854357467
          ],
          [
            4692035.339821447,
            2174866.217683507
          ],
          [
            4692042.447864941,
            2174869.130650417
          ],
          [
            4692068.819080117,
            2174881.476991117
          ],
          [
            4692068.819080117,
            2174881.476991117
          ],
          [
            4692070.732402073,
            2174882.368684117
          ],
          [
            4692076.474522978,
            2174885.372928513
          ],
          [
            4692077.177883094,
            2174885.738795028
          ],
          [
            4692077.658467869,
            2174885.977739702
          ],
          [
            4692078.141735668,
            2174886.208715308
          ],
          [
            4692078.628536095,
            2174886.432146379
          ],
          [
            4692079.118751045,
            2174886.647978627
          ],
          [
            4692079.612261919,
            2174886.856160138
          ],
          [
            4692080.108949317,
            2174887.056640214
          ],
          [
            4692080.608692738,
            2174887.249370455
          ],
          [
            4692081.111371406,
            2174887.434304232
          ],
          [
            4692081.616863394,
            2174887.61139654
          ],
          [
            4692082.125046241,
            2174887.780604715
          ],
          [
            4692082.635796853,
            2174887.941887597
          ],
          [
            4692083.148991465,
            2174888.095206326
          ],
          [
            4692083.664505939,
            2174888.240523626
          ],
          [
            4692084.182214981,
            2174888.377804084
          ],
          [
            4692084.701993167,
            2174888.507014763
          ],
          [
            4692085.22371457,
            2174888.628124127
          ],
          [
            4692085.747252615,
            2174888.741102991
          ],
          [
            4692086.272480371,
            2174888.845923803
          ],
          [
            4692086.799270349,
            2174888.942561237
          ],
          [
            4692087.327494743,
            2174889.030991776
          ],
          [
            4692087.857025354,
            2174889.111194038
          ],
          [
            4692088.387733494,
            2174889.183148442
          ],
          [
            4692088.919490386,
            2174889.246837761
          ],
          [
            4692089.452167007,
            2174889.302246322
          ],
          [
            4692089.985633491,
            2174889.34936059
          ],
          [
            4692090.51976034,
            2174889.38816946
          ],
          [
            4692091.05441773,
            2174889.418663266
          ],
          [
            4692091.589475571,
            2174889.440834753
          ],
          [
            4692092.124803534,
            2174889.454678313
          ],
          [
            4692092.660271192,
            2174889.460190795
          ],
          [
            4692093.195748049,
            2174889.457370759
          ],
          [
            4692093.731103677,
            2174889.446219099
          ],
          [
            4692094.266207444,
            2174889.426738309
          ],
          [
            4692094.800928515,
            2174889.398933303
          ],
          [
            4692095.335136351,
            2174889.362810953
          ],
          [
            4692095.868700491,
            2174889.318380107
          ],
          [
            4692096.40149029,
            2174889.265651521
          ],
          [
            4692096.93337508,
            2174889.204638194
          ],
          [
            4692097.464224475,
            2174889.135355217
          ],
          [
            4692097.993908475,
            2174889.05781964
          ],
          [
            4692098.522296695,
            2174888.972050318
          ],
          [
            4692099.049259144,
            2174888.878068647
          ],
          [
            4692099.574666131,
            2174888.775897669
          ],
          [
            4692100.098388136,
            2174888.665562649
          ],
          [
            4692100.620295459,
            2174888.547090737
          ],
          [
            4692101.140259116,
            2174888.420511628
          ],
          [
            4692101.658150473,
            2174888.285856463
          ],
          [
            4692102.173840656,
            2174888.143158685
          ],
          [
            4692102.687201387,
            2174887.992453936
          ],
          [
            4692103.198104579,
            2174887.833779761
          ],
          [
            4692103.706422655,
            2174887.66717596
          ],
          [
            4692104.212028292,
            2174887.492684123
          ],
          [
            4692104.714794275,
            2174887.310348122
          ],
          [
            4692105.214593953,
            2174887.120213963
          ],
          [
            4692105.711301007,
            2174886.922329644
          ],
          [
            4692106.204789515,
            2174886.716745306
          ],
          [
            4692106.694933834,
            2174886.503513111
          ],
          [
            4692107.181608498,
            2174886.282687493
          ],
          [
            4692107.664688704,
            2174886.054325127
          ],
          [
            4692108.144050043,
            2174885.818484594
          ],
          [
            4692108.619568271,
            2174885.575226715
          ],
          [
            4692109.091119513,
            2174885.324614538
          ],
          [
            4692109.558580117,
            2174885.066713372
          ],
          [
            4692110.021827166,
            2174884.801590768
          ],
          [
            4692110.48073778,
            2174884.529316189
          ],
          [
            4692110.935188995,
            2174884.249961799
          ],
          [
            4692111.385058718,
            2174883.963602095
          ],
          [
            4692111.830224952,
            2174883.670313517
          ],
          [
            4692112.270565777,
            2174883.370175071
          ],
          [
            4692112.705959424,
            2174883.063268066
          ],
          [
            4692113.136284008,
            2174882.749676443
          ],
          [
            4692113.561418232,
            2174882.42948665
          ],
          [
            4692113.981240707,
            2174882.102787211
          ],
          [
            4692114.39562959,
            2174881.769669486
          ],
          [
            4692114.804463313,
            2174881.430227448
          ],
          [
            4692115.2076198,
            2174881.084557517
          ],
          [
            4692115.60497703,
            2174880.732758926
          ],
          [
            4692115.996412201,
            2174880.374933318
          ],
          [
            4692116.381802055,
            2174880.0111855
          ],
          [
            4692116.761023028,
            2174879.641622662
          ],
          [
            4692117.133950328,
            2174879.266354713
          ],
          [
            4692117.500458344,
            2174878.885494535
          ],
          [
            4692117.860420038,
            2174878.499157729
          ],
          [
            4692118.213707375,
            2174878.107462762
          ],
          [
            4692118.560190545,
            2174877.710530383
          ],
          [
            4692118.899737392,
            2174877.308484389
          ],
          [
            4692119.232214044,
            2174876.90145107
          ],
          [
            4692119.557483636,
            2174876.489558793
          ],
          [
            4692119.87540609,
            2174876.072938707
          ],
          [
            4692120.1858383,
            2174875.651723744
          ],
          [
            4692120.488632877,
            2174875.226048224
          ],
          [
            4692120.783637587,
            2174874.796048047
          ],
          [
            4692121.07069499,
            2174874.361859867
          ],
          [
            4692121.349641429,
            2174873.923620424
          ],
          [
            4692121.620306107,
            2174873.481466114
          ],
          [
            4692121.882510622,
            2174873.03553159
          ],
          [
            4692122.136170725,
            2174872.585764815
          ],
          [
            4692122.614434977,
            2174871.699095788
          ],
          [
            4692126.16458978,
            2174865.090315816
          ],
          [
            4692126.16458978,
            2174865.090315816
          ],
          [
            4692127.652075196,
            2174862.425953224
          ],
          [
            4692151.453978865,
            2174819.533322088
          ],
          [
            4692157.810564326,
            2174808.760769766
          ],
          [
            4692158.701807985,
            2174807.274033754
          ],
          [
            4692159.475481604,
            2174806.00713577
          ],
          [
            4692160.128999586,
            2174804.957787166
          ],
          [
            4692160.792072183,
            2174803.914669396
          ],
          [
            4692161.467622901,
            2174802.879810826
          ],
          [
            4692162.160000741,
            2174801.852771677
          ],
          [
            4692162.582285621,
            2174801.243913151
          ],
          [
            4692163.155157215,
            2174800.44264778
          ],
          [
            4692163.747948936,
            2174799.644476593
          ],
          [
            4692164.196567213,
            2174799.066213183
          ],
          [
            4692164.500308409,
            2174798.683951267
          ],
          [
            4692164.963512511,
            2174798.123666303
          ],
          [
            4692165.27601088,
            2174797.759110917
          ],
          [
            4692165.763557681,
            2174797.215662405
          ],
          [
            4692166.096135187,
            2174796.861699187
          ],
          [
            4692166.430756526,
            2174796.517775551
          ],
          [
            4692166.954477752,
            2174796.004171464
          ],
          [
            4692167.303427277,
            2174795.678614791
          ],
          [
            4692167.661687873,
            2174795.355941807
          ],
          [
            4692168.023970437,
            2174795.040932036
          ],
          [
            4692168.59059902,
            2174794.575320312
          ],
          [
            4692168.975164067,
            2174794.272266731
          ],
          [
            4692169.360003508,
            2174793.979625166
          ],
          [
            4692169.746674577,
            2174793.698780553
          ],
          [
            4692170.141240586,
            2174793.422617327
          ],
          [
            4692170.540799602,
            2174793.153203983
          ],
          [
            4692170.948389993,
            2174792.891110285
          ],
          [
            4692171.364048402,
            2174792.633992719
          ],
          [
            4692171.777254235,
            2174792.388145106
          ],
          [
            4692172.41744623,
            2174792.027082979
          ],
          [
            4692172.839692728,
            2174791.802448769
          ],
          [
            4692173.267490229,
            2174791.584275332
          ],
          [
            4692173.924561735,
            2174791.269324706
          ],
          [
            4692174.597524845,
            2174790.970250155
          ],
          [
            4692175.041911069,
            2174790.783243021
          ],
          [
            4692175.486051239,
            2174790.607537917
          ],
          [
            4692175.936519098,
            2174790.438225045
          ],
          [
            4692176.3916885,
            2174790.275966002
          ],
          [
            4692176.847703763,
            2174790.122079174
          ],
          [
            4692177.550140605,
            2174789.905977729
          ],
          [
            4692178.011778632,
            2174789.773806284
          ],
          [
            4692178.723207401,
            2174789.587329378
          ],
          [
            4692179.188934241,
            2174789.477027154
          ],
          [
            4692179.659387847,
            2174789.373864101
          ],
          [
            4692180.135953029,
            2174789.279703344
          ],
          [
            4692180.613182874,
            2174789.191558052
          ],
          [
            4692181.332201147,
            2174789.077918855
          ],
          [
            4692182.059561663,
            2174788.981130363
          ],
          [
            4692182.534870676,
            2174788.928941449
          ],
          [
            4692183.015400026,
            2174788.883958059
          ],
          [
            4692183.49684582,
            2174788.846571411
          ],
          [
            4692183.982864212,
            2174788.81842087
          ],
          [
            4692184.468759196,
            2174788.795975743
          ],
          [
            4692185.207974784,
            2174788.779824651
          ],
          [
            4692185.691933008,
            2174788.777698874
          ],
          [
            4692186.169474922,
            2174788.784561692
          ],
          [
            4692186.911162156,
            2174788.808690059
          ],
          [
            4692187.640329117,
            2174788.848180537
          ],
          [
            4692188.123586732,
            2174788.882757477
          ],
          [
            4692188.856344602,
            2174788.94934865
          ],
          [
            4692189.583814771,
            2174789.031294523
          ],
          [
            4692190.314319919,
            2174789.127443077
          ],
          [
            4692191.046348042,
            2174789.236993151
          ],
          [
            4692191.763925389,
            2174789.357990312
          ],
          [
            4692192.476224525,
            2174789.489396221
          ],
          [
            4692197.882911645,
            2174790.769492456
          ],
          [
            4692200.943251358,
            2174791.540387548
          ],
          [
            4692205.079706875,
            2174792.59329634
          ],
          [
            4692208.251190115,
            2174793.411704158
          ],
          [
            4692210.945106501,
            2174794.118733151
          ],
          [
            4692213.162164579,
            2174794.711878476
          ],
          [
            4692215.910963113,
            2174795.451705734
          ],
          [
            4692216.683352938,
            2174795.635460999
          ],
          [
            4692217.454367907,
            2174795.804338805
          ],
          [
            4692218.228196566,
            2174795.959338301
          ],
          [
            4692219.004579343,
            2174796.100404982
          ],
          [
            4692219.78325452,
            2174796.227488389
          ],
          [
            4692220.563957471,
            2174796.340541572
          ],
          [
            4692221.346421113,
            2174796.439522449
          ],
          [
            4692222.130375801,
            2174796.524392323
          ],
          [
            4692222.915548844,
            2174796.59511686
          ],
          [
            4692223.701664412,
            2174796.651665372
          ],
          [
            4692224.488443431,
            2174796.694011483
          ],
          [
            4692225.275603097,
            2174796.722132264
          ],
          [
            4692226.062856728,
            2174796.736009118
          ],
          [
            4692226.849913346,
            2174796.735626825
          ],
          [
            4692227.636477384,
            2174796.720974276
          ],
          [
            4692228.422248158,
            2174796.692043542
          ],
          [
            4692229.206919145,
            2174796.648830407
          ],
          [
            4692229.990177901,
            2174796.591334035
          ],
          [
            4692230.771705106,
            2174796.519556445
          ],
          [
            4692231.551173621,
            2174796.433502558
          ],
          [
            4692232.328248441,
            2174796.333180064
          ],
          [
            4692233.102585128,
            2174796.218598076
          ],
          [
            4692233.873829001,
            2174796.089767612
          ],
          [
            4692234.641614724,
            2174795.94670018
          ],
          [
            4692235.405564091,
            2174795.789406437
          ],
          [
            4692236.165285717,
            2174795.617896001
          ],
          [
            4692236.920373206,
            2174795.432174469
          ],
          [
            4692237.670404217,
            2174795.232242408
          ],
          [
            4692238.41491527,
            2174795.018098112
          ],
          [
            4692239.151456698,
            2174794.790387179
          ],
          [
            4692239.413228493,
            2174794.705186715
          ],
          [
            4692242.651040136,
            2174793.492361871
          ],
          [
            4692243.076294906,
            2174793.346370844
          ],
          [
            4692244.04278036,
            2174793.011210893
          ],
          [
            4692245.007140118,
            2174792.662666516
          ],
          [
            4692245.965518264,
            2174792.304066168
          ],
          [
            4692253.423972929,
            2174789.427340271
          ],
          [
            4692271.407447676,
            2174783.389219917
          ],
          [
            4692278.429340809,
            2174781.415777738
          ],
          [
            4692280.651974196,
            2174780.803384019
          ],
          [
            4692281.664502986,
            2174780.524803957
          ],
          [
            4692282.419819892,
            2174780.280159896
          ],
          [
            4692283.160038508,
            2174780.028511103
          ],
          [
            4692283.896523345,
            2174779.766178276
          ],
          [
            4692284.629117998,
            2174779.493216549
          ],
          [
            4692285.357667195,
            2174779.209683291
          ],
          [
            4692286.082015765,
            2174778.915637662
          ],
          [
            4692286.802008978,
            2174778.611141622
          ],
          [
            4692287.517493273,
            2174778.296259342
          ],
          [
            4692288.228315182,
            2174777.971056797
          ],
          [
            4692288.934321743,
            2174777.635602706
          ],
          [
            4692289.63536081,
            2174777.289967941
          ],
          [
            4692290.33128064,
            2174776.934225489
          ],
          [
            4692291.021929801,
            2174776.568450674
          ],
          [
            4692291.707157336,
            2174776.192721243
          ],
          [
            4692292.386812858,
            2174775.807117229
          ],
          [
            4692293.060746131,
            2174775.411720886
          ],
          [
            4692293.728807355,
            2174775.006616939
          ],
          [
            4692294.390846649,
            2174774.591892345
          ],
          [
            4692295.046714541,
            2174774.167636709
          ],
          [
            4692295.696261204,
            2174773.733941838
          ],
          [
            4692296.33933704,
            2174773.290902423
          ],
          [
            4692296.975792085,
            2174772.83861533
          ],
          [
            4692297.605475779,
            2174772.377180289
          ],
          [
            4692298.228237243,
            2174771.906699788
          ],
          [
            4692298.843924585,
            2174771.427279027
          ],
          [
            4692299.4523853,
            2174770.939026223
          ],
          [
            4692300.053465183,
            2174770.442052248
          ],
          [
            4692300.647008395,
            2174769.936471621
          ],
          [
            4692301.23285783,
            2174769.422402015
          ],
          [
            4692301.810853686,
            2174768.899964114
          ],
          [
            4692302.380833301,
            2174768.369282608
          ],
          [
            4692302.942631312,
            2174767.830485918
          ],
          [
            4692303.496078488,
            2174767.283706043
          ],
          [
            4692304.041001029,
            2174766.729079256
          ],
          [
            4692304.577220375,
            2174766.166746171
          ],
          [
            4692305.104552158,
            2174765.596851534
          ],
          [
            4692305.622804938,
            2174765.019544706
          ],
          [
            4692306.131779932,
            2174764.434979686
          ],
          [
            4692306.631269008,
            2174763.843314702
          ],
          [
            4692307.121053756,
            2174763.244712617
          ],
          [
            4692307.600903514,
            2174762.639340453
          ],
          [
            4692308.070574385,
            2174762.027368943
          ],
          [
            4692308.529805868,
            2174761.408971463
          ],
          [
            4692308.978319527,
            2174760.784323517
          ],
          [
            4692309.415814844,
            2174760.153601025
          ],
          [
            4692309.842137976,
            2174759.516725143
          ],
          [
            4692310.25293618,
            2174758.8789795
          ],
          [
            4692311.437043563,
            2174757.022000063
          ],
          [
            4692311.834697954,
            2174756.424737317
          ],
          [
            4692312.395582761,
            2174755.573217597
          ],
          [
            4692313.085003305,
            2174754.502525538
          ],
          [
            4692313.762980361,
            2174753.428318834
          ],
          [
            4692314.829367789,
            2174751.713396179
          ],
          [
            4692315.734793293,
            2174750.263108211
          ],
          [
            4692317.075724504,
            2174748.178062495
          ],
          [
            4692318.156363212,
            2174746.515183588
          ],
          [
            4692319.108383217,
            2174745.067083391
          ],
          [
            4692319.93054577,
            2174743.832901792
          ],
          [
            4692320.900936989,
            2174742.401326201
          ],
          [
            4692321.602072525,
            2174741.3865658
          ],
          [
            4692322.168811158,
            2174740.580761821
          ],
          [
            4692322.88861782,
            2174739.579775598
          ],
          [
            4692323.473604434,
            2174738.786640101
          ],
          [
            4692324.067740603,
            2174738.000315984
          ],
          [
            4692324.675906162,
            2174737.222221948
          ],
          [
            4692325.1402983,
            2174736.644941453
          ],
          [
            4692325.613546473,
            2174736.073131405
          ],
          [
            4692326.26188234,
            2174735.31625921
          ],
          [
            4692326.749640796,
            2174734.767609967
          ],
          [
            4692327.079345907,
            2174734.403449217
          ],
          [
            4692327.576181238,
            2174733.869742987
          ],
          [
            4692328.081259404,
            2174733.342014162
          ],
          [
            4692328.594591319,
            2174732.820281886
          ],
          [
            4692329.116197054,
            2174732.30455617
          ],
          [
            4692329.645639349,
            2174731.795286837
          ],
          [
            4692330.18437953,
            2174731.292747224
          ],
          [
            4692330.732024382,
            2174730.79582682
          ],
          [
            4692331.288219201,
            2174730.304945499
          ],
          [
            4692331.852605015,
            2174729.820498295
          ],
          [
            4692332.420137345,
            2174729.34828988
          ],
          [
            4692332.995919866,
            2174728.882490846
          ],
          [
            4692333.57586711,
            2174728.4278124
          ],
          [
            4692333.966094824,
            2174728.127524012
          ],
          [
            4692334.551531507,
            2174727.689737465
          ],
          [
            4692335.14361817,
            2174727.25955332
          ],
          [
            4692335.744225276,
            2174726.837111233
          ],
          [
            4692336.351291161,
            2174726.421123083
          ],
          [
            4692336.965972461,
            2174726.013566481
          ],
          [
            4692337.588532167,
            2174725.612958655
          ],
          [
            4692338.217554113,
            2174725.220314767
          ],
          [
            4692339.071136004,
            2174724.707175986
          ],
          [
            4692339.711007287,
            2174724.336957229
          ],
          [
            4692340.345968268,
            2174723.982304744
          ],
          [
            4692341.000889528,
            2174723.626841671
          ],
          [
            4692341.648206492,
            2174723.288117571
          ],
          [
            4692342.301366629,
            2174722.957604394
          ],
          [
            4692342.961640056,
            2174722.636001225
          ],
          [
            4692343.627212231,
            2174722.32171322
          ],
          [
            4692344.298891131,
            2174722.016841369
          ],
          [
            4692344.977157968,
            2174721.719965999
          ],
          [
            4692345.660471271,
            2174721.431838584
          ],
          [
            4692346.584384857,
            2174721.060056861
          ],
          [
            4692347.274578196,
            2174720.79540186
          ],
          [
            4692347.96503732,
            2174720.542338551
          ],
          [
            4692348.66022036,
            2174720.296714371
          ],
          [
            4692349.352330665,
            2174720.063639808
          ],
          [
            4692350.049338421,
            2174719.839116743
          ],
          [
            4692350.750657627,
            2174719.623306913
          ],
          [
            4692351.455003782,
            2174719.416545217
          ],
          [
            4692352.404100772,
            2174719.154569893
          ],
          [
            4692353.119348139,
            2174718.968831375
          ],
          [
            4692353.838880809,
            2174718.791668472
          ],
          [
            4692354.807206513,
            2174718.568916143
          ],
          [
            4692355.776369925,
            2174718.363619144
          ],
          [
            4692356.504717579,
            2174718.219753296
          ],
          [
            4692357.228661894,
            2174718.085559879
          ],
          [
            4692358.205359694,
            2174717.918589839
          ],
          [
            4692359.172439125,
            2174717.768879085
          ],
          [
            4692359.897863722,
            2174717.665918459
          ],
          [
            4692361.118193622,
            2174717.510751642
          ],
          [
            4692362.096432368,
            2174717.400130415
          ],
          [
            4692368.32843757,
            2174716.775622044
          ],
          [
            4692407.295364336,
            2174714.888130463
          ],
          [
            4692407.295364336,
            2174714.888130463
          ],
          [
            4692414.065087969,
            2174714.399513033
          ],
          [
            4692420.80413476,
            2174713.591333966
          ],
          [
            4692427.497428467,
            2174712.465401278
          ],
          [
            4692484.236523849,
            2174701.535154844
          ],
          [
            4692489.896474483,
            2174700.826899091
          ],
          [
            4692492.659696933,
            2174700.4922489
          ],
          [
            4692494.935709507,
            2174700.227205129
          ],
          [
            4692496.976091542,
            2174699.999778967
          ],
          [
            4692499.040265194,
            2174699.780792573
          ],
          [
            4692501.13860567,
            2174699.569435228
          ],
          [
            4692502.494580947,
            2174699.437387908
          ],
          [
            4692502.79083782,
            2174699.392404595
          ],
          [
            4692503.334646485,
            2174699.294570241
          ],
          [
            4692503.873866916,
            2174699.185694403
          ],
          [
            4692504.410650192,
            2174699.065395645
          ],
          [
            4692504.944753838,
            2174698.933728312
          ],
          [
            4692505.475937067,
            2174698.790752194
          ],
          [
            4692506.003959959,
            2174698.636531642
          ],
          [
            4692506.528583956,
            2174698.471136727
          ],
          [
            4692507.049572536,
            2174698.294642233
          ],
          [
            4692507.56669019,
            2174698.107127852
          ],
          [
            4692508.079703272,
            2174697.908678723
          ],
          [
            4692508.588380382,
            2174697.699384632
          ],
          [
            4692509.09249154,
            2174697.479340191
          ],
          [
            4692509.591808994,
            2174697.24864521
          ],
          [
            4692510.086106948,
            2174697.007404145
          ],
          [
            4692510.575162174,
            2174696.755726528
          ],
          [
            4692511.058753781,
            2174696.493726207
          ],
          [
            4692511.536662771,
            2174696.221521997
          ],
          [
            4692512.008673239,
            2174695.939237554
          ],
          [
            4692512.474571639,
            2174695.647000767
          ],
          [
            4692512.934147158,
            2174695.344944467
          ],
          [
            4692513.387192062,
            2174695.033205685
          ],
          [
            4692513.833500927,
            2174694.711926029
          ],
          [
            4692514.272872013,
            2174694.38125172
          ],
          [
            4692514.705106114,
            2174694.04133292
          ],
          [
            4692515.130007658,
            2174693.692324521
          ],
          [
            4692515.547384015,
            2174693.334385165
          ],
          [
            4692515.957045997,
            2174692.967678089
          ],
          [
            4692516.358807832,
            2174692.592370417
          ],
          [
            4692516.752487433,
            2174692.208633382
          ],
          [
            4692517.137906063,
            2174691.816642106
          ],
          [
            4692517.514888922,
            2174691.416575741
          ],
          [
            4692517.883264653,
            2174691.008617197
          ],
          [
            4692518.24286617,
            2174690.592953262
          ],
          [
            4692518.593529825,
            2174690.169774286
          ],
          [
            4692518.935096437,
            2174689.739274497
          ],
          [
            4692519.267410516,
            2174689.301651395
          ],
          [
            4692519.590320917,
            2174688.857106348
          ],
          [
            4692519.903680677,
            2174688.405843925
          ],
          [
            4692520.207347183,
            2174687.948072133
          ],
          [
            4692520.501182092,
            2174687.484002184
          ],
          [
            4692520.785051332,
            2174687.013848764
          ],
          [
            4692521.058825658,
            2174686.537829685
          ],
          [
            4692521.322380229,
            2174686.056165658
          ],
          [
            4692521.575594769,
            2174685.569080651
          ],
          [
            4692521.818353816,
            2174685.076801516
          ],
          [
            4692522.050546528,
            2174684.579558008
          ],
          [
            4692522.272066905,
            2174684.077582897
          ],
          [
            4692522.482813982,
            2174683.5711116
          ],
          [
            4692522.682691581,
            2174683.060382209
          ],
          [
            4692522.871608492,
            2174682.545635698
          ],
          [
            4692523.049478682,
            2174682.027115691
          ],
          [
            4692523.216221434,
            2174681.505067997
          ],
          [
            4692523.37176065,
            2174680.979741186
          ],
          [
            4692523.516025883,
            2174680.451386553
          ],
          [
            4692523.64895192,
            2174679.920257495
          ],
          [
            4692523.770478883,
            2174679.386609859
          ],
          [
            4692523.880552218,
            2174678.850701945
          ],
          [
            4692523.979122995,
            2174678.312794289
          ],
          [
            4692524.066147647,
            2174677.773149578
          ],
          [
            4692524.141588036,
            2174677.232033229
          ],
          [
            4692524.205412174,
            2174676.68971238
          ],
          [
            4692524.257592977,
            2174676.146456619
          ],
          [
            4692524.298109677,
            2174675.602538102
          ],
          [
            4692524.326947159,
            2174675.058230474
          ],
          [
            4692524.344095658,
            2174674.51381004
          ],
          [
            4692524.349551551,
            2174673.969555603
          ],
          [
            4692524.343317077,
            2174673.425747855
          ],
          [
            4692524.325400133,
            2174672.882670001
          ],
          [
            4692524.295814692,
            2174672.340607338
          ],
          [
            4692524.254580106,
            2174671.799847759
          ],
          [
            4692524.201721881,
            2174671.260681936
          ],
          [
            4692524.137271292,
            2174670.723402457
          ],
          [
            4692524.061264801,
            2174670.188304959
          ],
          [
            4692523.973744832,
            2174669.655687877
          ],
          [
            4692523.874758895,
            2174669.125852416
          ],
          [
            4692523.764359783,
            2174668.599102856
          ],
          [
            4692523.642605025,
            2174668.075746712
          ],
          [
            4692523.50955679,
            2174667.556095066
          ],
          [
            4692523.365281433,
            2174667.040462553
          ],
          [
            4692523.209848787,
            2174666.529167347
          ],
          [
            4692523.043331384,
            2174666.022532374
          ],
          [
            4692522.865804366,
            2174665.520884781
          ],
          [
            4692522.677343671,
            2174665.024556597
          ],
          [
            4692522.478025525,
            2174664.533884849
          ],
          [
            4692522.267924493,
            2174664.049212631
          ],
          [
            4692522.047112554,
            2174663.570888507
          ],
          [
            4692521.815662634,
            2174663.099281426
          ],
          [
            4692521.574731049,
            2174662.636814922
          ],
          [
            4692521.444056469,
            2174662.39697497
          ],
          [
            4692520.801077232,
            2174661.310523238
          ],
          [
            4692520.045765308,
            2174660.037137305
          ],
          [
            4692519.26972988,
            2174658.58930042
          ],
          [
            4692518.885848699,
            2174657.909479998
          ],
          [
            4692518.494380435,
            2174657.238461423
          ],
          [
            4692517.963260478,
            2174656.355916765
          ],
          [
            4692517.424822775,
            2174655.484148564
          ],
          [
            4692515.833866718,
            2174652.933527695
          ],
          [
            4692513.560200327,
            2174649.080328131
          ],
          [
            4692511.926828832,
            2174646.291695052
          ],
          [
            4692510.681224013,
            2174644.145580144
          ],
          [
            4692509.57156828,
            2174642.21176703
          ],
          [
            4692508.718692496,
            2174640.705753319
          ],
          [
            4692507.877049163,
            2174639.196058854
          ],
          [
            4692507.167178062,
            2174637.898349529
          ],
          [
            4692506.585764372,
            2174636.813601494
          ],
          [
            4692506.014881152,
            2174635.723771698
          ],
          [
            4692505.567770306,
            2174634.848625201
          ],
          [
            4692505.129920292,
            2174633.968532912
          ],
          [
            4692504.810041199,
            2174633.305887441
          ],
          [
            4692504.392404058,
            2174632.415299996
          ],
          [
            4692503.990515128,
            2174631.518173502
          ],
          [
            4692503.6052043,
            2174630.608629491
          ],
          [
            4692503.420773979,
            2174630.152550655
          ],
          [
            4692503.244347586,
            2174629.700797289
          ],
          [
            4692502.98835428,
            2174629.009672271
          ],
          [
            4692502.831513514,
            2174628.557739275
          ],
          [
            4692502.68101149,
            2174628.100526028
          ],
          [
            4692502.538734628,
            2174627.641854605
          ],
          [
            4692502.406262951,
            2174627.176250866
          ],
          [
            4692502.281211702,
            2174626.710322446
          ],
          [
            4692502.171485664,
            2174626.240192247
          ],
          [
            4692502.117925387,
            2174626.004609426
          ],
          [
            4692502.073294879,
            2174625.783775503
          ],
          [
            4692501.952412882,
            2174625.072038249
          ],
          [
            4692501.889906488,
            2174624.598854161
          ],
          [
            4692501.844518459,
            2174624.135194692
          ],
          [
            4692501.802280944,
            2174623.417975278
          ],
          [
            4692501.794912756,
            2174622.954757764
          ],
          [
            4692501.800301153,
            2174622.48136099
          ],
          [
            4692501.818552889,
            2174622.006882247
          ],
          [
            4692501.853092288,
            2174621.530460506
          ],
          [
            4692501.90313029,
            2174621.06073854
          ],
          [
            4692501.932064202,
            2174620.833161039
          ],
          [
            4692502.005517686,
            2174620.359405043
          ],
          [
            4692502.092150891,
            2174619.885846591
          ],
          [
            4692502.191408603,
            2174619.430411957
          ],
          [
            4692502.371467905,
            2174618.734547913
          ],
          [
            4692502.506644949,
            2174618.29120618
          ],
          [
            4692502.657027167,
            2174617.842111767
          ],
          [
            4692502.819932474,
            2174617.395919005
          ],
          [
            4692502.998863805,
            2174616.952856338
          ],
          [
            4692503.190397614,
            2174616.520946411
          ],
          [
            4692503.287653564,
            2174616.313080185
          ],
          [
            4692503.502574498,
            2174615.884496231
          ],
          [
            4692503.729900399,
            2174615.460117407
          ],
          [
            4692503.967257744,
            2174615.050513757
          ],
          [
            4692504.086565629,
            2174614.853855882
          ],
          [
            4692504.34679501,
            2174614.449971106
          ],
          [
            4692504.620411388,
            2174614.049309639
          ],
          [
            4692504.751695004,
            2174613.867605865
          ],
          [
            4692505.193006073,
            2174613.29572334
          ],
          [
            4692505.498152235,
            2174612.928098687
          ],
          [
            4692505.8122597,
            2174612.574224563
          ],
          [
            4692505.96830566,
            2174612.405329873
          ],
          [
            4692506.303426181,
            2174612.061573504
          ],
          [
            4692506.648953272,
            2174611.725461427
          ],
          [
            4692506.994005871,
            2174611.411203915
          ],
          [
            4692507.54345957,
            2174610.947394314
          ],
          [
            4692507.922587027,
            2174610.653521506
          ],
          [
            4692508.108437088,
            2174610.511388874
          ],
          [
            4692508.696364635,
            2174610.101097843
          ],
          [
            4692509.097223948,
            2174609.841563801
          ],
          [
            4692509.499775734,
            2174609.599004507
          ],
          [
            4692509.916151807,
            2174609.362553884
          ],
          [
            4692510.119951871,
            2174609.251932979
          ],
          [
            4692510.548210978,
            2174609.033534947
          ],
          [
            4692510.973101432,
            2174608.833596192
          ],
          [
            4692511.410815677,
            2174608.641040228
          ],
          [
            4692511.624599415,
            2174608.551759854
          ],
          [
            4692512.074293261,
            2174608.377139738
          ],
          [
            4692512.529973348,
            2174608.213108564
          ],
          [
            4692512.975851315,
            2174608.067869357
          ],
          [
            4692513.671018751,
            2174607.867949606
          ],
          [
            4692514.136727573,
            2174607.750077488
          ],
          [
            4692514.597675796,
            2174607.647852018
          ],
          [
            4692515.062621857,
            2174607.556181627
          ],
          [
            4692515.777403031,
            2174607.43963474
          ],
          [
            4692516.251093759,
            2174607.379831715
          ],
          [
            4692516.729323859,
            2174607.327419141
          ],
          [
            4692517.20560751,
            2174607.291106063
          ],
          [
            4692517.684577032,
            2174607.262387547
          ],
          [
            4692518.41830689,
            2174607.242779436
          ],
          [
            4692518.899007548,
            2174607.24116944
          ],
          [
            4692519.374583525,
            2174607.251311465
          ],
          [
            4692519.8569594,
            2174607.273031647
          ],
          [
            4692520.341491282,
            2174607.301557803
          ],
          [
            4692520.827075721,
            2174607.340778774
          ],
          [
            4692521.306472058,
            2174607.387508693
          ],
          [
            4692522.036374433,
            2174607.47421021
          ],
          [
            4692526.814134751,
            2174608.158766895
          ],
          [
            4692594.32552732,
            2174622.644100691
          ],
          [
            4692604.356163949,
            2174625.199157033
          ],
          [
            4692606.581263293,
            2174625.777306187
          ],
          [
            4692607.839425672,
            2174626.106057195
          ],
          [
            4692608.609813119,
            2174626.279533779
          ],
          [
            4692609.374936197,
            2174626.440224764
          ],
          [
            4692610.142290045,
            2174626.58981937
          ],
          [
            4692610.911711987,
            2174626.728285604
          ],
          [
            4692611.68303907,
            2174626.855593256
          ],
          [
            4692612.456107245,
            2174626.971714236
          ],
          [
            4692613.230751783,
            2174627.076622956
          ],
          [
            4692614.006807609,
            2174627.170296079
          ],
          [
            4692614.784108526,
            2174627.252712013
          ],
          [
            4692615.562487837,
            2174627.323852142
          ],
          [
            4692616.341778227,
            2174627.38369933
          ],
          [
            4692617.121811244,
            2174627.432238959
          ],
          [
            4692617.902417842,
            2174627.469458672
          ],
          [
            4692618.683428118,
            2174627.495348221
          ],
          [
            4692619.464671389,
            2174627.509899569
          ],
          [
            4692620.245975679,
            2174627.513106529
          ],
          [
            4692621.02716814,
            2174627.504965601
          ],
          [
            4692621.808074883,
            2174627.485474961
          ],
          [
            4692622.588520505,
            2174627.454635068
          ],
          [
            4692623.36832851,
            2174627.412448605
          ],
          [
            4692624.147320831,
            2174627.358920004
          ],
          [
            4692624.925317399,
            2174627.29405589
          ],
          [
            4692625.702136655,
            2174627.217865251
          ],
          [
            4692626.477594998,
            2174627.13035867
          ],
          [
            4692627.251506291,
            2174627.031548827
          ],
          [
            4692628.023681997,
            2174626.921450439
          ],
          [
            4692628.793930762,
            2174626.800079956
          ],
          [
            4692629.562057802,
            2174626.667455625
          ],
          [
            4692630.32786488,
            2174626.523597677
          ],
          [
            4692631.091149627,
            2174626.368527878
          ],
          [
            4692631.851705435,
            2174626.202269865
          ],
          [
            4692632.609320595,
            2174626.024848312
          ],
          [
            4692633.363777624,
            2174625.83628935
          ],
          [
            4692634.114852611,
            2174625.636620188
          ],
          [
            4692634.862315111,
            2174625.425869093
          ],
          [
            4692635.605926237,
            2174625.20406419
          ],
          [
            4692636.345438854,
            2174624.971234403
          ],
          [
            4692637.080595772,
            2174624.727407192
          ],
          [
            4692637.811129033,
            2174624.472609308
          ],
          [
            4692638.536758533,
            2174624.206864711
          ],
          [
            4692639.257190988,
            2174623.930194103
          ],
          [
            4692639.972118251,
            2174623.642612552
          ],
          [
            4692640.681215757,
            2174623.344128072
          ],
          [
            4692641.384140828,
            2174623.034738975
          ],
          [
            4692642.079812146,
            2174622.714762077
          ],
          [
            4692642.541464127,
            2174622.494085268
          ],
          [
            4692644.970531872,
            2174621.297584851
          ],
          [
            4692646.76783374,
            2174620.44707192
          ],
          [
            4692647.912131627,
            2174619.885932969
          ],
          [
            4692649.271271951,
            2174619.204212518
          ],
          [
            4692652.608864802,
            2174617.519692729
          ],
          [
            4692655.733795112,
            2174615.988002326
          ],
          [
            4692658.192136831,
            2174614.79463834
          ],
          [
            4692660.204802443,
            2174613.829081622
          ],
          [
            4692661.995878883,
            2174612.981956737
          ],
          [
            4692663.565906766,
            2174612.252458874
          ],
          [
            4692664.914701757,
            2174611.637853248
          ],
          [
            4692666.040901529,
            2174611.135523065
          ],
          [
            4692667.399916088,
            2174610.545691796
          ],
          [
            4692668.536823072,
            2174610.064360318
          ],
          [
            4692669.678249499,
            2174609.59199613
          ],
          [
            4692670.824296803,
            2174609.128965208
          ],
          [
            4692671.974470903,
            2174608.674480681
          ],
          [
            4692673.12897439,
            2174608.229228053
          ],
          [
            4692674.287860944,
            2174607.792612021
          ],
          [
            4692675.451112285,
            2174607.364486547
          ],
          [
            4692676.61799936,
            2174606.9445293
          ],
          [
            4692678.02494932,
            2174606.451636955
          ],
          [
            4692679.193381019,
            2174606.052518755
          ],
          [
            4692680.106536275,
            2174605.747617078
          ],
          [
            4692683.714887972,
            2174604.713067095
          ],
          [
            4692686.62780695,
            2174603.888783697
          ],
          [
            4692689.070567452,
            2174603.208553409
          ],
          [
            4692691.287443958,
            2174602.602751391
          ],
          [
            4692693.279183474,
            2174602.069733103
          ],
          [
            4692695.300278491,
            2174601.540599134
          ],
          [
            4692696.343337149,
            2174601.271342055
          ],
          [
            4692696.872390992,
            2174601.107500524
          ],
          [
            4692697.387155345,
            2174600.937699969
          ],
          [
            4692697.8986897,
            2174600.75851914
          ],
          [
            4692698.406820179,
            2174600.570019892
          ],
          [
            4692698.911374111,
            2174600.372266751
          ],
          [
            4692699.412179091,
            2174600.16532769
          ],
          [
            4692699.9090641,
            2174599.949274317
          ],
          [
            4692700.401859339,
            2174599.724181205
          ],
          [
            4692700.890396219,
            2174599.490126187
          ],
          [
            4692701.374506614,
            2174599.247190323
          ],
          [
            4692701.854024329,
            2174598.995458409
          ],
          [
            4692702.328784269,
            2174598.735017767
          ],
          [
            4692702.798622059,
            2174598.465959541
          ],
          [
            4692703.263375391,
            2174598.188378135
          ],
          [
            4692703.722882892,
            2174597.902370806
          ],
          [
            4692704.176984516,
            2174597.608038576
          ],
          [
            4692704.625522025,
            2174597.305485423
          ],
          [
            4692705.068338041,
            2174596.994818632
          ],
          [
            4692705.505277231,
            2174596.67614901
          ],
          [
            4692705.936185173,
            2174596.349590326
          ],
          [
            4692706.360909477,
            2174596.015260153
          ],
          [
            4692706.779299039,
            2174595.673278862
          ],
          [
            4692707.19120433,
            2174595.323770607
          ],
          [
            4692707.596477617,
            2174594.966862556
          ],
          [
            4692707.994972143,
            2174594.602685491
          ],
          [
            4692708.386543436,
            2174594.231373814
          ],
          [
            4692708.771048272,
            2174593.853064922
          ],
          [
            4692709.148345179,
            2174593.467900042
          ],
          [
            4692709.51829409,
            2174593.076023704
          ],
          [
            4692709.880756661,
            2174592.677584187
          ],
          [
            4692710.23559594,
            2174592.27273332
          ],
          [
            4692710.582676854,
            2174591.861626622
          ],
          [
            4692710.92186557,
            2174591.444423104
          ],
          [
            4692711.253029806,
            2174591.021285722
          ],
          [
            4692711.576038493,
            2174590.592381273
          ],
          [
            4692711.890762333,
            2174590.157880431
          ],
          [
            4692712.197073119,
            2174589.717957411
          ],
          [
            4692712.494843555,
            2174589.272790742
          ],
          [
            4692712.783947636,
            2174588.822563011
          ],
          [
            4692713.064260328,
            2174588.367460618
          ],
          [
            4692713.335657204,
            2174587.90767402
          ],
          [
            4692713.598014109,
            2174587.443398108
          ],
          [
            4692713.851207682,
            2174586.974831821
          ],
          [
            4692714.095114174,
            2174586.502178037
          ],
          [
            4692714.329609671,
            2174586.025644059
          ],
          [
            4692714.554569518,
            2174585.545440985
          ],
          [
            4692714.76986769,
            2174585.061784077
          ],
          [
            4692714.975376555,
            2174584.574892475
          ],
          [
            4692715.170966057,
            2174584.084988757
          ],
          [
            4692715.35650266,
            2174583.592299277
          ],
          [
            4692715.531849312,
            2174583.097053338
          ],
          [
            4692715.696863428,
            2174582.599482773
          ],
          [
            4692715.851395601,
            2174582.099824629
          ],
          [
            4692715.995585433,
            2174581.597297716
          ],
          [
            4692716.129552825,
            2174581.085416093
          ],
          [
            4692716.758085179,
            2174578.209720657
          ],
          [
            4692716.798569991,
            2174578.041786686
          ],
          [
            4692716.994069991,
            2174577.304234669
          ],
          [
            4692717.181769189,
            2174576.550093991
          ],
          [
            4692717.358725978,
            2174575.795123541
          ],
          [
            4692717.526265462,
            2174575.039456493
          ],
          [
            4692717.736910953,
            2174574.034174414
          ],
          [
            4692717.98534241,
            2174572.782526202
          ],
          [
            4692718.414459159,
            2174570.574230747
          ],
          [
            4692719.005950876,
            2174567.906497054
          ],
          [
            4692719.556506536,
            2174565.47648987
          ],
          [
            4692720.007731787,
            2174563.535531222
          ],
          [
            4692720.413597929,
            2174561.839518033
          ],
          [
            4692720.772305629,
            2174560.38776476
          ],
          [
            4692721.080954139,
            2174559.179485582
          ],
          [
            4692721.33563884,
            2174558.214260355
          ],
          [
            4692721.598558174,
            2174557.249553508
          ],
          [
            4692721.868654111,
            2174556.293874326
          ],
          [
            4692722.150456354,
            2174555.339662728
          ],
          [
            4692722.366258395,
            2174554.637006065
          ],
          [
            4692722.669175243,
            2174553.694633228
          ],
          [
            4692722.986071191,
            2174552.753889359
          ],
          [
            4692723.310093829,
            2174551.82953023
          ],
          [
            4692723.645074028,
            2174550.907806769
          ],
          [
            4692723.990793101,
            2174549.98895744
          ],
          [
            4692724.347103675,
            2174549.072946778
          ],
          [
            4692724.713729898,
            2174548.15998508
          ],
          [
            4692725.091371607,
            2174547.249682932
          ],
          [
            4692725.478431513,
            2174546.341781552
          ],
          [
            4692725.875806514,
            2174545.436748906
          ],
          [
            4692726.282798146,
            2174544.533753387
          ],
          [
            4692726.698992102,
            2174543.632812829
          ],
          [
            4692727.123916931,
            2174542.733830928
          ],
          [
            4692727.557603426,
            2174541.836651787
          ],
          [
            4692728.110905967,
            2174540.715591394
          ],
          [
            4692728.674844651,
            2174539.596173246
          ],
          [
            4692729.476723384,
            2174538.03541045
          ],
          [
            4692730.170879912,
            2174536.709537617
          ],
          [
            4692730.753320518,
            2174535.618598524
          ],
          [
            4692731.345638648,
            2174534.532291047
          ],
          [
            4692731.949877032,
            2174533.451076794
          ],
          [
            4692732.565674863,
            2174532.374142506
          ],
          [
            4692733.060178124,
            2174531.529327039
          ],
          [
            4692733.57102823,
            2174530.675322434
          ],
          [
            4692734.084680357,
            2174529.840529804
          ],
          [
            4692734.476077908,
            2174529.221109508
          ],
          [
            4692735.01264352,
            2174528.399198381
          ],
          [
            4692735.422890221,
            2174527.790274932
          ],
          [
            4692735.84422636,
            2174527.187188049
          ],
          [
            4692736.276535113,
            2174526.590492177
          ],
          [
            4692736.718050883,
            2174526.007801146
          ],
          [
            4692737.174261946,
            2174525.432231322
          ],
          [
            4692737.479170625,
            2174525.0651581
          ],
          [
            4692737.792812159,
            2174524.700920085
          ],
          [
            4692738.112662716,
            2174524.343458682
          ],
          [
            4692738.443158247,
            2174523.992873082
          ],
          [
            4692738.782621551,
            2174523.648652137
          ],
          [
            4692739.122930845,
            2174523.323979713
          ],
          [
            4692739.472880797,
            2174523.007389564
          ],
          [
            4692739.834544473,
            2174522.703108266
          ],
          [
            4692740.201058358,
            2174522.418484697
          ],
          [
            4692740.577356588,
            2174522.146119425
          ],
          [
            4692740.961421397,
            2174521.897628169
          ],
          [
            4692741.35917885,
            2174521.659388208
          ],
          [
            4692741.762631323,
            2174521.44512799
          ],
          [
            4692742.187672164,
            2174521.237617963
          ],
          [
            4692742.391204664,
            2174521.144490152
          ],
          [
            4692742.819242252,
            2174520.969803066
          ],
          [
            4692743.26439069,
            2174520.805014395
          ],
          [
            4692743.47734399,
            2174520.731992994
          ],
          [
            4692743.921719351,
            2174520.599291382
          ],
          [
            4692744.375419898,
            2174520.479308303
          ],
          [
            4692744.83756649,
            2174520.376159728
          ],
          [
            4692745.300260675,
            2174520.291119459
          ],
          [
            4692745.525640219,
            2174520.254885152
          ],
          [
            4692745.998466289,
            2174520.193109304
          ],
          [
            4692746.463529381,
            2174520.149132542
          ],
          [
            4692746.939813495,
            2174520.117428925
          ],
          [
            4692747.17071542,
            2174520.10674375
          ],
          [
            4692747.651271507,
            2174520.097229325
          ],
          [
            4692748.121432552,
            2174520.102766325
          ],
          [
            4692748.59790477,
            2174520.119971194
          ],
          [
            4692749.073097358,
            2174520.148135343
          ],
          [
            4692749.792189858,
            2174520.21545569
          ],
          [
            4692750.518644088,
            2174520.305196055
          ],
          [
            4692750.990676469,
            2174520.37554494
          ],
          [
            4692751.710541809,
            2174520.496967782
          ],
          [
            4692752.189176117,
            2174520.58722117
          ],
          [
            4692752.914887913,
            2174520.731967665
          ],
          [
            4692754.3877779,
            2174521.048565678
          ],
          [
            4692760.821134951,
            2174522.222952761
          ],
          [
            4692761.807159333,
            2174522.459994685
          ],
          [
            4692761.807159333,
            2174522.459994685
          ],
          [
            4692764.860112347,
            2174523.191180639
          ],
          [
            4692764.860112347,
            2174523.191180639
          ],
          [
            4692766.396217343,
            2174523.554933363
          ],
          [
            4692766.396217343,
            2174523.554933363
          ],
          [
            4692768.963321392,
            2174524.14899538
          ],
          [
            4692768.963321392,
            2174524.14899538
          ],
          [
            4692771.031056838,
            2174524.610832399
          ],
          [
            4692771.031056838,
            2174524.610832399
          ],
          [
            4692773.523690523,
            2174525.140893363
          ],
          [
            4692773.523690523,
            2174525.140893363
          ],
          [
            4692775.721450852,
            2174525.578988577
          ],
          [
            4692775.721450852,
            2174525.578988577
          ],
          [
            4692778.20153584,
            2174526.033958544
          ],
          [
            4692778.20153584,
            2174526.033958544
          ],
          [
            4692780.474420825,
            2174526.409042837
          ],
          [
            4692780.474420825,
            2174526.409042837
          ],
          [
            4692782.963176025,
            2174526.767677435
          ],
          [
            4692782.963176025,
            2174526.767677435
          ],
          [
            4692785.292620341,
            2174527.048862014
          ],
          [
            4692785.292620341,
            2174527.048862014
          ],
          [
            4692791.507557841,
            2174527.5194178056
          ],
          [
            4692797.739953428,
            2174527.5835748897
          ],
          [
            4692803.963260782,
            2174527.241059995
          ],
          [
            4692803.963260782,
            2174527.241059995
          ],
          [
            4692806.29799994,
            2174527.007889123
          ],
          [
            4692806.29799994,
            2174527.007889123
          ],
          [
            4692808.793610611,
            2174526.70056423
          ],
          [
            4692808.793610611,
            2174526.70056423
          ],
          [
            4692811.07373544,
            2174526.372349209
          ],
          [
            4692811.07373544,
            2174526.372349209
          ],
          [
            4692813.562660913,
            2174525.968530876
          ],
          [
            4692813.562660913,
            2174525.968530876
          ],
          [
            4692815.76897418,
            2174525.57577176
          ],
          [
            4692815.76897418,
            2174525.57577176
          ],
          [
            4692818.271991501,
            2174525.097136676
          ],
          [
            4692818.271991501,
            2174525.097136676
          ],
          [
            4692820.348796174,
            2174524.677964086
          ],
          [
            4692820.348796174,
            2174524.677964086
          ],
          [
            4692822.927585617,
            2174524.136874561
          ],
          [
            4692822.927585617,
            2174524.136874561
          ],
          [
            4692824.470853306,
            2174523.804821303
          ],
          [
            4692824.470853306,
            2174523.804821303
          ],
          [
            4692827.538211624,
            2174523.136638618
          ],
          [
            4692858.513613018,
            2174516.361434116
          ],
          [
            4692863.546576796,
            2174515.62870444
          ],
          [
            4692865.027677299,
            2174515.372638671
          ],
          [
            4692866.505261497,
            2174515.132357761
          ],
          [
            4692867.491949781,
            2174514.981962608
          ],
          [
            4692868.482671527,
            2174514.840540093
          ],
          [
            4692869.218835986,
            2174514.742951858
          ],
          [
            4692869.948156968,
            2174514.653146597
          ],
          [
            4692870.929664358,
            2174514.544861976
          ],
          [
            4692871.913700612,
            2174514.45251167
          ],
          [
            4692872.640078888,
            2174514.397201257
          ],
          [
            4692873.367047472,
            2174514.353567617
          ],
          [
            4692874.34448113,
            2174514.317361007
          ],
          [
            4692874.830028279,
            2174514.310314537
          ],
          [
            4692875.320099347,
            2174514.310726425
          ],
          [
            4692875.800832934,
            2174514.31898272
          ],
          [
            4692876.533607979,
            2174514.349138219
          ],
          [
            4692877.004441434,
            2174514.381767028
          ],
          [
            4692877.722623419,
            2174514.454302417
          ],
          [
            4692878.197567164,
            2174514.521095364
          ],
          [
            4692878.433193587,
            2174514.555761565
          ],
          [
            4692878.894249671,
            2174514.638600241
          ],
          [
            4692879.598685687,
            2174514.791819164
          ],
          [
            4692880.048400682,
            2174514.908795861
          ],
          [
            4692880.503945639,
            2174515.039840398
          ],
          [
            4692880.962008019,
            2174515.184314794
          ],
          [
            4692881.180095055,
            2174515.257664148
          ],
          [
            4692881.632104602,
            2174515.42595564
          ],
          [
            4692881.854810451,
            2174515.510476538
          ],
          [
            4692882.287325608,
            2174515.690370405
          ],
          [
            4692882.942288246,
            2174515.990928277
          ],
          [
            4692883.370425397,
            2174516.208533874
          ],
          [
            4692883.584975888,
            2174516.319274326
          ],
          [
            4692883.783248323,
            2174516.427933979
          ],
          [
            4692884.406110525,
            2174516.793630476
          ],
          [
            4692884.809670419,
            2174517.052668381
          ],
          [
            4692885.009658382,
            2174517.182797175
          ],
          [
            4692885.394744567,
            2174517.450658
          ],
          [
            4692885.971909866,
            2174517.883226826
          ],
          [
            4692886.344808298,
            2174518.186237528
          ],
          [
            4692886.531392543,
            2174518.339757377
          ],
          [
            4692886.702701378,
            2174518.487832142
          ],
          [
            4692887.23706946,
            2174518.977370056
          ],
          [
            4692887.579907111,
            2174519.312550647
          ],
          [
            4692887.906747534,
            2174519.651971402
          ],
          [
            4692888.230773093,
            2174520.00514432
          ],
          [
            4692888.384891873,
            2174520.179287238
          ],
          [
            4692888.696299871,
            2174520.548648881
          ],
          [
            4692888.999931758,
            2174520.926595533
          ],
          [
            4692889.286817116,
            2174521.305871423
          ],
          [
            4692889.422559466,
            2174521.492014863
          ],
          [
            4692889.833366856,
            2174522.088842271
          ],
          [
            4692890.220600965,
            2174522.69968771
          ],
          [
            4692890.460806292,
            2174523.106865603
          ],
          [
            4692890.692785805,
            2174523.520825252
          ],
          [
            4692891.027065164,
            2174524.169192499
          ],
          [
            4692891.236124721,
            2174524.600628257
          ],
          [
            4692891.439020882,
            2174525.043089652
          ],
          [
            4692891.717433982,
            2174525.709629376
          ],
          [
            4692891.891690114,
            2174526.160045077
          ],
          [
            4692892.059182488,
            2174526.619345922
          ],
          [
            4692892.215856146,
            2174527.075306558
          ],
          [
            4692892.360469884,
            2174527.530107174
          ],
          [
            4692892.498244777,
            2174527.991573341
          ],
          [
            4692892.628817857,
            2174528.457737229
          ],
          [
            4692892.75152454,
            2174528.924987618
          ],
          [
            4692892.921335505,
            2174529.642452753
          ],
          [
            4692893.026843911,
            2174530.123867363
          ],
          [
            4692893.124772795,
            2174530.600573679
          ],
          [
            4692893.261862809,
            2174531.328593161
          ],
          [
            4692893.384221259,
            2174532.046655772
          ],
          [
            4692893.496520012,
            2174532.769577288
          ],
          [
            4692893.564317402,
            2174533.247944712
          ],
          [
            4692893.682810734,
            2174534.220596148
          ],
          [
            4692893.731005859,
            2174534.704192601
          ],
          [
            4692893.772338594,
            2174535.1927682
          ],
          [
            4692893.805267961,
            2174535.672699035
          ],
          [
            4692893.838398993,
            2174536.405420193
          ],
          [
            4692893.846935793,
            2174536.88344703
          ],
          [
            4692893.847454636,
            2174537.116803929
          ],
          [
            4692893.837661223,
            2174537.598471233
          ],
          [
            4692893.816267713,
            2174538.080341875
          ],
          [
            4692893.781116664,
            2174538.549691348
          ],
          [
            4692893.733995157,
            2174539.02375853
          ],
          [
            4692893.675356379,
            2174539.497654166
          ],
          [
            4692893.602174647,
            2174539.971845505
          ],
          [
            4692893.516620584,
            2174540.434569341
          ],
          [
            4692893.418973067,
            2174540.900551096
          ],
          [
            4692893.309130054,
            2174541.369706501
          ],
          [
            4692893.25181515,
            2174541.596691064
          ],
          [
            4692893.12260594,
            2174542.062598042
          ],
          [
            4692892.983618141,
            2174542.513357081
          ],
          [
            4692892.832735659,
            2174542.965868317
          ],
          [
            4692892.672430483,
            2174543.413035554
          ],
          [
            4692892.401938282,
            2174544.091646636
          ],
          [
            4692892.213850232,
            2174544.531179785
          ],
          [
            4692892.015262231,
            2174544.962888692
          ],
          [
            4692891.80634542,
            2174545.393120106
          ],
          [
            4692891.584782046,
            2174545.821163901
          ],
          [
            4692891.352110954,
            2174546.249360905
          ],
          [
            4692891.114802366,
            2174546.666607042
          ],
          [
            4692890.736567669,
            2174547.294108613
          ],
          [
            4692890.341285956,
            2174547.902744575
          ],
          [
            4692890.071157026,
            2174548.302201614
          ],
          [
            4692889.642178603,
            2174548.90241664
          ],
          [
            4692889.354392611,
            2174549.290329084
          ],
          [
            4692888.903427927,
            2174549.874133725
          ],
          [
            4692888.447153457,
            2174550.439384872
          ],
          [
            4692887.978480277,
            2174551.000189455
          ],
          [
            4692887.498403315,
            2174551.556660656
          ],
          [
            4692886.844508907,
            2174552.296892519
          ],
          [
            4692885.846181291,
            2174553.404130832
          ],
          [
            4692884.336694664,
            2174555.06189828
          ],
          [
            4692883.155980764,
            2174556.344665849
          ],
          [
            4692882.137578327,
            2174557.438325615
          ],
          [
            4692881.111128484,
            2174558.525812255
          ],
          [
            4692880.248474985,
            2174559.425634978
          ],
          [
            4692879.376778926,
            2174560.319444335
          ],
          [
            4692878.672224294,
            2174561.028396216
          ],
          [
            4692877.96569001,
            2174561.72574449
          ],
          [
            4692877.255621631,
            2174562.410010753
          ],
          [
            4692876.535909084,
            2174563.08540994
          ],
          [
            4692875.804618224,
            2174563.750816584
          ],
          [
            4692875.257815514,
            2174564.23189869
          ],
          [
            4692874.702210775,
            2174564.7060243
          ],
          [
            4692874.138434119,
            2174565.172147077
          ],
          [
            4692873.564322967,
            2174565.630495747
          ],
          [
            4692872.983362248,
            2174566.08153507
          ],
          [
            4692872.190626895,
            2174566.671945013
          ],
          [
            4692871.588064066,
            2174567.105568625
          ],
          [
            4692870.981899868,
            2174567.527284906
          ],
          [
            4692870.367674231,
            2174567.941868447
          ],
          [
            4692869.751366279,
            2174568.344166095
          ],
          [
            4692869.128387331,
            2174568.74049084
          ],
          [
            4692868.505401503,
            2174569.124268744
          ],
          [
            4692867.876171643,
            2174569.5011628
          ],
          [
            4692867.240608895,
            2174569.870543825
          ],
          [
            4692866.382912431,
            2174570.355464792
          ],
          [
            4692865.736054264,
            2174570.709950177
          ],
          [
            4692865.309781166,
            2174570.936352777
          ],
          [
            4692864.681784724,
            2174571.263602976
          ],
          [
            4692860.396427949,
            2174573.322638665
          ],
          [
            4692857.216188467,
            2174574.838761905
          ],
          [
            4692854.70227547,
            2174576.025603925
          ],
          [
            4692852.398196832,
            2174577.100620259
          ],
          [
            4692850.536522102,
            2174577.957899828
          ],
          [
            4692848.649550937,
            2174578.81491348
          ],
          [
            4692847.202212011,
            2174579.469815673
          ],
          [
            4692846.713607782,
            2174579.713006315
          ],
          [
            4692846.236356598,
            2174579.960485876
          ],
          [
            4692845.763301063,
            2174580.21581383
          ],
          [
            4692845.29457377,
            2174580.47891866
          ],
          [
            4692844.830305602,
            2174580.749726213
          ],
          [
            4692844.370626807,
            2174581.028160595
          ],
          [
            4692843.915666471,
            2174581.314143097
          ],
          [
            4692843.465552693,
            2174581.607593056
          ],
          [
            4692843.020412461,
            2174581.908427235
          ],
          [
            4692842.580371515,
            2174582.21656033
          ],
          [
            4692842.145554824,
            2174582.531904656
          ],
          [
            4692841.716085898,
            2174582.85437009
          ],
          [
            4692841.292087251,
            2174583.183864476
          ],
          [
            4692840.873680391,
            2174583.520293032
          ],
          [
            4692840.46098538,
            2174583.863558677
          ],
          [
            4692840.054121064,
            2174584.213562185
          ],
          [
            4692839.653205294,
            2174584.570201917
          ],
          [
            4692839.258354624,
            2174584.933373811
          ],
          [
            4692838.869684566,
            2174585.302971398
          ],
          [
            4692838.48730896,
            2174585.678885867
          ],
          [
            4692838.1113411,
            2174586.061006077
          ],
          [
            4692837.741892458,
            2174586.449218077
          ],
          [
            4692837.379073486,
            2174586.843406073
          ],
          [
            4692837.022993875,
            2174587.243451157
          ],
          [
            4692836.67376147,
            2174587.649231935
          ],
          [
            4692836.331483031,
            2174588.060624978
          ],
          [
            4692835.996264784,
            2174588.477503713
          ],
          [
            4692835.668210971,
            2174588.899738973
          ],
          [
            4692835.347425394,
            2174589.327199262
          ],
          [
            4692835.034010502,
            2174589.75974979
          ],
          [
            4692834.72806773,
            2174590.197253376
          ],
          [
            4692834.429697737,
            2174590.639569654
          ],
          [
            4692834.138999907,
            2174591.086555428
          ],
          [
            4692833.856072923,
            2174591.538064843
          ],
          [
            4692833.581015109,
            2174591.993948582
          ],
          [
            4692833.313923635,
            2174592.454054235
          ],
          [
            4692833.05489546,
            2174592.918226416
          ],
          [
            4692832.804026886,
            2174593.386306372
          ],
          [
            4692832.56141434,
            2174593.858132108
          ],
          [
            4692832.327153876,
            2174594.333538128
          ],
          [
            4692832.101341888,
            2174594.81235584
          ],
          [
            4692831.884075322,
            2174595.294412974
          ],
          [
            4692831.675451753,
            2174595.779533828
          ],
          [
            4692831.47556988,
            2174596.267539344
          ],
          [
            4692831.284530027,
            2174596.758246831
          ],
          [
            4692831.102434103,
            2174597.251470543
          ],
          [
            4692830.929387144,
            2174597.747021468
          ],
          [
            4692830.765497046,
            2174598.244707191
          ],
          [
            4692830.61087582,
            2174598.744332546
          ],
          [
            4692830.465642409,
            2174599.245691438
          ],
          [
            4692830.329113292,
            2174599.751526019
          ],
          [
            4692830.262875666,
            2174600.02521209
          ],
          [
            4692829.646588154,
            2174603.234402896
          ],
          [
            4692829.510137208,
            2174603.830806608
          ],
          [
            4692829.337787841,
            2174604.581374271
          ],
          [
            4692829.174716277,
            2174605.339354464
          ],
          [
            4692829.021308524,
            2174606.098361258
          ],
          [
            4692828.830411293,
            2174607.108296839
          ],
          [
            4692828.651737806,
            2174608.117673778
          ],
          [
            4692828.399897662,
            2174609.621312427
          ],
          [
            4692828.19699829,
            2174610.822482172
          ],
          [
            4692826.699536754,
            2174618.457445065
          ],
          [
            4692823.522224211,
            2174631.63664716
          ],
          [
            4692820.952897532,
            2174640.749665603
          ],
          [
            4692820.538097901,
            2174642.178771894
          ],
          [
            4692820.182846623,
            2174643.366299545
          ],
          [
            4692819.816767348,
            2174644.55081513
          ],
          [
            4692819.436493791,
            2174645.732988121
          ],
          [
            4692819.201625004,
            2174646.438248291
          ],
          [
            4692818.876546048,
            2174647.379275347
          ],
          [
            4692818.626470372,
            2174648.074351523
          ],
          [
            4692818.366222551,
            2174648.774656033
          ],
          [
            4692818.09943526,
            2174649.458346764
          ],
          [
            4692817.91707995,
            2174649.912546917
          ],
          [
            4692817.635439388,
            2174650.58195148
          ],
          [
            4692817.341181615,
            2174651.247693252
          ],
          [
            4692817.03408489,
            2174651.910390366
          ],
          [
            4692816.714256236,
            2174652.570069228
          ],
          [
            4692816.493129964,
            2174653.006786904
          ],
          [
            4692816.26792334,
            2174653.442263685
          ],
          [
            4692815.915269646,
            2174654.095395248
          ],
          [
            4692815.679083721,
            2174654.519741948
          ],
          [
            4692815.310299706,
            2174655.160247909
          ],
          [
            4692814.930462206,
            2174655.796357448
          ],
          [
            4692814.546771839,
            2174656.41448196
          ],
          [
            4692814.152419066,
            2174657.029048094
          ],
          [
            4692813.748112332,
            2174657.639612967
          ],
          [
            4692813.334232029,
            2174658.246360078
          ],
          [
            4692812.911514324,
            2174658.849067791
          ],
          [
            4692809.558475114,
            2174663.49438692
          ],
          [
            4692764.731327373,
            2174718.489752847
          ],
          [
            4692764.731327373,
            2174718.489752847
          ],
          [
            4692758.330302111,
            2174726.7281329446
          ],
          [
            4692752.320708097,
            2174735.256251777
          ],
          [
            4692721.672441932,
            2174780.97902675
          ],
          [
            4692713.990735559,
            2174791.57860743
          ],
          [
            4692713.11191186,
            2174792.772757114
          ],
          [
            4692712.372383019,
            2174793.761396256
          ],
          [
            4692711.625813244,
            2174794.744834086
          ],
          [
            4692710.871755097,
            2174795.722026408
          ],
          [
            4692710.108987419,
            2174796.692681912
          ],
          [
            4692709.337661995,
            2174797.656896636
          ],
          [
            4692708.556446611,
            2174798.613963761
          ],
          [
            4692707.765606079,
            2174799.564157094
          ],
          [
            4692706.963884236,
            2174800.506454352
          ],
          [
            4692706.149857529,
            2174801.441552503
          ],
          [
            4692705.490799462,
            2174802.183936186
          ],
          [
            4692704.823789961,
            2174802.92157517
          ],
          [
            4692704.14805532,
            2174803.654147225
          ],
          [
            4692703.463554474,
            2174804.382199429
          ],
          [
            4692702.776243086,
            2174805.099445809
          ],
          [
            4692701.903237709,
            2174805.990537205
          ],
          [
            4692701.028513755,
            2174806.86151952
          ],
          [
            4692700.141533166,
            2174807.723998189
          ],
          [
            4692699.242680554,
            2174808.577588131
          ],
          [
            4692698.332646597,
            2174809.421504067
          ],
          [
            4692697.605933834,
            2174810.080872741
          ],
          [
            4692696.872368537,
            2174810.734186803
          ],
          [
            4692696.132491099,
            2174811.381063849
          ],
          [
            4692695.386726499,
            2174812.021261876
          ],
          [
            4692694.445152331,
            2174812.813269499
          ],
          [
            4692693.49455912,
            2174813.595261175
          ],
          [
            4692692.534686393,
            2174814.367862216
          ],
          [
            4692691.760810047,
            2174814.978270226
          ],
          [
            4692690.78480853,
            2174815.734687169
          ],
          [
            4692689.801379446,
            2174816.481900856
          ],
          [
            4692688.609668876,
            2174817.368264311
          ],
          [
            4692680.537004543,
            2174823.257529471
          ],
          [
            4692680.537004543,
            2174823.257529471
          ],
          [
            4692679.068094121,
            2174824.215474248
          ],
          [
            4692679.068094121,
            2174824.215474248
          ],
          [
            4692677.678171147,
            2174825.114708718
          ],
          [
            4692677.678171147,
            2174825.114708718
          ],
          [
            4692674.879860215,
            2174826.915596408
          ],
          [
            4692640.710525636,
            2174848.866996206
          ],
          [
            4692632.415181621,
            2174853.820076029
          ],
          [
            4692629.752647652,
            2174855.4030434
          ],
          [
            4692629.082890416,
            2174855.825000026
          ],
          [
            4692628.423359974,
            2174856.256409811
          ],
          [
            4692627.771290736,
            2174856.699010728
          ],
          [
            4692627.12687306,
            2174857.15267357
          ],
          [
            4692626.490294752,
            2174857.617266054
          ],
          [
            4692625.861742002,
            2174858.092652875
          ],
          [
            4692625.241398352,
            2174858.578695068
          ],
          [
            4692624.629444956,
            2174859.075250934
          ],
          [
            4692624.026060954,
            2174859.582175499
          ],
          [
            4692623.431422585,
            2174860.099320577
          ],
          [
            4692622.84570399,
            2174860.626535256
          ],
          [
            4692622.269076563,
            2174861.163665358
          ],
          [
            4692621.701709438,
            2174861.710553949
          ],
          [
            4692621.143768934,
            2174862.267040905
          ],
          [
            4692620.595418881,
            2174862.832963373
          ],
          [
            4692620.056820238,
            2174863.408155562
          ],
          [
            4692619.528131707,
            2174863.99244889
          ],
          [
            4692619.009508645,
            2174864.585671815
          ],
          [
            4692618.501104349,
            2174865.18765034
          ],
          [
            4692618.00306885,
            2174865.798207265
          ],
          [
            4692617.515549645,
            2174866.41716304
          ],
          [
            4692617.038691375,
            2174867.044335091
          ],
          [
            4692616.572635635,
            2174867.679538321
          ],
          [
            4692616.117521551,
            2174868.322584945
          ],
          [
            4692615.673485045,
            2174868.973284327
          ],
          [
            4692615.240659385,
            2174869.631443347
          ],
          [
            4692614.819174817,
            2174870.296866109
          ],
          [
            4692614.409158972,
            2174870.969354079
          ],
          [
            4692614.010736387,
            2174871.648705905
          ],
          [
            4692613.624028955,
            2174872.334717569
          ],
          [
            4692613.249155518,
            2174873.027182162
          ],
          [
            4692612.886232181,
            2174873.725890119
          ],
          [
            4692612.535372336,
            2174874.430628913
          ],
          [
            4692612.196686604,
            2174875.141183031
          ],
          [
            4692611.870282902,
            2174875.857333891
          ],
          [
            4692611.556266379,
            2174876.578859843
          ],
          [
            4692611.25473984,
            2174877.305535936
          ],
          [
            4692610.965803378,
            2174878.037133716
          ],
          [
            4692610.689554845,
            2174878.773421056
          ],
          [
            4692610.426089522,
            2174879.51416145
          ],
          [
            4692610.175657843,
            2174880.258643524
          ],
          [
            4692610.004417564,
            2174880.796023975
          ],
          [
            4692609.391221655,
            2174883.809579074
          ],
          [
            4692608.921338148,
            2174886.093569801
          ],
          [
            4692608.579855829,
            2174890.625901168
          ],
          [
            4692608.579855829,
            2174890.625901168
          ],
          [
            4692608.400161634,
            2174892.016366934
          ],
          [
            4692608.400161634,
            2174892.016366934
          ],
          [
            4692608.231683674,
            2174893.473316583
          ],
          [
            4692608.231683674,
            2174893.473316583
          ],
          [
            4692608.043983393,
            2174895.276898311
          ],
          [
            4692608.043983393,
            2174895.276898311
          ],
          [
            4692607.939951915,
            2174896.356340285
          ],
          [
            4692607.939951915,
            2174896.356340285
          ],
          [
            4692607.742571785,
            2174898.489447921
          ],
          [
            4692606.7411854,
            2174909.463405579
          ],
          [
            4692605.461873572,
            2174920.00921008
          ],
          [
            4692605.243229826,
            2174921.73494682
          ],
          [
            4692605.012158416,
            2174923.467315146
          ],
          [
            4692604.803811678,
            2174924.938918198
          ],
          [
            4692604.619716211,
            2174926.165272425
          ],
          [
            4692604.425880106,
            2174927.374157323
          ],
          [
            4692604.257479891,
            2174928.352855675
          ],
          [
            4692604.07839402,
            2174929.315628916
          ],
          [
            4692603.935304124,
            2174930.034628351
          ],
          [
            4692603.782440868,
            2174930.753556288
          ],
          [
            4692603.621465397,
            2174931.47130298
          ],
          [
            4692603.449642975,
            2174932.187307994
          ],
          [
            4692603.267098292,
            2174932.902875091
          ],
          [
            4692603.073347192,
            2174933.617553182
          ],
          [
            4692602.867973678,
            2174934.330654938
          ],
          [
            4692602.651360915,
            2174935.033916607
          ],
          [
            4692602.421981733,
            2174935.730811233
          ],
          [
            4692602.263533843,
            2174936.193906528
          ],
          [
            4692602.015300892,
            2174936.878276026
          ],
          [
            4692601.841560034,
            2174937.330354273
          ],
          [
            4692601.569204631,
            2174938.012604826
          ],
          [
            4692601.379649558,
            2174938.4616964
          ],
          [
            4692601.182467337,
            2174938.911988581
          ],
          [
            4692600.978520864,
            2174939.361198069
          ],
          [
            4692600.772044523,
            2174939.800240959
          ],
          [
            4692600.445955496,
            2174940.461991739
          ],
          [
            4692600.110955628,
            2174941.104267831
          ],
          [
            4692599.761919949,
            2174941.741132958
          ],
          [
            4692599.270165417,
            2174942.586059716
          ],
          [
            4692598.882690928,
            2174943.212788329
          ],
          [
            4692598.616829672,
            2174943.62800543
          ],
          [
            4692598.349395869,
            2174944.033678051
          ],
          [
            4692597.931791083,
            2174944.642869165
          ],
          [
            4692597.509491862,
            2174945.230707116
          ],
          [
            4692596.919310065,
            2174946.010403402
          ],
          [
            4692596.620302827,
            2174946.391060393
          ],
          [
            4692596.15215928,
            2174946.962398845
          ],
          [
            4692595.834111121,
            2174947.338881404
          ],
          [
            4692595.515996977,
            2174947.705952388
          ],
          [
            4692595.023169126,
            2174948.255650879
          ],
          [
            4692594.528319376,
            2174948.785040838
          ],
          [
            4692594.021450219,
            2174949.307707892
          ],
          [
            4692593.503302939,
            2174949.823147059
          ],
          [
            4692592.974655804,
            2174950.330925301
          ],
          [
            4692592.434939103,
            2174950.829907039
          ],
          [
            4692591.69450365,
            2174951.487207207
          ],
          [
            4692591.134442857,
            2174951.965410208
          ],
          [
            4692590.563749218,
            2174952.43795761
          ],
          [
            4692589.984465355,
            2174952.90360538
          ],
          [
            4692589.408426818,
            2174953.352700683
          ],
          [
            4692588.82538494,
            2174953.795566779
          ],
          [
            4692588.036391506,
            2174954.378338319
          ],
          [
            4692587.238247657,
            2174954.950973034
          ],
          [
            4692581.116695525,
            2174959.211264571
          ],
          [
            4692546.538389362,
            2174980.678687956
          ],
          [
            4692541.989051202,
            2174983.028923712
          ],
          [
            4692540.169461213,
            2174984.046480912
          ],
          [
            4692539.485694492,
            2174984.449632112
          ],
          [
            4692538.811000493,
            2174984.864653734
          ],
          [
            4692538.144197593,
            2174985.292236427
          ],
          [
            4692537.485519822,
            2174985.732230205
          ],
          [
            4692536.835198313,
            2174986.184480656
          ],
          [
            4692536.193461338,
            2174986.648829094
          ],
          [
            4692535.560534055,
            2174987.125112538
          ],
          [
            4692534.936638709,
            2174987.613163927
          ],
          [
            4692534.321994362,
            2174988.112811896
          ],
          [
            4692533.716816762,
            2174988.623881087
          ],
          [
            4692533.121318611,
            2174989.146192078
          ],
          [
            4692532.535708799,
            2174989.679561409
          ],
          [
            4692531.960193342,
            2174990.223801977
          ],
          [
            4692531.39497442,
            2174990.778722371
          ],
          [
            4692530.840250554,
            2174991.344127764
          ],
          [
            4692530.296216919,
            2174991.919819555
          ],
          [
            4692529.763064856,
            2174992.505595348
          ],
          [
            4692529.240982016,
            2174993.101249211
          ],
          [
            4692528.730152134,
            2174993.706571585
          ],
          [
            4692528.23075493,
            2174994.321349644
          ],
          [
            4692527.742966777,
            2174994.945367023
          ],
          [
            4692527.266959281,
            2174995.578403812
          ],
          [
            4692526.802900627,
            2174996.2202372
          ],
          [
            4692526.350954423,
            2174996.87064083
          ],
          [
            4692525.911280639,
            2174997.529385462
          ],
          [
            4692525.484034681,
            2174998.196238468
          ],
          [
            4692525.069368071,
            2174998.870964267
          ],
          [
            4692524.667427457,
            2174999.553324257
          ],
          [
            4692524.278355862,
            2175000.243077129
          ],
          [
            4692523.902291561,
            2175000.939978303
          ],
          [
            4692523.53936851,
            2175001.643780734
          ],
          [
            4692523.189716622,
            2175002.354234229
          ],
          [
            4692522.853460588,
            2175003.07108594
          ],
          [
            4692522.530721408,
            2175003.794080538
          ],
          [
            4692522.221615152,
            2175004.522959587
          ],
          [
            4692521.926253517,
            2175005.257462221
          ],
          [
            4692521.6447435,
            2175005.997324971
          ],
          [
            4692521.377188094,
            2175006.742281456
          ],
          [
            4692521.123684843,
            2175007.492062737
          ],
          [
            4692520.884327631,
            2175008.246397335
          ],
          [
            4692520.659205083,
            2175009.005010707
          ],
          [
            4692520.448401531,
            2175009.767625887
          ],
          [
            4692520.251996578,
            2175010.533963046
          ],
          [
            4692520.070065566,
            2175011.303739447
          ],
          [
            4692519.902679089,
            2175012.076669077
          ],
          [
            4692519.749902835,
            2175012.852463124
          ],
          [
            4692519.611798301,
            2175013.630829655
          ],
          [
            4692519.488422433,
            2175014.411473136
          ],
          [
            4692519.380000529,
            2175015.192848501
          ],
          [
            4692519.313905632,
            2175015.731323041
          ],
          [
            4692519.29150148,
            2175016.03788284
          ],
          [
            4692519.308394357,
            2175018.849864757
          ],
          [
            4692519.309431515,
            2175019.514833921
          ],
          [
            4692519.309431515,
            2175019.514833921
          ],
          [
            4692519.34030043,
            2175020.6078903554
          ],
          [
            4692519.429409505,
            2175021.697745773
          ],
          [
            4692519.429409505,
            2175021.697745773
          ],
          [
            4692520.840931254,
            2175033.787659925
          ],
          [
            4692524.039290822,
            2175059.407400091
          ],
          [
            4692525.317257801,
            2175072.300034708
          ],
          [
            4692525.478571787,
            2175074.031270159
          ],
          [
            4692525.627011964,
            2175075.76384667
          ],
          [
            4692525.723263663,
            2175077.001287782
          ],
          [
            4692525.809426064,
            2175078.240013798
          ],
          [
            4692525.882782117,
            2175079.480129999
          ],
          [
            4692525.940369395,
            2175080.722928401
          ],
          [
            4692525.97196623,
            2175081.718165115
          ],
          [
            4692525.987898102,
            2175082.700509859
          ],
          [
            4692525.98798766,
            2175083.686591612
          ],
          [
            4692525.976906052,
            2175084.429505275
          ],
          [
            4692525.954513207,
            2175085.15821654
          ],
          [
            4692525.921066578,
            2175085.888170535
          ],
          [
            4692525.876099713,
            2175086.617135868
          ],
          [
            4692525.795171605,
            2175087.594487674
          ],
          [
            4692525.719076656,
            2175088.325648424
          ],
          [
            4692525.628520473,
            2175089.051678772
          ],
          [
            4692525.523582213,
            2175089.779301583
          ],
          [
            4692525.403959288,
            2175090.507015124
          ],
          [
            4692525.270328068,
            2175091.219174948
          ],
          [
            4692525.121674218,
            2175091.929815855
          ],
          [
            4692524.896292173,
            2175092.88067217
          ],
          [
            4692524.706299011,
            2175093.592426346
          ],
          [
            4692524.573988747,
            2175094.05679853
          ],
          [
            4692524.358643039,
            2175094.760720521
          ],
          [
            4692524.130477399,
            2175095.446786762
          ],
          [
            4692523.88606444,
            2175096.131693445
          ],
          [
            4692523.712924413,
            2175096.585505337
          ],
          [
            4692523.534572557,
            2175097.038152378
          ],
          [
            4692523.248179333,
            2175097.718872639
          ],
          [
            4692523.049436493,
            2175098.169892594
          ],
          [
            4692522.847637705,
            2175098.610756496
          ],
          [
            4692522.532615597,
            2175099.26125844
          ],
          [
            4692522.2021764,
            2175099.907595992
          ],
          [
            4692521.856777929,
            2175100.548808248
          ],
          [
            4692521.494538327,
            2175101.184348687
          ],
          [
            4692521.113333402,
            2175101.817579168
          ],
          [
            4692520.857169231,
            2175102.227632369
          ],
          [
            4692520.454855179,
            2175102.845210366
          ],
          [
            4692520.045422323,
            2175103.442262396
          ],
          [
            4692519.622225355,
            2175104.032127962
          ],
          [
            4692519.031400282,
            2175104.811125684
          ],
          [
            4692518.569940171,
            2175105.386039873
          ],
          [
            4692518.261350214,
            2175105.758013825
          ],
          [
            4692517.780608909,
            2175106.316064337
          ],
          [
            4692517.295976043,
            2175106.852987308
          ],
          [
            4692516.797631179,
            2175107.382677303
          ],
          [
            4692516.286918102,
            2175107.903757369
          ],
          [
            4692515.762335249,
            2175108.415304723
          ],
          [
            4692515.22121782,
            2175108.919881213
          ],
          [
            4692514.862117812,
            2175109.24456388
          ],
          [
            4692514.306532101,
            2175109.72944222
          ],
          [
            4692513.750881024,
            2175110.193506319
          ],
          [
            4692513.183568332,
            2175110.64908007
          ],
          [
            4692512.604441917,
            2175111.096450017
          ],
          [
            4692512.215691582,
            2175111.387313587
          ],
          [
            4692511.618910319,
            2175111.817978615
          ],
          [
            4692511.00952541,
            2175112.239722705
          ],
          [
            4692510.59884989,
            2175112.515856841
          ],
          [
            4692510.191072677,
            2175112.783499643
          ],
          [
            4692509.566090513,
            2175113.180580599
          ],
          [
            4692508.945643517,
            2175113.559766327
          ],
          [
            4692508.317118424,
            2175113.93099012
          ],
          [
            4692507.681427316,
            2175114.294344664
          ],
          [
            4692507.038978836,
            2175114.650315757
          ],
          [
            4692506.390620327,
            2175114.999207433
          ],
          [
            4692505.73608199,
            2175115.340994247
          ],
          [
            4692504.854782277,
            2175115.789090777
          ],
          [
            4692498.535893941,
            2175118.885935218
          ],
          [
            4692486.127350802,
            2175124.170583152
          ],
          [
            4692480.407436298,
            2175126.272721352
          ],
          [
            4692478.017494884,
            2175127.138855855
          ],
          [
            4692476.087252892,
            2175127.827544018
          ],
          [
            4692474.852133776,
            2175128.262441738
          ],
          [
            4692474.351621146,
            2175128.463937895
          ],
          [
            4692473.628572434,
            2175128.769916544
          ],
          [
            4692472.911262274,
            2175129.087498469
          ],
          [
            4692472.199489204,
            2175129.416773117
          ],
          [
            4692471.493474803,
            2175129.757648337
          ],
          [
            4692470.793442443,
            2175130.110027589
          ],
          [
            4692470.099618473,
            2175130.473810759
          ],
          [
            4692469.412231861,
            2175130.848893066
          ],
          [
            4692468.731515135,
            2175131.235166035
          ],
          [
            4692468.057705079,
            2175131.632516585
          ],
          [
            4692467.391042611,
            2175132.040827204
          ],
          [
            4692466.731774398,
            2175132.459976276
          ],
          [
            4692466.080152794,
            2175132.889837363
          ],
          [
            4692465.436437508,
            2175133.330280041
          ],
          [
            4692464.800895928,
            2175133.781169187
          ],
          [
            4692464.173804881,
            2175134.242365925
          ],
          [
            4692463.555451374,
            2175134.713727297
          ],
          [
            4692462.946134766,
            2175135.195107288
          ],
          [
            4692462.346167451,
            2175135.686357029
          ],
          [
            4692461.755878015,
            2175136.187326656
          ],
          [
            4692461.175612314,
            2175136.697865767
          ],
          [
            4692460.605736816,
            2175137.217826447
          ],
          [
            4692460.046641862,
            2175137.747064066
          ],
          [
            4692459.498804314,
            2175138.285379285
          ],
          [
            4692459.174319364,
            2175138.616453078
          ],
          [
            4692457.491619395,
            2175140.359599465
          ],
          [
            4692456.569961306,
            2175141.268379792
          ],
          [
            4692455.849868864,
            2175141.995730121
          ],
          [
            4692454.962822901,
            2175142.9111059
          ],
          [
            4692453.914133547,
            2175144.014080283
          ],
          [
            4692451.695030405,
            2175146.359484215
          ],
          [
            4692449.617936655,
            2175148.492874336
          ],
          [
            4692447.879724421,
            2175150.262330438
          ],
          [
            4692446.308893028,
            2175151.843246934
          ],
          [
            4692445.081378049,
            2175153.062560928
          ],
          [
            4692444.022952431,
            2175154.098599439
          ],
          [
            4692443.135813759,
            2175154.954287333
          ],
          [
            4692442.242258501,
            2175155.801778665
          ],
          [
            4692441.34043526,
            2175156.639857234
          ],
          [
            4692440.612913933,
            2175157.301300247
          ],
          [
            4692439.876750923,
            2175157.954275273
          ],
          [
            4692439.132364076,
            2175158.598051978
          ],
          [
            4692438.377290861,
            2175159.229527729
          ],
          [
            4692437.607658799,
            2175159.848034967
          ],
          [
            4692437.019819356,
            2175160.30183125
          ],
          [
            4692436.631650219,
            2175160.593042971
          ],
          [
            4692436.033134987,
            2175161.025961775
          ],
          [
            4692435.638721796,
            2175161.299108834
          ],
          [
            4692435.23702704,
            2175161.568228883
          ],
          [
            4692434.831950771,
            2175161.830891293
          ],
          [
            4692434.210085647,
            2175162.215622648
          ],
          [
            4692433.573444943,
            2175162.588197415
          ],
          [
            4692433.144017437,
            2175162.829843633
          ],
          [
            4692432.718091949,
            2175163.061639739
          ],
          [
            4692432.07585383,
            2175163.393581245
          ],
          [
            4692431.423913062,
            2175163.713484274
          ],
          [
            4692430.761294867,
            2175164.022084904
          ],
          [
            4692430.318363522,
            2175164.219554635
          ],
          [
            4692429.640885154,
            2175164.506832527
          ],
          [
            4692428.952280121,
            2175164.782137134
          ],
          [
            4692428.498851818,
            2175164.956160945
          ],
          [
            4692427.804658779,
            2175165.210362718
          ],
          [
            4692427.108994304,
            2175165.450655071
          ],
          [
            4692426.64206781,
            2175165.606628081
          ],
          [
            4692421.658143488,
            2175167.190407769
          ],
          [
            4692358.092199671,
            2175183.01090174
          ],
          [
            4692358.092199671,
            2175183.01090174
          ],
          [
            4692355.885109441,
            2175183.563036077
          ],
          [
            4692355.885109441,
            2175183.563036077
          ],
          [
            4692355.853090133,
            2175183.571089543
          ],
          [
            4692351.409908149,
            2175184.381089002
          ],
          [
            4692350.64066498,
            2175184.552257697
          ],
          [
            4692349.878089959,
            2175184.734234346
          ],
          [
            4692349.11838341,
            2175184.927903375
          ],
          [
            4692348.361744809,
            2175185.133214304
          ],
          [
            4692347.608353064,
            2175185.350118832
          ],
          [
            4692346.858386788,
            2175185.578565896
          ],
          [
            4692346.112023267,
            2175185.81850133
          ],
          [
            4692345.369439492,
            2175186.069868942
          ],
          [
            4692344.630811632,
            2175186.332609151
          ],
          [
            4692343.896314839,
            2175186.606659989
          ],
          [
            4692343.166123579,
            2175186.891956743
          ],
          [
            4692342.440411272,
            2175187.188432012
          ],
          [
            4692341.719350935,
            2175187.496015861
          ],
          [
            4692341.003114001,
            2175187.814635207
          ],
          [
            4692340.291871535,
            2175188.144215035
          ],
          [
            4692339.585793313,
            2175188.484676983
          ],
          [
            4692338.885048464,
            2175188.835940616
          ],
          [
            4692338.189805014,
            2175189.197922273
          ],
          [
            4692337.500229641,
            2175189.57053605
          ],
          [
            4692336.81648877,
            2175189.953693574
          ],
          [
            4692336.13874746,
            2175190.347303251
          ],
          [
            4692335.467169757,
            2175190.751271285
          ],
          [
            4692334.80191884,
            2175191.165501116
          ],
          [
            4692334.143157095,
            2175191.589893542
          ],
          [
            4692333.491045736,
            2175192.024346613
          ],
          [
            4692332.845745431,
            2175192.468755901
          ],
          [
            4692332.207415793,
            2175192.923013966
          ],
          [
            4692331.576215795,
            2175193.387010858
          ],
          [
            4692330.952303513,
            2175193.860633676
          ],
          [
            4692330.33583657,
            2175194.343766896
          ],
          [
            4692329.726971908,
            2175194.836291939
          ],
          [
            4692329.125866053,
            2175195.338087453
          ],
          [
            4692328.532675207,
            2175195.84902901
          ],
          [
            4692327.947555383,
            2175196.36898908
          ],
          [
            4692327.370662368,
            2175196.897836957
          ],
          [
            4692326.802158613,
            2175197.435432708
          ],
          [
            4692326.243614468,
            2175197.980235228
          ],
          [
            4692326.043911569,
            2175198.179163842
          ],
          [
            4692325.847968173,
            2175198.396109796
          ],
          [
            4692323.903297441,
            2175200.743581526
          ],
          [
            4692322.581714019,
            2175202.326227777
          ],
          [
            4692322.265621626,
            2175202.770287694
          ],
          [
            4692320.154040682,
            2175206.021571575
          ],
          [
            4692320.154040682,
            2175206.021571575
          ],
          [
            4692319.938572,
            2175206.318049962
          ],
          [
            4692319.938572,
            2175206.318049962
          ],
          [
            4692318.853877386,
            2175207.844241871
          ],
          [
            4692318.853877386,
            2175207.844241871
          ],
          [
            4692317.972442853,
            2175209.12323359
          ],
          [
            4692317.972442853,
            2175209.12323359
          ],
          [
            4692316.898667922,
            2175210.718082178
          ],
          [
            4692316.898667922,
            2175210.718082178
          ],
          [
            4692316.263204227,
            2175211.676817432
          ],
          [
            4692316.263204227,
            2175211.676817432
          ],
          [
            4692315.013132643,
            2175213.577717348
          ],
          [
            4692272.150821531,
            2175278.927044333
          ],
          [
            4692272.150821531,
            2175278.927044333
          ],
          [
            4692270.319367698,
            2175281.738951545
          ],
          [
            4692270.319367698,
            2175281.738951545
          ],
          [
            4692269.719067711,
            2175282.675644678
          ],
          [
            4692266.510463071,
            2175287.306586819
          ],
          [
            4692265.30728837,
            2175289.041316983
          ],
          [
            4692265.00946823,
            2175289.498041691
          ],
          [
            4692264.722074188,
            2175289.956241484
          ],
          [
            4692264.442807507,
            2175290.419437064
          ],
          [
            4692264.171754831,
            2175290.887483756
          ],
          [
            4692263.909000345,
            2175291.360236334
          ],
          [
            4692263.654626405,
            2175291.837547247
          ],
          [
            4692263.408711707,
            2175292.319267672
          ],
          [
            4692263.171333016,
            2175292.805247927
          ],
          [
            4692262.942564373,
            2175293.295336254
          ],
          [
            4692262.722476798,
            2175293.78938009
          ],
          [
            4692262.511139145,
            2175294.287225364
          ],
          [
            4692262.308616919,
            2175294.788716795
          ],
          [
            4692262.114973335,
            2175295.293698229
          ],
          [
            4692261.930268612,
            2175295.802012234
          ],
          [
            4692261.754560617,
            2175296.313500123
          ],
          [
            4692261.587903768,
            2175296.828002212
          ],
          [
            4692261.430350014,
            2175297.345358317
          ],
          [
            4692261.281948618,
            2175297.865406863
          ],
          [
            4692261.142745834,
            2175298.387985255
          ],
          [
            4692261.012784739,
            2175298.912930598
          ],
          [
            4692260.892106197,
            2175299.440078872
          ],
          [
            4692260.780747479,
            2175299.969265391
          ],
          [
            4692260.678743656,
            2175300.500324752
          ],
          [
            4692260.586126181,
            2175301.033090793
          ],
          [
            4692260.502924051,
            2175301.567397038
          ],
          [
            4692260.429163055,
            2175302.103076223
          ],
          [
            4692260.364866165,
            2175302.639960875
          ],
          [
            4692260.310053559,
            2175303.177882668
          ],
          [
            4692260.264742081,
            2175303.716672875
          ],
          [
            4692260.228945634,
            2175304.256162919
          ],
          [
            4692260.202675527,
            2175304.796183468
          ],
          [
            4692260.185939621,
            2175305.336565043
          ],
          [
            4692260.178743214,
            2175305.877137698
          ],
          [
            4692260.181087927,
            2175306.417731619
          ],
          [
            4692260.192973055,
            2175306.958176975
          ],
          [
            4692260.214394561,
            2175307.498303375
          ],
          [
            4692260.245345354,
            2175308.037940569
          ],
          [
            4692260.285815272,
            2175308.57691868
          ],
          [
            4692260.335791558,
            2175309.115067289
          ],
          [
            4692260.395257755,
            2175309.652216171
          ],
          [
            4692260.464194758,
            2175310.188195467
          ],
          [
            4692260.542580251,
            2175310.722835415
          ],
          [
            4692260.630389097,
            2175311.255966465
          ],
          [
            4692260.727592982,
            2175311.787418741
          ],
          [
            4692260.834160136,
            2175312.317023515
          ],
          [
            4692260.950056537,
            2175312.844611847
          ],
          [
            4692261.075244282,
            2175313.370014965
          ],
          [
            4692261.209682759,
            2175313.893064998
          ],
          [
            4692261.353328334,
            2175314.41359423
          ],
          [
            4692261.506134227,
            2175314.931435204
          ],
          [
            4692261.668050434,
            2175315.44642101
          ],
          [
            4692261.839023906,
            2175315.958385327
          ],
          [
            4692262.018998496,
            2175316.467162324
          ],
          [
            4692262.207914945,
            2175316.972586668
          ],
          [
            4692262.405710819,
            2175317.474493539
          ],
          [
            4692262.612320478,
            2175317.972718653
          ],
          [
            4692262.827675111,
            2175318.467098616
          ],
          [
            4692263.05170294,
            2175318.957470351
          ],
          [
            4692263.284328653,
            2175319.443671311
          ],
          [
            4692263.525473844,
            2175319.925539988
          ],
          [
            4692263.775057101,
            2175320.402915334
          ],
          [
            4692264.032993456,
            2175320.875636431
          ],
          [
            4692264.299194437,
            2175321.343543711
          ],
          [
            4692264.573568861,
            2175321.80647818
          ],
          [
            4692264.856021814,
            2175322.264280861
          ],
          [
            4692265.146454763,
            2175322.716793819
          ],
          [
            4692265.444766243,
            2175323.163860051
          ],
          [
            4692265.75085123,
            2175323.605322306
          ],
          [
            4692266.064600751,
            2175324.041024337
          ],
          [
            4692266.385902851,
            2175324.470810543
          ],
          [
            4692266.714641815,
            2175324.89452542
          ],
          [
            4692267.050698165,
            2175325.31201387
          ],
          [
            4692267.393948966,
            2175325.723121492
          ],
          [
            4692267.744267594,
            2175326.127693495
          ],
          [
            4692268.101523465,
            2175326.525575878
          ],
          [
            4692268.465582644,
            2175326.916614092
          ],
          [
            4692268.836306957,
            2175327.300653911
          ],
          [
            4692269.213554798,
            2175327.677540495
          ],
          [
            4692269.597180533,
            2175328.047119053
          ],
          [
            4692269.987035122,
            2175328.409233658
          ],
          [
            4692270.382965176,
            2175328.763727582
          ],
          [
            4692270.784814099,
            2175329.110443408
          ],
          [
            4692271.192421518,
            2175329.449221561
          ],
          [
            4692271.605623379,
            2175329.779901346
          ],
          [
            4692272.024252727,
            2175330.102319357
          ],
          [
            4692272.448139162,
            2175330.416309761
          ],
          [
            4692272.877109669,
            2175330.721703146
          ],
          [
            4692273.310988755,
            2175331.018326641
          ],
          [
            4692273.749599163,
            2175331.30600223
          ],
          [
            4692274.192761908,
            2175331.584546764
          ],
          [
            4692274.640298054,
            2175331.85377085
          ],
          [
            4692275.092028653,
            2175332.113476986
          ],
          [
            4692275.547776394,
            2175332.363459702
          ],
          [
            4692276.007880012,
            2175332.603770494
          ],
          [
            4692276.683053901,
            2175332.937581477
          ],
          [
            4692282.113200753,
            2175335.594527459
          ],
          [
            4692282.113200753,
            2175335.594527459
          ],
          [
            4692284.035764955,
            2175336.606247852
          ],
          [
            4692284.035764955,
            2175336.606247852
          ],
          [
            4692285.563031942,
            2175337.378766549
          ],
          [
            4692285.563031942,
            2175337.378766549
          ],
          [
            4692288.571928888,
            2175338.864560752
          ],
          [
            4692322.966582389,
            2175355.711747589
          ],
          [
            4692322.966582389,
            2175355.711747589
          ],
          [
            4692325.846938963,
            2175357.119549089
          ],
          [
            4692325.846938963,
            2175357.119549089
          ],
          [
            4692327.297001185,
            2175357.823675118
          ],
          [
            4692327.297001185,
            2175357.823675118
          ],
          [
            4692329.723359634,
            2175358.986518838
          ],
          [
            4692329.723359634,
            2175358.986518838
          ],
          [
            4692331.681310666,
            2175359.906403138
          ],
          [
            4692331.681310666,
            2175359.906403138
          ],
          [
            4692334.047497726,
            2175360.98856834
          ],
          [
            4692334.047497726,
            2175360.98856834
          ],
          [
            4692336.140166081,
            2175361.91335241
          ],
          [
            4692336.140166081,
            2175361.91335241
          ],
          [
            4692338.510398313,
            2175362.917453922
          ],
          [
            4692338.510398313,
            2175362.917453922
          ],
          [
            4692340.691816044,
            2175363.795681457
          ],
          [
            4692340.691816044,
            2175363.795681457
          ],
          [
            4692343.091975937,
            2175364.705158507
          ],
          [
            4692343.091975937,
            2175364.705158507
          ],
          [
            4692345.350503954,
            2175365.501806593
          ],
          [
            4692345.350503954,
            2175365.501806593
          ],
          [
            4692347.627467984,
            2175366.244121726
          ],
          [
            4692347.627467984,
            2175366.244121726
          ],
          [
            4692350.08548124,
            2175366.983098629
          ],
          [
            4692350.08548124,
            2175366.983098629
          ],
          [
            4692352.35090423,
            2175367.613753536
          ],
          [
            4692352.35090423,
            2175367.613753536
          ],
          [
            4692354.8427548,
            2175368.259432581
          ],
          [
            4692354.8427548,
            2175368.259432581
          ],
          [
            4692357.066087388,
            2175368.799134973
          ],
          [
            4692357.066087388,
            2175368.799134973
          ],
          [
            4692359.602234841,
            2175369.380408365
          ],
          [
            4692359.602234841,
            2175369.380408365
          ],
          [
            4692361.715686747,
            2175369.842014611
          ],
          [
            4692361.715686747,
            2175369.842014611
          ],
          [
            4692364.348678564,
            2175370.395887375
          ],
          [
            4692364.348678564,
            2175370.395887375
          ],
          [
            4692365.927815647,
            2175370.719615927
          ],
          [
            4692365.927815647,
            2175370.719615927
          ],
          [
            4692369.070129548,
            2175371.355400501
          ],
          [
            4692395.363584409,
            2175376.651942308
          ],
          [
            4692406.214187148,
            2175379.150552698
          ],
          [
            4692407.918431189,
            2175379.5555862
          ],
          [
            4692409.378719584,
            2175379.914946746
          ],
          [
            4692410.586683187,
            2175380.223177245
          ],
          [
            4692411.793840597,
            2175380.543257927
          ],
          [
            4692412.747243997,
            2175380.806742359
          ],
          [
            4692413.698489483,
            2175381.080521158
          ],
          [
            4692414.63161011,
            2175381.362428311
          ],
          [
            4692415.57706333,
            2175381.662098662
          ],
          [
            4692416.269619679,
            2175381.893482861
          ],
          [
            4692416.960632912,
            2175382.136683791
          ],
          [
            4692417.649252448,
            2175382.390082575
          ],
          [
            4692418.104735382,
            2175382.566965897
          ],
          [
            4692418.557869594,
            2175382.747958068
          ],
          [
            4692419.228496082,
            2175383.033318612
          ],
          [
            4692419.895284175,
            2175383.33598625
          ],
          [
            4692420.324101579,
            2175383.543494038
          ],
          [
            4692420.753405312,
            2175383.760623931
          ],
          [
            4692421.180655838,
            2175383.986187975
          ],
          [
            4692421.602158709,
            2175384.218195623
          ],
          [
            4692422.236100709,
            2175384.590464076
          ],
          [
            4692422.645255111,
            2175384.842012635
          ],
          [
            4692423.261668809,
            2175385.241092018
          ],
          [
            4692423.65636552,
            2175385.51335763
          ],
          [
            4692424.051130148,
            2175385.793443899
          ],
          [
            4692424.441937455,
            2175386.083774767
          ],
          [
            4692424.828449685,
            2175386.378852486
          ],
          [
            4692425.396467038,
            2175386.83799803
          ],
          [
            4692425.759582924,
            2175387.146609299
          ],
          [
            4692426.120787238,
            2175387.464677087
          ],
          [
            4692426.475677981,
            2175387.78836979
          ],
          [
            4692427.001890421,
            2175388.292904488
          ],
          [
            4692427.511373174,
            2175388.810607322
          ],
          [
            4692428.011772204,
            2175389.346533415
          ],
          [
            4692428.329107969,
            2175389.703779122
          ],
          [
            4692428.641396753,
            2175390.067977375
          ],
          [
            4692429.101349222,
            2175390.632272761
          ],
          [
            4692429.54940506,
            2175391.215965368
          ],
          [
            4692429.834929026,
            2175391.603908703
          ],
          [
            4692430.109285929,
            2175391.994405678
          ],
          [
            4692430.378801886,
            2175392.39269551
          ],
          [
            4692430.642422396,
            2175392.797340128
          ],
          [
            4692430.897888185,
            2175393.204805502
          ],
          [
            4692431.270765113,
            2175393.837967201
          ],
          [
            4692431.505939712,
            2175394.256450586
          ],
          [
            4692431.85131453,
            2175394.906033083
          ],
          [
            4692432.064743562,
            2175395.332598581
          ],
          [
            4692432.27184821,
            2175395.770251754
          ],
          [
            4692432.472904677,
            2175396.20998599
          ],
          [
            4692432.760393156,
            2175396.887809489
          ],
          [
            4692432.939453471,
            2175397.334872345
          ],
          [
            4692433.107075311,
            2175397.781584937
          ],
          [
            4692433.268066427,
            2175398.234605773
          ],
          [
            4692433.421768664,
            2175398.692279474
          ],
          [
            4692433.56724329,
            2175399.151758238
          ],
          [
            4692433.770714005,
            2175399.854405334
          ],
          [
            4692433.953080903,
            2175400.560451537
          ],
          [
            4692434.06079886,
            2175401.024218809
          ],
          [
            4692434.161375159,
            2175401.494381048
          ],
          [
            4692434.253795576,
            2175401.966441319
          ],
          [
            4692434.336653054,
            2175402.444708999
          ],
          [
            4692434.413172126,
            2175402.923483186
          ],
          [
            4692434.508317842,
            2175403.645018101
          ],
          [
            4692434.585306511,
            2175404.375063639
          ],
          [
            4692434.623627432,
            2175404.850188845
          ],
          [
            4692434.652013643,
            2175405.333129784
          ],
          [
            4692434.674173238,
            2175405.818085307
          ],
          [
            4692434.685904143,
            2175406.304589145
          ],
          [
            4692434.689244917,
            2175406.784908537
          ],
          [
            4692434.677415899,
            2175407.518924146
          ],
          [
            4692434.658033636,
            2175407.996165425
          ],
          [
            4692434.630258365,
            2175408.476053713
          ],
          [
            4692434.591812917,
            2175408.959485522
          ],
          [
            4692434.547188632,
            2175409.441775427
          ],
          [
            4692434.459353286,
            2175410.173895104
          ],
          [
            4692434.392455226,
            2175410.651626318
          ],
          [
            4692434.316049587,
            2175411.123344603
          ],
          [
            4692434.230975854,
            2175411.597209848
          ],
          [
            4692434.13783173,
            2175412.069798799
          ],
          [
            4692434.033786637,
            2175412.544464768
          ],
          [
            4692433.923845173,
            2175413.017293898
          ],
          [
            4692433.740147469,
            2175413.722151554
          ],
          [
            4692433.537134413,
            2175414.42801238
          ],
          [
            4692433.393994977,
            2175414.884797982
          ],
          [
            4692433.242729601,
            2175415.340900193
          ],
          [
            4692432.996417907,
            2175416.029028086
          ],
          [
            4692432.822385052,
            2175416.483829934
          ],
          [
            4692432.643207161,
            2175416.930346891
          ],
          [
            4692432.354952448,
            2175417.60608649
          ],
          [
            4692432.157437011,
            2175418.041381195
          ],
          [
            4692431.951139139,
            2175418.47746055
          ],
          [
            4692431.7372038,
            2175418.911875316
          ],
          [
            4692431.516870462,
            2175419.342280919
          ],
          [
            4692431.168665161,
            2175419.987250016
          ],
          [
            4692430.805979713,
            2175420.620485642
          ],
          [
            4692430.426952717,
            2175421.249293496
          ],
          [
            4692430.039076109,
            2175421.858775277
          ],
          [
            4692429.635822317,
            2175422.463627534
          ],
          [
            4692429.218603656,
            2175423.062355706
          ],
          [
            4692428.786124009,
            2175423.654514522
          ],
          [
            4692428.336860684,
            2175424.243076109
          ],
          [
            4692428.031162651,
            2175424.631992809
          ],
          [
            4692427.725283504,
            2175425.012004867
          ],
          [
            4692427.251928615,
            2175425.582205273
          ],
          [
            4692426.777211945,
            2175426.134411795
          ],
          [
            4692426.292511911,
            2175426.682166989
          ],
          [
            4692425.799536389,
            2175427.225054596
          ],
          [
            4692425.129147347,
            2175427.94452222
          ],
          [
            4692424.448318681,
            2175428.658383872
          ],
          [
            4692423.412063983,
            2175429.725948854
          ],
          [
            4692421.499865185,
            2175431.677434691
          ],
          [
            4692419.929516762,
            2175433.263931711
          ],
          [
            4692418.702973161,
            2175434.488948168
          ],
          [
            4692417.469652588,
            2175435.704777908
          ],
          [
            4692416.405194485,
            2175436.737073701
          ],
          [
            4692415.511714227,
            2175437.589439003
          ],
          [
            4692414.792496999,
            2175438.264211237
          ],
          [
            4692413.883441828,
            2175439.099375968
          ],
          [
            4692413.148517304,
            2175439.758422768
          ],
          [
            4692412.592136132,
            2175440.246359545
          ],
          [
            4692412.029719816,
            2175440.729216631
          ],
          [
            4692411.461004414,
            2175441.20597466
          ],
          [
            4692410.8856815,
            2175441.675545764
          ],
          [
            4692410.307655236,
            2175442.131723419
          ],
          [
            4692409.721247162,
            2175442.578794812
          ],
          [
            4692409.137574654,
            2175443.004680234
          ],
          [
            4692408.542092352,
            2175443.420031863
          ],
          [
            4692408.140963952,
            2175443.688328915
          ],
          [
            4692407.736084637,
            2175443.949593169
          ],
          [
            4692407.108013738,
            2175444.331961788
          ],
          [
            4692406.683893836,
            2175444.579193229
          ],
          [
            4692406.261296833,
            2175444.816538256
          ],
          [
            4692405.839062653,
            2175445.042533864
          ],
          [
            4692405.410249308,
            2175445.26327359
          ],
          [
            4692404.976334233,
            2175445.477999975
          ],
          [
            4692404.540694365,
            2175445.685144508
          ],
          [
            4692403.869006849,
            2175445.98440455
          ],
          [
            4692403.417125288,
            2175446.176112032
          ],
          [
            4692402.968697853,
            2175446.358487273
          ],
          [
            4692402.280386312,
            2175446.622623578
          ],
          [
            4692401.597715542,
            2175446.865736469
          ],
          [
            4692401.138999959,
            2175447.018145184
          ],
          [
            4692400.439326898,
            2175447.239866042
          ],
          [
            4692399.733860841,
            2175447.446130787
          ],
          [
            4692399.026410078,
            2175447.636709201
          ],
          [
            4692398.310968127,
            2175447.815344063
          ],
          [
            4692397.589216285,
            2175447.982253196
          ],
          [
            4692396.876760489,
            2175448.133431143
          ],
          [
            4692391.248426591,
            2175449.239473902
          ],
          [
            4692356.100274349,
            2175454.127728075
          ],
          [
            4692356.100274349,
            2175454.127728075
          ],
          [
            4692352.274890425,
            2175454.657053888
          ],
          [
            4692352.274890425,
            2175454.657053888
          ],
          [
            4692350.368837916,
            2175454.916775379
          ],
          [
            4692350.368837916,
            2175454.916775379
          ],
          [
            4692347.193516964,
            2175455.336057573
          ],
          [
            4692347.193516964,
            2175455.336057573
          ],
          [
            4692344.659856501,
            2175455.654605842
          ],
          [
            4692344.659856501,
            2175455.654605842
          ],
          [
            4692341.621210727,
            2175456.011094851
          ],
          [
            4692341.621210727,
            2175456.011094851
          ],
          [
            4692338.968318224,
            2175456.29450616
          ],
          [
            4692338.968318224,
            2175456.29450616
          ],
          [
            4692335.991781923,
            2175456.575124076
          ],
          [
            4692335.991781923,
            2175456.575124076
          ],
          [
            4692333.291622482,
            2175456.790236962
          ],
          [
            4692333.291622482,
            2175456.790236962
          ],
          [
            4692330.35292003,
            2175456.975406365
          ],
          [
            4692330.35292003,
            2175456.975406365
          ],
          [
            4692327.630704716,
            2175457.09603731
          ],
          [
            4692327.630704716,
            2175457.09603731
          ],
          [
            4692318.7571691945,
            2175457.1147452607
          ],
          [
            4692309.901167957,
            2175456.556870075
          ],
          [
            4692309.901167957,
            2175456.556870075
          ],
          [
            4692307.191313197,
            2175456.271046195
          ],
          [
            4692307.191313197,
            2175456.271046195
          ],
          [
            4692304.269293065,
            2175455.907648248
          ],
          [
            4692304.269293065,
            2175455.907648248
          ],
          [
            4692301.587194643,
            2175455.528857248
          ],
          [
            4692301.587194643,
            2175455.528857248
          ],
          [
            4692298.633210502,
            2175455.067888186
          ],
          [
            4692298.633210502,
            2175455.067888186
          ],
          [
            4692296.002441815,
            2175454.623797155
          ],
          [
            4692296.002441815,
            2175454.623797155
          ],
          [
            4692292.991073321,
            2175454.083323113
          ],
          [
            4692292.991073321,
            2175454.083323113
          ],
          [
            4692290.481451509,
            2175453.611405215
          ],
          [
            4692290.481451509,
            2175453.611405215
          ],
          [
            4692287.337475971,
            2175452.999948924
          ],
          [
            4692287.337475971,
            2175452.999948924
          ],
          [
            4692285.450727649,
            2175452.62488578
          ],
          [
            4692285.450727649,
            2175452.62488578
          ],
          [
            4692281.664577302,
            2175451.864088059
          ],
          [
            4692236.631721865,
            2175442.782728826
          ],
          [
            4692226.097687109,
            2175440.346382972
          ],
          [
            4692225.325432798,
            2175440.187778507
          ],
          [
            4692224.554348733,
            2175440.041973996
          ],
          [
            4692223.781079916,
            2175439.908277875
          ],
          [
            4692223.005817334,
            2175439.78672313
          ],
          [
            4692222.228752148,
            2175439.677340031
          ],
          [
            4692221.450076503,
            2175439.580156174
          ],
          [
            4692220.669983028,
            2175439.495195703
          ],
          [
            4692219.888664557,
            2175439.42248
          ],
          [
            4692219.106314671,
            2175439.362027659
          ],
          [
            4692218.323127394,
            2175439.313854044
          ],
          [
            4692217.539297143,
            2175439.277971638
          ],
          [
            4692216.755018447,
            2175439.254389786
          ],
          [
            4692215.97048671,
            2175439.243115487
          ],
          [
            4692215.185897558,
            2175439.244151853
          ],
          [
            4692214.401446718,
            2175439.257499634
          ],
          [
            4692213.617330522,
            2175439.283156433
          ],
          [
            4692212.833745672,
            2175439.321116942
          ],
          [
            4692212.050889206,
            2175439.371372724
          ],
          [
            4692211.268958366,
            2175439.433912424
          ],
          [
            4692210.488151082,
            2175439.508721906
          ],
          [
            4692209.708665469,
            2175439.595783652
          ],
          [
            4692208.930700233,
            2175439.695077617
          ],
          [
            4692208.154454575,
            2175439.806580333
          ],
          [
            4692207.380127955,
            2175439.930265617
          ],
          [
            4692206.607921048,
            2175440.066104481
          ],
          [
            4692205.83803471,
            2175440.214064291
          ],
          [
            4692205.070670734,
            2175440.374110177
          ],
          [
            4692204.306032139,
            2175440.546203767
          ],
          [
            4692203.544322549,
            2175440.730303601
          ],
          [
            4692202.785746959,
            2175440.926365479
          ],
          [
            4692202.030511807,
            2175441.134341909
          ],
          [
            4692201.278824938,
            2175441.354182366
          ],
          [
            4692200.530896109,
            2175441.585833332
          ],
          [
            4692199.786937249,
            2175441.829238039
          ],
          [
            4692199.048143702,
            2175442.083998101
          ],
          [
            4692198.52384539,
            2175442.272629563
          ],
          [
            4692195.291866439,
            2175443.803503482
          ],
          [
            4692193.646699728,
            2175444.581013144
          ],
          [
            4692190.471582224,
            2175446.582511119
          ],
          [
            4692190.471582224,
            2175446.582511119
          ],
          [
            4692189.667739215,
            2175447.026021728
          ],
          [
            4692189.667739215,
            2175447.026021728
          ],
          [
            4692188.040121036,
            2175447.954186549
          ],
          [
            4692188.040121036,
            2175447.954186549
          ],
          [
            4692186.70153026,
            2175448.743978389
          ],
          [
            4692186.70153026,
            2175448.743978389
          ],
          [
            4692185.055940485,
            2175449.739663848
          ],
          [
            4692185.055940485,
            2175449.739663848
          ],
          [
            4692184.075962333,
            2175450.342552088
          ],
          [
            4692184.075962333,
            2175450.342552088
          ],
          [
            4692182.142459214,
            2175451.541926888
          ],
          [
            4692179.593496409,
            2175453.12743019
          ],
          [
            4692173.087133147,
            2175456.792145103
          ],
          [
            4692171.356729237,
            2175457.755562517
          ],
          [
            4692169.840450634,
            2175458.588838778
          ],
          [
            4692168.53880227,
            2175459.293487032
          ],
          [
            4692167.452382902,
            2175459.870447105
          ],
          [
            4692166.579931502,
            2175460.321096622
          ],
          [
            4692165.702638815,
            2175460.761638255
          ],
          [
            4692164.59450188,
            2175461.297647479
          ],
          [
            4692163.926683118,
            2175461.609149909
          ],
          [
            4692163.027814037,
            2175462.01594906
          ],
          [
            4692162.119620459,
            2175462.408179302
          ],
          [
            4692161.434587666,
            2175462.693062665
          ],
          [
            4692160.509022632,
            2175463.061189303
          ],
          [
            4692159.818172018,
            2175463.323086014
          ],
          [
            4692159.126112471,
            2175463.573402895
          ],
          [
            4692158.662444285,
            2175463.736260522
          ],
          [
            4692157.970712781,
            2175463.968075677
          ],
          [
            4692157.27434565,
            2175464.19011823
          ],
          [
            4692156.573875934,
            2175464.402010645
          ],
          [
            4692155.867277187,
            2175464.602804352
          ],
          [
            4692155.157467453,
            2175464.794061385
          ],
          [
            4692154.198506094,
            2175465.031407551
          ],
          [
            4692153.475569384,
            2175465.197227767
          ],
          [
            4692152.754197626,
            2175465.349670638
          ],
          [
            4692152.027864326,
            2175465.491492094
          ],
          [
            4692151.312355413,
            2175465.618580959
          ],
          [
            4692150.592767347,
            2175465.734940282
          ],
          [
            4692149.869713775,
            2175465.840439438
          ],
          [
            4692149.143187621,
            2175465.935058404
          ],
          [
            4692148.415264584,
            2175466.018539494
          ],
          [
            4692147.434351258,
            2175466.110670341
          ],
          [
            4692146.696310128,
            2175466.167331573
          ],
          [
            4692145.95454944,
            2175466.212877054
          ],
          [
            4692145.217853903,
            2175466.245538423
          ],
          [
            4692144.483248077,
            2175466.265631758
          ],
          [
            4692143.99247886,
            2175466.274144393
          ],
          [
            4692143.263247914,
            2175466.275673011
          ],
          [
            4692142.53232359,
            2175466.266109358
          ],
          [
            4692141.800412772,
            2175466.245474871
          ],
          [
            4692141.066635122,
            2175466.212455197
          ],
          [
            4692140.330446009,
            2175466.16824063
          ],
          [
            4692139.592469957,
            2175466.112825243
          ],
          [
            4692138.853233071,
            2175466.046225749
          ],
          [
            4692138.119896045,
            2175465.968045587
          ],
          [
            4692137.384680459,
            2175465.878702539
          ],
          [
            4692136.649186482,
            2175465.778308676
          ],
          [
            4692135.928506385,
            2175465.668171537
          ],
          [
            4692135.207302915,
            2175465.54730338
          ],
          [
            4692134.486795287,
            2175465.415983345
          ],
          [
            4692133.765752821,
            2175465.272839008
          ],
          [
            4692133.045869442,
            2175465.120661337
          ],
          [
            4692132.083246667,
            2175464.898717919
          ],
          [
            4692131.362563546,
            2175464.721217481
          ],
          [
            4692130.642545891,
            2175464.53380888
          ],
          [
            4692129.696158409,
            2175464.27051428
          ],
          [
            4692128.750462057,
            2175463.990596711
          ],
          [
            4692127.805969877,
            2175463.694732679
          ],
          [
            4692126.878847503,
            2175463.387931992
          ],
          [
            4692125.953654791,
            2175463.067272346
          ],
          [
            4692125.030600405,
            2175462.733870692
          ],
          [
            4692124.109536929,
            2175462.388833678
          ],
          [
            4692123.190340345,
            2175462.033222634
          ],
          [
            4692115.912648721,
            2175459.136652566
          ],
          [
            4692107.316971175,
            2175455.197011441
          ],
          [
            4692107.316971175,
            2175455.197011441
          ],
          [
            4692104.824865332,
            2175454.057751633
          ],
          [
            4692104.824865332,
            2175454.057751633
          ],
          [
            4692103.567814938,
            2175453.487539031
          ],
          [
            4692103.567814938,
            2175453.487539031
          ],
          [
            4692102.56440412,
            2175453.036988731
          ],
          [
            4692097.342222818,
            2175450.445560589
          ],
          [
            4692096.390134765,
            2175450.029728431
          ],
          [
            4692095.440390574,
            2175449.630586954
          ],
          [
            4692094.485175344,
            2175449.244719841
          ],
          [
            4692093.524674486,
            2175448.872201882
          ],
          [
            4692092.559074449,
            2175448.513105386
          ],
          [
            4692091.588562649,
            2175448.167499865
          ],
          [
            4692090.613327457,
            2175447.835452371
          ],
          [
            4692089.633558079,
            2175447.517026975
          ],
          [
            4692088.649444484,
            2175447.212285448
          ],
          [
            4692087.661177608,
            2175446.921286727
          ],
          [
            4692086.668949119,
            2175446.644086997
          ],
          [
            4692085.672951233,
            2175446.380739568
          ],
          [
            4692084.67337692,
            2175446.131295451
          ],
          [
            4692083.670419916,
            2175445.895802468
          ],
          [
            4692082.664274193,
            2175445.674305685
          ],
          [
            4692081.655134379,
            2175445.466847753
          ],
          [
            4692080.643195707,
            2175445.273468189
          ],
          [
            4692079.628653551,
            2175445.094203576
          ],
          [
            4692078.611703653,
            2175444.929087904
          ],
          [
            4692077.592541972,
            2175444.778152072
          ],
          [
            4692076.571364666,
            2175444.641424387
          ],
          [
            4692075.548368122,
            2175444.518929977
          ],
          [
            4692074.523748463,
            2175444.41069084
          ],
          [
            4692073.4977017,
            2175444.316726343
          ],
          [
            4692072.470423801,
            2175444.237052725
          ],
          [
            4692071.442110287,
            2175444.171683044
          ],
          [
            4692070.412950448,
            2175444.120626996
          ],
          [
            4692069.359395029,
            2175444.083059636
          ],
          [
            4692068.312432884,
            2175444.122495783
          ],
          [
            4692061.773239101,
            2175444.652985814
          ],
          [
            4692061.773239101,
            2175444.652985814
          ],
          [
            4692059.640508528,
            2175444.807458842
          ],
          [
            4692059.640508528,
            2175444.807458842
          ],
          [
            4692057.680408613,
            2175444.983422932
          ],
          [
            4692057.680408613,
            2175444.983422932
          ],
          [
            4692055.458043535,
            2175445.215780924
          ],
          [
            4692055.458043535,
            2175445.215780924
          ],
          [
            4692053.614112925,
            2175445.430436163
          ],
          [
            4692053.614112925,
            2175445.430436163
          ],
          [
            4692051.326902109,
            2175445.717082916
          ],
          [
            4692051.326902109,
            2175445.717082916
          ],
          [
            4692049.95831244,
            2175445.896750647
          ],
          [
            4692049.95831244,
            2175445.896750647
          ],
          [
            4692047.242515124,
            2175446.261372702
          ],
          [
            4691984.604134248,
            2175454.7334385
          ],
          [
            4691968.832786598,
            2175456.556287303
          ],
          [
            4691966.866855723,
            2175456.771719513
          ],
          [
            4691965.148498629,
            2175456.94759366
          ],
          [
            4691963.676828437,
            2175457.086200167
          ],
          [
            4691962.451537655,
            2175457.190983002
          ],
          [
            4691961.225884385,
            2175457.283985716
          ],
          [
            4691960.246269927,
            2175457.348191682
          ],
          [
            4691959.266105357,
            2175457.401836674
          ],
          [
            4691958.285057184,
            2175457.443186901
          ],
          [
            4691957.549613762,
            2175457.464283748
          ],
          [
            4691956.563772674,
            2175457.481502944
          ],
          [
            4691955.824727911,
            2175457.484461891
          ],
          [
            4691955.082977375,
            2175457.479667755
          ],
          [
            4691954.339635119,
            2175457.467114281
          ],
          [
            4691953.595517323,
            2175457.446825989
          ],
          [
            4691952.599052976,
            2175457.407126422
          ],
          [
            4691951.60696045,
            2175457.353350148
          ],
          [
            4691950.873234032,
            2175457.305209604
          ],
          [
            4691949.885807237,
            2175457.228701871
          ],
          [
            4691948.897907098,
            2175457.139210881
          ],
          [
            4691947.9249254,
            2175457.037868364
          ],
          [
            4691946.951710233,
            2175456.924318474
          ],
          [
            4691945.97857102,
            2175456.798942376
          ],
          [
            4691945.005500825,
            2175456.662150194
          ],
          [
            4691944.032469733,
            2175456.514421723
          ],
          [
            4691937.251157282,
            2175455.412573517
          ],
          [
            4691902.398914328,
            2175447.85383901
          ],
          [
            4691891.201911561,
            2175445.027997808
          ],
          [
            4691890.445064794,
            2175444.837005548
          ],
          [
            4691889.678477935,
            2175444.656368968
          ],
          [
            4691888.908418173,
            2175444.488731922
          ],
          [
            4691888.135612678,
            2175444.334261912
          ],
          [
            4691887.360286981,
            2175444.193004164
          ],
          [
            4691886.58266743,
            2175444.064999982
          ],
          [
            4691885.802980881,
            2175443.950286683
          ],
          [
            4691885.021454989,
            2175443.848898073
          ],
          [
            4691884.238318041,
            2175443.760863764
          ],
          [
            4691883.453798787,
            2175443.686209732
          ],
          [
            4691882.668126588,
            2175443.624957978
          ],
          [
            4691881.881531216,
            2175443.577126607
          ],
          [
            4691881.094242737,
            2175443.542729779
          ],
          [
            4691880.306491653,
            2175443.521777944
          ],
          [
            4691879.518508861,
            2175443.514277461
          ],
          [
            4691878.730525165,
            2175443.520230678
          ],
          [
            4691877.942771754,
            2175443.539636465
          ],
          [
            4691877.15548008,
            2175443.572489464
          ],
          [
            4691876.368881665,
            2175443.618780461
          ],
          [
            4691875.583207773,
            2175443.678496147
          ],
          [
            4691874.798690101,
            2175443.751619837
          ],
          [
            4691874.015560148,
            2175443.838130272
          ],
          [
            4691873.234049422,
            2175443.938002838
          ],
          [
            4691872.454389382,
            2175444.051208585
          ],
          [
            4691871.676811358,
            2175444.177714955
          ],
          [
            4691870.901546738,
            2175444.317485334
          ],
          [
            4691870.128826773,
            2175444.470479141
          ],
          [
            4691869.358882396,
            2175444.636651852
          ],
          [
            4691868.591944744,
            2175444.815955326
          ],
          [
            4691867.828244926,
            2175445.008337129
          ],
          [
            4691867.068013872,
            2175445.213740947
          ],
          [
            4691866.311482419,
            2175445.432106518
          ],
          [
            4691865.558881814,
            2175445.663369746
          ],
          [
            4691864.810442989,
            2175445.907462122
          ],
          [
            4691864.066397427,
            2175446.164311683
          ],
          [
            4691863.326976798,
            2175446.433841826
          ],
          [
            4691862.592413079,
            2175446.715972204
          ],
          [
            4691861.862938945,
            2175447.010618208
          ],
          [
            4691861.138787727,
            2175447.317691013
          ],
          [
            4691860.420193753,
            2175447.637097487
          ],
          [
            4691859.70739671,
            2175447.968737914
          ],
          [
            4691859.002646016,
            2175448.311520428
          ],
          [
            4691858.730342761,
            2175448.447904579
          ],
          [
            4691855.929292243,
            2175450.245942079
          ],
          [
            4691854.179596285,
            2175451.363283485
          ],
          [
            4691849.846914683,
            2175454.912112349
          ],
          [
            4691849.846914683,
            2175454.912112349
          ],
          [
            4691849.562695318,
            2175455.127476401
          ],
          [
            4691849.562695318,
            2175455.127476401
          ],
          [
            4691848.400975002,
            2175456.02273785
          ],
          [
            4691848.400975002,
            2175456.02273785
          ],
          [
            4691846.977410299,
            2175457.145948392
          ],
          [
            4691846.977410299,
            2175457.145948392
          ],
          [
            4691846.131201013,
            2175457.824142703
          ],
          [
            4691846.131201013,
            2175457.824142703
          ],
          [
            4691844.464706857,
            2175459.170212544
          ],
          [
            4691832.059857379,
            2175469.215981879
          ],
          [
            4691824.465453129,
            2175474.933798383
          ],
          [
            4691823.271028513,
            2175475.81957313
          ],
          [
            4691822.270640109,
            2175476.549518062
          ],
          [
            4691821.263583722,
            2175477.271185904
          ],
          [
            4691820.453030706,
            2175477.840680037
          ],
          [
            4691819.636260977,
            2175478.402836805
          ],
          [
            4691818.812784472,
            2175478.956097853
          ],
          [
            4691817.980326615,
            2175479.498671665
          ],
          [
            4691817.137498158,
            2175480.029717945
          ],
          [
            4691816.510584823,
            2175480.40920481
          ],
          [
            4691816.089673055,
            2175480.658320385
          ],
          [
            4691815.459185275,
            2175481.017491716
          ],
          [
            4691814.821641687,
            2175481.365169211
          ],
          [
            4691814.174297979,
            2175481.700898696
          ],
          [
            4691813.741595109,
            2175481.915211198
          ],
          [
            4691813.077324273,
            2175482.226980447
          ],
          [
            4691812.408893573,
            2175482.521174326
          ],
          [
            4691811.730402455,
            2175482.802463822
          ],
          [
            4691811.056700164,
            2175483.06328744
          ],
          [
            4691810.373760098,
            2175483.311489097
          ],
          [
            4691809.682666328,
            2175483.546935155
          ],
          [
            4691809.217944673,
            2175483.695100729
          ],
          [
            4691808.750780265,
            2175483.8390748
          ],
          [
            4691808.038331656,
            2175484.043257438
          ],
          [
            4691807.560815418,
            2175484.172851634
          ],
          [
            4691807.088546701,
            2175484.295167474
          ],
          [
            4691806.368434454,
            2175484.469993335
          ],
          [
            4691805.657991594,
            2175484.6292641
          ],
          [
            4691804.94213856,
            2175484.778563204
          ],
          [
            4691798.866456243,
            2175485.95900523
          ],
          [
            4691783.644361002,
            2175488.154363162
          ],
          [
            4691776.786676879,
            2175488.73205078
          ],
          [
            4691774.500366025,
            2175488.914190562
          ],
          [
            4691772.450301339,
            2175489.067110766
          ],
          [
            4691770.373422866,
            2175489.210831242
          ],
          [
            4691769.299999207,
            2175489.285790842
          ],
          [
            4691768.752771056,
            2175489.355372679
          ],
          [
            4691768.223041694,
            2175489.431133401
          ],
          [
            4691767.694597433,
            2175489.515132697
          ],
          [
            4691767.167569525,
            2175489.607349519
          ],
          [
            4691766.642089696,
            2175489.707761154
          ],
          [
            4691766.118289066,
            2175489.816342053
          ],
          [
            4691765.596298558,
            2175489.933065388
          ],
          [
            4691765.076249732,
            2175490.057901804
          ],
          [
            4691764.558273258,
            2175490.190819625
          ],
          [
            4691764.042499912,
            2175490.331785602
          ],
          [
            4691763.529060628,
            2175490.480763948
          ],
          [
            4691763.018085969,
            2175490.637716781
          ],
          [
            4691762.509706276,
            2175490.802604107
          ],
          [
            4691762.004051756,
            2175490.975383898
          ],
          [
            4691761.501253022,
            2175491.156011872
          ],
          [
            4691761.001439809,
            2175491.344441239
          ],
          [
            4691760.504742148,
            2175491.54062367
          ],
          [
            4691760.011290226,
            2175491.744507933
          ],
          [
            4691759.52121351,
            2175491.956040786
          ],
          [
            4691759.034641691,
            2175492.175166987
          ],
          [
            4691758.551704761,
            2175492.401828721
          ],
          [
            4691758.072532226,
            2175492.635965784
          ],
          [
            4691757.597253666,
            2175492.877515981
          ],
          [
            4691757.125999194,
            2175493.126414464
          ],
          [
            4691756.658898238,
            2175493.382593901
          ],
          [
            4691756.196080799,
            2175493.645985113
          ],
          [
            4691755.737677424,
            2175493.916515812
          ],
          [
            4691755.283818086,
            2175494.1941114
          ],
          [
            4691754.834633605,
            2175494.478695152
          ],
          [
            4691754.390255045,
            2175494.770187363
          ],
          [
            4691753.95081412,
            2175495.068506023
          ],
          [
            4691753.516442745,
            2175495.373566331
          ],
          [
            4691753.087273947,
            2175495.685281144
          ],
          [
            4691752.663441318,
            2175496.003560217
          ],
          [
            4691752.245079206,
            2175496.328311061
          ],
          [
            4691751.832323117,
            2175496.65943854
          ],
          [
            4691751.425310155,
            2175496.99684478
          ],
          [
            4691751.024178551,
            2175497.340429098
          ],
          [
            4691750.62906824,
            2175497.690088462
          ],
          [
            4691750.24012103,
            2175498.045717151
          ],
          [
            4691749.857480886,
            2175498.407207092
          ],
          [
            4691749.481294202,
            2175498.77444788
          ],
          [
            4691749.111710113,
            2175499.147327122
          ],
          [
            4691748.748881478,
            2175499.525730228
          ],
          [
            4691748.392964102,
            2175499.90954077
          ],
          [
            4691748.044118102,
            2175500.298641525
          ],
          [
            4691747.702508393,
            2175500.692914019
          ],
          [
            4691747.368305112,
            2175501.092239472
          ],
          [
            4691747.041684155,
            2175501.496499567
          ],
          [
            4691746.722828691,
            2175501.905576933
          ],
          [
            4691746.411269869,
            2175502.320233133
          ],
          [
            4691746.108905957,
            2175502.74049712
          ],
          [
            4691744.580866581,
            2175504.953655409
          ],
          [
            4691744.320066807,
            2175505.306067297
          ],
          [
            4691743.863375511,
            2175505.926453687
          ],
          [
            4691743.412247343,
            2175506.555233637
          ],
          [
            4691742.823781894,
            2175507.397465072
          ],
          [
            4691742.246715712,
            2175508.244422903
          ],
          [
            4691741.539866517,
            2175509.302882515
          ],
          [
            4691740.009568511,
            2175511.606182597
          ],
          [
            4691738.163317181,
            2175514.270320172
          ],
          [
            4691736.73166477,
            2175516.318977224
          ],
          [
            4691735.578126447,
            2175517.95368179
          ],
          [
            4691734.560258399,
            2175519.380215174
          ],
          [
            4691733.679311792,
            2175520.59943682
          ],
          [
            4691732.938285145,
            2175521.611903155
          ],
          [
            4691732.047056778,
            2175522.809033145
          ],
          [
            4691731.29557858,
            2175523.797956576
          ],
          [
            4691730.684793417,
            2175524.587145012
          ],
          [
            4691730.074040769,
            2175525.358272549
          ],
          [
            4691729.61040164,
            2175525.932906857
          ],
          [
            4691728.987483016,
            2175526.685246421
          ],
          [
            4691728.505043761,
            2175527.254105665
          ],
          [
            4691727.85899149,
            2175527.989113364
          ],
          [
            4691727.366299671,
            2175528.531828593
          ],
          [
            4691727.031743292,
            2175528.888173142
          ],
          [
            4691726.69449359,
            2175529.240952075
          ],
          [
            4691726.172805902,
            2175529.764112012
          ],
          [
            4691725.827009824,
            2175530.099283762
          ],
          [
            4691725.287944684,
            2175530.59990928
          ],
          [
            4691724.929714893,
            2175530.91745872
          ],
          [
            4691724.562966599,
            2175531.232297249
          ],
          [
            4691724.191912357,
            2175531.540849007
          ],
          [
            4691723.619269638,
            2175531.995972215
          ],
          [
            4691723.029669288,
            2175532.440524375
          ],
          [
            4691722.638916324,
            2175532.724631529
          ],
          [
            4691722.03435826,
            2175533.146003364
          ],
          [
            4691721.429977723,
            2175533.546165862
          ],
          [
            4691721.021346523,
            2175533.804466805
          ],
          [
            4691720.395612978,
            2175534.188062755
          ],
          [
            4691719.760656625,
            2175534.558208114
          ],
          [
            4691719.120175731,
            2175534.913759106
          ],
          [
            4691718.469248143,
            2175535.259802133
          ],
          [
            4691717.809551628,
            2175535.596179916
          ],
          [
            4691717.155308622,
            2175535.915276587
          ],
          [
            4691711.369825224,
            2175538.633058106
          ],
          [
            4691699.961240124,
            2175542.883583593
          ],
          [
            4691698.802888049,
            2175543.303439503
          ],
          [
            4691697.640717085,
            2175543.713185844
          ],
          [
            4691696.474535604,
            2175544.112266349
          ],
          [
            4691695.304209368,
            2175544.50085869
          ],
          [
            4691694.129816071,
            2175544.879094631
          ],
          [
            4691692.951891088,
            2175545.24699767
          ],
          [
            4691691.531874005,
            2175545.67520214
          ],
          [
            4691690.345625207,
            2175546.021356991
          ],
          [
            4691681.29017287,
            2175548.573553878
          ],
          [
            4691674.604689928,
            2175550.143112964
          ],
          [
            4691652.312538292,
            2175555.063510334
          ],
          [
            4691650.37666698,
            2175555.479727895
          ],
          [
            4691648.683242036,
            2175555.833036619
          ],
          [
            4691647.232142301,
            2175556.125229485
          ],
          [
            4691645.780136725,
            2175556.405229489
          ],
          [
            4691644.570025792,
            2175556.626893999
          ],
          [
            4691643.357900286,
            2175556.835941161
          ],
          [
            4691642.388130467,
            2175556.992075937
          ],
          [
            4691641.415785626,
            2175557.136140405
          ],
          [
            4691640.44091948,
            2175557.267840009
          ],
          [
            4691639.709489641,
            2175557.355414698
          ],
          [
            4691638.974897755,
            2175557.43330004
          ],
          [
            4691638.238801609,
            2175557.500127529
          ],
          [
            4691637.497706537,
            2175557.553277219
          ],
          [
            4691637.013567126,
            2175557.580907654
          ],
          [
            4691636.275659539,
            2175557.609269215
          ],
          [
            4691635.796817876,
            2175557.617562687
          ],
          [
            4691635.312026771,
            2175557.616765082
          ],
          [
            4691634.825862019,
            2175557.610460598
          ],
          [
            4691634.337606156,
            2175557.595059391
          ],
          [
            4691633.849906857,
            2175557.574271786
          ],
          [
            4691633.120115974,
            2175557.52637398
          ],
          [
            4691632.387794765,
            2175557.462442459
          ],
          [
            4691631.669126214,
            2175557.382604995
          ],
          [
            4691630.948037455,
            2175557.287340935
          ],
          [
            4691630.226436447,
            2175557.177173109
          ],
          [
            4691629.504165703,
            2175557.050675014
          ],
          [
            4691628.777884878,
            2175556.90765407
          ],
          [
            4691628.294160642,
            2175556.805228393
          ],
          [
            4691627.818450654,
            2175556.698671834
          ],
          [
            4691627.098428575,
            2175556.525682849
          ],
          [
            4691626.394159769,
            2175556.343113392
          ],
          [
            4691625.689673018,
            2175556.149041654
          ],
          [
            4691620.636661379,
            2175554.680739209
          ],
          [
            4691581.840275901,
            2175540.939694668
          ],
          [
            4691581.840275901,
            2175540.939694668
          ],
          [
            4691580.311706783,
            2175540.399458954
          ],
          [
            4691572.29737271,
            2175537.367742479
          ],
          [
            4691571.554880036,
            2175537.118947985
          ],
          [
            4691570.815653658,
            2175536.881196038
          ],
          [
            4691570.073596006,
            2175536.652441998
          ],
          [
            4691569.328816668,
            2175536.432719679
          ],
          [
            4691568.58142575,
            2175536.222061905
          ],
          [
            4691567.83153398,
            2175536.020500024
          ],
          [
            4691567.079252367,
            2175535.828063968
          ],
          [
            4691566.324692118,
            2175535.644782352
          ],
          [
            4691565.567965236,
            2175535.470682917
          ],
          [
            4691564.809183784,
            2175535.305791207
          ],
          [
            4691564.048460287,
            2175535.150132528
          ],
          [
            4691563.285907863,
            2175535.003729865
          ],
          [
            4691562.521639477,
            2175534.866605437
          ],
          [
            4691561.755768911,
            2175534.738780193
          ],
          [
            4691560.98841027,
            2175534.620273495
          ],
          [
            4691560.219677687,
            2175534.511103342
          ],
          [
            4691559.44968582,
            2175534.411286822
          ],
          [
            4691558.67854976,
            2175534.3208394
          ],
          [
            4691557.906384992,
            2175534.23977543
          ],
          [
            4691557.133307102,
            2175534.168107557
          ],
          [
            4691556.359432245,
            2175534.105847763
          ],
          [
            4691555.584876879,
            2175534.053006096
          ],
          [
            4691554.80975785,
            2175534.009591939
          ],
          [
            4691554.034192543,
            2175533.975612927
          ],
          [
            4691553.25829862,
            2175533.951075682
          ],
          [
            4691552.482194277,
            2175533.93598546
          ],
          [
            4691551.705998233,
            2175533.930346396
          ],
          [
            4691550.929829626,
            2175533.934161248
          ],
          [
            4691550.153808424,
            2175533.947431884
          ],
          [
            4691549.378055089,
            2175533.970158486
          ],
          [
            4691548.602690744,
            2175534.002340464
          ],
          [
            4691547.827837394,
            2175534.043975853
          ],
          [
            4691547.053617886,
            2175534.095061667
          ],
          [
            4691546.280156191,
            2175534.155593686
          ],
          [
            4691545.505745381,
            2175534.225732277
          ],
          [
            4691545.219833685,
            2175534.25648632
          ],
          [
            4691542.211848469,
            2175534.77916904
          ],
          [
            4691540.431527604,
            2175535.082447466
          ],
          [
            4691536.663296755,
            2175536.090597576
          ],
          [
            4691536.663296755,
            2175536.090597576
          ],
          [
            4691536.320125887,
            2175536.166335155
          ],
          [
            4691536.320125887,
            2175536.166335155
          ],
          [
            4691534.534899012,
            2175536.579551379
          ],
          [
            4691534.534899012,
            2175536.579551379
          ],
          [
            4691532.517740307,
            2175537.080227604
          ],
          [
            4691532.517740307,
            2175537.080227604
          ],
          [
            4691530.848139238,
            2175537.517160202
          ],
          [
            4691530.848139238,
            2175537.517160202
          ],
          [
            4691528.782463808,
            2175538.078765762
          ],
          [
            4691528.782463808,
            2175538.078765762
          ],
          [
            4691527.548060182,
            2175538.422779627
          ],
          [
            4691527.548060182,
            2175538.422779627
          ],
          [
            4691525.102778256,
            2175539.112603322
          ],
          [
            4691470.699099748,
            2175554.522110728
          ],
          [
            4691470.699099748,
            2175554.522110728
          ],
          [
            4691465.514563441,
            2175556.1386806434
          ],
          [
            4691460.4219574975,
            2175558.024967926
          ],
          [
            4691455.43530276,
            2175560.1757792947
          ],
          [
            4691450.56832837,
            2175562.585193186
          ],
          [
            4691445.110185987,
            2175565.467966748
          ],
          [
            4691430.281930729,
            2175572.912191023
          ],
          [
            4691428.506649293,
            2175573.790585314
          ],
          [
            4691427.17291656,
            2175574.438905804
          ],
          [
            4691426.05912482,
            2175574.970012968
          ],
          [
            4691424.715950145,
            2175575.595365125
          ],
          [
            4691423.592285556,
            2175576.105255794
          ],
          [
            4691422.68959347,
            2175576.504375749
          ],
          [
            4691421.782944726,
            2175576.89629284
          ],
          [
            4691420.871884461,
            2175577.27931645
          ],
          [
            4691419.955857141,
            2175577.65364743
          ],
          [
            4691419.034607026,
            2175578.01871334
          ],
          [
            4691418.107908134,
            2175578.373969067
          ],
          [
            4691417.174551286,
            2175578.718491624
          ],
          [
            4691416.234410588,
            2175579.052505144
          ],
          [
            4691415.293608862,
            2175579.372527575
          ],
          [
            4691414.595090634,
            2175579.601466942
          ],
          [
            4691413.650954875,
            2175579.898394626
          ],
          [
            4691412.701643182,
            2175580.18268054
          ],
          [
            4691411.761515396,
            2175580.449126546
          ],
          [
            4691410.816059115,
            2175580.702690913
          ],
          [
            4691409.864809069,
            2175580.943452384
          ],
          [
            4691409.150848277,
            2175581.114828285
          ],
          [
            4691407.9479068,
            2175581.3848397
          ],
          [
            4691407.224939421,
            2175581.53623859
          ],
          [
            4691406.497402709,
            2175581.680753081
          ],
          [
            4691405.766773582,
            2175581.818083025
          ],
          [
            4691405.032983265,
            2175581.948285538
          ],
          [
            4691404.297169468,
            2175582.071192887
          ],
          [
            4691403.316569404,
            2175582.221825819
          ],
          [
            4691402.58085985,
            2175582.326466197
          ],
          [
            4691401.850759119,
            2175582.423147143
          ],
          [
            4691400.866820959,
            2175582.542085572
          ],
          [
            4691399.880404619,
            2175582.64881899
          ],
          [
            4691398.905930074,
            2175582.741800837
          ],
          [
            4691397.929010769,
            2175582.823614252
          ],
          [
            4691396.950012544,
            2175582.894702845
          ],
          [
            4691395.969046467,
            2175582.955618174
          ],
          [
            4691389.760686023,
            2175583.280249217
          ],
          [
            4691389.760686023,
            2175583.280249217
          ],
          [
            4691388.534649554,
            2175583.245508006
          ],
          [
            4691388.534649554,
            2175583.245508006
          ],
          [
            4691386.747832114,
            2175583.179136183
          ],
          [
            4691386.747832114,
            2175583.179136183
          ],
          [
            4691384.499767331,
            2175583.075846126
          ],
          [
            4691384.499767331,
            2175583.075846126
          ],
          [
            4691383.148580846,
            2175583.005831207
          ],
          [
            4691383.148580846,
            2175583.005831207
          ],
          [
            4691380.426160336,
            2175582.85676711
          ],
          [
            4691367.74089794,
            2175582.149774046
          ],
          [
            4691367.351368507,
            2175589.138927559
          ]
        ]
      }
    }
  ]
}