{
"type": "FeatureCollection",
"name": "JardinRioSucio",
"crs": { "type": "name", "properties": { "name": "urn:ogc:def:crs:OGC:1.3:CRS84" } },
"features": [
{ "type": "Feature", "properties": { "AVALUO_TER": 0.0, "AVALUO_COM": 0.0, "TERRENO_CO": "053640001000000010268000000000", "DIMENSION": 0, "ETIQUETA": "00268", "RELACION_S": 0, "ESPACIO_DE": "N", "LOCAL_ID": "3642001000000100268", "CREATED_US": "GISANT", "CREATED_DA": "2025-07-10", "LAST_EDITE": "GISANT", "LAST_EDI_1": "2025-12-01", "GLOBALID": "{315CFD25-C6B3-4C16-BABA-B80DAA0DF80A}", "MUNICIPIO": "364", "LLAVE_GLOB": "M364{10BC86E1-EEA5-3878-E063-E0C8000A14C7}", "FICHA": 12045581, "CIRULO": "004", "MATRICULA": "40160", "CIRCULO_MA": "004-40160", "VEREDA": "36420010000001", "SHAPE_AREA": 1065221.0234900001, "SHAPE_LEN": 7620.0616086099999 }, "geometry": { "type": "MultiPolygon", "coordinates": [ [ [ [ -75.789044103320578, 5.583747621985174 ], [ -75.789001808168578, 5.583684083618984 ], [ -75.788956546130748, 5.583634965566428 ], [ -75.788908507045264, 5.583586615491642 ], [ -75.788847779509879, 5.583542011062263 ], [ -75.788768310700519, 5.583497776744128 ], [ -75.78845670838254, 5.583341806596925 ], [ -75.788398848114738, 5.583310919466446 ], [ -75.788091926805649, 5.583147075857773 ], [ -75.787830064169682, 5.582949848604946 ], [ -75.787599094861292, 5.58274768060781 ], [ -75.787555263833212, 5.582717050375004 ], [ -75.787471928784029, 5.582658817477514 ], [ -75.78722860139753, 5.582561469627716 ], [ -75.787107076723018, 5.582512426630532 ], [ -75.786882328457679, 5.582472015227891 ], [ -75.786490246851969, 5.582496455097581 ], [ -75.786441270904163, 5.582494756589588 ], [ -75.786369381914966, 5.582473802334914 ], [ -75.786273024372065, 5.582434724213637 ], [ -75.786225693502971, 5.582415715357784 ], [ -75.786117054104309, 5.582361417782104 ], [ -75.786053468066996, 5.582330845828511 ], [ -75.785923225477475, 5.582273092710652 ], [ -75.785766888351247, 5.582201568666536 ], [ -75.78529679982897, 5.582096344991323 ], [ -75.785229725842697, 5.582076291560857 ], [ -75.785158522402085, 5.582061985136847 ], [ -75.785096902340086, 5.582058340575546 ], [ -75.785009447881905, 5.582067924883979 ], [ -75.784857247433294, 5.582123607616848 ], [ -75.784461748118858, 5.58225743452972 ], [ -75.784408197710391, 5.582278459379534 ], [ -75.784331814218504, 5.58229504711921 ], [ -75.784286965131983, 5.582301018145704 ], [ -75.784238701734054, 5.582284587788465 ], [ -75.784187685177614, 5.58226001090639 ], [ -75.78420491724259, 5.582243165979664 ], [ -75.784230382014641, 5.58221776173507 ], [ -75.784267017938021, 5.582150821263752 ], [ -75.784303732059726, 5.582047322782827 ], [ -75.784316162549402, 5.581925492446627 ], [ -75.784330935361638, 5.581851457433615 ], [ -75.784347651636622, 5.581767686683778 ], [ -75.784323642670898, 5.581766631664627 ], [ -75.784389232551817, 5.581765112212983 ], [ -75.784475412796255, 5.581765980125668 ], [ -75.784481503914918, 5.581764860184883 ], [ -75.784557270213995, 5.581750944494181 ], [ -75.78461848732637, 5.581716832960097 ], [ -75.784663233732942, 5.581684358812086 ], [ -75.784714955992612, 5.581647251385089 ], [ -75.784780954634627, 5.581613269042988 ], [ -75.784847309236, 5.581590280681284 ], [ -75.784916966000196, 5.581571493596786 ], [ -75.785019024191158, 5.581548964218949 ], [ -75.785125958373925, 5.581525358607887 ], [ -75.785153725692155, 5.581515262711701 ], [ -75.785255005383291, 5.581478440997454 ], [ -75.785332898274774, 5.58144430279433 ], [ -75.785394273374521, 5.581412144811 ], [ -75.785455267133472, 5.581381008289709 ], [ -75.785478397425834, 5.581369485334653 ], [ -75.785527733010952, 5.581369593119138 ], [ -75.785654202328786, 5.581377325205079 ], [ -75.785717381131121, 5.581407281796074 ], [ -75.785780600018953, 5.581418601424322 ], [ -75.785825209705749, 5.58143360972326 ], [ -75.785907022500766, 5.581448699230045 ], [ -75.785968895976126, 5.581443746862445 ], [ -75.786028632705495, 5.581465096941841 ], [ -75.786107625570097, 5.581541395462446 ], [ -75.78616516869252, 5.581629715185549 ], [ -75.786208473230303, 5.581746775746304 ], [ -75.78623280805931, 5.581906938056667 ], [ -75.786264191631375, 5.582028815341729 ], [ -75.786348012600797, 5.582124232938158 ], [ -75.786426977561717, 5.582190966779883 ], [ -75.786522858573463, 5.582236514918167 ], [ -75.786597245040255, 5.58224413218243 ], [ -75.786638151035746, 5.582251677756495 ], [ -75.786660465808723, 5.582255453461562 ], [ -75.786665141234295, 5.582255462920081 ], [ -75.78666662929632, 5.582255903316347 ], [ -75.78670773666596, 5.582262149856492 ], [ -75.786757889799816, 5.582265524114538 ], [ -75.786810844652848, 5.58226723988643 ], [ -75.78685804968444, 5.582265354475051 ], [ -75.786902383495047, 5.582256149836623 ], [ -75.786935131076618, 5.582243184590514 ], [ -75.786962413481632, 5.582227093197523 ], [ -75.786982791381163, 5.582215073411807 ], [ -75.787021236969053, 5.582195702856011 ], [ -75.787057881864769, 5.58217904094174 ], [ -75.787066479972438, 5.582176138241351 ], [ -75.787103228008817, 5.582163737057461 ], [ -75.787111087466585, 5.582161084639593 ], [ -75.787189041158015, 5.582139270366517 ], [ -75.787257821544557, 5.58212541369462 ], [ -75.787332511864918, 5.582111622080919 ], [ -75.787391212117782, 5.582118684527498 ], [ -75.787444704904715, 5.582138392626963 ], [ -75.787495213669359, 5.582165282298618 ], [ -75.787529112322119, 5.582194846928405 ], [ -75.787575021412593, 5.582237176184676 ], [ -75.787655705924394, 5.58230463382342 ], [ -75.787715413086588, 5.582338033447244 ], [ -75.787765373501088, 5.58235179490969 ], [ -75.787789059586373, 5.582353837514241 ], [ -75.787799790622714, 5.582354762851286 ], [ -75.78780739879322, 5.582353921324243 ], [ -75.787840923878818, 5.582352367420895 ], [ -75.787896314248115, 5.582346539821972 ], [ -75.787899336165552, 5.582345847517481 ], [ -75.787954687831757, 5.582333170871412 ], [ -75.787991598007054, 5.582324347602873 ], [ -75.788030470132256, 5.582315056718158 ], [ -75.788083156984484, 5.582307424997406 ], [ -75.788187168913794, 5.582303547826347 ], [ -75.788249566177313, 5.58229546683976 ], [ -75.788279248582214, 5.582301725004434 ], [ -75.788410362136645, 5.582381869591988 ], [ -75.78845724961883, 5.58241053 ], [ -75.78849907214952, 5.582443999049145 ], [ -75.788521701336862, 5.582461606314715 ], [ -75.788557012694909, 5.582489212518188 ], [ -75.788620397367183, 5.582543972951757 ], [ -75.788711343624371, 5.582615548851055 ], [ -75.788764985935543, 5.582632907616176 ], [ -75.788809022933876, 5.58263612269378 ], [ -75.788854776454585, 5.582638293692472 ], [ -75.788898124676564, 5.58264219361065 ], [ -75.788942482755502, 5.582650916721042 ], [ -75.788976559501819, 5.582652692985552 ], [ -75.788984112156882, 5.582653086499817 ], [ -75.789034326690015, 5.582661821568224 ], [ -75.789085221842342, 5.582677112451583 ], [ -75.789120969008096, 5.582690986455596 ], [ -75.789180458272341, 5.582716647295626 ], [ -75.789240681403072, 5.582732654991024 ], [ -75.789288880081116, 5.582734849593899 ], [ -75.789349137136341, 5.582735333607049 ], [ -75.789384255898383, 5.582735762532873 ], [ -75.78940804567705, 5.582725970075858 ], [ -75.789455182146583, 5.582743363274457 ], [ -75.789465574170237, 5.582747198188186 ], [ -75.789490495508062, 5.582746212043306 ], [ -75.789556063611869, 5.582754241378909 ], [ -75.789583477613022, 5.582757597710771 ], [ -75.789631773201435, 5.582787523148999 ], [ -75.789665190798573, 5.58281741348203 ], [ -75.789720938422093, 5.58284362715728 ], [ -75.789754403595126, 5.582851155385097 ], [ -75.789787780374809, 5.582899684407255 ], [ -75.789817451559017, 5.582940749951026 ], [ -75.789835946749079, 5.582989244793185 ], [ -75.789835873607984, 5.58302278975158 ], [ -75.789854379138077, 5.58306755756384 ], [ -75.789876601022087, 5.58311233574342 ], [ -75.789895112386361, 5.583153377449695 ], [ -75.789902455379618, 5.583198121444738 ], [ -75.789917263846704, 5.583231698759602 ], [ -75.789932072324788, 5.583265277881086 ], [ -75.789972824450601, 5.583343640087931 ], [ -75.789998751958763, 5.583395879011054 ], [ -75.79003957542119, 5.583440696260398 ], [ -75.790080400694535, 5.58348551349515 ], [ -75.790124994362714, 5.58350797536436 ], [ -75.790151368253291, 5.583519367264911 ], [ -75.790203046522279, 5.583541692416993 ], [ -75.790227618754102, 5.583556536913489 ], [ -75.790245356876497, 5.583567253910267 ], [ -75.790251326882583, 5.583570859416221 ], [ -75.790251773868292, 5.583571130284776 ], [ -75.790252145747786, 5.583571354504845 ], [ -75.790258449637776, 5.583575162716531 ], [ -75.790258777180455, 5.583575360028823 ], [ -75.790303377572428, 5.583594093965162 ], [ -75.790385167640437, 5.583620364580704 ], [ -75.790421542503125, 5.583630168618479 ], [ -75.790440939120117, 5.583635397091585 ], [ -75.790504158106259, 5.58364671604514 ], [ -75.790567376197842, 5.583658036802798 ], [ -75.790577133852182, 5.583658988394971 ], [ -75.790645487112911, 5.583665661954229 ], [ -75.790701281444257, 5.583669512496224 ], [ -75.790775685839847, 5.583669675981215 ], [ -75.790820336444611, 5.583666045066104 ], [ -75.790887292415903, 5.583669919383063 ], [ -75.790943097959783, 5.583670041969209 ], [ -75.790992256672297, 5.583670149133712 ], [ -75.790987581337205, 5.583684450103642 ], [ -75.790969237228822, 5.583713439188751 ], [ -75.790938120909999, 5.583747915368989 ], [ -75.790896316760993, 5.583776491657274 ], [ -75.790821487026491, 5.583804262189045 ], [ -75.790793204511459, 5.583822137466606 ], [ -75.790734558781324, 5.583868911603419 ], [ -75.790706928916421, 5.583906107462519 ], [ -75.790681350021373, 5.583950205157737 ], [ -75.790666116670224, 5.583988124925929 ], [ -75.790640532778482, 5.584034979686114 ], [ -75.790597513260693, 5.584079179247099 ], [ -75.79059497050126, 5.584081791987714 ], [ -75.790565587184091, 5.58410137101274 ], [ -75.790468404558752, 5.584166125197805 ], [ -75.790448159868561, 5.584182824206417 ], [ -75.790428529912703, 5.584199017698753 ], [ -75.790379011751611, 5.584251832929948 ], [ -75.790347359026569, 5.584292320198846 ], [ -75.790312258126079, 5.584337608448785 ], [ -75.790237252577185, 5.584433663101693 ], [ -75.790186378616752, 5.584478916925885 ], [ -75.790184909967607, 5.584479910111705 ], [ -75.790181245460161, 5.584477511272048 ], [ -75.790102743503027, 5.584422376466186 ], [ -75.790035017410844, 5.584365622092094 ], [ -75.789974474427297, 5.584325345088685 ], [ -75.789933139482272, 5.584308586128557 ], [ -75.789762036674333, 5.584283582289377 ], [ -75.78961217232451, 5.584273986537889 ], [ -75.789530294458842, 5.58425568998779 ], [ -75.789461828107449, 5.584235094811212 ], [ -75.789414819590988, 5.58421484867948 ], [ -75.789371127879434, 5.584166412046212 ], [ -75.789328201497781, 5.584118023295763 ], [ -75.789291495439073, 5.584076562684402 ], [ -75.789044103320578, 5.583747621985174 ] ] ], [ [ [ -75.786753259022078, 5.592711572934099 ], [ -75.786603199152253, 5.592472370468846 ], [ -75.786352698914754, 5.5922580925219 ], [ -75.78635325088328, 5.592006650628746 ], [ -75.786391641208979, 5.591667286991141 ], [ -75.786266100814728, 5.591692154537115 ], [ -75.786052749871729, 5.591704256924032 ], [ -75.785889647610773, 5.591691326062354 ], [ -75.785588208503256, 5.591816384138139 ], [ -75.785374803133507, 5.591853631778433 ], [ -75.785312639597038, 5.591589477876656 ], [ -75.785162279462966, 5.591488570662021 ], [ -75.784936572430198, 5.591412641208619 ], [ -75.784622778886856, 5.591449665565883 ], [ -75.784421673174776, 5.591600088877155 ], [ -75.784295663722219, 5.591838681469141 ], [ -75.784245056495848, 5.592027152606733 ], [ -75.784031511349426, 5.592127258631472 ], [ -75.783955724373143, 5.592353389583578 ], [ -75.783942567592476, 5.592629949384597 ], [ -75.783766365911916, 5.59286843235765 ], [ -75.78376326441942, 5.592879210445515 ], [ -75.783748783470131, 5.592892418148664 ], [ -75.783345515623196, 5.593011798622387 ], [ -75.783259733888585, 5.593028789764069 ], [ -75.783003667508325, 5.59249560088447 ], [ -75.782671168981892, 5.591627203362567 ], [ -75.782551312472336, 5.591541030498605 ], [ -75.782337101998166, 5.591471833125563 ], [ -75.782002507203771, 5.591557001813926 ], [ -75.781650536377995, 5.591745221287512 ], [ -75.78129843344712, 5.591993574139386 ], [ -75.780997775446195, 5.592242040005114 ], [ -75.780104170788093, 5.59308195597028 ], [ -75.779521292738707, 5.592994757890736 ], [ -75.777849790870945, 5.592750518114694 ], [ -75.777653476434367, 5.592471903929498 ], [ -75.777530439767432, 5.592149279556407 ], [ -75.777555735859451, 5.59190137240953 ], [ -75.777655336551192, 5.591628834857203 ], [ -75.777730406683418, 5.591257055070745 ], [ -75.777731281249359, 5.590860316809616 ], [ -75.777608190870424, 5.590562488095235 ], [ -75.777484717655938, 5.590438232659106 ], [ -75.777164488102159, 5.590214315436038 ], [ -75.777123878144138, 5.590185919134363 ], [ -75.777157988992599, 5.590167028546637 ], [ -75.777195821865831, 5.590127144001999 ], [ -75.777212217505863, 5.590094598032865 ], [ -75.777224014385126, 5.590056319242688 ], [ -75.777244804876872, 5.59000310788636 ], [ -75.777255797591309, 5.589993086999928 ], [ -75.777277047240361, 5.589973716735071 ], [ -75.777315166014432, 5.589947393816591 ], [ -75.77734883169903, 5.589919442257906 ], [ -75.777382194979623, 5.589881130066819 ], [ -75.777398072714632, 5.589845906319044 ], [ -75.777418091181559, 5.589770381723099 ], [ -75.777428176512629, 5.589718529081997 ], [ -75.777459609633453, 5.589675386244916 ], [ -75.777481445956596, 5.58965912462499 ], [ -75.777526502841525, 5.589634101292112 ], [ -75.777583112175563, 5.589545954164235 ], [ -75.777617678947138, 5.589513936861254 ], [ -75.777650378828014, 5.589494517809015 ], [ -75.777666326773897, 5.589488721156697 ], [ -75.777743465424521, 5.589453643071858 ], [ -75.77780594952192, 5.589397874089298 ], [ -75.777863569570613, 5.589336368121946 ], [ -75.777930434337677, 5.58933363705606 ], [ -75.778031397693695, 5.589317278277149 ], [ -75.778057918978888, 5.589312981838566 ], [ -75.778208147843173, 5.589273833318562 ], [ -75.77822375662879, 5.589267485041156 ], [ -75.778309355038246, 5.589232669677555 ], [ -75.778435520847012, 5.589151078596877 ], [ -75.778591272588002, 5.588980041009503 ], [ -75.778637489025826, 5.588894456103962 ], [ -75.778670059930107, 5.588834139937036 ], [ -75.778690983477247, 5.58879539218996 ], [ -75.778802977068338, 5.588599164291023 ], [ -75.778924373121569, 5.588591718398112 ], [ -75.77903578608958, 5.588559865940844 ], [ -75.77906413625233, 5.588551761487351 ], [ -75.779127945329918, 5.588515076844646 ], [ -75.779172257337947, 5.588489602299794 ], [ -75.779377703251072, 5.588264549373631 ], [ -75.779469296012806, 5.588086536119284 ], [ -75.779698497386349, 5.587862520520712 ], [ -75.779890142675129, 5.587758037491628 ], [ -75.779979013394993, 5.587651962190347 ], [ -75.780029952453972, 5.587554442626658 ], [ -75.780037832774667, 5.587539357151016 ], [ -75.780107651523892, 5.587447035392522 ], [ -75.780191790599645, 5.587359274954314 ], [ -75.780195667462039, 5.587356195796325 ], [ -75.780270919757129, 5.587296428657706 ], [ -75.78039170421637, 5.587154514029153 ], [ -75.780445307609838, 5.58707517486269 ], [ -75.780492034870207, 5.587015888166881 ], [ -75.780542133819168, 5.586962145726503 ], [ -75.780566793354609, 5.586938298275451 ], [ -75.780684054225887, 5.586810873571952 ], [ -75.780698579876642, 5.586795088595161 ], [ -75.780698600521177, 5.586795065898486 ], [ -75.780733537580261, 5.586753832805081 ], [ -75.780744893284535, 5.586702607022009 ], [ -75.780746102384612, 5.586637246256367 ], [ -75.78074756423419, 5.586563307569014 ], [ -75.78078388361719, 5.586469139564603 ], [ -75.78091016914648, 5.5862890601527 ], [ -75.780916410374346, 5.586280159172519 ], [ -75.781043155596151, 5.58612752617829 ], [ -75.781109826093939, 5.586060811232416 ], [ -75.781167773371294, 5.58600282552198 ], [ -75.781271756507977, 5.585901583524266 ], [ -75.781364100061765, 5.585813978588082 ], [ -75.781378410537357, 5.585800402091379 ], [ -75.781487336400119, 5.5857126055931 ], [ -75.781598572082842, 5.585636874975826 ], [ -75.781701411879752, 5.585575570564495 ], [ -75.781789057479656, 5.585533870782476 ], [ -75.781955536251459, 5.585457890124415 ], [ -75.782107998059672, 5.585378542646124 ], [ -75.782255951936122, 5.585269515300417 ], [ -75.782338068385556, 5.585165494180925 ], [ -75.782410909378882, 5.585011513013118 ], [ -75.782418174424862, 5.584974477951305 ], [ -75.782432938883957, 5.584899215306993 ], [ -75.782487322013949, 5.584554546724622 ], [ -75.782548157596878, 5.584361737109552 ], [ -75.782626400569058, 5.58417208478954 ], [ -75.782632545321192, 5.584158236933748 ], [ -75.782702791716872, 5.583999930950617 ], [ -75.782715294256406, 5.583975316712835 ], [ -75.782754222308952, 5.583898673149768 ], [ -75.782796122568129, 5.583847116484054 ], [ -75.782907675051376, 5.583766361100975 ], [ -75.782927686012698, 5.583751874432059 ], [ -75.782970518707998, 5.583698692559405 ], [ -75.782975535933829, 5.583688344732892 ], [ -75.783041440047825, 5.583622603380377 ], [ -75.783120670644507, 5.58354357313477 ], [ -75.78316343973647, 5.583452271859836 ], [ -75.783181805974465, 5.583397476673696 ], [ -75.783236816510197, 5.583269646499739 ], [ -75.783261488582568, 5.583111286261377 ], [ -75.783310447039014, 5.58297125700709 ], [ -75.783329247936166, 5.582887366944737 ], [ -75.783347296860441, 5.582806830497598 ], [ -75.783396187994256, 5.582697265697228 ], [ -75.783451079313679, 5.582624271716479 ], [ -75.783554609754148, 5.582557478870322 ], [ -75.783652004446566, 5.582515041369003 ], [ -75.78379798188098, 5.58250317761363 ], [ -75.783901390383846, 5.582491218176842 ], [ -75.784017108474572, 5.582412267215002 ], [ -75.784066491180809, 5.582373567682819 ], [ -75.784124014852395, 5.582316189652468 ], [ -75.784127378789748, 5.582312834508216 ], [ -75.784214353199388, 5.582355963165035 ], [ -75.784269423685842, 5.582371388423826 ], [ -75.78431827932134, 5.582369183521953 ], [ -75.784366417562566, 5.582356254814866 ], [ -75.784401946415784, 5.582344721916498 ], [ -75.784508586721202, 5.582307792703913 ], [ -75.784871585220216, 5.582166475553196 ], [ -75.785024070288159, 5.582110688411929 ], [ -75.785025363662584, 5.582110214936993 ], [ -75.785050854699193, 5.582100890046647 ], [ -75.785152729332495, 5.582106914595551 ], [ -75.785218819469605, 5.582120193965762 ], [ -75.785284933929915, 5.582139959968348 ], [ -75.785751980211003, 5.582244431513613 ], [ -75.785904727715604, 5.582314312926964 ], [ -75.786034577024267, 5.582371892544105 ], [ -75.786122202702586, 5.582414021386675 ], [ -75.786181394490612, 5.582446614612866 ], [ -75.786256169310334, 5.582476644432831 ], [ -75.786292096612385, 5.582491215644288 ], [ -75.78635931130016, 5.582517934881059 ], [ -75.786434080590439, 5.582539728800503 ], [ -75.786490868471432, 5.582541697591842 ], [ -75.78687970752398, 5.582517459304981 ], [ -75.787094533620746, 5.582556087280651 ], [ -75.787211810603793, 5.582603416656013 ], [ -75.787450381451421, 5.582698860760933 ], [ -75.787783280972704, 5.58297225719961 ], [ -75.787805162500888, 5.582987632574395 ], [ -75.788067623667061, 5.583185310775355 ], [ -75.788746750119486, 5.583537475704385 ], [ -75.788823394719913, 5.583580137908588 ], [ -75.788879009576959, 5.583620988112477 ], [ -75.788923978177877, 5.583666248610903 ], [ -75.788966252908835, 5.58371212302167 ], [ -75.788979337188223, 5.583731778717778 ], [ -75.788998372512253, 5.583760376034225 ], [ -75.78900729497748, 5.583773779897467 ], [ -75.789256553840289, 5.584105202128118 ], [ -75.789332876801168, 5.584191411648 ], [ -75.789385864286658, 5.584250151625655 ], [ -75.789447106795834, 5.58427936220855 ], [ -75.789513361324737, 5.584298209898644 ], [ -75.78960578485362, 5.584318862659958 ], [ -75.789757335110394, 5.584328567911122 ], [ -75.789833152786997, 5.584339647165374 ], [ -75.789932638473786, 5.584357136845303 ], [ -75.789953324024609, 5.58436552301874 ], [ -75.790007988491269, 5.58440189126091 ], [ -75.790075277063963, 5.584458277097576 ], [ -75.790128427638408, 5.584495607986724 ], [ -75.790144607994236, 5.5845069723704 ], [ -75.790145183728754, 5.584507376411177 ], [ -75.790108167784524, 5.584568193643688 ], [ -75.790108333927762, 5.584625590832813 ], [ -75.790108433794686, 5.584660028964596 ], [ -75.790106596409728, 5.584684905301674 ], [ -75.790064630665157, 5.584700334428231 ], [ -75.790014981301397, 5.584700479049246 ], [ -75.78992706183567, 5.584673949213175 ], [ -75.789875497921969, 5.584672187452361 ], [ -75.789833939830757, 5.584669859279639 ], [ -75.789818710816178, 5.584679925687883 ], [ -75.789768659779909, 5.584713011161817 ], [ -75.789753111863718, 5.584722419202463 ], [ -75.789695256565054, 5.584757430101635 ], [ -75.789650058061767, 5.584790202349226 ], [ -75.789607602404715, 5.58481955458337 ], [ -75.789573537169176, 5.584845205962688 ], [ -75.789543222697006, 5.584868033666055 ], [ -75.789483638986226, 5.584913784443954 ], [ -75.789437444190099, 5.584953187361789 ], [ -75.789426784887667, 5.58496227929478 ], [ -75.789363050659659, 5.585025143453211 ], [ -75.789300670763879, 5.585099654880958 ], [ -75.789298348043829, 5.585103581820547 ], [ -75.789246447040455, 5.585191315238974 ], [ -75.789207960460018, 5.585299248745987 ], [ -75.789188067750814, 5.585359261482401 ], [ -75.789154535945741, 5.585430147530264 ], [ -75.789111460416592, 5.585498969104464 ], [ -75.789092707868818, 5.585519847204481 ], [ -75.789082099318108, 5.585531658879113 ], [ -75.789040471362554, 5.585565677882476 ], [ -75.78897841560989, 5.585599651107215 ], [ -75.788909564156384, 5.585625419831302 ], [ -75.788814116799486, 5.585661354148464 ], [ -75.788685379373803, 5.585739390727225 ], [ -75.788600215026307, 5.585822277909785 ], [ -75.788508436011256, 5.585917869877995 ], [ -75.788451504085543, 5.585960443319491 ], [ -75.788405444534732, 5.585982700383678 ], [ -75.788347892027659, 5.586003574757594 ], [ -75.788297522187079, 5.586027106971994 ], [ -75.788283149865364, 5.586037668281015 ], [ -75.78823541362479, 5.586078545617375 ], [ -75.788210294451829, 5.586114408890499 ], [ -75.788200014518978, 5.586173366285414 ], [ -75.788189725526237, 5.586232315588595 ], [ -75.78816596192938, 5.586267504406928 ], [ -75.788123254797966, 5.586304006247319 ], [ -75.788060219046002, 5.586352659711843 ], [ -75.78796958758187, 5.586430914804686 ], [ -75.787913578628618, 5.586455770962683 ], [ -75.787868104434608, 5.586472662100672 ], [ -75.787857586553613, 5.586476568304023 ], [ -75.787799573029474, 5.586498038741612 ], [ -75.787732310332345, 5.586530887727291 ], [ -75.787707705227433, 5.586548410134938 ], [ -75.787668622965924, 5.586577416374532 ], [ -75.78765752403757, 5.586590666751514 ], [ -75.78762063674499, 5.58663470067355 ], [ -75.787596352087235, 5.586677047633981 ], [ -75.787572075107164, 5.586720064385398 ], [ -75.787545750841744, 5.58677450232241 ], [ -75.787527500171009, 5.586822910538167 ], [ -75.787513923304658, 5.58688680652847 ], [ -75.787515113522431, 5.58694938855169 ], [ -75.787523713608351, 5.587002574982556 ], [ -75.787527563741449, 5.587077954244299 ], [ -75.787515342163431, 5.587133102605695 ], [ -75.787496459885148, 5.587168726552669 ], [ -75.787436045545647, 5.587231605683866 ], [ -75.787398557858765, 5.58727899522082 ], [ -75.787367071527314, 5.587325737953939 ], [ -75.787348253354509, 5.587381206011377 ], [ -75.7873448256221, 5.587417985029981 ], [ -75.787347324463099, 5.587435831596408 ], [ -75.78734810327073, 5.587441398036847 ], [ -75.787353971780192, 5.58747884160016 ], [ -75.787355338455782, 5.587487566361291 ], [ -75.787342559760063, 5.587525653514204 ], [ -75.787316438174472, 5.587565726741048 ], [ -75.787301703237432, 5.587586423957834 ], [ -75.787262150504375, 5.587657884650316 ], [ -75.787256780955431, 5.587672694254579 ], [ -75.787232591716815, 5.587739411271379 ], [ -75.787213088884599, 5.58781588677073 ], [ -75.78720233694655, 5.587858047444379 ], [ -75.787178900447955, 5.587941793116665 ], [ -75.787151544482128, 5.588002249958963 ], [ -75.78712313723689, 5.588043604099323 ], [ -75.787092900082385, 5.588159291515485 ], [ -75.787068672373167, 5.588220741409192 ], [ -75.787043762460058, 5.588284838598626 ], [ -75.786985200414378, 5.588453569663634 ], [ -75.786960887551686, 5.588545648512206 ], [ -75.786954167912427, 5.588571066965327 ], [ -75.786943327508425, 5.588612075533065 ], [ -75.786914179543786, 5.588748587521343 ], [ -75.786876129578943, 5.58887966476298 ], [ -75.786848206524922, 5.588968056382954 ], [ -75.786829961053016, 5.589066956561384 ], [ -75.786827501667503, 5.589139248106453 ], [ -75.786824998796419, 5.589314077648439 ], [ -75.786796792238405, 5.58946076818713 ], [ -75.786787547985284, 5.589508847113236 ], [ -75.786786129460467, 5.589513572471981 ], [ -75.786760630749129, 5.589562308946959 ], [ -75.786732411217557, 5.589609023555106 ], [ -75.786689378437046, 5.589662375728868 ], [ -75.786656281835107, 5.589727304602901 ], [ -75.786630640160922, 5.589808179005498 ], [ -75.786620411972279, 5.589863973308762 ], [ -75.786607809767318, 5.589907331492689 ], [ -75.786605331678061, 5.589916945025493 ], [ -75.786581699930167, 5.590008628364033 ], [ -75.786531897863554, 5.59006700160571 ], [ -75.786524260714302, 5.590083857690348 ], [ -75.786509229305409, 5.590117037183294 ], [ -75.786510263298126, 5.590168136208125 ], [ -75.7865238516912, 5.590270822805162 ], [ -75.786524394421434, 5.590274927777866 ], [ -75.786528885464833, 5.59031165022208 ], [ -75.787421736402308, 5.590951402724946 ], [ -75.787707341312753, 5.590952030392051 ], [ -75.787783223072054, 5.590926508287954 ], [ -75.787885779321954, 5.590883745816996 ], [ -75.787990365420512, 5.590853138132943 ], [ -75.788149748461066, 5.59080364769568 ], [ -75.788395078302997, 5.59072228760153 ], [ -75.788496584607458, 5.590697134460014 ], [ -75.788642811666278, 5.59066398749711 ], [ -75.78875124784372, 5.590630974082234 ], [ -75.788947039365425, 5.590582132978099 ], [ -75.789064920511933, 5.590554329265002 ], [ -75.789172910660923, 5.590522979371555 ], [ -75.789348070238958, 5.590475818183778 ], [ -75.789509368153318, 5.590433520131451 ], [ -75.789651156667702, 5.590395959315062 ], [ -75.789808769166612, 5.590364395935842 ], [ -75.789921285822317, 5.590620770911157 ], [ -75.789255638826219, 5.591828648559747 ], [ -75.789785217626971, 5.592296794357788 ], [ -75.789853403362059, 5.592651441246016 ], [ -75.78907554585615, 5.592569563226808 ], [ -75.788902095570421, 5.592822387425652 ], [ -75.788819049912277, 5.592954925266205 ], [ -75.788635706997894, 5.593131740106934 ], [ -75.788627054279132, 5.593138374665238 ], [ -75.788449869896183, 5.593274226690516 ], [ -75.788359424832947, 5.593365084301267 ], [ -75.788315524460387, 5.593482855283086 ], [ -75.788293875967128, 5.593767356887383 ], [ -75.788291545154749, 5.593855643117462 ], [ -75.788281820387667, 5.593904704201807 ], [ -75.788152231544174, 5.594010328726307 ], [ -75.788005508990821, 5.594115975978787 ], [ -75.787895446522413, 5.594179885273578 ], [ -75.78780960067985, 5.594275447785114 ], [ -75.787698941392094, 5.594138181428893 ], [ -75.787373878769444, 5.59378524604381 ], [ -75.7870315361465, 5.593492408382759 ], [ -75.786714159983021, 5.593374467297568 ], [ -75.786714317554782, 5.593302378323887 ], [ -75.78675248709277, 5.593063591998918 ], [ -75.78682808136513, 5.592925463446819 ], [ -75.786753259022078, 5.592711572934099 ] ] ] ] } },
{ "type": "Feature", "properties": { "AVALUO_TER": 0.0, "AVALUO_COM": 0.0, "TERRENO_CO": "053640001000000010205000000000", "DIMENSION": 0, "ETIQUETA": "00205", "RELACION_S": 0, "ESPACIO_DE": "N", "LOCAL_ID": "3642001000000100205", "CREATED_US": "GISANT", "CREATED_DA": "2025-07-10", "LAST_EDITE": "GISANT", "LAST_EDI_1": "2025-12-01", "GLOBALID": "{B2939DDE-C85F-42DC-B6D1-C676C3F0BC1C}", "MUNICIPIO": "364", "LLAVE_GLOB": "M364{10BC86E1-EBF9-3878-E063-E0C8000A14C7}", "FICHA": 13105480, "CIRULO": "004", "MATRICULA": "33911", "CIRCULO_MA": "004-33911", "VEREDA": "36420010000001", "SHAPE_AREA": 13955.3280151, "SHAPE_LEN": 535.14060221199998 }, "geometry": { "type": "MultiPolygon", "coordinates": [ [ [ [ -75.779213819738345, 5.581255989656998 ], [ -75.779171486891528, 5.581249523228141 ], [ -75.779109648973758, 5.581250041725306 ], [ -75.779040520677725, 5.581251840351898 ], [ -75.778927099840473, 5.581265550186585 ], [ -75.778878262515903, 5.581270715878031 ], [ -75.778822534145831, 5.58127383053878 ], [ -75.778544287241473, 5.581354963923415 ], [ -75.778536216902978, 5.581272849599186 ], [ -75.778520410363015, 5.581112023318552 ], [ -75.778515222841335, 5.581059240505326 ], [ -75.778645210804427, 5.581017804901689 ], [ -75.778740399281205, 5.580972134300636 ], [ -75.778774978769903, 5.580945192856994 ], [ -75.778830317760224, 5.580897164266235 ], [ -75.778881786217553, 5.580844939735028 ], [ -75.778945051847856, 5.580785717927481 ], [ -75.779014993456883, 5.580720247132684 ], [ -75.779082351906709, 5.580679279443323 ], [ -75.779103837026256, 5.580670497133092 ], [ -75.779204096376631, 5.580629509418057 ], [ -75.77926176240905, 5.580577319748656 ], [ -75.779307470850938, 5.580543464630655 ], [ -75.779330912188129, 5.580526103559149 ], [ -75.779390963637965, 5.580509320508516 ], [ -75.779473426679971, 5.580514177009566 ], [ -75.779554566614252, 5.580542110521495 ], [ -75.779596541237908, 5.580558156053512 ], [ -75.779642316617668, 5.580575654338084 ], [ -75.779731803649312, 5.580595651372589 ], [ -75.779843266152241, 5.58060466712735 ], [ -75.779954571772933, 5.580595329685441 ], [ -75.780040322214774, 5.58056642497869 ], [ -75.780040691544372, 5.580566300293328 ], [ -75.780094418237098, 5.580557360894008 ], [ -75.78010097906575, 5.580570900937637 ], [ -75.780331833943308, 5.581047369178398 ], [ -75.780369620098512, 5.581125356292011 ], [ -75.780463105191856, 5.58131942605163 ], [ -75.780383934732669, 5.581324553323041 ], [ -75.780280081767557, 5.581340327595954 ], [ -75.780198772669877, 5.581372367101261 ], [ -75.78004665793236, 5.581445853527134 ], [ -75.779864240027024, 5.581528285118308 ], [ -75.779809604817046, 5.581529979115204 ], [ -75.779748818182711, 5.581530916675234 ], [ -75.779663301500321, 5.581525989354446 ], [ -75.779589016899678, 5.581493329250584 ], [ -75.779413327645003, 5.581349104313503 ], [ -75.779354280053468, 5.581313183825817 ], [ -75.779309825814153, 5.581289438380199 ], [ -75.779213819738345, 5.581255989656998 ] ] ] ] } },
{ "type": "Feature", "properties": { "AVALUO_TER": 0.0, "AVALUO_COM": 0.0, "TERRENO_CO": "053640001000000010204000000000", "DIMENSION": 0, "ETIQUETA": "00204", "RELACION_S": 0, "ESPACIO_DE": "N", "LOCAL_ID": "3642001000000100204", "CREATED_US": "GISANT", "CREATED_DA": "2025-07-10", "LAST_EDITE": "GISANT", "LAST_EDI_1": "2025-12-01", "GLOBALID": "{4A9E8A1A-5173-45E2-B614-0049745D772C}", "MUNICIPIO": "364", "LLAVE_GLOB": "M364{10BC86E1-EBFC-3878-E063-E0C8000A14C7}", "FICHA": 13105479, "CIRULO": "004", "MATRICULA": "4959", "CIRCULO_MA": "004-4959", "VEREDA": "36420010000001", "SHAPE_AREA": 1037278.13344, "SHAPE_LEN": 8953.5922896400007 }, "geometry": { "type": "MultiPolygon", "coordinates": [ [ [ [ -75.777207626292764, 5.58115360929124 ], [ -75.777170690982928, 5.581110051305546 ], [ -75.777135372986635, 5.581062382605961 ], [ -75.777107633656783, 5.581019279225445 ], [ -75.77709192957343, 5.580977955799263 ], [ -75.777085404564914, 5.580928486331397 ], [ -75.777097850462582, 5.580879412091724 ], [ -75.777111528129794, 5.580838084071945 ], [ -75.77711183929631, 5.58083499558532 ], [ -75.777112031366784, 5.580834589704427 ], [ -75.777278975784157, 5.580878335912424 ], [ -75.777398909663972, 5.580900380597465 ], [ -75.777500506627831, 5.580928025172446 ], [ -75.77759504811543, 5.580966980851977 ], [ -75.777742610644992, 5.581030653148933 ], [ -75.777780059319227, 5.581046811515174 ], [ -75.777877877868931, 5.581089238200178 ], [ -75.777969525344574, 5.581111219409946 ], [ -75.778060131093397, 5.581122358946408 ], [ -75.778136951888996, 5.58112553199022 ], [ -75.778148244707083, 5.58112599746424 ], [ -75.778263048348691, 5.581114118990458 ], [ -75.778357166690483, 5.581095612873943 ], [ -75.778438981735192, 5.581083544149527 ], [ -75.778515222841335, 5.581059240505326 ], [ -75.778520410363015, 5.581112023318552 ], [ -75.778536216902978, 5.581272849599186 ], [ -75.778544287241473, 5.581354963923415 ], [ -75.778535671682718, 5.581357246481701 ], [ -75.778486185448074, 5.581371701540253 ], [ -75.778364679913963, 5.58140554709825 ], [ -75.778239567455813, 5.581427650334997 ], [ -75.778111994997346, 5.581429913669353 ], [ -75.777968578000085, 5.581410152118417 ], [ -75.777714278331544, 5.581365854567395 ], [ -75.777504143989574, 5.581330736053721 ], [ -75.777459670121132, 5.581324753047022 ], [ -75.777407828301165, 5.581313762201679 ], [ -75.777345132468483, 5.581284727755056 ], [ -75.777275527602015, 5.581228632296053 ], [ -75.777207626292764, 5.58115360929124 ] ] ], [ [ [ -75.784164887520362, 5.582246859660419 ], [ -75.784109168516153, 5.582232504517659 ], [ -75.78392842562657, 5.582227986540274 ], [ -75.783847310899191, 5.582227790617706 ], [ -75.783778545111105, 5.582215178224868 ], [ -75.783710497903201, 5.582185258953004 ], [ -75.783657761081244, 5.582155120029175 ], [ -75.783502842394128, 5.582057432628535 ], [ -75.783450423004297, 5.582020091026605 ], [ -75.783364983629781, 5.581904930908292 ], [ -75.783289798938938, 5.581814979332765 ], [ -75.783216337755249, 5.581753174355769 ], [ -75.783106628745017, 5.581714540210364 ], [ -75.783006118918806, 5.581692282837222 ], [ -75.782959038239881, 5.58169167513271 ], [ -75.782918902012568, 5.581687421426553 ], [ -75.782877745463338, 5.581679366906525 ], [ -75.782794552082706, 5.581661792197601 ], [ -75.782768191743259, 5.581654593229676 ], [ -75.78272688868114, 5.581634992288255 ], [ -75.782491283441956, 5.581524165807751 ], [ -75.782428486531956, 5.581475059509726 ], [ -75.782394420780491, 5.581447066040738 ], [ -75.782347567532838, 5.581405852559172 ], [ -75.78230074687086, 5.581371544812257 ], [ -75.782256092130083, 5.581346788812128 ], [ -75.78221359125294, 5.581328590263977 ], [ -75.78215788146926, 5.581318478631514 ], [ -75.782084080140166, 5.58131493731615 ], [ -75.781997847669231, 5.581322349074408 ], [ -75.781927504613179, 5.581338452837525 ], [ -75.781869576413513, 5.58135200770247 ], [ -75.781772700580618, 5.581374410474705 ], [ -75.781691619088548, 5.581397205348283 ], [ -75.78164952736816, 5.581409987985164 ], [ -75.78159653972186, 5.581417144760799 ], [ -75.781539310454093, 5.581424321614186 ], [ -75.781461433867236, 5.581424026284838 ], [ -75.781311403825981, 5.581407305797543 ], [ -75.781141968467793, 5.581379455036284 ], [ -75.780814823080192, 5.581336613214831 ], [ -75.780469738377889, 5.581319220196356 ], [ -75.780463105191856, 5.58131942605163 ], [ -75.780369620098512, 5.581125356292011 ], [ -75.780331833943308, 5.581047369178398 ], [ -75.78010097906575, 5.580570900937637 ], [ -75.780094418237098, 5.580557360894008 ], [ -75.780114846001013, 5.580553960286537 ], [ -75.780241377047233, 5.58055998128017 ], [ -75.780291739322294, 5.580578995429458 ], [ -75.780342965886746, 5.580615415663707 ], [ -75.780385909243677, 5.580661071023145 ], [ -75.780446303622895, 5.580725279740288 ], [ -75.780456943809753, 5.580736593916437 ], [ -75.780484871681679, 5.580757077363413 ], [ -75.780514680840923, 5.580759213365435 ], [ -75.780585995373343, 5.580757661876748 ], [ -75.780596069530219, 5.580753212845039 ], [ -75.780683623479788, 5.580714546741867 ], [ -75.780754486140793, 5.580683367534878 ], [ -75.780772678407033, 5.580680978161975 ], [ -75.780845028609377, 5.580696251579405 ], [ -75.780921055176435, 5.580767731775675 ], [ -75.780982412905942, 5.58082996612602 ], [ -75.781120384345314, 5.580897992859731 ], [ -75.781172800866244, 5.58094337458072 ], [ -75.781212920607828, 5.58096728501121 ], [ -75.781303834490174, 5.580998657592292 ], [ -75.781370231672227, 5.580988275940823 ], [ -75.781397457344568, 5.580984018698219 ], [ -75.78145646070854, 5.580943222331582 ], [ -75.781509838037394, 5.580908425023927 ], [ -75.781587686003832, 5.580898154570288 ], [ -75.781645988934997, 5.580905127364772 ], [ -75.781689211049255, 5.58089260184228 ], [ -75.781725795027668, 5.580850535783001 ], [ -75.781763030711616, 5.580785959080478 ], [ -75.781765445717227, 5.580783221320885 ], [ -75.781820699026667, 5.580720552537415 ], [ -75.78188373229537, 5.580681219560919 ], [ -75.781939404682191, 5.58066149836732 ], [ -75.782002538211955, 5.580642661166004 ], [ -75.782030859154048, 5.580627689574158 ], [ -75.782073069473768, 5.580602847933887 ], [ -75.782103333039117, 5.580591343749883 ], [ -75.782150233373869, 5.580592558974057 ], [ -75.782230702373951, 5.580609668567358 ], [ -75.78232286974351, 5.580645518666875 ], [ -75.782383360303044, 5.580670993107709 ], [ -75.782415958989731, 5.580685339969741 ], [ -75.782436238076755, 5.580733055864679 ], [ -75.782438745244733, 5.580738954042044 ], [ -75.782441783399761, 5.580746099872947 ], [ -75.782460079923325, 5.580789149904426 ], [ -75.782465923716174, 5.580798714988425 ], [ -75.782505997386863, 5.580864305930235 ], [ -75.782517792262482, 5.580876725538997 ], [ -75.782552009919527, 5.580912755992161 ], [ -75.782600803865094, 5.58094758837163 ], [ -75.782739936084482, 5.581021068999612 ], [ -75.782833000388479, 5.581059796526995 ], [ -75.782865130430764, 5.581066599364138 ], [ -75.782892020464644, 5.581072292556761 ], [ -75.782990745485463, 5.581081018144503 ], [ -75.783061936808153, 5.581087796851448 ], [ -75.783119418811893, 5.581093270095487 ], [ -75.783189816238277, 5.581114977717484 ], [ -75.783280219984775, 5.581152966569887 ], [ -75.783341732807727, 5.581197744460535 ], [ -75.783381158926346, 5.58124462923139 ], [ -75.783391232986503, 5.581256608601183 ], [ -75.783428466029363, 5.581337765382224 ], [ -75.78346632225275, 5.581467608823165 ], [ -75.783500168217316, 5.581571296391434 ], [ -75.783511716654957, 5.581592283892395 ], [ -75.783546848828649, 5.581656127246636 ], [ -75.783649237581329, 5.581754813873444 ], [ -75.783729630999687, 5.581802713958124 ], [ -75.783764893027097, 5.581823721960385 ], [ -75.783844500142408, 5.581838841189556 ], [ -75.783931503221481, 5.581834919752972 ], [ -75.784022335115964, 5.581817372961204 ], [ -75.784132586998993, 5.581790710869286 ], [ -75.78423978399492, 5.581774963097729 ], [ -75.784282965577745, 5.581770498115045 ], [ -75.784302908596572, 5.581765720218785 ], [ -75.784323642670898, 5.581766631664627 ], [ -75.784347651636622, 5.581767686683778 ], [ -75.784330935361638, 5.581851457433615 ], [ -75.784316162549402, 5.581925492446627 ], [ -75.784303732059726, 5.582047322782827 ], [ -75.784267017938021, 5.582150821263752 ], [ -75.784230382014641, 5.58221776173507 ], [ -75.78420491724259, 5.582243165979664 ], [ -75.784187685177614, 5.58226001090639 ], [ -75.784164887520362, 5.582246859660419 ] ] ], [ [ [ -75.760537903651326, 5.595731800389418 ], [ -75.760779676882208, 5.59539027163241 ], [ -75.761395379790258, 5.594952378172974 ], [ -75.761815699616818, 5.594599369391752 ], [ -75.762346520162893, 5.594202362561197 ], [ -75.762546183131306, 5.593782491003791 ], [ -75.763137765459291, 5.594217423258534 ], [ -75.763576237838606, 5.594291650218236 ], [ -75.764051344832311, 5.594329335633306 ], [ -75.764599637662869, 5.594330562890288 ], [ -75.765734032237717, 5.593829528130953 ], [ -75.766858378638574, 5.592684715579908 ], [ -75.767584952880767, 5.591749746372234 ], [ -75.769317239600824, 5.590465794181292 ], [ -75.770393482717225, 5.589929652073857 ], [ -75.772007402268486, 5.589324457959892 ], [ -75.772993173370367, 5.589249165861085 ], [ -75.773282935998282, 5.589188721521469 ], [ -75.773679601224131, 5.589036877590702 ], [ -75.774305259504743, 5.58873282045262 ], [ -75.774748266502272, 5.588306177481722 ], [ -75.774567303098806, 5.587419979444539 ], [ -75.77453803211111, 5.586870109927056 ], [ -75.774676335521505, 5.586366429784491 ], [ -75.775196365911867, 5.585573419377213 ], [ -75.775410986213473, 5.585024090392349 ], [ -75.775564430890697, 5.584566259237211 ], [ -75.77564186116328, 5.584016625232574 ], [ -75.775689277370091, 5.583253110937627 ], [ -75.775751599949302, 5.582642354943353 ], [ -75.775905313055333, 5.582062346492283 ], [ -75.776027831966474, 5.581802986777552 ], [ -75.776451469216767, 5.581506979567775 ], [ -75.776937378916983, 5.581145886749088 ], [ -75.776976194766107, 5.581120904107397 ], [ -75.777052650558232, 5.581071698361742 ], [ -75.777072731577192, 5.581102901180101 ], [ -75.777109817476742, 5.581152957016615 ], [ -75.777128649899282, 5.581175174967726 ], [ -75.777185096802427, 5.581238987007906 ], [ -75.777218052075213, 5.581275399032696 ], [ -75.777227061626604, 5.581283590595453 ], [ -75.777292842349581, 5.581332867147806 ], [ -75.777338379079893, 5.581355230036451 ], [ -75.777393043959776, 5.581371883761665 ], [ -75.777436114280349, 5.581381093965105 ], [ -75.777710225811944, 5.581417840113815 ], [ -75.777961098465468, 5.581471143443575 ], [ -75.778145019340045, 5.581493618592708 ], [ -75.778375344620656, 5.581474372310014 ], [ -75.778474912827065, 5.581451853540718 ], [ -75.778551205497095, 5.581434632576297 ], [ -75.778822332040534, 5.581350320792009 ], [ -75.778874592219594, 5.581347399707264 ], [ -75.778924871504515, 5.58134207984769 ], [ -75.779034687964995, 5.581335408639682 ], [ -75.779101296624646, 5.581333675260835 ], [ -75.779159128767532, 5.581333190172224 ], [ -75.779193793384508, 5.58133848518747 ], [ -75.779282570597417, 5.581369415332309 ], [ -75.7793228197487, 5.58139091445242 ], [ -75.779380828603493, 5.581426203469351 ], [ -75.779533282700626, 5.581556966132573 ], [ -75.779612463082785, 5.581591778899389 ], [ -75.779701388203392, 5.581620009038985 ], [ -75.77976985685595, 5.581618952871044 ], [ -75.779831649390061, 5.581617036080431 ], [ -75.780035926974477, 5.581531983108698 ], [ -75.780200651570198, 5.581452404906863 ], [ -75.78024539640893, 5.581430805577439 ], [ -75.780314555042096, 5.581414401449333 ], [ -75.780349942635794, 5.581406364145489 ], [ -75.780428445374937, 5.581398292153952 ], [ -75.780477354880475, 5.581396777068384 ], [ -75.780742139284754, 5.581410094905069 ], [ -75.781129536164926, 5.581470854129845 ], [ -75.781364034045751, 5.581500020697525 ], [ -75.781525181404646, 5.58150347869952 ], [ -75.781609265278036, 5.581499811897955 ], [ -75.781676456942037, 5.581484941907529 ], [ -75.781749726944724, 5.581460693531764 ], [ -75.781814219114082, 5.581440279704412 ], [ -75.781903513181575, 5.581418209903458 ], [ -75.781962560978485, 5.581409026355651 ], [ -75.781982997327447, 5.581404964059791 ], [ -75.782029950576714, 5.581397107831972 ], [ -75.782049293706379, 5.581393871380135 ], [ -75.782107417987731, 5.581388786200998 ], [ -75.782157004920762, 5.581389166976884 ], [ -75.782180993646662, 5.581393959136012 ], [ -75.782222579024449, 5.581409721511926 ], [ -75.782264749561321, 5.581436683813369 ], [ -75.78231180546517, 5.581477553806673 ], [ -75.78234854422999, 5.581509230630252 ], [ -75.782400212612686, 5.581551297295779 ], [ -75.782706801857017, 5.581711938410439 ], [ -75.782755565995345, 5.581735080953321 ], [ -75.782804070508831, 5.58174832733333 ], [ -75.782915275563425, 5.581770089334426 ], [ -75.782959452238956, 5.581774773162572 ], [ -75.783005255279022, 5.58177536431741 ], [ -75.783097674324964, 5.581782322930694 ], [ -75.783187329999222, 5.58182090982904 ], [ -75.783247090359524, 5.58188837830391 ], [ -75.783299776669793, 5.58194903249445 ], [ -75.783406424308438, 5.582077182590688 ], [ -75.783492915156842, 5.582147325725368 ], [ -75.78367067947103, 5.582247747600338 ], [ -75.783737840665538, 5.582280407649684 ], [ -75.783810503482229, 5.582292643375521 ], [ -75.783887110145955, 5.582290713765396 ], [ -75.784038710835816, 5.582289165245017 ], [ -75.784118043729819, 5.582308903169869 ], [ -75.784127378789748, 5.582312834508216 ], [ -75.784124014852395, 5.582316189652468 ], [ -75.784066491180809, 5.582373567682819 ], [ -75.784017108474572, 5.582412267215002 ], [ -75.783901390383846, 5.582491218176842 ], [ -75.78379798188098, 5.58250317761363 ], [ -75.783652004446566, 5.582515041369003 ], [ -75.783554609754148, 5.582557478870322 ], [ -75.783451079313679, 5.582624271716479 ], [ -75.783396187994256, 5.582697265697228 ], [ -75.783347296860441, 5.582806830497598 ], [ -75.783329247936166, 5.582887366944737 ], [ -75.783310447039014, 5.58297125700709 ], [ -75.783261488582568, 5.583111286261377 ], [ -75.783236816510197, 5.583269646499739 ], [ -75.783181805974465, 5.583397476673696 ], [ -75.78316343973647, 5.583452271859836 ], [ -75.783120670644507, 5.58354357313477 ], [ -75.783041440047825, 5.583622603380377 ], [ -75.782975535933829, 5.583688344732892 ], [ -75.782970518707998, 5.583698692559405 ], [ -75.782927686012698, 5.583751874432059 ], [ -75.782907675051376, 5.583766361100975 ], [ -75.782796122568129, 5.583847116484054 ], [ -75.782754222308952, 5.583898673149768 ], [ -75.782715294256406, 5.583975316712835 ], [ -75.782702791716872, 5.583999930950617 ], [ -75.782632545321192, 5.584158236933748 ], [ -75.782626400569058, 5.58417208478954 ], [ -75.782548157596878, 5.584361737109552 ], [ -75.782487322013949, 5.584554546724622 ], [ -75.782432938883957, 5.584899215306993 ], [ -75.782418174424862, 5.584974477951305 ], [ -75.782410909378882, 5.585011513013118 ], [ -75.782338068385556, 5.585165494180925 ], [ -75.782255951936122, 5.585269515300417 ], [ -75.782107998059672, 5.585378542646124 ], [ -75.781955536251459, 5.585457890124415 ], [ -75.781789057479656, 5.585533870782476 ], [ -75.781701411879752, 5.585575570564495 ], [ -75.781598572082842, 5.585636874975826 ], [ -75.781487336400119, 5.5857126055931 ], [ -75.781378410537357, 5.585800402091379 ], [ -75.781364100061765, 5.585813978588082 ], [ -75.781271756507977, 5.585901583524266 ], [ -75.781167773371294, 5.58600282552198 ], [ -75.781109826093939, 5.586060811232416 ], [ -75.781043155596151, 5.58612752617829 ], [ -75.780916410374346, 5.586280159172519 ], [ -75.78091016914648, 5.5862890601527 ], [ -75.78078388361719, 5.586469139564603 ], [ -75.78074756423419, 5.586563307569014 ], [ -75.780746102384612, 5.586637246256367 ], [ -75.780744893284535, 5.586702607022009 ], [ -75.780733537580261, 5.586753832805081 ], [ -75.780698600521177, 5.586795065898486 ], [ -75.780698579876642, 5.586795088595161 ], [ -75.780684054225887, 5.586810873571952 ], [ -75.780566793354609, 5.586938298275451 ], [ -75.780542133819168, 5.586962145726503 ], [ -75.780492034870207, 5.587015888166881 ], [ -75.780445307609838, 5.58707517486269 ], [ -75.78039170421637, 5.587154514029153 ], [ -75.780270919757129, 5.587296428657706 ], [ -75.780195667462039, 5.587356195796325 ], [ -75.780191790599645, 5.587359274954314 ], [ -75.780107651523892, 5.587447035392522 ], [ -75.780037832774667, 5.587539357151016 ], [ -75.780029952453972, 5.587554442626658 ], [ -75.779979013394993, 5.587651962190347 ], [ -75.779890142675129, 5.587758037491628 ], [ -75.779698497386349, 5.587862520520712 ], [ -75.779469296012806, 5.588086536119284 ], [ -75.779377703251072, 5.588264549373631 ], [ -75.779172257337947, 5.588489602299794 ], [ -75.779127945329918, 5.588515076844646 ], [ -75.77906413625233, 5.588551761487351 ], [ -75.77903578608958, 5.588559865940844 ], [ -75.778924373121569, 5.588591718398112 ], [ -75.778802977068338, 5.588599164291023 ], [ -75.778690983477247, 5.58879539218996 ], [ -75.778670059930107, 5.588834139937036 ], [ -75.778637489025826, 5.588894456103962 ], [ -75.778591272588002, 5.588980041009503 ], [ -75.778435520847012, 5.589151078596877 ], [ -75.778309355038246, 5.589232669677555 ], [ -75.77822375662879, 5.589267485041156 ], [ -75.778208147843173, 5.589273833318562 ], [ -75.778057918978888, 5.589312981838566 ], [ -75.778031397693695, 5.589317278277149 ], [ -75.777930434337677, 5.58933363705606 ], [ -75.777863569570613, 5.589336368121946 ], [ -75.77780594952192, 5.589397874089298 ], [ -75.777743465424521, 5.589453643071858 ], [ -75.777666326773897, 5.589488721156697 ], [ -75.777650378828014, 5.589494517809015 ], [ -75.777617678947138, 5.589513936861254 ], [ -75.777583112175563, 5.589545954164235 ], [ -75.777526502841525, 5.589634101292112 ], [ -75.777481445956596, 5.58965912462499 ], [ -75.777459609633453, 5.589675386244916 ], [ -75.777428176512629, 5.589718529081997 ], [ -75.777418091181559, 5.589770381723099 ], [ -75.777398072714632, 5.589845906319044 ], [ -75.777382194979623, 5.589881130066819 ], [ -75.77734883169903, 5.589919442257906 ], [ -75.777315166014432, 5.589947393816591 ], [ -75.777277047240361, 5.589973716735071 ], [ -75.777255797591309, 5.589993086999928 ], [ -75.777244804876872, 5.59000310788636 ], [ -75.777224014385126, 5.590056319242688 ], [ -75.777212217505863, 5.590094598032865 ], [ -75.777195821865831, 5.590127144001999 ], [ -75.777157988992599, 5.590167028546637 ], [ -75.777123878144138, 5.590185919134363 ], [ -75.777114722527386, 5.590190990291569 ], [ -75.777070462679532, 5.590198883467393 ], [ -75.777008440239669, 5.590196656856216 ], [ -75.776986194971343, 5.590189538640877 ], [ -75.776962069872184, 5.590167597185379 ], [ -75.776935637138905, 5.590144386648044 ], [ -75.776898119576018, 5.590127163064945 ], [ -75.776847274263901, 5.590134120162618 ], [ -75.77678816336568, 5.590153506933131 ], [ -75.776718228411156, 5.590163007726963 ], [ -75.776667809729076, 5.590157119357812 ], [ -75.776631139246717, 5.590148285898107 ], [ -75.776590937634879, 5.590133009465803 ], [ -75.776552313528612, 5.590122211002664 ], [ -75.776510248341495, 5.590121196090206 ], [ -75.77645023291393, 5.59014182824715 ], [ -75.776417822434823, 5.590169257680136 ], [ -75.776384641703928, 5.590206313392905 ], [ -75.776332223104347, 5.590276858701307 ], [ -75.776316984448101, 5.590299912154793 ], [ -75.776306020853468, 5.590316497440802 ], [ -75.776286012388056, 5.590354947087325 ], [ -75.77625802584248, 5.590398108862535 ], [ -75.776227494825235, 5.590420198758792 ], [ -75.776183027519494, 5.590436346002781 ], [ -75.77614601927047, 5.590445820176255 ], [ -75.776095730897097, 5.590458201956464 ], [ -75.776054634344291, 5.590472422272855 ], [ -75.776019547046715, 5.590486692792098 ], [ -75.775964087210014, 5.590507362122934 ], [ -75.775912900070878, 5.590522401263498 ], [ -75.775865505011538, 5.590523832342666 ], [ -75.775832299616624, 5.590515097242785 ], [ -75.775798737831408, 5.590475741326214 ], [ -75.775777306627205, 5.590447623868114 ], [ -75.775735165224589, 5.590391026663047 ], [ -75.775719765102977, 5.590365290614113 ], [ -75.775704874852565, 5.590341680070043 ], [ -75.775696527398466, 5.590335792313015 ], [ -75.775678927225613, 5.590323378367374 ], [ -75.775655528378977, 5.590324005248779 ], [ -75.775637826213796, 5.590331297179791 ], [ -75.775633449954285, 5.590331229299633 ], [ -75.77561646828083, 5.590330969765584 ], [ -75.77559566306094, 5.590333626415015 ], [ -75.775563935618194, 5.590344041897315 ], [ -75.775546476014597, 5.590349772445798 ], [ -75.775513977787071, 5.590360133720028 ], [ -75.775487569082813, 5.590366900966072 ], [ -75.775453528225384, 5.590372908839607 ], [ -75.775417941019427, 5.590376645147749 ], [ -75.775383960900484, 5.590370847027293 ], [ -75.775362898522289, 5.590367759323467 ], [ -75.775355347739364, 5.590366652445253 ], [ -75.775354131064404, 5.590366368934996 ], [ -75.77533879840658, 5.590367193573546 ], [ -75.775274038448003, 5.590365929796919 ], [ -75.775239489876697, 5.590365102515233 ], [ -75.775200117528456, 5.590362293976223 ], [ -75.775126566902614, 5.590362374377624 ], [ -75.775084104554196, 5.590377992288703 ], [ -75.775055876556252, 5.590382966534488 ], [ -75.775019554991445, 5.590396102949684 ], [ -75.774987005544148, 5.59041244865259 ], [ -75.774929979882998, 5.590441088284295 ], [ -75.774799435512776, 5.590498414826151 ], [ -75.774713524349508, 5.590538598153603 ], [ -75.774660134780703, 5.590557672047388 ], [ -75.774612419303452, 5.590573641115831 ], [ -75.774578922170008, 5.590582841873478 ], [ -75.774548063554022, 5.590590196015101 ], [ -75.774515058215712, 5.590601134565912 ], [ -75.774469368035611, 5.590615325901316 ], [ -75.774412770948672, 5.590628470513243 ], [ -75.774371914343135, 5.590643085536381 ], [ -75.774291606277842, 5.590671813561118 ], [ -75.774245234221226, 5.590696780597831 ], [ -75.774208448284256, 5.590711714441447 ], [ -75.77417413517351, 5.590717976653039 ], [ -75.774138266038989, 5.590718764609973 ], [ -75.774103651581285, 5.590710858672501 ], [ -75.774062224181634, 5.590694719145022 ], [ -75.774031831984459, 5.590682727221376 ], [ -75.773971109710246, 5.590660054719649 ], [ -75.773939116140667, 5.59065804917695 ], [ -75.77391215491393, 5.59065345891489 ], [ -75.773882513128441, 5.590649261895211 ], [ -75.77384738106386, 5.590646779435112 ], [ -75.773821998927147, 5.590646623760459 ], [ -75.773791647919822, 5.590648545379668 ], [ -75.773732797135622, 5.590656559771056 ], [ -75.773620111899746, 5.59067675828925 ], [ -75.773561347020475, 5.590679070078322 ], [ -75.773522867198878, 5.590680339497046 ], [ -75.773475000380657, 5.590683352744753 ], [ -75.773415935192162, 5.59069412429705 ], [ -75.773395750453915, 5.590697885296918 ], [ -75.7733438345157, 5.59070381848951 ], [ -75.773300053817692, 5.590711195708347 ], [ -75.773293320198036, 5.590712330377849 ], [ -75.773251217513732, 5.590728863107288 ], [ -75.773229378149097, 5.590737438283833 ], [ -75.77310243794382, 5.590809716202544 ], [ -75.77305880643334, 5.590852028070228 ], [ -75.77301800870039, 5.590901957776003 ], [ -75.772982322172751, 5.590982710976098 ], [ -75.772947378066988, 5.591086806358156 ], [ -75.772891207498958, 5.591229423144726 ], [ -75.772851334200013, 5.591330424079895 ], [ -75.772793076770441, 5.591449114767025 ], [ -75.772775060812805, 5.591474476497993 ], [ -75.772637486982546, 5.591668146084444 ], [ -75.772571699280135, 5.59176462500487 ], [ -75.772536624293835, 5.591797653430638 ], [ -75.772506555680152, 5.591818940140379 ], [ -75.772467694069547, 5.591838020269178 ], [ -75.772433419694636, 5.591851576298658 ], [ -75.772397238385153, 5.59186235352603 ], [ -75.772370088285157, 5.591869977525958 ], [ -75.772344874689779, 5.591875165234376 ], [ -75.772313556554948, 5.591882110174867 ], [ -75.772275915892024, 5.591891654964919 ], [ -75.772244054857339, 5.591899422361803 ], [ -75.77222334579811, 5.591903940631335 ], [ -75.772212909236728, 5.591906215520998 ], [ -75.772159515413264, 5.59191544426406 ], [ -75.772110134568535, 5.591920974910424 ], [ -75.77205475574236, 5.591921385845938 ], [ -75.772009287069707, 5.591925570072103 ], [ -75.771933329521389, 5.59193269707728 ], [ -75.771806819573456, 5.591916720924081 ], [ -75.771685478245374, 5.591929396686597 ], [ -75.771663618191383, 5.591931680362019 ], [ -75.771537628307172, 5.59193743925731 ], [ -75.771498005217296, 5.591942359666378 ], [ -75.771462672354673, 5.591948808283755 ], [ -75.77142521306456, 5.591950126117893 ], [ -75.771408456994905, 5.591950088695981 ], [ -75.771321611694873, 5.591975588582363 ], [ -75.771287134777808, 5.591982933492088 ], [ -75.771225797157911, 5.591997289007197 ], [ -75.771193143303904, 5.592004548460503 ], [ -75.771144986985547, 5.592015299051327 ], [ -75.771127371009698, 5.592016593606116 ], [ -75.771089730598547, 5.592058786731353 ], [ -75.77098404601179, 5.592218253310151 ], [ -75.770913910953325, 5.592354047987433 ], [ -75.77089633622677, 5.592413938081718 ], [ -75.770817017242649, 5.592577955384137 ], [ -75.770793066774672, 5.592599249302467 ], [ -75.770772058898118, 5.592617926807981 ], [ -75.770722796711084, 5.592661722442335 ], [ -75.770704483048277, 5.592666805181628 ], [ -75.770613897812993, 5.592691946653522 ], [ -75.770579225661805, 5.592689265717069 ], [ -75.770531075607778, 5.592693506826514 ], [ -75.770484062091811, 5.592698256916857 ], [ -75.770415167852747, 5.592714521108581 ], [ -75.770294244547642, 5.592742276415573 ], [ -75.770038328596456, 5.592815748288933 ], [ -75.769952457749667, 5.592861627823584 ], [ -75.769913107542735, 5.592893498528748 ], [ -75.769851149300806, 5.592960259629976 ], [ -75.769723021492553, 5.59311957461968 ], [ -75.76966988760465, 5.593170093208566 ], [ -75.769632081036093, 5.593197916808514 ], [ -75.769559911848233, 5.593233628907736 ], [ -75.769449224331822, 5.593272273714381 ], [ -75.769407856113389, 5.593270680182208 ], [ -75.769364841852592, 5.593269979402383 ], [ -75.769234578018228, 5.593254012395603 ], [ -75.769007924917304, 5.593205384802736 ], [ -75.76894392321131, 5.593184005505801 ], [ -75.768905225365017, 5.593169878521184 ], [ -75.76885477045991, 5.593147580987206 ], [ -75.768817973798562, 5.593127148908263 ], [ -75.768762467199949, 5.593095663828191 ], [ -75.76868120256529, 5.592989726971282 ], [ -75.768653059151518, 5.592940827058585 ], [ -75.768620805846467, 5.592893636057778 ], [ -75.768597759528205, 5.592869518648234 ], [ -75.76858186226174, 5.592856420247168 ], [ -75.768545710126403, 5.592845255244747 ], [ -75.768512437304139, 5.592846980730351 ], [ -75.768439728847156, 5.592857648213356 ], [ -75.768278510354065, 5.592884121769501 ], [ -75.768246491652533, 5.592897736585401 ], [ -75.768236225524532, 5.592903649975486 ], [ -75.768221298175561, 5.592934475124072 ], [ -75.768204307115425, 5.592986927417686 ], [ -75.768217192817119, 5.593039390517609 ], [ -75.768235894042732, 5.593061635560721 ], [ -75.768258646797349, 5.593080119965213 ], [ -75.768283902520125, 5.593093059385289 ], [ -75.768304540093354, 5.593100744170116 ], [ -75.768325747258913, 5.593107717556621 ], [ -75.768365916228646, 5.593121936174282 ], [ -75.768406042204575, 5.593138715017547 ], [ -75.768446972928217, 5.593163341888813 ], [ -75.768475114270743, 5.593184948437765 ], [ -75.76849238346594, 5.593201983451215 ], [ -75.768515263507624, 5.59323179571497 ], [ -75.768532153622786, 5.593261269252738 ], [ -75.76857119421345, 5.593392741823403 ], [ -75.768576160855247, 5.593427767763878 ], [ -75.768576816327112, 5.5934539407529 ], [ -75.768578728285291, 5.593494418461652 ], [ -75.768581080307214, 5.593528515722324 ], [ -75.768593225853991, 5.593573230795482 ], [ -75.768601979730832, 5.593593003440525 ], [ -75.768624370916555, 5.593627832286088 ], [ -75.768647000746, 5.593648947773918 ], [ -75.768674348604677, 5.593665669408686 ], [ -75.76870520038355, 5.593678069817191 ], [ -75.768729287033665, 5.593684922005412 ], [ -75.768767604230575, 5.593695611202436 ], [ -75.768814943059795, 5.593711067778231 ], [ -75.768885924466886, 5.593750408398799 ], [ -75.76890843383687, 5.593764904712305 ], [ -75.768937612563292, 5.593790672684968 ], [ -75.768968365055585, 5.59382683965104 ], [ -75.768980535261107, 5.593852243206491 ], [ -75.768993993363182, 5.593899773323462 ], [ -75.768995010583723, 5.593937047978924 ], [ -75.768987607051301, 5.593971467014487 ], [ -75.768979766073585, 5.594008027798677 ], [ -75.76897857493546, 5.594052286965224 ], [ -75.768982959108911, 5.594093522252797 ], [ -75.768991352918007, 5.594128997526655 ], [ -75.769006399243736, 5.594172163936475 ], [ -75.769009721403648, 5.594180603015175 ], [ -75.769029253472979, 5.594230217900805 ], [ -75.769033915146409, 5.59429226382836 ], [ -75.769029196968305, 5.594328642628454 ], [ -75.769013810252289, 5.594357898874798 ], [ -75.768948510421694, 5.594413098726391 ], [ -75.76891072396694, 5.59441914485047 ], [ -75.768893165107428, 5.594422821050051 ], [ -75.768864784027258, 5.594427747930156 ], [ -75.768834269114691, 5.594426929351402 ], [ -75.768802449157761, 5.594419897664839 ], [ -75.768777491520751, 5.594411071736296 ], [ -75.768749349570925, 5.594397982386712 ], [ -75.768745557181859, 5.594395455641854 ], [ -75.768727363665022, 5.594383332642767 ], [ -75.768713227939003, 5.594373573324872 ], [ -75.768689360257511, 5.594357464429655 ], [ -75.7686654027587, 5.594337223938187 ], [ -75.768641008971997, 5.59430633229117 ], [ -75.768622396975843, 5.594268167158827 ], [ -75.768608155615695, 5.594220617219488 ], [ -75.768600210928057, 5.594190079971154 ], [ -75.768591402512186, 5.594150091338863 ], [ -75.768578357978328, 5.594116051812358 ], [ -75.76856139523089, 5.594086876036927 ], [ -75.768536123206317, 5.594065114041684 ], [ -75.768505374675627, 5.594051267706555 ], [ -75.76847674126391, 5.594048012166046 ], [ -75.768450947597529, 5.594049809027245 ], [ -75.768428267339971, 5.594055950098573 ], [ -75.768404212155687, 5.59406729635991 ], [ -75.768383281538419, 5.594081714902043 ], [ -75.768361933224966, 5.594105733707336 ], [ -75.768345398664394, 5.59412729359619 ], [ -75.76832178689223, 5.59416269767173 ], [ -75.768287851266393, 5.594218981452539 ], [ -75.768264756224312, 5.594257206168988 ], [ -75.768193285904019, 5.594452449221076 ], [ -75.768203327929697, 5.594624613307654 ], [ -75.768237049501124, 5.59472974508515 ], [ -75.768223421703254, 5.594800324982549 ], [ -75.768158366216952, 5.5948846674587 ], [ -75.76806060735025, 5.595051714409426 ], [ -75.767865488381673, 5.595204605879476 ], [ -75.767740028774355, 5.59531583458833 ], [ -75.767642484696864, 5.595385312029144 ], [ -75.767461559145033, 5.595412785456861 ], [ -75.76725280906328, 5.595440196770626 ], [ -75.767127719165131, 5.595384162134136 ], [ -75.767002475280307, 5.595397821183466 ], [ -75.76648443751327, 5.595304318077393 ], [ -75.766293177858714, 5.59528646719107 ], [ -75.765823744760439, 5.595233147589123 ], [ -75.765423952658011, 5.59514513469571 ], [ -75.765058630458711, 5.595196588239552 ], [ -75.764675879402645, 5.595265425727793 ], [ -75.764397396199499, 5.595369343212671 ], [ -75.764275310021787, 5.595525880515556 ], [ -75.764135951209624, 5.59563010987155 ], [ -75.763909873636266, 5.595629603247897 ], [ -75.763527277112189, 5.595628745354817 ], [ -75.762935915172008, 5.595662266782999 ], [ -75.762483485038118, 5.595783216351015 ], [ -75.762222351362169, 5.595904595544448 ], [ -75.76194382689981, 5.596025933700328 ], [ -75.761595856151928, 5.596094847943956 ], [ -75.761265394993927, 5.596111529517513 ], [ -75.760952479048981, 5.596058556936358 ], [ -75.760622211573704, 5.595988122558377 ], [ -75.760508784434379, 5.595946922407745 ], [ -75.760537903651326, 5.595731800389418 ] ] ] ] } },
{ "type": "Feature", "properties": { "AVALUO_TER": 0.0, "AVALUO_COM": 0.0, "TERRENO_CO": "053640001000000010019000000000", "DIMENSION": 0, "ETIQUETA": "00019", "RELACION_S": 0, "ESPACIO_DE": "N", "LOCAL_ID": "3642001000000100019", "CREATED_US": "GISANT", "CREATED_DA": "2025-07-10", "LAST_EDITE": "GISANT", "LAST_EDI_1": "2025-12-01", "GLOBALID": "{9F1DE058-7450-41F9-B6FB-A48BAD87350C}", "MUNICIPIO": "364", "LLAVE_GLOB": "M364{10BC86E1-ECB5-3878-E063-E0C8000A14C7}", "FICHA": 13102522, "CIRULO": "004", "MATRICULA": "16583", "CIRCULO_MA": "004-16583", "VEREDA": "36420010000001", "SHAPE_AREA": 390281.47657499998, "SHAPE_LEN": 4093.7852042999998 }, "geometry": { "type": "MultiPolygon", "coordinates": [ [ [ [ -75.791289127126007, 5.578711739269367 ], [ -75.791184558816497, 5.578573776434932 ], [ -75.791100551434113, 5.578592608632593 ], [ -75.790945614028558, 5.578667197721516 ], [ -75.790893462450981, 5.578791709189179 ], [ -75.790836543146327, 5.578918626106435 ], [ -75.790748565866338, 5.579036067978095 ], [ -75.790679565604592, 5.579112798151943 ], [ -75.790553300503063, 5.579196869091449 ], [ -75.790493883242135, 5.579285529263806 ], [ -75.790427402092064, 5.579407690739431 ], [ -75.790382591702013, 5.579594360805454 ], [ -75.790354163491301, 5.579668580632973 ], [ -75.790313861978532, 5.579764359948504 ], [ -75.790249691430503, 5.579860208304985 ], [ -75.790178409383614, 5.579972817986276 ], [ -75.790119652523245, 5.580045278110085 ], [ -75.790078772662625, 5.580099097111686 ], [ -75.78995161826326, 5.58019283097418 ], [ -75.789868765643547, 5.580220298486013 ], [ -75.789752806280859, 5.58024216501439 ], [ -75.789631196050792, 5.580324849780464 ], [ -75.788657133341133, 5.580343767333756 ], [ -75.788577603157847, 5.580010460967097 ], [ -75.788441423508871, 5.579366872467859 ], [ -75.788329829678929, 5.577965175766706 ], [ -75.787940207700785, 5.577872425337901 ], [ -75.787676853841106, 5.577711024698989 ], [ -75.787023931256115, 5.577433896663407 ], [ -75.786473821272608, 5.577329303759549 ], [ -75.786083999892085, 5.577328447452278 ], [ -75.785361558123853, 5.57738429789424 ], [ -75.78501726967103, 5.577532878029929 ], [ -75.784616058516661, 5.577497533847878 ], [ -75.784203532856111, 5.577393242444884 ], [ -75.783802523266885, 5.577265998122722 ], [ -75.784013626764306, 5.576822032801841 ], [ -75.784190665608932, 5.576463962418775 ], [ -75.784248444853191, 5.576467910298916 ], [ -75.784410758301405, 5.576478998875868 ], [ -75.784661538704441, 5.576489886314477 ], [ -75.784791781854778, 5.576482874955543 ], [ -75.784937887114552, 5.576430365760756 ], [ -75.785104156151306, 5.576331570003968 ], [ -75.785227738897149, 5.576234097308774 ], [ -75.785393749882772, 5.576102820144044 ], [ -75.78551194747331, 5.576029511161207 ], [ -75.785568555330642, 5.575992500105035 ], [ -75.785811375975257, 5.575849314702052 ], [ -75.786033557271992, 5.575741902369456 ], [ -75.786356827631451, 5.575589245599848 ], [ -75.786433550821457, 5.575540649085162 ], [ -75.786528289939568, 5.575486195481487 ], [ -75.7865693311348, 5.575474706161939 ], [ -75.786610207517469, 5.575471690351566 ], [ -75.786679120845037, 5.575486467831081 ], [ -75.78677493927259, 5.575519841078208 ], [ -75.786847144415091, 5.57553590003174 ], [ -75.786898905243007, 5.575534990352859 ], [ -75.786967762367581, 5.575512776953431 ], [ -75.78701829877042, 5.57548998596415 ], [ -75.787065232584055, 5.575462599236682 ], [ -75.787393524118869, 5.575318681939103 ], [ -75.787445643132884, 5.575314724180922 ], [ -75.787493723398029, 5.575313471238405 ], [ -75.787560257949977, 5.575320331370549 ], [ -75.787650409879703, 5.575344109276291 ], [ -75.787705982043136, 5.575348824829433 ], [ -75.787733260381913, 5.575347978700229 ], [ -75.787984980216223, 5.575354948176795 ], [ -75.78803762527383, 5.575338206055713 ], [ -75.788092666528883, 5.575317812366998 ], [ -75.788319027739163, 5.575222055067485 ], [ -75.788559143211117, 5.575102226324717 ], [ -75.78861630913579, 5.575071516607943 ], [ -75.788662849778845, 5.575059759747613 ], [ -75.788693378950811, 5.57505818404806 ], [ -75.788742915112195, 5.575045885073645 ], [ -75.788783781590141, 5.575025897534236 ], [ -75.788828005826915, 5.574999923488847 ], [ -75.78894470166135, 5.574944476052928 ], [ -75.789003607076211, 5.574924474382509 ], [ -75.789052410200995, 5.574918774981692 ], [ -75.78909949457514, 5.574914791286846 ], [ -75.789147937935496, 5.574909522056652 ], [ -75.7891895781339, 5.574907031280249 ], [ -75.789547778927286, 5.574935466595495 ], [ -75.790060301528385, 5.57498731501672 ], [ -75.79021351078903, 5.575001909249258 ], [ -75.790637231949191, 5.575031000244282 ], [ -75.790695570626482, 5.575028567066094 ], [ -75.790749024264201, 5.57500749180284 ], [ -75.790786473284683, 5.574982488314873 ], [ -75.790813425620144, 5.574935111329245 ], [ -75.790852729868561, 5.57482309850824 ], [ -75.790854447682605, 5.574810115998479 ], [ -75.790901558053903, 5.574837038011029 ], [ -75.790977960879545, 5.574882488442825 ], [ -75.791069272790523, 5.574918562877125 ], [ -75.791466491308142, 5.575051930016961 ], [ -75.79172342651691, 5.575167768943764 ], [ -75.791944617831518, 5.575304637764802 ], [ -75.792069357440681, 5.575395163421931 ], [ -75.79211732729074, 5.575421999850153 ], [ -75.79216882213926, 5.575467345017302 ], [ -75.792213784159927, 5.575551444451751 ], [ -75.792123454382434, 5.575570632005777 ], [ -75.792052454753005, 5.575596323877801 ], [ -75.791981457811644, 5.575622013923618 ], [ -75.791936200128575, 5.575673610012655 ], [ -75.791942494599525, 5.575744699944575 ], [ -75.791993933076029, 5.575815890125812 ], [ -75.792045401570689, 5.575874157332909 ], [ -75.792103319225077, 5.575932440011945 ], [ -75.792161249622524, 5.575984258497357 ], [ -75.79223864023075, 5.575984427081113 ], [ -75.79227075953149, 5.576042652338177 ], [ -75.792251228411217, 5.576126611420327 ], [ -75.79224459827438, 5.576210596025101 ], [ -75.792205747912234, 5.576281590242411 ], [ -75.792160420203274, 5.576365492840248 ], [ -75.792166642924059, 5.576468891044255 ], [ -75.792237487148327, 5.576514277156893 ], [ -75.792321398794812, 5.576482153786799 ], [ -75.792431204293621, 5.57640485385556 ], [ -75.792508693126777, 5.576359791151294 ], [ -75.792599082939319, 5.576314756666259 ], [ -75.792689385497013, 5.576308493741212 ], [ -75.792837563066911, 5.576379894156883 ], [ -75.792895509907808, 5.576425252839413 ], [ -75.792914660124183, 5.576515756248524 ], [ -75.792895200007692, 5.576567407947892 ], [ -75.79285643334849, 5.576599630635968 ], [ -75.792817639421429, 5.576644778073056 ], [ -75.792798122940226, 5.576722273859836 ], [ -75.792843197895237, 5.576754680463708 ], [ -75.792907691172417, 5.576754821581992 ], [ -75.792959284348157, 5.576754934478352 ], [ -75.793004331140935, 5.576800264007976 ], [ -75.793042928791181, 5.57684557896835 ], [ -75.793075076400129, 5.576890880269723 ], [ -75.793087905644271, 5.576923217647733 ], [ -75.793124990678621, 5.576983105059101 ], [ -75.793086246221193, 5.577032791896658 ], [ -75.792948150734446, 5.577082260073182 ], [ -75.792793544363604, 5.577109573200152 ], [ -75.792649879340019, 5.577181150282899 ], [ -75.792550396573191, 5.57724176505498 ], [ -75.792362493212437, 5.577351954571103 ], [ -75.792246342530234, 5.577462304070091 ], [ -75.79217439669047, 5.577550627779642 ], [ -75.792246053820762, 5.577595024662802 ], [ -75.79229011166548, 5.577639362789943 ], [ -75.792372665101496, 5.577750143428922 ], [ -75.792411157101327, 5.577816588669444 ], [ -75.792449613031181, 5.57789962329607 ], [ -75.79246048319807, 5.57797706878134 ], [ -75.792504447294647, 5.578065645538802 ], [ -75.792548398790245, 5.578159753592734 ], [ -75.792559245545192, 5.578248258959388 ], [ -75.792559065200095, 5.578331209532122 ], [ -75.792536915407936, 5.578364342239519 ], [ -75.792492578834725, 5.578447195244109 ], [ -75.79252000685517, 5.578524677762645 ], [ -75.792552787049289, 5.578679591283564 ], [ -75.792591087148651, 5.578834516533385 ], [ -75.792601873573886, 5.578950672078933 ], [ -75.792629207016617, 5.579072395047855 ], [ -75.792711914954523, 5.579111285749896 ], [ -75.793114564579881, 5.579239357074369 ], [ -75.793870464278911, 5.579368198564095 ], [ -75.794096595211983, 5.579446113874044 ], [ -75.794317209899802, 5.579524015521149 ], [ -75.794471635695885, 5.579579653960909 ], [ -75.794592862220711, 5.579673930233476 ], [ -75.794614604282188, 5.579828819891688 ], [ -75.794636285198663, 5.580011360593303 ], [ -75.794646771685919, 5.580265767494565 ], [ -75.79460747321356, 5.580569836145023 ], [ -75.794636409774128, 5.580800319177336 ], [ -75.794674469766363, 5.581065846309212 ], [ -75.794624445528569, 5.581226110454637 ], [ -75.794480576052337, 5.581391698676789 ], [ -75.79436978715124, 5.581573950160628 ], [ -75.794314136840867, 5.5817839716214 ], [ -75.794269475046562, 5.58201613809488 ], [ -75.79422499308896, 5.582165352326322 ], [ -75.793854616970776, 5.582424458114052 ], [ -75.79366649432346, 5.582634190415305 ], [ -75.793453713463578, 5.582882743321228 ], [ -75.793070911007845, 5.58238956586996 ], [ -75.793286956471391, 5.582030582446906 ], [ -75.793419907290627, 5.581809669595833 ], [ -75.793100603188776, 5.58142739508132 ], [ -75.792836543472333, 5.581023123111594 ], [ -75.792752521341839, 5.580899968450906 ], [ -75.792324484787613, 5.580105701160756 ], [ -75.792298209143937, 5.58007118588851 ], [ -75.792262038612819, 5.580023674588177 ], [ -75.79223835949243, 5.579992570216899 ], [ -75.792223936134988, 5.5799736251413 ], [ -75.792073793289234, 5.579771456769415 ], [ -75.792071659555432, 5.579768985573733 ], [ -75.791894661861704, 5.579563917369064 ], [ -75.791795647676949, 5.579406964509083 ], [ -75.791727836253742, 5.579311998886174 ], [ -75.791595328758234, 5.579147785442504 ], [ -75.791549210801023, 5.579087390327076 ], [ -75.791463519272057, 5.57896193987704 ], [ -75.791289127126007, 5.578711739269367 ] ] ] ] } },
{ "type": "Feature", "properties": { "AVALUO_TER": 0.0, "AVALUO_COM": 0.0, "TERRENO_CO": "053640001000000010017000000000", "DIMENSION": 0, "ETIQUETA": "00017", "RELACION_S": 0, "ESPACIO_DE": "N", "LOCAL_ID": "3642001000000100017", "CREATED_US": "GISANT", "CREATED_DA": "2025-07-10", "LAST_EDITE": "GISANT", "LAST_EDI_1": "2025-12-01", "GLOBALID": "{2134B25C-38B0-4536-936B-7F0BA41270A0}", "MUNICIPIO": "364", "LLAVE_GLOB": "M364{10BC86E1-EF14-3878-E063-E0C8000A14C7}", "FICHA": 13102520, "CIRULO": "004", "MATRICULA": "1230", "CIRCULO_MA": "004-1230", "VEREDA": "36420010000001", "SHAPE_AREA": 1280875.9575499999, "SHAPE_LEN": 13796.2752002 }, "geometry": { "type": "MultiPolygon", "coordinates": [ [ [ [ -75.78400893279715, 5.57640990436229 ], [ -75.783932531569405, 5.576410005147372 ], [ -75.783710200794857, 5.576421405007892 ], [ -75.783657038152668, 5.576415335333428 ], [ -75.783609324934773, 5.576408110819816 ], [ -75.783577916518595, 5.576388776600573 ], [ -75.783438047932975, 5.576277282572216 ], [ -75.783317014362467, 5.576199375974139 ], [ -75.783122628646524, 5.576102595809364 ], [ -75.782933964806446, 5.576006369712789 ], [ -75.782787497494681, 5.57595688345347 ], [ -75.782566353982659, 5.575951847256551 ], [ -75.782366814648725, 5.57594510332763 ], [ -75.782322821653608, 5.575945311469846 ], [ -75.782290553370828, 5.575945305046058 ], [ -75.782257867328596, 5.575948181460928 ], [ -75.782175548630377, 5.575957120020028 ], [ -75.781943585506056, 5.576013915744993 ], [ -75.781639899734458, 5.576108025435503 ], [ -75.781493038876405, 5.576111941791763 ], [ -75.781447199588854, 5.576111234765684 ], [ -75.781409360033123, 5.576102988883011 ], [ -75.781347197869195, 5.576081081766173 ], [ -75.781178584291382, 5.576000176173759 ], [ -75.781031881922061, 5.575954241248742 ], [ -75.780958802126051, 5.575932000620546 ], [ -75.780901352457747, 5.575925253079633 ], [ -75.780855478220204, 5.575924980967486 ], [ -75.780805535166863, 5.57592859069186 ], [ -75.780690804266172, 5.575960241914849 ], [ -75.780483555044555, 5.576062183718945 ], [ -75.780284798381132, 5.576150516960154 ], [ -75.780232011572053, 5.576162006313168 ], [ -75.780184188209091, 5.576163785408232 ], [ -75.780148811534517, 5.576158757626611 ], [ -75.780109107778884, 5.576146453569381 ], [ -75.780082566584198, 5.576134899034082 ], [ -75.780048507938844, 5.576114326015499 ], [ -75.780007810428444, 5.576085269115405 ], [ -75.779969338739065, 5.57605046789685 ], [ -75.779940098055718, 5.576011511845656 ], [ -75.779880729315806, 5.575907765734637 ], [ -75.779750291562564, 5.575675120854347 ], [ -75.779708995845823, 5.575591974478598 ], [ -75.779689544557641, 5.575554775517849 ], [ -75.779606077004175, 5.575408536664426 ], [ -75.779570176387054, 5.575366339801361 ], [ -75.779536991112522, 5.575327334487238 ], [ -75.779487210442667, 5.575293396048155 ], [ -75.779439950718242, 5.575269263291141 ], [ -75.779382250542483, 5.575262541593327 ], [ -75.779327563943923, 5.575265276860208 ], [ -75.779247540356508, 5.575280732097875 ], [ -75.779127446855668, 5.575302648112489 ], [ -75.779082141300705, 5.575313555995264 ], [ -75.779042429639418, 5.57531508691771 ], [ -75.779004094655264, 5.575316591445685 ], [ -75.778958444954242, 5.575315532561961 ], [ -75.778908780718453, 5.575307847657945 ], [ -75.778742208875983, 5.575272931291817 ], [ -75.778493422595162, 5.575179966765177 ], [ -75.778452276555441, 5.575162938952559 ], [ -75.778411523933755, 5.575142852998859 ], [ -75.778369731055676, 5.575115675892471 ], [ -75.778308640828811, 5.57506923147221 ], [ -75.77826416218933, 5.575018123024766 ], [ -75.778156475178633, 5.574853509438722 ], [ -75.778059444617256, 5.574765631217174 ], [ -75.778011645696253, 5.574734281759684 ], [ -75.777921150169661, 5.574694994537347 ], [ -75.777909192406, 5.574690159155103 ], [ -75.777811927281235, 5.574659084193047 ], [ -75.777735758199427, 5.574637162639387 ], [ -75.777678159063143, 5.574631651694795 ], [ -75.777173370307651, 5.574604704584302 ], [ -75.776541567719832, 5.574480963543636 ], [ -75.776454530023926, 5.574446911855794 ], [ -75.776417129427742, 5.574431468885673 ], [ -75.77639636701025, 5.574410683632379 ], [ -75.776380997250499, 5.574369371146149 ], [ -75.776377181715645, 5.574342313788963 ], [ -75.776384529156431, 5.574220775334444 ], [ -75.776523596097732, 5.573904189612505 ], [ -75.776524179273949, 5.573835561048657 ], [ -75.776511634998201, 5.573767312633193 ], [ -75.77649164441857, 5.573728572923408 ], [ -75.776469157417338, 5.573705770933458 ], [ -75.776433153791032, 5.573685969692066 ], [ -75.776400514582846, 5.57367480526079 ], [ -75.776358300275191, 5.573672140737869 ], [ -75.776307968593173, 5.573673695326683 ], [ -75.776109134346328, 5.573707300432608 ], [ -75.775967975652875, 5.573735505886915 ], [ -75.775619567842142, 5.573786430767001 ], [ -75.775503037135309, 5.573803996480968 ], [ -75.775461361934688, 5.573805280558383 ], [ -75.775287379643572, 5.573798550871421 ], [ -75.775272946407213, 5.573797448143022 ], [ -75.775236700281184, 5.5737901696006 ], [ -75.775197561361153, 5.573780535424111 ], [ -75.77516642948882, 5.573771616471617 ], [ -75.775121046433711, 5.573752425253265 ], [ -75.775067697400587, 5.573720137977675 ], [ -75.775012143247011, 5.573684433984842 ], [ -75.774997292451062, 5.573675967943766 ], [ -75.774841746731298, 5.573601948597381 ], [ -75.774698437525586, 5.57354079614284 ], [ -75.774661929300763, 5.573509798883594 ], [ -75.774628593891208, 5.573473929680675 ], [ -75.774454425064405, 5.5730657874654 ], [ -75.7744429761958, 5.573042830245356 ], [ -75.774547030810353, 5.573017151423905 ], [ -75.774629025537052, 5.572973571758762 ], [ -75.774672789195392, 5.572935374663384 ], [ -75.774738487305342, 5.572853464397997 ], [ -75.774756657406456, 5.572841386782128 ], [ -75.774820506377978, 5.572798943984568 ], [ -75.774886181868268, 5.572727974450697 ], [ -75.774940876576892, 5.572684331875926 ], [ -75.775011987998155, 5.572624315295288 ], [ -75.775088522259765, 5.572580720682385 ], [ -75.775159631845497, 5.57252070410589 ], [ -75.775230707541738, 5.572477098167206 ], [ -75.775279991532273, 5.57241156370305 ], [ -75.7753292502222, 5.572356969075521 ], [ -75.775384004917285, 5.572285975112014 ], [ -75.775411473696465, 5.572209449246698 ], [ -75.775438929388883, 5.572138396014658 ], [ -75.775471834129362, 5.57207282581283 ], [ -75.77549379379515, 5.572018170111226 ], [ -75.775515777843836, 5.571952573677173 ], [ -75.775543233520381, 5.571881519548014 ], [ -75.775581620256617, 5.571805019942309 ], [ -75.775598145770957, 5.571739412194872 ], [ -75.775674362957034, 5.571564224325359 ], [ -75.775656342929494, 5.571454600311529 ], [ -75.775673424306476, 5.571369999575554 ], [ -75.775696149725633, 5.571279768581283 ], [ -75.775696324454088, 5.571200772578596 ], [ -75.775673921211933, 5.571144295813478 ], [ -75.775645950385822, 5.571059596577446 ], [ -75.775601069313467, 5.570980501172995 ], [ -75.775550594278585, 5.570884465726476 ], [ -75.775483163455405, 5.570816605272987 ], [ -75.775438320212047, 5.570720582115198 ], [ -75.775370899912218, 5.570647079068893 ], [ -75.775280892067244, 5.570601740498269 ], [ -75.775213384826387, 5.570567734529167 ], [ -75.775100800812552, 5.570544916937269 ], [ -75.775010694600965, 5.570544717091779 ], [ -75.774898132457864, 5.570510611606654 ], [ -75.77481383198689, 5.570431428895454 ], [ -75.774763282429092, 5.570369247844575 ], [ -75.774707201360698, 5.570261916558054 ], [ -75.774673660513201, 5.570148991075565 ], [ -75.776284341432458, 5.569765576341686 ], [ -75.776788134906752, 5.570073015793166 ], [ -75.777030367080741, 5.571145694048215 ], [ -75.777534799747613, 5.571162124277295 ], [ -75.777856029420903, 5.571070934799637 ], [ -75.778406861544369, 5.570842407071962 ], [ -75.779049483687544, 5.570583445174297 ], [ -75.779447380522427, 5.570385209119834 ], [ -75.77935051338099, 5.572728398606817 ], [ -75.780359318831174, 5.572791888559404 ], [ -75.781169798026582, 5.572671141668002 ], [ -75.781995295491882, 5.572672958681794 ], [ -75.78248420982915, 5.572796565905875 ], [ -75.782851367234912, 5.572674841458948 ], [ -75.783065920997828, 5.572430251018077 ], [ -75.783403743206463, 5.571741756270892 ], [ -75.783679612997915, 5.571420717847722 ], [ -75.784092829708243, 5.571207196768841 ], [ -75.784642341387723, 5.571218765726228 ], [ -75.784497853487139, 5.571480613828165 ], [ -75.784405783768491, 5.571703254506117 ], [ -75.784287606214363, 5.571899618789099 ], [ -75.7842479849499, 5.572069940069732 ], [ -75.784168882812025, 5.572345040901996 ], [ -75.78419441917157, 5.572633479845068 ], [ -75.784259575931898, 5.572751597469272 ], [ -75.784363638649722, 5.573027099832879 ], [ -75.784376263485626, 5.573236861926746 ], [ -75.784493179652316, 5.573617257660414 ], [ -75.784570848052127, 5.573997569691996 ], [ -75.784661855616704, 5.574259935004635 ], [ -75.784713616152843, 5.574522215780255 ], [ -75.784647769124149, 5.574718696894087 ], [ -75.784542672160242, 5.574915089035628 ], [ -75.784502849689062, 5.575177167924264 ], [ -75.784567519764522, 5.575518125442169 ], [ -75.784553863145092, 5.575780263049849 ], [ -75.784495530221264, 5.576437392596668 ], [ -75.78438043833755, 5.576431627996008 ], [ -75.784236526349289, 5.576421796452953 ], [ -75.784212330727001, 5.576420142884627 ], [ -75.784129493964315, 5.576414484038615 ], [ -75.784072258943482, 5.576410574244981 ], [ -75.78400893279715, 5.57640990436229 ] ] ], [ [ [ -75.777690727170082, 5.579643644746786 ], [ -75.777446868099204, 5.579627831801599 ], [ -75.776638809295321, 5.579702408360704 ], [ -75.776257762294833, 5.579686293009357 ], [ -75.775983753865319, 5.57951769013705 ], [ -75.775649277296438, 5.579119867398492 ], [ -75.775390146992038, 5.578982110077497 ], [ -75.775101162839519, 5.578828480796134 ], [ -75.77411153439752, 5.57829175432957 ], [ -75.773652489214399, 5.578101185250175 ], [ -75.773600528831366, 5.578098971637548 ], [ -75.773567369715209, 5.578111245678018 ], [ -75.773566185333209, 5.578111684263151 ], [ -75.773713584835932, 5.577259734658796 ], [ -75.77374968164672, 5.5770136410232 ], [ -75.773962264256838, 5.575564353607332 ], [ -75.774350476822875, 5.575470892399828 ], [ -75.774421976240305, 5.575454211518807 ], [ -75.77444369029277, 5.575447107011692 ], [ -75.774648249963931, 5.575628525210824 ], [ -75.774718361369722, 5.575676266104379 ], [ -75.775176849159266, 5.575990418946788 ], [ -75.775343113209374, 5.576123270833263 ], [ -75.775392304285532, 5.576178651387603 ], [ -75.775430697315201, 5.576239063139793 ], [ -75.775459699373201, 5.576416554911125 ], [ -75.775461485039415, 5.576443937817282 ], [ -75.775465700339467, 5.576635657260491 ], [ -75.775478737751172, 5.576746731229406 ], [ -75.775506349439695, 5.576804703722927 ], [ -75.775557118391191, 5.576854266496181 ], [ -75.775674183908393, 5.576926847334962 ], [ -75.775756445268868, 5.576978751530375 ], [ -75.775851049413191, 5.577019558404872 ], [ -75.775922075122324, 5.577065208369662 ], [ -75.775977535550965, 5.57711183215324 ], [ -75.776039223214937, 5.577159607095203 ], [ -75.776102438670335, 5.577203225641703 ], [ -75.776146526136941, 5.577238657850121 ], [ -75.776187487559312, 5.577282762928852 ], [ -75.776213043588541, 5.577324814635079 ], [ -75.776247382881948, 5.577532537534593 ], [ -75.776205877931361, 5.57808065965991 ], [ -75.776197149033948, 5.57820325506587 ], [ -75.776241355904261, 5.578300479460137 ], [ -75.776274693276775, 5.57832726901549 ], [ -75.776324765143428, 5.578374535545969 ], [ -75.776456806215208, 5.578421373966591 ], [ -75.776529432283994, 5.578457534572008 ], [ -75.776727692319284, 5.578544932857967 ], [ -75.776765915710527, 5.578566051356042 ], [ -75.776801649571027, 5.578592674060351 ], [ -75.776916277479359, 5.578701296266749 ], [ -75.77697418137096, 5.578758262230116 ], [ -75.777017164343093, 5.578795155782878 ], [ -75.777046433247648, 5.578815356552266 ], [ -75.777088049399481, 5.578834819205683 ], [ -75.777137112019403, 5.578847446196765 ], [ -75.777262758204174, 5.578868870227273 ], [ -75.777554344452497, 5.578935276814158 ], [ -75.777560455876326, 5.578933865782926 ], [ -75.77759170799726, 5.578932619788457 ], [ -75.777774895319212, 5.578997632654609 ], [ -75.777822611522865, 5.579008858475926 ], [ -75.777918537306093, 5.579030512289957 ], [ -75.777963567313591, 5.579041687515935 ], [ -75.77801156639535, 5.579059913129627 ], [ -75.778054508572907, 5.579085639269317 ], [ -75.778091991730122, 5.579116051105906 ], [ -75.778119410411094, 5.579140708009811 ], [ -75.778141547414236, 5.579167092027848 ], [ -75.778164216679258, 5.579211474025061 ], [ -75.778183649145618, 5.579252113570401 ], [ -75.778205805522035, 5.579296404879538 ], [ -75.778232552606269, 5.579332483731053 ], [ -75.778255302310939, 5.579363480446696 ], [ -75.778354975130497, 5.57949561435294 ], [ -75.77847824900951, 5.579687275774078 ], [ -75.778514124458439, 5.579736272370274 ], [ -75.778547244406766, 5.579778740054291 ], [ -75.778567643631092, 5.579811036896208 ], [ -75.77858026453697, 5.579846944757956 ], [ -75.778590131040573, 5.579912186382085 ], [ -75.77859438006216, 5.579971073535224 ], [ -75.778586108693673, 5.580050638236628 ], [ -75.778572076265235, 5.580112330931914 ], [ -75.778553705124935, 5.580143983061684 ], [ -75.77852699855319, 5.580187043992982 ], [ -75.778497338868377, 5.580222045838619 ], [ -75.778455728951243, 5.580253155281037 ], [ -75.778319264900631, 5.58031912553855 ], [ -75.778266489279076, 5.580340558389773 ], [ -75.777740851550845, 5.580554457374921 ], [ -75.777750400727342, 5.580374913424026 ], [ -75.777738018797834, 5.579999454776629 ], [ -75.777690727170082, 5.579643644746786 ] ] ], [ [ [ -75.777822241442649, 5.58059460472908 ], [ -75.778319760143461, 5.580391694507315 ], [ -75.778482876505407, 5.580302544591755 ], [ -75.778548869217033, 5.580257408954053 ], [ -75.778592062287203, 5.580215320788144 ], [ -75.778618806446261, 5.580191767387815 ], [ -75.778647736895422, 5.580130144852353 ], [ -75.778660515447967, 5.580051180488927 ], [ -75.778669481680225, 5.579964944017566 ], [ -75.77866481675035, 5.579900316902464 ], [ -75.778654049677783, 5.579829109811784 ], [ -75.77863831676072, 5.579784349756607 ], [ -75.778613989673815, 5.579745833284662 ], [ -75.778579912994402, 5.579702139844154 ], [ -75.778544950169987, 5.57965439091894 ], [ -75.778460628179943, 5.579529525568857 ], [ -75.778436609137884, 5.579493958137172 ], [ -75.778396677353626, 5.579434827458014 ], [ -75.778295665217428, 5.579307648681669 ], [ -75.778272013799295, 5.579275421424818 ], [ -75.778247551265224, 5.579242426020609 ], [ -75.778227340379331, 5.579202023379861 ], [ -75.778207825905866, 5.579161212472417 ], [ -75.778182554062894, 5.579111736326079 ], [ -75.778155084682169, 5.579078994673377 ], [ -75.77812445398078, 5.579051450346388 ], [ -75.778083591673933, 5.579018296509252 ], [ -75.778034471613211, 5.578988870746191 ], [ -75.777980215161406, 5.578968267468341 ], [ -75.777932103134219, 5.578956328500295 ], [ -75.777835909113051, 5.578934613577366 ], [ -75.777788586729599, 5.578923480808614 ], [ -75.777597885286866, 5.578868354404817 ], [ -75.777556078079627, 5.578870020899199 ], [ -75.777556224983456, 5.578869986758543 ], [ -75.777306801906889, 5.578805816870651 ], [ -75.777167491097629, 5.57877825377457 ], [ -75.777124297423271, 5.578767136686678 ], [ -75.777089889779347, 5.578751046089681 ], [ -75.777065677189327, 5.578734333308988 ], [ -75.777019677988008, 5.578701833869492 ], [ -75.776966594499171, 5.578647226682979 ], [ -75.776829269923567, 5.578521725979819 ], [ -75.776787062381814, 5.578490280505793 ], [ -75.776744391138777, 5.578466705268567 ], [ -75.776556720313422, 5.578384380290073 ], [ -75.776367238347191, 5.578317485859571 ], [ -75.776320565870492, 5.578273427696758 ], [ -75.776294202093723, 5.578252243197213 ], [ -75.7762592076473, 5.578175280017886 ], [ -75.776272331774436, 5.578005928411396 ], [ -75.77629638574868, 5.577778246362135 ], [ -75.776297122262363, 5.577772362633917 ], [ -75.776317842632764, 5.577500420517163 ], [ -75.776310517034787, 5.577295700886644 ], [ -75.776307672673624, 5.577290412601433 ], [ -75.776276651011344, 5.577233545825265 ], [ -75.77622893826009, 5.577192634346193 ], [ -75.776178941086116, 5.577159868720219 ], [ -75.776057465212929, 5.577063800048355 ], [ -75.775940058552024, 5.57697706203908 ], [ -75.775624697109848, 5.576797594657301 ], [ -75.775560769397018, 5.576726280543998 ], [ -75.775542573850075, 5.576614897770724 ], [ -75.775543189959905, 5.576547141320034 ], [ -75.775541028452167, 5.576399447316958 ], [ -75.775513466964313, 5.576222901716104 ], [ -75.775460091803225, 5.576147619956542 ], [ -75.775409058661765, 5.576093697619378 ], [ -75.775284195348362, 5.575979989388255 ], [ -75.77522958896391, 5.575930562769652 ], [ -75.774763295013301, 5.575639855947683 ], [ -75.774787501691847, 5.575617343424597 ], [ -75.774881332531677, 5.575530079006601 ], [ -75.775008395088747, 5.575411907602886 ], [ -75.775048902118542, 5.575378395625274 ], [ -75.775078625768288, 5.575415544610166 ], [ -75.775127880623259, 5.575453388781577 ], [ -75.775188420272514, 5.575485209948572 ], [ -75.775193437699244, 5.575487152384561 ], [ -75.775248275050927, 5.575508377119121 ], [ -75.775322070918051, 5.575522861050159 ], [ -75.775384536285813, 5.575524047865448 ], [ -75.7754038988883, 5.575523809146653 ], [ -75.775450317879589, 5.575523234833732 ], [ -75.775528048744448, 5.575517070010058 ], [ -75.775550469984452, 5.575518381605208 ], [ -75.775593846849105, 5.575520922217625 ], [ -75.775631090025968, 5.57553548731116 ], [ -75.775681016902723, 5.575575982265644 ], [ -75.775720970345446, 5.575613181443799 ], [ -75.775727754362592, 5.575620308780404 ], [ -75.775770925626489, 5.575665663649823 ], [ -75.775852842830545, 5.575746034888078 ], [ -75.775940521755302, 5.575824111778197 ], [ -75.77595553733768, 5.575837482768179 ], [ -75.776026911420317, 5.575901039470267 ], [ -75.776123770745642, 5.575968976659126 ], [ -75.776205875881132, 5.576004877575677 ], [ -75.776284001992735, 5.576048797294036 ], [ -75.776331433690629, 5.576087441774368 ], [ -75.776366221882554, 5.576134800439275 ], [ -75.776369400392426, 5.57614284512669 ], [ -75.776389695930618, 5.576194213469718 ], [ -75.776407821810409, 5.576244283122261 ], [ -75.776435977783862, 5.576312375544828 ], [ -75.776460105734202, 5.576361763290875 ], [ -75.77650090220061, 5.576413782397688 ], [ -75.776546367759067, 5.576464464192047 ], [ -75.776582394200574, 5.576496550025359 ], [ -75.776583785864162, 5.576497790012578 ], [ -75.776647888509316, 5.576534392322491 ], [ -75.77672261398277, 5.576548922228506 ], [ -75.776742456933249, 5.57654818219592 ], [ -75.776894223872645, 5.57654252175265 ], [ -75.776995882410475, 5.576541624939428 ], [ -75.777047411895467, 5.576558933733409 ], [ -75.777091686239601, 5.576617795574005 ], [ -75.777095865229029, 5.57669082467709 ], [ -75.777078670882105, 5.57677528945417 ], [ -75.777060768426267, 5.576840992314377 ], [ -75.777050926725281, 5.576926104856025 ], [ -75.777078546796687, 5.577011816057123 ], [ -75.777122148604022, 5.577068668842694 ], [ -75.777159702022402, 5.577114822017897 ], [ -75.777220728849585, 5.577187046544724 ], [ -75.777333303719672, 5.577281272148078 ], [ -75.77734705974521, 5.577293278618027 ], [ -75.777402992521047, 5.577342096586072 ], [ -75.777412266876013, 5.577354427954369 ], [ -75.777424182350501, 5.577370269568504 ], [ -75.777461355128835, 5.577419694115815 ], [ -75.77753977243465, 5.57749188432784 ], [ -75.777626137195128, 5.577531220602243 ], [ -75.777732585023642, 5.577580572734551 ], [ -75.777900290183666, 5.577663493115467 ], [ -75.778003837145306, 5.577731200174176 ], [ -75.778087912743516, 5.577798276954333 ], [ -75.778153859462748, 5.577862032370947 ], [ -75.778187556050597, 5.577917787393896 ], [ -75.778209853109814, 5.577978950422565 ], [ -75.77821872790426, 5.577998394179027 ], [ -75.778228789652204, 5.578020438433644 ], [ -75.778250335322852, 5.578067646103382 ], [ -75.778294802401291, 5.578133469101454 ], [ -75.778339219578513, 5.578180451152257 ], [ -75.778407871818587, 5.578252944924606 ], [ -75.77845095743865, 5.578306659594588 ], [ -75.778488689344911, 5.57836576906649 ], [ -75.77851034608149, 5.578439045395324 ], [ -75.778504478215439, 5.578514403469068 ], [ -75.778490880158714, 5.578565845035279 ], [ -75.778482891122522, 5.578597897333641 ], [ -75.778453777693628, 5.578722992520626 ], [ -75.778439161370542, 5.578808039883723 ], [ -75.778434006176852, 5.578907899960053 ], [ -75.7784557170894, 5.578977343250292 ], [ -75.778507700975467, 5.579034575604626 ], [ -75.778586001285262, 5.579079161930439 ], [ -75.778613357361209, 5.579094738852594 ], [ -75.778650901747127, 5.57911611801415 ], [ -75.778678019899885, 5.579131559558931 ], [ -75.778719040241327, 5.579138110950973 ], [ -75.778767660332534, 5.579182254506874 ], [ -75.778817021636527, 5.579227072518011 ], [ -75.778894760428116, 5.579307976077684 ], [ -75.778933528210416, 5.579358075353577 ], [ -75.778961046108137, 5.579393637056508 ], [ -75.779090899640835, 5.579554157784649 ], [ -75.779159845889268, 5.579624265314726 ], [ -75.779187571963618, 5.579646938304857 ], [ -75.779234839977264, 5.579685591219461 ], [ -75.779311145612255, 5.579728656413051 ], [ -75.77938671781483, 5.579748758246728 ], [ -75.779546773870251, 5.579781548870451 ], [ -75.77968065887957, 5.579807664577843 ], [ -75.779744832585081, 5.579791270621642 ], [ -75.779808922871624, 5.579738985489662 ], [ -75.779834242901245, 5.579707323993353 ], [ -75.779872939162786, 5.579658937513127 ], [ -75.779912649788287, 5.579585714571444 ], [ -75.779938202545949, 5.579528771046389 ], [ -75.779965749533645, 5.579459635478733 ], [ -75.77996681818513, 5.579457232229445 ], [ -75.779983232752656, 5.57942032019997 ], [ -75.780016403290645, 5.579369740651287 ], [ -75.780038253618656, 5.579336423253411 ], [ -75.780052665223636, 5.579314446815376 ], [ -75.780086243387771, 5.579268999808174 ], [ -75.780093826143457, 5.579258739298444 ], [ -75.780148621723853, 5.579239620877198 ], [ -75.780181206044261, 5.579244428555417 ], [ -75.780207534422814, 5.57924831215152 ], [ -75.780248197017173, 5.579267215860012 ], [ -75.780283471570073, 5.579294948674925 ], [ -75.780333697182115, 5.579351806709815 ], [ -75.780364262570231, 5.579395151407629 ], [ -75.780386792298486, 5.579433059763407 ], [ -75.780396539766087, 5.579449463829288 ], [ -75.780405725179449, 5.57946491868875 ], [ -75.780447873735042, 5.579538755939434 ], [ -75.780468455545716, 5.579568814514825 ], [ -75.780496101758274, 5.579609188145754 ], [ -75.780553816885416, 5.579682318055816 ], [ -75.78060141217658, 5.579765704201016 ], [ -75.780662655163866, 5.579843063271174 ], [ -75.780710925181552, 5.57988238833213 ], [ -75.780750309204379, 5.579895899606015 ], [ -75.780799162048169, 5.57989579137758 ], [ -75.78085700896483, 5.579890640809753 ], [ -75.78086972064213, 5.579889509470942 ], [ -75.780947073601155, 5.579891379812429 ], [ -75.780997024390146, 5.579903505921338 ], [ -75.781010888665932, 5.579906870820381 ], [ -75.781061846478579, 5.579933951705662 ], [ -75.781099601967853, 5.579956457776089 ], [ -75.781122851153327, 5.579970317466458 ], [ -75.781127757764608, 5.579973242042292 ], [ -75.781198386387118, 5.580000952979918 ], [ -75.781205790347528, 5.580004443362638 ], [ -75.781274464143095, 5.580036813482025 ], [ -75.781334289253607, 5.58008630659723 ], [ -75.781365363624062, 5.580142664820304 ], [ -75.781383369231406, 5.580175319929277 ], [ -75.781459062299348, 5.580263721857163 ], [ -75.78152016648329, 5.580312569783866 ], [ -75.781548308648169, 5.58033506797609 ], [ -75.781582357483344, 5.580354065212842 ], [ -75.781652477173637, 5.580387298920933 ], [ -75.781706229190718, 5.580399441297179 ], [ -75.78175315217193, 5.580399336680634 ], [ -75.781778990726764, 5.580401319670413 ], [ -75.781820773500215, 5.580400414071947 ], [ -75.781849033140801, 5.580399801191683 ], [ -75.78191703434895, 5.580398974853769 ], [ -75.782004722111481, 5.580387197911212 ], [ -75.782059131963834, 5.580375452862257 ], [ -75.782087641553048, 5.58036930026122 ], [ -75.782136205321876, 5.580358215652873 ], [ -75.782156966870289, 5.58035347826292 ], [ -75.782236489502694, 5.580336946282251 ], [ -75.78231466852337, 5.580328602341498 ], [ -75.782364997484649, 5.580329851945851 ], [ -75.782404463432755, 5.580339304838203 ], [ -75.782424214657254, 5.580352203843103 ], [ -75.78244125645098, 5.580369880416858 ], [ -75.782447260853317, 5.580408904596805 ], [ -75.782448718426053, 5.580418374746451 ], [ -75.782456452196001, 5.580468636825807 ], [ -75.782456318879184, 5.580469829772126 ], [ -75.782449787874612, 5.580528605942574 ], [ -75.78240932429587, 5.580669730274509 ], [ -75.782415958989731, 5.580685339969741 ], [ -75.782383360303044, 5.580670993107709 ], [ -75.78232286974351, 5.580645518666875 ], [ -75.782230702373951, 5.580609668567358 ], [ -75.782150233373869, 5.580592558974057 ], [ -75.782103333039117, 5.580591343749883 ], [ -75.782073069473768, 5.580602847933887 ], [ -75.782030859154048, 5.580627689574158 ], [ -75.782002538211955, 5.580642661166004 ], [ -75.781939404682191, 5.58066149836732 ], [ -75.78188373229537, 5.580681219560919 ], [ -75.781820699026667, 5.580720552537415 ], [ -75.781765445717227, 5.580783221320885 ], [ -75.781763030711616, 5.580785959080478 ], [ -75.781725795027668, 5.580850535783001 ], [ -75.781689211049255, 5.58089260184228 ], [ -75.781645988934997, 5.580905127364772 ], [ -75.781587686003832, 5.580898154570288 ], [ -75.781509838037394, 5.580908425023927 ], [ -75.78145646070854, 5.580943222331582 ], [ -75.781397457344568, 5.580984018698219 ], [ -75.781370231672227, 5.580988275940823 ], [ -75.781303834490174, 5.580998657592292 ], [ -75.781212920607828, 5.58096728501121 ], [ -75.781172800866244, 5.58094337458072 ], [ -75.781120384345314, 5.580897992859731 ], [ -75.780982412905942, 5.58082996612602 ], [ -75.780921055176435, 5.580767731775675 ], [ -75.780845028609377, 5.580696251579405 ], [ -75.780772678407033, 5.580680978161975 ], [ -75.780754486140793, 5.580683367534878 ], [ -75.780683623479788, 5.580714546741867 ], [ -75.780596069530219, 5.580753212845039 ], [ -75.780585995373343, 5.580757661876748 ], [ -75.780514680840923, 5.580759213365435 ], [ -75.780484871681679, 5.580757077363413 ], [ -75.780456943809753, 5.580736593916437 ], [ -75.780446303622895, 5.580725279740288 ], [ -75.780385909243677, 5.580661071023145 ], [ -75.780342965886746, 5.580615415663707 ], [ -75.780291739322294, 5.580578995429458 ], [ -75.780241377047233, 5.58055998128017 ], [ -75.780114846001013, 5.580553960286537 ], [ -75.780094418237098, 5.580557360894008 ], [ -75.780040691544372, 5.580566300293328 ], [ -75.780040322214774, 5.58056642497869 ], [ -75.779954571772933, 5.580595329685441 ], [ -75.779843266152241, 5.58060466712735 ], [ -75.779731803649312, 5.580595651372589 ], [ -75.779642316617668, 5.580575654338084 ], [ -75.779596541237908, 5.580558156053512 ], [ -75.779554566614252, 5.580542110521495 ], [ -75.779473426679971, 5.580514177009566 ], [ -75.779390963637965, 5.580509320508516 ], [ -75.779330912188129, 5.580526103559149 ], [ -75.779307470850938, 5.580543464630655 ], [ -75.77926176240905, 5.580577319748656 ], [ -75.779204096376631, 5.580629509418057 ], [ -75.779103837026256, 5.580670497133092 ], [ -75.779082351906709, 5.580679279443323 ], [ -75.779014993456883, 5.580720247132684 ], [ -75.778945051847856, 5.580785717927481 ], [ -75.778881786217553, 5.580844939735028 ], [ -75.778830317760224, 5.580897164266235 ], [ -75.778774978769903, 5.580945192856994 ], [ -75.778740399281205, 5.580972134300636 ], [ -75.778645210804427, 5.581017804901689 ], [ -75.778515222841335, 5.581059240505326 ], [ -75.778438981735192, 5.581083544149527 ], [ -75.778357166690483, 5.581095612873943 ], [ -75.778263048348691, 5.581114118990458 ], [ -75.778148244707083, 5.58112599746424 ], [ -75.778136951888996, 5.58112553199022 ], [ -75.778060131093397, 5.581122358946408 ], [ -75.777969525344574, 5.581111219409946 ], [ -75.777877877868931, 5.581089238200178 ], [ -75.777780059319227, 5.581046811515174 ], [ -75.777742610644992, 5.581030653148933 ], [ -75.77759504811543, 5.580966980851977 ], [ -75.777500506627831, 5.580928025172446 ], [ -75.777398909663972, 5.580900380597465 ], [ -75.777278975784157, 5.580878335912424 ], [ -75.777112031366784, 5.580834589704427 ], [ -75.777147027917835, 5.580784166640674 ], [ -75.777194005746622, 5.580758861323002 ], [ -75.777249825790832, 5.580739147595128 ], [ -75.777312941768841, 5.580725875757979 ], [ -75.777717680671614, 5.580634473989562 ], [ -75.777822241442649, 5.58059460472908 ] ] ], [ [ [ -75.789125470107649, 5.582505565209253 ], [ -75.789082519838516, 5.582505109266533 ], [ -75.789063805026373, 5.582506299138252 ], [ -75.789030276382647, 5.582508429850629 ], [ -75.789010864090045, 5.582510562235222 ], [ -75.78899040123602, 5.582512808985255 ], [ -75.788942294692646, 5.582514068803145 ], [ -75.788900714788355, 5.582513968824322 ], [ -75.788864979374793, 5.58251077941878 ], [ -75.788823077622368, 5.582501385655831 ], [ -75.788784620398303, 5.582488897589427 ], [ -75.788755432367097, 5.582479195776945 ], [ -75.788725221467544, 5.582467069907806 ], [ -75.788690217068023, 5.582447708987218 ], [ -75.788661079314025, 5.58241906829346 ], [ -75.788627822049548, 5.582384913177528 ], [ -75.78855891776071, 5.582325049027986 ], [ -75.788537623275417, 5.582306549555552 ], [ -75.788520504140791, 5.58229087227696 ], [ -75.788481850143029, 5.582256613498968 ], [ -75.788445342121207, 5.582231419275383 ], [ -75.788404205617738, 5.582210607669716 ], [ -75.788355960747197, 5.582196543432515 ], [ -75.788301452854085, 5.582195131666675 ], [ -75.788301294085926, 5.582195136940046 ], [ -75.788243168510022, 5.582197218025805 ], [ -75.788217484467111, 5.58219813812315 ], [ -75.788168380333587, 5.582201366882678 ], [ -75.788160103290025, 5.582202140175956 ], [ -75.788084274297447, 5.58220922908678 ], [ -75.788060532500893, 5.582212765932468 ], [ -75.788030883435425, 5.582217184142801 ], [ -75.787984593834892, 5.582229863881599 ], [ -75.787854158787809, 5.582245320359473 ], [ -75.787829899580927, 5.582248195249774 ], [ -75.787789920662277, 5.582246471322459 ], [ -75.787747840464817, 5.582223569686795 ], [ -75.787735810227218, 5.582209097594815 ], [ -75.78771489297489, 5.582183935985494 ], [ -75.787666294412517, 5.582059178380941 ], [ -75.787637983472237, 5.582016290140931 ], [ -75.78760805716702, 5.581980957544052 ], [ -75.787569797253482, 5.581948173853258 ], [ -75.78752484043396, 5.581920049254894 ], [ -75.787487126468733, 5.581914578522945 ], [ -75.787447856807674, 5.581914591298811 ], [ -75.787403893262763, 5.581910688737782 ], [ -75.787371941141018, 5.581919190132255 ], [ -75.7873632292617, 5.581926080697944 ], [ -75.787352744809866, 5.581934374469088 ], [ -75.787320653234815, 5.581959756886848 ], [ -75.787310186757438, 5.581968036109268 ], [ -75.787268808935053, 5.582003248750943 ], [ -75.787208498841466, 5.582027244611125 ], [ -75.787150720368217, 5.58203577000396 ], [ -75.787096546752196, 5.582038851875573 ], [ -75.787005248715047, 5.582075491853876 ], [ -75.786985724419552, 5.582095356588561 ], [ -75.786928875778671, 5.582120797695626 ], [ -75.786886616498109, 5.582130062093086 ], [ -75.786835807249105, 5.582137716436674 ], [ -75.786785496002722, 5.582140210472628 ], [ -75.786744567224105, 5.582139487128349 ], [ -75.786701442955746, 5.582131816489125 ], [ -75.786652624843995, 5.582107760730128 ], [ -75.786594918134981, 5.58205931244062 ], [ -75.786473403879299, 5.581880131921796 ], [ -75.78643621204165, 5.581825346319105 ], [ -75.78642430401969, 5.581787087040528 ], [ -75.786454993567915, 5.581770103585868 ], [ -75.786462410382512, 5.581765997916706 ], [ -75.786455135652787, 5.581733725223107 ], [ -75.786418896998853, 5.581692392207487 ], [ -75.786414586349636, 5.581687475273954 ], [ -75.786368423625689, 5.581633835930353 ], [ -75.786330526899974, 5.581579373649874 ], [ -75.786297988555717, 5.5815298775669 ], [ -75.786277014733813, 5.58149597311904 ], [ -75.786210167441752, 5.581387910047331 ], [ -75.786180215487434, 5.581356102849008 ], [ -75.786145192518731, 5.581332791523961 ], [ -75.786103794728419, 5.581315858873767 ], [ -75.786050445540454, 5.581296547649693 ], [ -75.786007400229948, 5.581277504845305 ], [ -75.785971006588909, 5.58125415390226 ], [ -75.785960750506376, 5.581247004372714 ], [ -75.785931976450712, 5.581226946546401 ], [ -75.785878595564697, 5.581197294248834 ], [ -75.785770474462197, 5.581161743779521 ], [ -75.785725823314735, 5.581150941747326 ], [ -75.785661912362485, 5.581141706275621 ], [ -75.785619055854269, 5.581139902696127 ], [ -75.785571565296152, 5.581144174846458 ], [ -75.78552789773569, 5.581157857081809 ], [ -75.785484297799172, 5.581169811542991 ], [ -75.785433313874933, 5.581187093644754 ], [ -75.785397835954313, 5.581202701333695 ], [ -75.785356119383977, 5.581231936741031 ], [ -75.785338413525139, 5.581241400986618 ], [ -75.785314952405855, 5.581253941545005 ], [ -75.785314283692998, 5.581254099290947 ], [ -75.785273048736315, 5.581263812481559 ], [ -75.785238174110717, 5.581261592282392 ], [ -75.785177257909226, 5.581246872751215 ], [ -75.785131212157609, 5.581235745532305 ], [ -75.785079830498276, 5.581245423646405 ], [ -75.78502464980248, 5.581267388199361 ], [ -75.784991483339539, 5.58128795484158 ], [ -75.784980979608648, 5.581294468791412 ], [ -75.78493811596465, 5.581328800676734 ], [ -75.784895662125479, 5.581361072320375 ], [ -75.784826897762358, 5.581413311326549 ], [ -75.784806261297447, 5.581427907630233 ], [ -75.784727458929964, 5.58148364550229 ], [ -75.784679094484531, 5.581520877119931 ], [ -75.78463313667875, 5.581546152506285 ], [ -75.784594309727311, 5.581561978526748 ], [ -75.784551564654578, 5.58157117816412 ], [ -75.784505298319473, 5.581572387280038 ], [ -75.784494156872213, 5.581572441894433 ], [ -75.784460767716268, 5.58157260556964 ], [ -75.784402001636536, 5.581579320233467 ], [ -75.784345460392785, 5.581591943427458 ], [ -75.784290173076286, 5.581596694480956 ], [ -75.784254962867251, 5.581600036032728 ], [ -75.784250334673445, 5.581600476496855 ], [ -75.784192530303699, 5.581609281042192 ], [ -75.784065179280447, 5.58163173761687 ], [ -75.784014837479788, 5.581643831520202 ], [ -75.783954786512055, 5.5816604694982 ], [ -75.78390669772979, 5.581666095784161 ], [ -75.783823458291067, 5.581647546992937 ], [ -75.783812575800397, 5.581645121729655 ], [ -75.783747549135953, 5.581601584531786 ], [ -75.783740213568748, 5.581594812526052 ], [ -75.783696300788705, 5.581554280349949 ], [ -75.783671209835617, 5.581524128568302 ], [ -75.78362667997466, 5.581457799586924 ], [ -75.783592232640316, 5.58137389066025 ], [ -75.783573116273033, 5.581256754810115 ], [ -75.783542354436079, 5.581117372704508 ], [ -75.783484538746961, 5.581003723223976 ], [ -75.783452018912641, 5.580971294297366 ], [ -75.783440180180804, 5.580963349493338 ], [ -75.783436481174689, 5.580958030078077 ], [ -75.783395934472367, 5.580927388320474 ], [ -75.78334957564654, 5.580901159167238 ], [ -75.783312232980236, 5.580882029432025 ], [ -75.783280979237105, 5.58087641839603 ], [ -75.783236213559931, 5.580888958562105 ], [ -75.783171916768396, 5.580904086152302 ], [ -75.783068498372486, 5.580892494681799 ], [ -75.783030772451554, 5.580887746828863 ], [ -75.782986049976358, 5.580888986453155 ], [ -75.782935937894564, 5.580899669892089 ], [ -75.782898616505037, 5.580904171173759 ], [ -75.782848001703968, 5.580897035544928 ], [ -75.78280159141562, 5.580885904410272 ], [ -75.782746545310033, 5.580867013955758 ], [ -75.78270415376511, 5.580846742886554 ], [ -75.782652643998858, 5.580811506653618 ], [ -75.782597053161723, 5.580752882763719 ], [ -75.782558546517535, 5.580692994683925 ], [ -75.782558526366813, 5.580685472076692 ], [ -75.78255773789607, 5.580642076089485 ], [ -75.78257216716932, 5.580548707986528 ], [ -75.782572831682245, 5.580544408347845 ], [ -75.782580548180206, 5.580494232207263 ], [ -75.782583897201874, 5.580468970729622 ], [ -75.782584499291261, 5.580461001334623 ], [ -75.782587530844324, 5.58042084691561 ], [ -75.78257682483158, 5.580361155313547 ], [ -75.782561065316244, 5.580322292134402 ], [ -75.782544313729176, 5.580295368552413 ], [ -75.782532769737173, 5.580288887630428 ], [ -75.782520097668879, 5.58028177295451 ], [ -75.782485967969933, 5.580250796972773 ], [ -75.7824508197059, 5.580222892925449 ], [ -75.782414677013662, 5.580207959896422 ], [ -75.782373787697935, 5.58019781588756 ], [ -75.782329267968208, 5.58019402216531 ], [ -75.782315191959427, 5.580192823276624 ], [ -75.782242654869961, 5.580196053043258 ], [ -75.782151831880341, 5.580209549706115 ], [ -75.78209713728144, 5.580228062199522 ], [ -75.78203599580803, 5.580252037975349 ], [ -75.781993877130517, 5.580267803468208 ], [ -75.781948352632142, 5.580284933782568 ], [ -75.781900769900702, 5.580290154298615 ], [ -75.781859266002158, 5.580280362088113 ], [ -75.781819073309691, 5.580248432154431 ], [ -75.781781937143251, 5.580213770460023 ], [ -75.781733238867631, 5.580180837616842 ], [ -75.781689359936465, 5.580171735501681 ], [ -75.781642443184367, 5.58017354041291 ], [ -75.781589400029588, 5.580171280310291 ], [ -75.781538016723161, 5.580152318114536 ], [ -75.781511707174772, 5.580126410565934 ], [ -75.781496552337373, 5.580111488405246 ], [ -75.781484858300061, 5.580099973138619 ], [ -75.781459218613108, 5.580062286598891 ], [ -75.781431543817561, 5.580021608559584 ], [ -75.781426245260604, 5.580013820758893 ], [ -75.781405070100263, 5.579982694775415 ], [ -75.781370311352688, 5.579937506981884 ], [ -75.781334873956567, 5.579889603300015 ], [ -75.781303157088416, 5.57983589579096 ], [ -75.781277567921947, 5.579790356338088 ], [ -75.781243517760274, 5.579755376245438 ], [ -75.781192161540801, 5.579728946297266 ], [ -75.781067240436926, 5.579725813174528 ], [ -75.780989893280051, 5.579741626880766 ], [ -75.780869758776205, 5.579748693892937 ], [ -75.780757118599468, 5.57972923501698 ], [ -75.780713672973903, 5.579699123741259 ], [ -75.780678681839774, 5.579661853810651 ], [ -75.780648107003415, 5.579626275071359 ], [ -75.780622238661678, 5.579576431342486 ], [ -75.780602804292371, 5.579526231745389 ], [ -75.78059922796902, 5.579515349678041 ], [ -75.780590756289058, 5.579489572798859 ], [ -75.78058062047387, 5.579458730795844 ], [ -75.780563220030245, 5.579406484055699 ], [ -75.780533581603265, 5.579339672831467 ], [ -75.780458324803419, 5.579258592436815 ], [ -75.780406319382266, 5.579202562721761 ], [ -75.780387398045136, 5.579191720699956 ], [ -75.780352102952691, 5.57917149804924 ], [ -75.780308073763834, 5.579153282814733 ], [ -75.780257960914696, 5.579139494097011 ], [ -75.780226565276749, 5.579131331642524 ], [ -75.780217362986974, 5.579129141498149 ], [ -75.780213387333816, 5.579127906517866 ], [ -75.780201073883887, 5.579124705100345 ], [ -75.780154681315409, 5.579110228038417 ], [ -75.780141805233356, 5.579108252332546 ], [ -75.780104581885254, 5.579102541844678 ], [ -75.780059597028696, 5.579108408867618 ], [ -75.780028484032684, 5.579116956491532 ], [ -75.77996795194268, 5.579134713554958 ], [ -75.779901658181032, 5.579146727915908 ], [ -75.779814229652757, 5.579164508225822 ], [ -75.779810717008274, 5.579165222693245 ], [ -75.77980745575249, 5.57916548308984 ], [ -75.779745141945341, 5.579170456683451 ], [ -75.779720411660207, 5.579164517141104 ], [ -75.779692031311299, 5.57915770084786 ], [ -75.779659584449504, 5.579144918692725 ], [ -75.779616679879481, 5.579132157969997 ], [ -75.779568717246661, 5.579125497555945 ], [ -75.779524480974942, 5.579122886413246 ], [ -75.779480583189908, 5.579122988246376 ], [ -75.779466907202178, 5.579123391904021 ], [ -75.779452143265971, 5.579123826920971 ], [ -75.779430951798759, 5.579124452333345 ], [ -75.779411776270678, 5.579123235892743 ], [ -75.779374219427453, 5.579120855299001 ], [ -75.779239314114207, 5.57908439125109 ], [ -75.77922728914794, 5.579081141440192 ], [ -75.779191849320199, 5.579071561658295 ], [ -75.779141266037925, 5.579056165106867 ], [ -75.77912569819992, 5.579051426958141 ], [ -75.779090572423016, 5.579046651115481 ], [ -75.77908656663584, 5.579046105987334 ], [ -75.779027874513289, 5.579044214003138 ], [ -75.778952072598912, 5.579023019370969 ], [ -75.778936749598572, 5.579018734748522 ], [ -75.77888979035076, 5.579000795380829 ], [ -75.778803217546113, 5.578967723036866 ], [ -75.778727104263496, 5.578947656168721 ], [ -75.778653049015901, 5.578944455526352 ], [ -75.778590409209485, 5.578927728338018 ], [ -75.778547214265089, 5.578878596381579 ], [ -75.778529562217898, 5.578813880588281 ], [ -75.778532823090572, 5.578771388244118 ], [ -75.778564946442302, 5.578689036891364 ], [ -75.77859978257527, 5.578616789801367 ], [ -75.778621885832777, 5.57856952950975 ], [ -75.778639951570597, 5.578519583666255 ], [ -75.778662753351597, 5.578457037782468 ], [ -75.778666033012215, 5.578448040565502 ], [ -75.778667170055854, 5.578357655792147 ], [ -75.778613788392008, 5.57826740397682 ], [ -75.778596344998476, 5.578252163457887 ], [ -75.778485126389782, 5.578154988596806 ], [ -75.778461559605319, 5.578134397565582 ], [ -75.778413096714061, 5.578084712834319 ], [ -75.778368664589593, 5.578035704187546 ], [ -75.778336988538555, 5.577984645637588 ], [ -75.77830461309037, 5.577922818837106 ], [ -75.778304278730559, 5.577922322337025 ], [ -75.778303337431439, 5.577920923844387 ], [ -75.778272946110135, 5.577875791883192 ], [ -75.778239220978975, 5.577812632690739 ], [ -75.778233604821978, 5.577792371723921 ], [ -75.778224539473612, 5.577759664201097 ], [ -75.778218907691439, 5.577739341838326 ], [ -75.778200680769487, 5.577694306956691 ], [ -75.778185163024503, 5.577664745863248 ], [ -75.77816024902809, 5.577635869172665 ], [ -75.778107098827519, 5.577592258525651 ], [ -75.778059993531912, 5.577548632865319 ], [ -75.778017643677444, 5.577525848059696 ], [ -75.777922890319743, 5.577497133215783 ], [ -75.777907429068279, 5.577489153818788 ], [ -75.777879880998086, 5.577474936372077 ], [ -75.777829442673692, 5.577448903879059 ], [ -75.777777665305877, 5.577408658456277 ], [ -75.777704426886572, 5.577373862231794 ], [ -75.777650064512628, 5.577347777745742 ], [ -75.777618792321661, 5.57733515618449 ], [ -75.777575625038793, 5.577317733852953 ], [ -75.777481722757258, 5.577275650780257 ], [ -75.777436785599505, 5.577255608990449 ], [ -75.777398522189941, 5.577224813827408 ], [ -75.777324629854434, 5.577139054580599 ], [ -75.77728287374498, 5.57703919906444 ], [ -75.777263908151014, 5.576932072023459 ], [ -75.777253032948664, 5.576855059181139 ], [ -75.777238163589857, 5.576784762625996 ], [ -75.777215565676784, 5.576700078116687 ], [ -75.777211189401285, 5.57668368472008 ], [ -75.777190348929452, 5.576633490552853 ], [ -75.777157438719627, 5.576564574567018 ], [ -75.777140590659883, 5.576507672249335 ], [ -75.777133412244808, 5.576472142640253 ], [ -75.77712841573549, 5.576447416774384 ], [ -75.777121176625826, 5.57642986084614 ], [ -75.777102199074079, 5.576383839578589 ], [ -75.777064636421258, 5.576330337239031 ], [ -75.776977548273251, 5.57625417603771 ], [ -75.776939374556491, 5.576219602735759 ], [ -75.776766761055214, 5.576063261997382 ], [ -75.776709976611798, 5.57601863051727 ], [ -75.776660546004166, 5.575981997782692 ], [ -75.776597770702494, 5.575941384642011 ], [ -75.776551037876047, 5.575917432537301 ], [ -75.776509024168433, 5.575913524214961 ], [ -75.776461032813387, 5.575924311740475 ], [ -75.776414385265241, 5.575939785366937 ], [ -75.776352393730463, 5.575948606883706 ], [ -75.776295711576907, 5.575947398316221 ], [ -75.776253896966779, 5.575935371487872 ], [ -75.776244997032265, 5.575932811910476 ], [ -75.776220278353776, 5.57591415971087 ], [ -75.776168848930268, 5.575875525043315 ], [ -75.776097330532068, 5.575802192732457 ], [ -75.776062552700992, 5.575758178629217 ], [ -75.776042194416632, 5.575736433276962 ], [ -75.776025770676867, 5.57571888903053 ], [ -75.775968363772577, 5.575657566965151 ], [ -75.775886886837796, 5.575561646478032 ], [ -75.775796504364351, 5.575467339982437 ], [ -75.775741513273857, 5.575409959481442 ], [ -75.775684995597459, 5.575383471742358 ], [ -75.775627171815117, 5.575368951345633 ], [ -75.775556723562545, 5.575357793585967 ], [ -75.775554317527252, 5.575357840194954 ], [ -75.775502635939759, 5.575358821719197 ], [ -75.775477018430038, 5.575359308714091 ], [ -75.775400628571589, 5.575358814052921 ], [ -75.775324873839907, 5.575348330346301 ], [ -75.775265700646315, 5.575327163134657 ], [ -75.775209124387601, 5.575278037756829 ], [ -75.775203689091541, 5.575270691614678 ], [ -75.775167822202064, 5.575222229644032 ], [ -75.775117805409621, 5.57513648734704 ], [ -75.775078442086937, 5.575060703413455 ], [ -75.775025080344648, 5.574965659765882 ], [ -75.774963101570577, 5.574876218821434 ], [ -75.774943112379489, 5.574847372859546 ], [ -75.774880246863304, 5.574728584507476 ], [ -75.774876321635631, 5.574724634641987 ], [ -75.774867157434798, 5.574703851547715 ], [ -75.774845858785028, 5.57466360739928 ], [ -75.774817310317047, 5.574610033308328 ], [ -75.774782814667049, 5.574552496285395 ], [ -75.77473704217978, 5.574481743225652 ], [ -75.774691329465753, 5.574433500281666 ], [ -75.77466972678782, 5.574414568402484 ], [ -75.774647614054928, 5.574395189659624 ], [ -75.774427514889666, 5.574102983170719 ], [ -75.774384455388173, 5.57407445478217 ], [ -75.774333272541256, 5.574038893922594 ], [ -75.774266748869024, 5.573950862718871 ], [ -75.774217901097984, 5.573785295029084 ], [ -75.77420841454601, 5.57372776292452 ], [ -75.77420198897191, 5.573688798190332 ], [ -75.774179784162783, 5.573602366786942 ], [ -75.774147565585537, 5.573510958386056 ], [ -75.774136487415106, 5.573493547918655 ], [ -75.774105527066723, 5.573444888184642 ], [ -75.774086400694344, 5.57342318659747 ], [ -75.774081136998149, 5.573417214543722 ], [ -75.774057904356027, 5.573390856129387 ], [ -75.774027827608734, 5.573351481315389 ], [ -75.774000234528003, 5.573330509363878 ], [ -75.773962570798503, 5.573313773843423 ], [ -75.773999075430126, 5.573260259934916 ], [ -75.774033414079526, 5.573248681919127 ], [ -75.774062029920429, 5.573239033720869 ], [ -75.7740886757054, 5.573208344287355 ], [ -75.774109626477042, 5.573189152057274 ], [ -75.774147740283112, 5.57316225671136 ], [ -75.774199216869647, 5.573133409081981 ], [ -75.774349661507216, 5.573082069533024 ], [ -75.774374379883312, 5.573072845581517 ], [ -75.774398333598128, 5.573063905462626 ], [ -75.774418860437905, 5.57312272336278 ], [ -75.774588650417471, 5.573494641162092 ], [ -75.774630834424869, 5.573543723265079 ], [ -75.774678914622342, 5.573577459195707 ], [ -75.774821309653021, 5.573645735330996 ], [ -75.774901241995167, 5.573682822930683 ], [ -75.775017719888496, 5.573751868863028 ], [ -75.775098697110124, 5.573800877431534 ], [ -75.775149592021748, 5.573822399271759 ], [ -75.7751841633238, 5.57383230449019 ], [ -75.77522507086195, 5.573842374166866 ], [ -75.775264857072344, 5.573850362791594 ], [ -75.775464770747689, 5.573855458760942 ], [ -75.775512293244773, 5.57385430691514 ], [ -75.775626052322579, 5.573832299146568 ], [ -75.775985074595965, 5.573788963925149 ], [ -75.776119517435177, 5.573761847035682 ], [ -75.776303067611167, 5.573724261706896 ], [ -75.776344540112476, 5.573724549138895 ], [ -75.776374663003523, 5.573725637221599 ], [ -75.776397888553632, 5.573733581884754 ], [ -75.776424700864666, 5.573748328178541 ], [ -75.776437739788904, 5.57376154940934 ], [ -75.776451497822393, 5.573788210916294 ], [ -75.776466423977496, 5.573839501474571 ], [ -75.776465961135145, 5.573894002410846 ], [ -75.776340021334292, 5.574209474386552 ], [ -75.77633188113596, 5.574344128505443 ], [ -75.776337019186826, 5.574380556384096 ], [ -75.776357530803779, 5.574435695057066 ], [ -75.776391616913784, 5.574469816802962 ], [ -75.776437731934848, 5.574488857978835 ], [ -75.776529452709141, 5.574524741580329 ], [ -75.777174397155946, 5.574662828293811 ], [ -75.777701414457496, 5.574686569273089 ], [ -75.77777765188668, 5.574704575859938 ], [ -75.777868232622268, 5.574734015746705 ], [ -75.777983508151777, 5.574773780596663 ], [ -75.778029586216391, 5.574800112199903 ], [ -75.778109569193674, 5.574874854847829 ], [ -75.778215773102531, 5.575037202904123 ], [ -75.778262974055451, 5.575091439748361 ], [ -75.778340773804118, 5.575150725307846 ], [ -75.778389211185683, 5.57518222177287 ], [ -75.778433690547757, 5.57520414504177 ], [ -75.77847692571234, 5.57522203711175 ], [ -75.77872866389599, 5.575316105885802 ], [ -75.778904292391786, 5.575361424881743 ], [ -75.778959065170412, 5.575369900110902 ], [ -75.779009056880213, 5.575371059606273 ], [ -75.779048780143256, 5.575369500606715 ], [ -75.779092938992264, 5.575367797707303 ], [ -75.779143184975567, 5.575355700372962 ], [ -75.7792560482346, 5.575329907405602 ], [ -75.779342739381534, 5.575316891251864 ], [ -75.779390419037398, 5.575316665934031 ], [ -75.779444129299989, 5.575331667029634 ], [ -75.779483304394105, 5.575353382944126 ], [ -75.779511532564015, 5.575378511498227 ], [ -75.779561875750233, 5.575435492881578 ], [ -75.779634993464995, 5.575564866814545 ], [ -75.779692168113868, 5.575672821812325 ], [ -75.779900751667014, 5.576034284987315 ], [ -75.77993589206713, 5.576081102877873 ], [ -75.779979513964761, 5.576120560434561 ], [ -75.780023736622027, 5.576152135362912 ], [ -75.7800618415598, 5.576175153436365 ], [ -75.780093407655201, 5.576188895291669 ], [ -75.7801389167156, 5.576202997893312 ], [ -75.780181838388913, 5.576209099156578 ], [ -75.780237682077058, 5.576207020897608 ], [ -75.780298878076835, 5.576193701047815 ], [ -75.78050264696958, 5.576103140253526 ], [ -75.780706871707324, 5.576002685281691 ], [ -75.780813218262395, 5.575973347145973 ], [ -75.780856969618355, 5.575970184325308 ], [ -75.780898584315736, 5.575970431380486 ], [ -75.780949547883935, 5.575976417727113 ], [ -75.781018598866723, 5.575997431756346 ], [ -75.781162029451536, 5.576042342605125 ], [ -75.781329921428807, 5.57612290087586 ], [ -75.78139703423598, 5.57614655361642 ], [ -75.781442007834059, 5.576156354907599 ], [ -75.781493291571422, 5.576157145558654 ], [ -75.781665290295877, 5.576154313017883 ], [ -75.781724948714171, 5.576132798873908 ], [ -75.781848004185193, 5.576090549086134 ], [ -75.781960839403737, 5.576054902990403 ], [ -75.781973074757914, 5.576051652353136 ], [ -75.782182089612405, 5.575991609312564 ], [ -75.782267950191127, 5.575983951578996 ], [ -75.782309172748981, 5.575982364457868 ], [ -75.782346409190879, 5.575981528396203 ], [ -75.782571474143225, 5.57599119976456 ], [ -75.782784977315771, 5.576002706427058 ], [ -75.782922119696806, 5.576049042238339 ], [ -75.783108045019773, 5.576143871126208 ], [ -75.783301227142005, 5.57623600355117 ], [ -75.783418614777148, 5.576312272194748 ], [ -75.7835471904841, 5.576426734677838 ], [ -75.783588124304245, 5.576451931139991 ], [ -75.783645714053009, 5.576460651042956 ], [ -75.783702843222954, 5.576467172898385 ], [ -75.783920507987744, 5.57646133430653 ], [ -75.784190665608932, 5.576463962418775 ], [ -75.784013626764306, 5.576822032801841 ], [ -75.783802523266885, 5.577265998122722 ], [ -75.784203532856111, 5.577393242444884 ], [ -75.784616058516661, 5.577497533847878 ], [ -75.78501726967103, 5.577532878029929 ], [ -75.785361558123853, 5.57738429789424 ], [ -75.786083999892085, 5.577328447452278 ], [ -75.786473821272608, 5.577329303759549 ], [ -75.787023931256115, 5.577433896663407 ], [ -75.787676853841106, 5.577711024698989 ], [ -75.787940207700785, 5.577872425337901 ], [ -75.788329829678929, 5.577965175766706 ], [ -75.788441423508871, 5.579366872467859 ], [ -75.788577603157847, 5.580010460967097 ], [ -75.788657133341133, 5.580343767333756 ], [ -75.789631196050792, 5.580324849780464 ], [ -75.789570337188735, 5.580391078114554 ], [ -75.789597620614586, 5.580534919543544 ], [ -75.789646970132424, 5.580684339325145 ], [ -75.789651996156678, 5.580911085361479 ], [ -75.78960205247509, 5.581032635970008 ], [ -75.789518934281418, 5.581181767175635 ], [ -75.789452410981355, 5.581314341522846 ], [ -75.789407916760965, 5.581469088191703 ], [ -75.789425343234967, 5.58154402503944 ], [ -75.789071054992007, 5.581545769472606 ], [ -75.789103871060917, 5.581684094103244 ], [ -75.789021077771707, 5.581683912254538 ], [ -75.789053710553333, 5.581905186808397 ], [ -75.789556288269736, 5.581967563891216 ], [ -75.789561340511085, 5.58198372057572 ], [ -75.789632648154708, 5.582188488731871 ], [ -75.7896380245882, 5.582254861817577 ], [ -75.789559920253311, 5.582363024049322 ], [ -75.78938799744769, 5.582601117910476 ], [ -75.78936364984699, 5.582626878551664 ], [ -75.789353374637329, 5.582600628773013 ], [ -75.789352197973059, 5.582593349439743 ], [ -75.789349635553123, 5.582577503639489 ], [ -75.789349295046378, 5.582576472947302 ], [ -75.789338986813775, 5.582565746832235 ], [ -75.789302867149189, 5.582544267882153 ], [ -75.789176321277324, 5.582507747235975 ], [ -75.789125470107649, 5.582505565209253 ] ] ] ] } },
{ "type": "Feature", "properties": { "AVALUO_TER": 0.0, "AVALUO_COM": 0.0, "TERRENO_CO": "053640001000000010135000000000", "DIMENSION": 0, "ETIQUETA": "00135", "RELACION_S": 0, "ESPACIO_DE": "N", "LOCAL_ID": "3642001000000100135", "CREATED_US": "GISANT", "CREATED_DA": "2025-07-10", "LAST_EDITE": "GISANT", "LAST_EDI_1": "2025-12-01", "GLOBALID": "{79ACC111-64BE-41FA-82AD-DA4FAABA56A5}", "MUNICIPIO": "364", "LLAVE_GLOB": "M364{10BC86E1-EC82-3878-E063-E0C8000A14C7}", "FICHA": 13102637, "CIRULO": "004", "MATRICULA": "16584", "CIRCULO_MA": "004-16584", "VEREDA": "36420010000001", "SHAPE_AREA": 280771.64939400001, "SHAPE_LEN": 2309.1004187499998 }, "geometry": { "type": "MultiPolygon", "coordinates": [ [ [ [ -75.784503069214679, 5.576437770907138 ], [ -75.784495530221264, 5.576437392596668 ], [ -75.784553863145092, 5.575780263049849 ], [ -75.784567519764522, 5.575518125442169 ], [ -75.784502849689062, 5.575177167924264 ], [ -75.784542672160242, 5.574915089035628 ], [ -75.784647769124149, 5.574718696894087 ], [ -75.784713616152843, 5.574522215780255 ], [ -75.784661855616704, 5.574259935004635 ], [ -75.784570848052127, 5.573997569691996 ], [ -75.784493179652316, 5.573617257660414 ], [ -75.784376263485626, 5.573236861926746 ], [ -75.784363638649722, 5.573027099832879 ], [ -75.784259575931898, 5.572751597469272 ], [ -75.78419441917157, 5.572633479845068 ], [ -75.784168882812025, 5.572345040901996 ], [ -75.7842479849499, 5.572069940069732 ], [ -75.784287606214363, 5.571899618789099 ], [ -75.784405783768491, 5.571703254506117 ], [ -75.784497853487139, 5.571480613828165 ], [ -75.784642341387723, 5.571218765726228 ], [ -75.785060714593442, 5.571350766319518 ], [ -75.78635554307742, 5.571537123252951 ], [ -75.786590724846008, 5.571681830595452 ], [ -75.786762870749826, 5.571676260693672 ], [ -75.786970164394262, 5.571669553457149 ], [ -75.787401995158561, 5.571631174967465 ], [ -75.787755181105808, 5.571658165433854 ], [ -75.788147561638738, 5.571711457519007 ], [ -75.788422422939533, 5.571659626308372 ], [ -75.788736732099608, 5.571516122080864 ], [ -75.789024675401876, 5.57146431906555 ], [ -75.789507495607012, 5.572042142593902 ], [ -75.789977546838571, 5.572475744801052 ], [ -75.790395265965515, 5.572909232887909 ], [ -75.790603536637121, 5.573291726004184 ], [ -75.790616796110257, 5.573316076934153 ], [ -75.790852822420817, 5.573541715985553 ], [ -75.790839769681682, 5.573575173230836 ], [ -75.790800384565586, 5.573697887396858 ], [ -75.790779367809037, 5.573817311102661 ], [ -75.790768869664191, 5.574132888817519 ], [ -75.790800513428692, 5.574570793930527 ], [ -75.790804748849567, 5.574716044801987 ], [ -75.790791928997166, 5.57480502803677 ], [ -75.790766911945582, 5.574902497904819 ], [ -75.790747077460978, 5.574933824471935 ], [ -75.79072083734512, 5.5749627789354 ], [ -75.790677582910732, 5.574981982468099 ], [ -75.790627033578829, 5.574986975756937 ], [ -75.790335457719266, 5.574968126921068 ], [ -75.790064702038961, 5.574942336281784 ], [ -75.789551825638227, 5.574890451557281 ], [ -75.789190018247282, 5.574861730510697 ], [ -75.789144157749064, 5.574864473612779 ], [ -75.78909516161157, 5.574869802410839 ], [ -75.789047899579572, 5.574873802313128 ], [ -75.788993647332063, 5.574880136811389 ], [ -75.788927741080471, 5.574902515613737 ], [ -75.788806895321144, 5.574959935249658 ], [ -75.788762450651532, 5.574986038698407 ], [ -75.788727424301157, 5.57500317008844 ], [ -75.788686732178135, 5.575013273017037 ], [ -75.788656111009303, 5.575014854574981 ], [ -75.788599892943211, 5.575029054588601 ], [ -75.78853872318507, 5.575061913893093 ], [ -75.788300181159912, 5.575180971324907 ], [ -75.78807606290755, 5.575275778774674 ], [ -75.788022971559997, 5.575295450904482 ], [ -75.787978602796727, 5.575309560358618 ], [ -75.787772495429891, 5.575303853532054 ], [ -75.787691058175042, 5.575304072305356 ], [ -75.787682282630797, 5.575304344407088 ], [ -75.78756004016077, 5.575274204341436 ], [ -75.787502206695422, 5.575268328036261 ], [ -75.787446446020382, 5.575268079775849 ], [ -75.787390814528337, 5.575274878241565 ], [ -75.787047925048853, 5.575419882386224 ], [ -75.786990892753352, 5.57544491818047 ], [ -75.786948677404581, 5.575463234925706 ], [ -75.78689599861417, 5.575481852428744 ], [ -75.78684690006034, 5.57548413522341 ], [ -75.786759314731981, 5.575460973662986 ], [ -75.786669675970501, 5.575436284212436 ], [ -75.786609743056673, 5.575419142012969 ], [ -75.786558069840666, 5.575417849239273 ], [ -75.786499823956817, 5.575432988704525 ], [ -75.786397301099157, 5.575496516184278 ], [ -75.786309581555429, 5.57555331057445 ], [ -75.786003366384179, 5.575706318017458 ], [ -75.785807473311124, 5.575801020605459 ], [ -75.785652601758713, 5.57589049965222 ], [ -75.785544778125427, 5.575954080893619 ], [ -75.785487746625577, 5.575991368754346 ], [ -75.785367820908505, 5.576065748058549 ], [ -75.785079855325179, 5.576293464205225 ], [ -75.78491859225241, 5.576389286648205 ], [ -75.78478276848854, 5.576438100599955 ], [ -75.784661303593751, 5.57644463919639 ], [ -75.784503069214679, 5.576437770907138 ] ] ] ] } },
{ "type": "Feature", "properties": { "AVALUO_TER": 0.0, "AVALUO_COM": 0.0, "TERRENO_CO": "053640001000000010007000000000", "DIMENSION": 0, "ETIQUETA": "00007", "RELACION_S": 0, "ESPACIO_DE": "N", "LOCAL_ID": "3642001000000100007", "CREATED_US": "GISANT", "CREATED_DA": "2025-07-10", "LAST_EDITE": "GISANT", "LAST_EDI_1": "2025-12-01", "GLOBALID": "{EA0BEE33-7976-44B3-BBAD-3C8CDA8A314A}", "MUNICIPIO": "364", "LLAVE_GLOB": "M364{10BC86E1-F36D-3878-E063-E0C8000A14C7}", "FICHA": 13102510, "CIRULO": "004", "MATRICULA": "26847", "CIRCULO_MA": "004-26847", "VEREDA": "36420010000001", "SHAPE_AREA": 465720.67085, "SHAPE_LEN": 3768.6423379900002 }, "geometry": { "type": "MultiPolygon", "coordinates": [ [ [ [ -75.791375216560766, 5.572439502811262 ], [ -75.791297422869306, 5.57250907460988 ], [ -75.791211987641731, 5.572599417210855 ], [ -75.791134469056772, 5.57271318421388 ], [ -75.791078433089694, 5.572830759795002 ], [ -75.79104765511768, 5.572924752709405 ], [ -75.79101724579543, 5.57309695070047 ], [ -75.791004390686524, 5.573235342438742 ], [ -75.790974334205032, 5.573319882397465 ], [ -75.790951298400699, 5.573359808878283 ], [ -75.790926043749096, 5.573395377556625 ], [ -75.790897515575722, 5.573447566978428 ], [ -75.790852822420817, 5.573541715985553 ], [ -75.790616796110257, 5.573316076934153 ], [ -75.790603536637107, 5.573291726004184 ], [ -75.790395265965515, 5.572909232887909 ], [ -75.789977546838571, 5.572475744801052 ], [ -75.789507495607012, 5.572042142593902 ], [ -75.789024675401876, 5.57146431906555 ], [ -75.788736732099608, 5.571516122080864 ], [ -75.788422422939533, 5.571659626308372 ], [ -75.788147561638738, 5.571711457519007 ], [ -75.787755181105808, 5.571658165433854 ], [ -75.787401995158561, 5.571631174967465 ], [ -75.786970164394262, 5.571669553457149 ], [ -75.786762870749826, 5.571676260693672 ], [ -75.786774517943115, 5.57139385020783 ], [ -75.78674878196324, 5.571197169334999 ], [ -75.786723014933116, 5.571013597692595 ], [ -75.786736585401854, 5.570790784607618 ], [ -75.786815484806951, 5.570607440589868 ], [ -75.786894413496697, 5.570410990065779 ], [ -75.787038499705844, 5.570332654020278 ], [ -75.787195610451576, 5.570280565767557 ], [ -75.787287477476141, 5.570149683523218 ], [ -75.787235574368381, 5.569952944920769 ], [ -75.787236260467537, 5.569638347043993 ], [ -75.787282540593324, 5.569413969035499 ], [ -75.787371174299807, 5.56926669455607 ], [ -75.787597373096162, 5.569031240213112 ], [ -75.78772520988386, 5.568903714053222 ], [ -75.787784234423114, 5.56883502456488 ], [ -75.78783090578095, 5.568374922656772 ], [ -75.787733836717877, 5.568168874805541 ], [ -75.78760205091983, 5.56814695142386 ], [ -75.787149007076749, 5.567653883692905 ], [ -75.787002209684047, 5.567476599550042 ], [ -75.786914242377392, 5.567319109182995 ], [ -75.786846500142232, 5.566886384876368 ], [ -75.786827540836555, 5.566581574689705 ], [ -75.786789000118276, 5.566257057889783 ], [ -75.786740409571408, 5.566040665872984 ], [ -75.786652593002273, 5.565814354110215 ], [ -75.786574459203351, 5.5656470534295 ], [ -75.786506287424501, 5.565410954697873 ], [ -75.786536260515291, 5.565165237463289 ], [ -75.786556508334627, 5.564880176564199 ], [ -75.786449667872432, 5.564378548720978 ], [ -75.78643089993767, 5.56398525871677 ], [ -75.786538985187562, 5.563916675624464 ], [ -75.786588195410019, 5.563847965034401 ], [ -75.786676827393691, 5.563700690975062 ], [ -75.786696859125428, 5.563513941231553 ], [ -75.78660895617422, 5.563326955147237 ], [ -75.78649146626752, 5.563208723306863 ], [ -75.786393730501104, 5.563031546291419 ], [ -75.786393071867863, 5.563017746974062 ], [ -75.786422883747946, 5.563021643089359 ], [ -75.788738573765713, 5.562434989548822 ], [ -75.78977757427559, 5.562018113189742 ], [ -75.789799866694096, 5.56202556109155 ], [ -75.789973492031081, 5.56218561152529 ], [ -75.789873909810609, 5.562458144212727 ], [ -75.790022016862466, 5.562632037269514 ], [ -75.790269060158053, 5.562830939698987 ], [ -75.790144299023254, 5.56330178228603 ], [ -75.790118958261743, 5.563574477933164 ], [ -75.790316507623373, 5.563773272749349 ], [ -75.790563821235978, 5.563848199724139 ], [ -75.790669918449197, 5.563886426079883 ], [ -75.790910017663322, 5.563972933150305 ], [ -75.791082657261114, 5.564246060482492 ], [ -75.791354234394689, 5.564544198589337 ], [ -75.791784992814712, 5.564935169699879 ], [ -75.79137973817825, 5.564639662076906 ], [ -75.79135806899734, 5.564634682734321 ], [ -75.791288080966098, 5.564631339724325 ], [ -75.791232905366158, 5.564640242825662 ], [ -75.791155591363463, 5.564671494224909 ], [ -75.791118045625069, 5.56470274617198 ], [ -75.791091689670282, 5.564748666806266 ], [ -75.791088461083575, 5.564815865292679 ], [ -75.791106187563997, 5.564872644148424 ], [ -75.791119803015505, 5.56491247266785 ], [ -75.791143928053557, 5.564954170482729 ], [ -75.791154500124208, 5.56498629822339 ], [ -75.791155890888732, 5.56501469366704 ], [ -75.791155643390809, 5.565043310202865 ], [ -75.791150529854193, 5.565084068110463 ], [ -75.791149338022507, 5.565125169923593 ], [ -75.791149260244623, 5.56512646836068 ], [ -75.791159825464433, 5.565234190552391 ], [ -75.791276445629279, 5.565395968057519 ], [ -75.791333930137085, 5.565522240215812 ], [ -75.791341980286617, 5.565631343779359 ], [ -75.791276949867651, 5.565805038945534 ], [ -75.791144581917877, 5.565996802172822 ], [ -75.790958879646453, 5.56614969705101 ], [ -75.790912902621102, 5.566168503655037 ], [ -75.790875736887102, 5.566186426937309 ], [ -75.790821149040781, 5.566221643017643 ], [ -75.790783555843717, 5.566260444996582 ], [ -75.79075316917789, 5.566299375545435 ], [ -75.790731275786285, 5.566349372665128 ], [ -75.790739750099092, 5.566400199470287 ], [ -75.790764261021394, 5.566434366472921 ], [ -75.790946168814628, 5.566597470800562 ], [ -75.79106210006448, 5.566832444137149 ], [ -75.791081018978574, 5.566954879157966 ], [ -75.791075069428373, 5.567081515149167 ], [ -75.790988277531852, 5.567217705787343 ], [ -75.790867826176864, 5.567345731264845 ], [ -75.790777951445421, 5.56744849938887 ], [ -75.790685525756786, 5.567565712937101 ], [ -75.790654487268029, 5.567648521522081 ], [ -75.790668142701549, 5.567744871263557 ], [ -75.790691842990128, 5.567794300449664 ], [ -75.790863257875031, 5.56804246879541 ], [ -75.791148863146816, 5.568345518614478 ], [ -75.791299759512114, 5.568520327548539 ], [ -75.791402814141946, 5.568685328974596 ], [ -75.791418589982101, 5.568759792774476 ], [ -75.791421062355425, 5.568841244780135 ], [ -75.79138348742282, 5.56896759587334 ], [ -75.791235540036453, 5.569209242610092 ], [ -75.79115514049127, 5.569318546713099 ], [ -75.791014234181574, 5.569452707856103 ], [ -75.790869182404478, 5.569566099659743 ], [ -75.790587127795163, 5.569748850849816 ], [ -75.79047112182576, 5.569855203305096 ], [ -75.790372167903129, 5.569996960316585 ], [ -75.790357837807079, 5.570053467139427 ], [ -75.790354025558784, 5.570070579770593 ], [ -75.79037541192794, 5.570174586996509 ], [ -75.790493545851263, 5.570294551300115 ], [ -75.790528611042831, 5.57033939806576 ], [ -75.790601149447014, 5.570479335147044 ], [ -75.790624879320774, 5.570606726297135 ], [ -75.790603422097576, 5.570771236246138 ], [ -75.790584929878179, 5.57089932654699 ], [ -75.790572608168091, 5.570934631699272 ], [ -75.790558886046256, 5.570964742175405 ], [ -75.790550936220399, 5.570994646303366 ], [ -75.790551484218028, 5.571043433387146 ], [ -75.790554713211023, 5.571090991949898 ], [ -75.790573914661948, 5.571136374008563 ], [ -75.790620069915818, 5.571214638634267 ], [ -75.790706184128155, 5.571340812841475 ], [ -75.790752533480884, 5.571403050430583 ], [ -75.791117134436945, 5.571740996884468 ], [ -75.791267129508284, 5.571861674763756 ], [ -75.791316903576814, 5.571901720379892 ], [ -75.791423984090812, 5.571987871176142 ], [ -75.791459744679528, 5.572042557581152 ], [ -75.79149277683446, 5.572140554182326 ], [ -75.791497742036967, 5.572215080051772 ], [ -75.791479677418664, 5.572283334205607 ], [ -75.791470072735294, 5.572304018688595 ], [ -75.791410970505041, 5.572388434838733 ], [ -75.791375216560766, 5.572439502811262 ] ] ] ] } },
{ "type": "Feature", "properties": { "AVALUO_TER": 0.0, "AVALUO_COM": 0.0, "TERRENO_CO": "053640001000000010006000000000", "DIMENSION": 0, "ETIQUETA": "00006", "RELACION_S": 0, "ESPACIO_DE": "N", "LOCAL_ID": "3642001000000100006", "CREATED_US": "GISANT", "CREATED_DA": "2025-07-10", "LAST_EDITE": "GISANT", "LAST_EDI_1": "2025-12-01", "GLOBALID": "{803B2612-FEE7-4B60-88F0-9AD64B21617C}", "MUNICIPIO": "364", "LLAVE_GLOB": "M364{10BC86E1-F511-3878-E063-E0C8000A14C7}", "FICHA": 13102509, "CIRULO": "004", "MATRICULA": "49291", "CIRCULO_MA": "004-49291", "VEREDA": "36420010000001", "SHAPE_AREA": 313387.247562, "SHAPE_LEN": 3459.4823557599998 }, "geometry": { "type": "MultiPolygon", "coordinates": [ [ [ [ -75.790730217750792, 5.567612429134273 ], [ -75.791057220381873, 5.567248418733539 ], [ -75.791094331147661, 5.567173164605609 ], [ -75.791119561952797, 5.567095676025047 ], [ -75.791126289381907, 5.566952460814624 ], [ -75.791105612512268, 5.56681865433438 ], [ -75.790982742754821, 5.566569615921654 ], [ -75.790798012651834, 5.566403981268042 ], [ -75.790782509077459, 5.566382369914545 ], [ -75.790777979901392, 5.566355203334012 ], [ -75.79079219614438, 5.56632273849477 ], [ -75.790817602062816, 5.566290189005943 ], [ -75.790849915100452, 5.566256837534701 ], [ -75.790897811798942, 5.566225937863488 ], [ -75.790931225669951, 5.566209823074471 ], [ -75.790947917660333, 5.566202996023196 ], [ -75.790995857257982, 5.566177747626079 ], [ -75.791178093178374, 5.566027706651305 ], [ -75.791317222925372, 5.5658261469411 ], [ -75.79138769540468, 5.56563791763578 ], [ -75.791378318997005, 5.565510843559634 ], [ -75.791315629832738, 5.565373137630308 ], [ -75.791199414700685, 5.565211921376475 ], [ -75.791193487013032, 5.565178422044696 ], [ -75.791193149175555, 5.565147936207442 ], [ -75.791194405510026, 5.565127195507877 ], [ -75.791195555496657, 5.565087551057858 ], [ -75.791200726411446, 5.565046334578209 ], [ -75.791201007661556, 5.565013782096097 ], [ -75.791199253471248, 5.56497796515827 ], [ -75.791185301072801, 5.564935562893828 ], [ -75.791161044142441, 5.564893637911659 ], [ -75.791133723593262, 5.564813720059593 ], [ -75.791136221010575, 5.564761737572439 ], [ -75.791153105890686, 5.564732318165666 ], [ -75.791178998513828, 5.56471076653578 ], [ -75.79124508074726, 5.564684055531231 ], [ -75.791290620018117, 5.564676705858808 ], [ -75.791351906138971, 5.564679633594509 ], [ -75.791395058450007, 5.564689549769519 ], [ -75.79144646150921, 5.564728162435951 ], [ -75.791760021272026, 5.564950774438024 ], [ -75.7917987603076, 5.564994395259464 ], [ -75.791859149428291, 5.56506627934847 ], [ -75.791944046013612, 5.565223783046569 ], [ -75.792037977329528, 5.565408041399471 ], [ -75.792082357065055, 5.565547421267171 ], [ -75.792146574780801, 5.565696792436368 ], [ -75.792235661985515, 5.565826321593558 ], [ -75.79231969436151, 5.56599563386534 ], [ -75.792388858244422, 5.566154966501294 ], [ -75.792472978006458, 5.566284484757086 ], [ -75.792562032127691, 5.566428936287875 ], [ -75.792631312162797, 5.566533548794697 ], [ -75.792745242998478, 5.566653184697469 ], [ -75.792799726430331, 5.566712995416776 ], [ -75.792898655674534, 5.566882341683693 ], [ -75.79296786033332, 5.567021774455458 ], [ -75.792972522307565, 5.567161068524015 ], [ -75.792972306587956, 5.567260556047997 ], [ -75.792962107157322, 5.567384894293251 ], [ -75.792951895146572, 5.567514207015186 ], [ -75.792931820757332, 5.567613651316036 ], [ -75.792916818207786, 5.567663361760679 ], [ -75.792876915669936, 5.567747840353843 ], [ -75.792866803433469, 5.567832382870081 ], [ -75.79285667951433, 5.567921899858644 ], [ -75.792858916807816, 5.567972469556958 ], [ -75.792861637825723, 5.568033953918863 ], [ -75.792866252561069, 5.568086076168294 ], [ -75.792905840598408, 5.568145856204836 ], [ -75.792895793075658, 5.568200551017348 ], [ -75.792890666433379, 5.568275155408525 ], [ -75.792875608191054, 5.568349740915832 ], [ -75.792782411664632, 5.568466195380426 ], [ -75.792752485617569, 5.568614429920975 ], [ -75.79273740688744, 5.568742922369098 ], [ -75.792726990354893, 5.56892421751833 ], [ -75.792753605551084, 5.569065901462246 ], [ -75.792753297650322, 5.569207527794696 ], [ -75.792813689678596, 5.569295332696333 ], [ -75.79290780614248, 5.569349490920295 ], [ -75.792968388381439, 5.569349622964006 ], [ -75.79304243083368, 5.569349785157669 ], [ -75.79310304043895, 5.569336427472012 ], [ -75.793177097020092, 5.569329845242023 ], [ -75.793271347961863, 5.569323305499502 ], [ -75.793365552878797, 5.569336999883133 ], [ -75.793432763085391, 5.569384356907102 ], [ -75.793493285139377, 5.569411463822807 ], [ -75.793513315897201, 5.569485693000523 ], [ -75.793513082514295, 5.569593599003515 ], [ -75.793546592149411, 5.569661112986109 ], [ -75.793580130063731, 5.569715139056544 ], [ -75.793613713095624, 5.569748933702206 ], [ -75.793647281987504, 5.56978947003692 ], [ -75.793687477116521, 5.569877231386188 ], [ -75.793741063636588, 5.569998743063842 ], [ -75.793761124547487, 5.570059485197468 ], [ -75.793794576832511, 5.570153974045248 ], [ -75.793814548477854, 5.570255179903002 ], [ -75.793800867315269, 5.570356312258007 ], [ -75.793827513946411, 5.570484508973651 ], [ -75.793800324768867, 5.570605842634345 ], [ -75.793820270025819, 5.570720537280915 ], [ -75.793907628881044, 5.570788168925214 ], [ -75.793947883379019, 5.570848953480486 ], [ -75.794014933077918, 5.570970495162332 ], [ -75.79406168412082, 5.571139197993449 ], [ -75.794054762776554, 5.571226857489522 ], [ -75.794000782086073, 5.571287436723304 ], [ -75.793967038178096, 5.571327827898849 ], [ -75.793953370326392, 5.571422215855172 ], [ -75.793946374772702, 5.571543594677729 ], [ -75.793952930513399, 5.571624538972136 ], [ -75.793912339457364, 5.571718868535196 ], [ -75.793898627455661, 5.571833487907478 ], [ -75.793891603691662, 5.57196835463782 ], [ -75.793851012627485, 5.572062684212461 ], [ -75.793790257133779, 5.572143481642321 ], [ -75.793729440645791, 5.572251255806666 ], [ -75.793695536880207, 5.572365830947664 ], [ -75.793715568848086, 5.572440060044642 ], [ -75.793681707444662, 5.572534404690829 ], [ -75.793580577955851, 5.57260836925785 ], [ -75.793546747468682, 5.572689225089119 ], [ -75.793539708692336, 5.572830836266266 ], [ -75.793579786807214, 5.572972550064708 ], [ -75.793633359788444, 5.573100804207577 ], [ -75.793613062889278, 5.573147969924145 ], [ -75.793572514120925, 5.573222066325703 ], [ -75.793599263549979, 5.573303054865207 ], [ -75.793659653681999, 5.573390860312841 ], [ -75.793740338922234, 5.573431500936311 ], [ -75.793767118411608, 5.573498999732191 ], [ -75.793800524346423, 5.57361372441429 ], [ -75.793854184850858, 5.573701514763536 ], [ -75.793914486825685, 5.5738297838644 ], [ -75.793968101448712, 5.573937805599956 ], [ -75.794048641238632, 5.574045888362019 ], [ -75.794088927045806, 5.574093183967435 ], [ -75.794028489973996, 5.574568290806636 ], [ -75.794044957696087, 5.574904331922197 ], [ -75.794001177081881, 5.575266088119763 ], [ -75.793940402941757, 5.575533036136005 ], [ -75.79389712745035, 5.575662174139004 ], [ -75.793776440897574, 5.575799759364926 ], [ -75.793612816685169, 5.575911402850525 ], [ -75.793556795445582, 5.575893543961892 ], [ -75.793540481000832, 5.575943198349927 ], [ -75.793511373239113, 5.575997463068991 ], [ -75.793519801823095, 5.576051618178272 ], [ -75.793486972000849, 5.576138400133893 ], [ -75.793421119550857, 5.576245676833681 ], [ -75.793296916713388, 5.576414313943094 ], [ -75.793238750671861, 5.576539414299412 ], [ -75.793228794071297, 5.576615932690445 ], [ -75.793173513433814, 5.576858308116533 ], [ -75.793171079814599, 5.576896559293751 ], [ -75.793166220135561, 5.576975611643545 ], [ -75.793086246221193, 5.577032791896658 ], [ -75.793124990678621, 5.576983105059101 ], [ -75.793087905644271, 5.576923217647733 ], [ -75.793075076400115, 5.576890880269723 ], [ -75.793042928791181, 5.57684557896835 ], [ -75.793004331140935, 5.576800264007976 ], [ -75.792959284348157, 5.576754934478352 ], [ -75.792907691172417, 5.576754821581992 ], [ -75.792843197895209, 5.576754680463708 ], [ -75.792798122940241, 5.576722273859836 ], [ -75.792817639421429, 5.576644778073056 ], [ -75.79285643334849, 5.576599630635968 ], [ -75.79289520000772, 5.576567407947892 ], [ -75.792914660124183, 5.576515756248524 ], [ -75.792895509907808, 5.576425252839413 ], [ -75.792837563066911, 5.576379894156883 ], [ -75.792689385497013, 5.576308493741212 ], [ -75.792599082939319, 5.576314756666259 ], [ -75.792508693126777, 5.576359791151294 ], [ -75.792431204293621, 5.57640485385556 ], [ -75.792321398794812, 5.576482153786799 ], [ -75.792237487148327, 5.576514277156893 ], [ -75.792166642924059, 5.576468891044255 ], [ -75.792160420203274, 5.576365492840248 ], [ -75.79220574791222, 5.576281590242411 ], [ -75.792244598274351, 5.576210596025101 ], [ -75.792251228411217, 5.576126611420327 ], [ -75.79227075953149, 5.576042652338177 ], [ -75.79223864023075, 5.575984427081113 ], [ -75.792161249622524, 5.575984258497357 ], [ -75.792103319225077, 5.575932440011945 ], [ -75.792045401570689, 5.575874157332909 ], [ -75.791993933076029, 5.575815890125812 ], [ -75.791942494599525, 5.575744699944575 ], [ -75.791936200128575, 5.575673610012655 ], [ -75.791981457811644, 5.575622013923618 ], [ -75.792052454753005, 5.575596323877801 ], [ -75.792123454382434, 5.575570632005777 ], [ -75.792213784159927, 5.575551444451751 ], [ -75.79216882213926, 5.575467345017302 ], [ -75.79211732729074, 5.575421999850153 ], [ -75.792069357440681, 5.575395163421931 ], [ -75.791944617831518, 5.575304637764802 ], [ -75.791723426516882, 5.575167768943764 ], [ -75.7914664913081, 5.575051930016961 ], [ -75.791069272790523, 5.574918562877125 ], [ -75.790977960879545, 5.574882488442825 ], [ -75.790901558053903, 5.574837038011029 ], [ -75.790854447682605, 5.574810115998479 ], [ -75.790870312110357, 5.57469019897672 ], [ -75.790868955532034, 5.574671377994079 ], [ -75.790857011730253, 5.57450583508912 ], [ -75.790830931751429, 5.574144380701389 ], [ -75.79084595810231, 5.573817142765754 ], [ -75.790866963226904, 5.573710925098551 ], [ -75.790879069022736, 5.573672705716053 ], [ -75.790903134167323, 5.573610143241951 ], [ -75.790961639795071, 5.57348570273034 ], [ -75.79102574585302, 5.57335085882231 ], [ -75.791061661555233, 5.573208935249072 ], [ -75.79109598202443, 5.572990952030498 ], [ -75.791140011412452, 5.572836182583837 ], [ -75.791159243431693, 5.572789864390108 ], [ -75.791181119919244, 5.572739887737243 ], [ -75.791207227509702, 5.572682904820385 ], [ -75.791256518023687, 5.572626612765617 ], [ -75.791323339249757, 5.572558925799933 ], [ -75.791391713464535, 5.57248835648066 ], [ -75.791451316946834, 5.572398413754881 ], [ -75.791506314729645, 5.572319861091809 ], [ -75.791527664015035, 5.572273881787712 ], [ -75.79154324673398, 5.572215004300577 ], [ -75.791538755346181, 5.572147575787176 ], [ -75.791518509696459, 5.572080193983421 ], [ -75.791497474678209, 5.572017789438033 ], [ -75.791457799054456, 5.57195711578216 ], [ -75.791146607690493, 5.571706747550992 ], [ -75.790946763473215, 5.571521513759222 ], [ -75.790858011923575, 5.571439250540815 ], [ -75.790786207821, 5.571372695285776 ], [ -75.79074289382315, 5.571314532766735 ], [ -75.790658146008326, 5.571190362467934 ], [ -75.790614274501763, 5.571115969474746 ], [ -75.790599202563129, 5.571080345843289 ], [ -75.790596573864391, 5.571041643125052 ], [ -75.790596109798528, 5.571000312310884 ], [ -75.790601495964481, 5.57098005190215 ], [ -75.790614502824525, 5.570951511358659 ], [ -75.790628948469205, 5.570910119799627 ], [ -75.790648109002163, 5.57077739902467 ], [ -75.790670532670077, 5.570605478454103 ], [ -75.790644263631535, 5.570464454256297 ], [ -75.790628411667896, 5.570433872920671 ], [ -75.790615394129361, 5.570408761494194 ], [ -75.7905667074115, 5.570314837091322 ], [ -75.790527465907971, 5.570264647907178 ], [ -75.790416897243873, 5.570152367466276 ], [ -75.790400157522924, 5.570070960422428 ], [ -75.790411689698416, 5.570019198126364 ], [ -75.790505238025048, 5.569885184641387 ], [ -75.790614793130686, 5.569784747458204 ], [ -75.790895355533181, 5.569602963316917 ], [ -75.79098429027934, 5.569533439444024 ], [ -75.791017797433142, 5.569507245102408 ], [ -75.791043714334847, 5.569486985904657 ], [ -75.791189094437186, 5.56934856493524 ], [ -75.791272987457717, 5.569234510294507 ], [ -75.79142502816164, 5.568986178440017 ], [ -75.791466369537929, 5.568847160558545 ], [ -75.791463554006555, 5.56875437106909 ], [ -75.791445282055832, 5.568668128018581 ], [ -75.791407896888245, 5.568608270493353 ], [ -75.791399927854698, 5.568595510185223 ], [ -75.791269132586166, 5.568386095321753 ], [ -75.790900302869531, 5.567966462871442 ], [ -75.790837617383232, 5.567880088531562 ], [ -75.790828290119862, 5.567867237014656 ], [ -75.790728958529996, 5.567730366421492 ], [ -75.790715227579994, 5.567648514832352 ], [ -75.790730217750792, 5.567612429134273 ] ] ] ] } },
{ "type": "Feature", "properties": { "AVALUO_TER": 0.0, "AVALUO_COM": 0.0, "TERRENO_CO": "053640001000000010101000000000", "DIMENSION": 0, "ETIQUETA": "00101", "RELACION_S": 0, "ESPACIO_DE": "N", "LOCAL_ID": "3642001000000100101", "CREATED_US": "GISANT", "CREATED_DA": "2025-07-10", "LAST_EDITE": "GISANT", "LAST_EDI_1": "2025-12-01", "GLOBALID": "{4D866E2E-99BE-4322-9DEF-9D4C7F6D4D7F}", "MUNICIPIO": "364", "LLAVE_GLOB": "M364{10BC86E1-EC2C-3878-E063-E0C8000A14C7}", "FICHA": 13102607, "CIRULO": "004", "MATRICULA": "11593", "CIRCULO_MA": "004-11593", "VEREDA": "36420010000001", "SHAPE_AREA": 1352865.1308200001, "SHAPE_LEN": 6115.31520258 }, "geometry": { "type": "MultiPolygon", "coordinates": [ [ [ [ -75.766364537555674, 5.582789565283057 ], [ -75.766366304547546, 5.582771763296677 ], [ -75.766393360787774, 5.582773395889993 ], [ -75.766457065886115, 5.582761061352953 ], [ -75.766493338997492, 5.582728931703754 ], [ -75.766523545243786, 5.582580436901362 ], [ -75.76657256750417, 5.582451275188661 ], [ -75.766632273057539, 5.582354368187551 ], [ -75.766672976697748, 5.582314270914857 ], [ -75.766711943410314, 5.582275884893952 ], [ -75.766829517625467, 5.582186328479533 ], [ -75.766848309283048, 5.582172014264429 ], [ -75.766946588098108, 5.582108833330707 ], [ -75.766968744570434, 5.582094590046212 ], [ -75.76705483629965, 5.582066131773822 ], [ -75.76717577771096, 5.582073119238911 ], [ -75.767265705993736, 5.582097194887613 ], [ -75.767359638139496, 5.582113704452185 ], [ -75.767466678111603, 5.5821152088009 ], [ -75.76747682472201, 5.582114229915524 ], [ -75.767529295603879, 5.582109164585358 ], [ -75.7675648479279, 5.582092461763973 ], [ -75.767650506222893, 5.582052216853609 ], [ -75.767688894648444, 5.582029820150942 ], [ -75.767713827403085, 5.582009061548987 ], [ -75.767750475393967, 5.581988973635133 ], [ -75.767770225968192, 5.581983858152562 ], [ -75.767864705103918, 5.581945257560808 ], [ -75.767987535902691, 5.58192671794477 ], [ -75.767991462427545, 5.581926320682602 ], [ -75.768188945539777, 5.581906310170041 ], [ -75.768448926932081, 5.581865267229285 ], [ -75.768637882519414, 5.581894779768469 ], [ -75.768774072542413, 5.581919040309071 ], [ -75.768896485726017, 5.581926110883146 ], [ -75.768961716094267, 5.581909322356086 ], [ -75.769019869657839, 5.581894355220924 ], [ -75.76910113459904, 5.581849865063623 ], [ -75.769159846286485, 5.581817722688129 ], [ -75.769304665662915, 5.581702372241895 ], [ -75.769413781760221, 5.581569259069322 ], [ -75.769488375751919, 5.581423592580965 ], [ -75.769519576506866, 5.581310464523663 ], [ -75.769551938519456, 5.581202538730071 ], [ -75.769611438502324, 5.581092738558683 ], [ -75.769638195924657, 5.581054593532422 ], [ -75.769719622707129, 5.580985043836055 ], [ -75.769739710927198, 5.580967885024016 ], [ -75.76979594279193, 5.580933752959195 ], [ -75.76982356929652, 5.580916984377191 ], [ -75.769915480398311, 5.580905128614318 ], [ -75.770077576464786, 5.580921174532885 ], [ -75.77030598251676, 5.580988783481747 ], [ -75.770386649339258, 5.581019278891731 ], [ -75.770452022908316, 5.581048963226696 ], [ -75.770610758310298, 5.581127859265853 ], [ -75.770667454614753, 5.581163799227187 ], [ -75.77080512769119, 5.581251070286406 ], [ -75.770905925922733, 5.581312969226055 ], [ -75.77099178872173, 5.581342867801449 ], [ -75.771060198863893, 5.581336745323575 ], [ -75.771096260723553, 5.581320620300001 ], [ -75.771105790335568, 5.581320641341944 ], [ -75.771131540169264, 5.581304844279122 ], [ -75.771146502237855, 5.581298153088419 ], [ -75.77116650153252, 5.581283395585984 ], [ -75.771272881778572, 5.581204894531879 ], [ -75.771301686213093, 5.581183638494045 ], [ -75.77145313343172, 5.581163868604558 ], [ -75.771586716405793, 5.581175249413042 ], [ -75.771697875316832, 5.581191308213695 ], [ -75.771794527432363, 5.581185950064186 ], [ -75.771859539760541, 5.581182346605797 ], [ -75.772001470640561, 5.581124124463911 ], [ -75.772030566748498, 5.581110993644109 ], [ -75.772075057681192, 5.581090917369745 ], [ -75.772222337963868, 5.58102445475476 ], [ -75.772387881187896, 5.580950458208029 ], [ -75.772424335531582, 5.580934163143186 ], [ -75.772656242693827, 5.580918983314415 ], [ -75.77281911521672, 5.580967061150903 ], [ -75.77294554105903, 5.580991605467328 ], [ -75.773072943392066, 5.580978978791692 ], [ -75.773095562692916, 5.580979952268822 ], [ -75.773150942745858, 5.580982334069894 ], [ -75.773308981345693, 5.58101301523447 ], [ -75.773397618896155, 5.581048191202922 ], [ -75.77340195505073, 5.581049912667163 ], [ -75.773513506613099, 5.579894025996496 ], [ -75.773421251856874, 5.57965477622635 ], [ -75.773443609915049, 5.579230165384323 ], [ -75.773438035194388, 5.579185492645361 ], [ -75.773402868462895, 5.578903701507813 ], [ -75.773402426869794, 5.578900161873581 ], [ -75.773399496044291, 5.578876670013505 ], [ -75.773357106800177, 5.578524004444644 ], [ -75.773366139881972, 5.578403039906623 ], [ -75.773377433230877, 5.578251776599049 ], [ -75.773422263442654, 5.57816496023699 ], [ -75.773566185333209, 5.578111684263151 ], [ -75.773567369715209, 5.578111245678018 ], [ -75.773600528831366, 5.578098971637548 ], [ -75.773652489214399, 5.578101185250175 ], [ -75.77411153439752, 5.57829175432957 ], [ -75.775101162839519, 5.578828480796134 ], [ -75.775390146992038, 5.578982110077497 ], [ -75.775649277296438, 5.579119867398492 ], [ -75.775983753865319, 5.57951769013705 ], [ -75.776257762294833, 5.579686293009357 ], [ -75.776638809295321, 5.579702408360704 ], [ -75.777446868099204, 5.579627831801599 ], [ -75.777690727170082, 5.579643644746786 ], [ -75.777738018797834, 5.579999454776629 ], [ -75.777750400727342, 5.580374913424026 ], [ -75.777740851550845, 5.580554457374921 ], [ -75.777682431483967, 5.580571090775976 ], [ -75.777234371535087, 5.580666276803585 ], [ -75.777181405931586, 5.580687324956655 ], [ -75.777106878722293, 5.580729446745369 ], [ -75.777053312261032, 5.580777061921935 ], [ -75.777038142236648, 5.580806622533308 ], [ -75.777025426167583, 5.580833471424722 ], [ -75.777017161122529, 5.580858654076264 ], [ -75.777010038175803, 5.580880358323876 ], [ -75.777011847726968, 5.580880668868527 ], [ -75.77700949952883, 5.580903926147945 ], [ -75.777011456430998, 5.580959484998369 ], [ -75.777023308852719, 5.581006366992211 ], [ -75.777041624809613, 5.581054565332223 ], [ -75.777052650558247, 5.581071698361742 ], [ -75.776976194766107, 5.581120904107397 ], [ -75.776937378916983, 5.581145886749088 ], [ -75.776451469216767, 5.581506979567775 ], [ -75.776027831966474, 5.581802986777552 ], [ -75.775905313055333, 5.582062346492283 ], [ -75.775751599949302, 5.582642354943353 ], [ -75.775689277370091, 5.583253110937627 ], [ -75.77564186116328, 5.584016625232574 ], [ -75.775564430890697, 5.584566259237211 ], [ -75.775410986213473, 5.585024090392349 ], [ -75.775196365911867, 5.585573419377213 ], [ -75.774676335521505, 5.586366429784491 ], [ -75.77453803211111, 5.586870109927056 ], [ -75.774567303098806, 5.587419979444539 ], [ -75.774748266502272, 5.588306177481722 ], [ -75.774305259504743, 5.58873282045262 ], [ -75.773679601224131, 5.589036877590702 ], [ -75.773282935998282, 5.589188721521469 ], [ -75.772993173370367, 5.589249165861085 ], [ -75.772007402268486, 5.589324457959892 ], [ -75.770393482717225, 5.589929652073857 ], [ -75.769317239600824, 5.590465794181292 ], [ -75.767584952880767, 5.591749746372234 ], [ -75.766858378638574, 5.592684715579908 ], [ -75.765734032237717, 5.593829528130953 ], [ -75.764599637662869, 5.594330562890288 ], [ -75.764051344832311, 5.594329335633306 ], [ -75.763576237838606, 5.594291650218236 ], [ -75.763137765459291, 5.594217423258534 ], [ -75.762546183131306, 5.593782491003791 ], [ -75.762569004013898, 5.59345071110038 ], [ -75.762559903289429, 5.59339757261396 ], [ -75.762533241628546, 5.593377480989352 ], [ -75.761833796026039, 5.59262664019324 ], [ -75.761227260846965, 5.592133569158023 ], [ -75.760947702179763, 5.591734892413928 ], [ -75.760785312675452, 5.591195988707167 ], [ -75.761463789900887, 5.590869704172944 ], [ -75.762095317936655, 5.59063697147115 ], [ -75.762352758580278, 5.590473644997106 ], [ -75.762656943205059, 5.590310424664406 ], [ -75.762938015074099, 5.590030075662557 ], [ -75.763359363337656, 5.589726628523384 ], [ -75.763663702889488, 5.589493160829424 ], [ -75.764061522985173, 5.589259904456471 ], [ -75.764482609202503, 5.58907352655497 ], [ -75.76513781834953, 5.588700356858333 ], [ -75.765606686880105, 5.588045788955535 ], [ -75.7658652721652, 5.587367338688273 ], [ -75.766007683349642, 5.586384235418571 ], [ -75.766364537555674, 5.582789565283057 ] ], [ [ -75.774258329954421, 5.581156078697457 ], [ -75.774176702918879, 5.581081793407351 ], [ -75.774088279714746, 5.58115606353859 ], [ -75.774193049373096, 5.581254343660826 ], [ -75.774244473602039, 5.581177430574193 ], [ -75.774258329954421, 5.581156078697457 ] ] ] ] } },
{ "type": "Feature", "properties": { "AVALUO_TER": 0.0, "AVALUO_COM": 0.0, "TERRENO_CO": "053640001000000010018000000000", "DIMENSION": 0, "ETIQUETA": "00018", "RELACION_S": 0, "ESPACIO_DE": "N", "LOCAL_ID": "3642001000000100018", "CREATED_US": "GISANT", "CREATED_DA": "2025-07-10", "LAST_EDITE": "GISANT", "LAST_EDI_1": "2025-12-01", "GLOBALID": "{D6F8C52D-91CD-44C3-BB1C-7CF687ED53CD}", "MUNICIPIO": "364", "LLAVE_GLOB": "M364{10BC86E1-EC59-3878-E063-E0C8000A14C7}", "FICHA": 13102521, "CIRULO": null, "MATRICULA": null, "CIRCULO_MA": null, "VEREDA": "36420010000001", "SHAPE_AREA": 878.74168891500005, "SHAPE_LEN": 127.694776136 }, "geometry": { "type": "MultiPolygon", "coordinates": [ [ [ [ -75.774927076570009, 5.575296871914865 ], [ -75.775001261358241, 5.575272596803081 ], [ -75.775028647098608, 5.57535308179728 ], [ -75.775048902118542, 5.575378395625274 ], [ -75.775008395088747, 5.575411907602886 ], [ -75.774926630345291, 5.575487951191287 ], [ -75.774787501691847, 5.575617343424597 ], [ -75.774763295013301, 5.575639855947717 ], [ -75.77467535824745, 5.575579424897557 ], [ -75.774506200772706, 5.575434587845041 ], [ -75.774535708057044, 5.575424932658502 ], [ -75.774547404669704, 5.575421105254757 ], [ -75.774650552679944, 5.575387353824108 ], [ -75.774927076570009, 5.575296871914865 ] ] ] ] } },
{ "type": "Feature", "properties": { "AVALUO_TER": 0.0, "AVALUO_COM": 0.0, "TERRENO_CO": "053640001000000010016000000000", "DIMENSION": 0, "ETIQUETA": "00016", "RELACION_S": 0, "ESPACIO_DE": "N", "LOCAL_ID": "3642001000000100016", "CREATED_US": "GISANT", "CREATED_DA": "2025-07-10", "LAST_EDITE": "GISANT", "LAST_EDI_1": "2025-12-01", "GLOBALID": "{1D6FC596-B4AE-4D6F-B307-3DE699622FE3}", "MUNICIPIO": "364", "LLAVE_GLOB": "M364{10BC86E1-EBF3-3878-E063-E0C8000A14C7}", "FICHA": 13102519, "CIRULO": "004", "MATRICULA": "16049", "CIRCULO_MA": "004-16049", "VEREDA": "36420010000001", "SHAPE_AREA": 155936.40103899999, "SHAPE_LEN": 2432.4838975799998 }, "geometry": { "type": "MultiPolygon", "coordinates": [ [ [ [ -75.774269089577615, 5.5750792587372 ], [ -75.774092239724439, 5.574824633209856 ], [ -75.773659405753733, 5.574369602030926 ], [ -75.773568726925646, 5.574196156373898 ], [ -75.773512020152765, 5.574087691727245 ], [ -75.773488533373254, 5.574042767136434 ], [ -75.773395299359834, 5.573734894184851 ], [ -75.773351109491045, 5.573610127205956 ], [ -75.773202979866667, 5.573502842815051 ], [ -75.773086792632284, 5.573444310288483 ], [ -75.773001791722635, 5.573366125340488 ], [ -75.772942290145465, 5.573291807337525 ], [ -75.772895079947119, 5.573223492103767 ], [ -75.772882601441324, 5.573170600560389 ], [ -75.772881592793411, 5.573113818188554 ], [ -75.772900193806549, 5.573062931185055 ], [ -75.772920497105602, 5.573018712961501 ], [ -75.772942501594429, 5.573038683453056 ], [ -75.773001707935919, 5.573085026215203 ], [ -75.773013229769205, 5.57309662939543 ], [ -75.773075443159655, 5.573159285316563 ], [ -75.773158761058127, 5.573246431298709 ], [ -75.773474825077088, 5.573438334850898 ], [ -75.77348201832541, 5.573442702326279 ], [ -75.773549711542074, 5.573453591420045 ], [ -75.773575871654998, 5.573457800778932 ], [ -75.773635765170425, 5.573458718882794 ], [ -75.773705431057678, 5.573456052807384 ], [ -75.773770851155945, 5.57345417962731 ], [ -75.773778397306714, 5.573453964162264 ], [ -75.773845452871299, 5.573452032641756 ], [ -75.773892350063477, 5.57345859123686 ], [ -75.773957449450165, 5.57348045031587 ], [ -75.773969888120462, 5.573485938369219 ], [ -75.774010751829621, 5.573503965922296 ], [ -75.774055894684381, 5.573541556690434 ], [ -75.774061800966152, 5.573562744789504 ], [ -75.774066068211866, 5.573578045891658 ], [ -75.77407737479939, 5.573631983414388 ], [ -75.77408178277507, 5.573670713598704 ], [ -75.774090462018478, 5.57370082246022 ], [ -75.774099170397946, 5.573740975086248 ], [ -75.774099273946774, 5.573776848260794 ], [ -75.774097931769717, 5.573808420881874 ], [ -75.774085166382264, 5.573851505064868 ], [ -75.774070935102401, 5.573883114961318 ], [ -75.774040954197488, 5.573916203878788 ], [ -75.774023821164263, 5.573934908058294 ], [ -75.774002409696493, 5.573959363520789 ], [ -75.773979588804522, 5.573992433139711 ], [ -75.773973900948008, 5.574006798579124 ], [ -75.773984375546178, 5.574056286213779 ], [ -75.774000615638116, 5.574083542682691 ], [ -75.77400868294518, 5.574121668037976 ], [ -75.774022158008037, 5.574170693156141 ], [ -75.774035626914468, 5.574222440126282 ], [ -75.77404909853621, 5.574274187986084 ], [ -75.77406805528274, 5.574301448812689 ], [ -75.774103265366648, 5.574350523290565 ], [ -75.774130359749932, 5.57438324633414 ], [ -75.774170996982335, 5.574435054094907 ], [ -75.774214410651851, 5.574459647690076 ], [ -75.774271397062236, 5.574489715831019 ], [ -75.774322966847009, 5.574511606072947 ], [ -75.774369116547717, 5.574528039354634 ], [ -75.774393500464711, 5.574558035255756 ], [ -75.774420560640351, 5.574607091183669 ], [ -75.774453106827067, 5.57463166097916 ], [ -75.774493817083098, 5.574650804661946 ], [ -75.774507359034459, 5.574669887562297 ], [ -75.774523593017179, 5.574699865848139 ], [ -75.774586042632848, 5.57471633521219 ], [ -75.774610481975259, 5.574721833521523 ], [ -75.77463757640237, 5.574754556518884 ], [ -75.774667395452838, 5.574784565628952 ], [ -75.774673368845654, 5.574783352359835 ], [ -75.77470204034006, 5.574792835241404 ], [ -75.774724981841288, 5.574802336111733 ], [ -75.774746042049955, 5.574821407037771 ], [ -75.774780491090638, 5.574848093939226 ], [ -75.774815810084704, 5.574881734510704 ], [ -75.774909577249616, 5.575005164450529 ], [ -75.774980208058395, 5.575092217898418 ], [ -75.774996702245886, 5.575153938369043 ], [ -75.774997633476346, 5.575157420547395 ], [ -75.774998542372245, 5.575264607781881 ], [ -75.775001261358241, 5.575272596803081 ], [ -75.774927076570009, 5.575296871914865 ], [ -75.774650552679944, 5.575387353824108 ], [ -75.774547404669661, 5.575421105254757 ], [ -75.77453570805703, 5.575424932658502 ], [ -75.774506200772706, 5.575434587845041 ], [ -75.77445030836013, 5.575368661366235 ], [ -75.774269089577615, 5.5750792587372 ] ] ], [ [ [ -75.770296394983006, 5.574985254059278 ], [ -75.769940025035737, 5.574955017100732 ], [ -75.769795437096136, 5.574980199017728 ], [ -75.769792035552626, 5.574653205342251 ], [ -75.76974138188757, 5.574346528353208 ], [ -75.769691570648803, 5.574044961991158 ], [ -75.769339257582772, 5.572826176305295 ], [ -75.769641679142751, 5.572509682677409 ], [ -75.76983161058304, 5.572276226897404 ], [ -75.770118523271393, 5.571973418161279 ], [ -75.770258730054891, 5.571796409417391 ], [ -75.770349413907326, 5.571656853576163 ], [ -75.770408605881556, 5.571587635100441 ], [ -75.770430309162634, 5.571603053078358 ], [ -75.770448345291555, 5.57161586592079 ], [ -75.770515422516411, 5.571644528500903 ], [ -75.770578447941887, 5.571645319271313 ], [ -75.770651797505764, 5.571621082224356 ], [ -75.770711050456512, 5.57159392665025 ], [ -75.770718464386235, 5.571590528100991 ], [ -75.770780409764399, 5.571553599760942 ], [ -75.770841544981636, 5.571511488294034 ], [ -75.77087369240958, 5.571500151309091 ], [ -75.770931213957795, 5.571512818008268 ], [ -75.770964288534387, 5.571525646808078 ], [ -75.770989021252575, 5.571535239824185 ], [ -75.771045528595806, 5.57155769577569 ], [ -75.771106684819344, 5.571583931897017 ], [ -75.771226576251507, 5.571636523987936 ], [ -75.771314779106632, 5.571713636994076 ], [ -75.771340761959394, 5.571756618280213 ], [ -75.77138051552798, 5.571802478016888 ], [ -75.771391121597006, 5.571879291085751 ], [ -75.771391199113893, 5.571879852081364 ], [ -75.771403914075151, 5.571936935278811 ], [ -75.77140540748033, 5.571940250307517 ], [ -75.771421398115791, 5.571975723321119 ], [ -75.771430348451005, 5.571995576477407 ], [ -75.771438324503038, 5.572069112407192 ], [ -75.771458710100575, 5.572147318519352 ], [ -75.771460281193171, 5.572153345972442 ], [ -75.771517134156426, 5.572293491576485 ], [ -75.771575976292681, 5.572386079380856 ], [ -75.77163519897627, 5.572445932004284 ], [ -75.771778080153041, 5.572504054501596 ], [ -75.771859080752563, 5.572524648485343 ], [ -75.7719343880146, 5.572529036830511 ], [ -75.771992750570021, 5.572512297138907 ], [ -75.771993897819144, 5.572511829809931 ], [ -75.772036047126264, 5.572494672928848 ], [ -75.772065128508274, 5.572482704878596 ], [ -75.772127033698084, 5.57247568234929 ], [ -75.772195584446976, 5.572495325208032 ], [ -75.772231947227468, 5.572532273277585 ], [ -75.772268889767943, 5.572589517974414 ], [ -75.772306262680246, 5.572638880803982 ], [ -75.772361176192348, 5.572684467398128 ], [ -75.772429231314504, 5.572732298069728 ], [ -75.772506774129653, 5.572778361072752 ], [ -75.772519679536444, 5.572786027326813 ], [ -75.772657792605443, 5.572873962943484 ], [ -75.772711386666685, 5.572912730789869 ], [ -75.772749547991054, 5.572940334210688 ], [ -75.772774247038953, 5.57295196660295 ], [ -75.772810049132275, 5.572968828515893 ], [ -75.772854827742805, 5.57298120247834 ], [ -75.772843210402414, 5.57300396673103 ], [ -75.772823553678847, 5.573041992663207 ], [ -75.772812199011994, 5.573080269592256 ], [ -75.772813587105787, 5.573118945827532 ], [ -75.772818119130221, 5.573184806073614 ], [ -75.772848052858009, 5.573264448228097 ], [ -75.772963940172787, 5.573405940360269 ], [ -75.773063800143845, 5.573483313392812 ], [ -75.773179485459096, 5.573541592466132 ], [ -75.773313297605981, 5.57363850722027 ], [ -75.773352647796642, 5.573749611052918 ], [ -75.773446894848902, 5.57406052468868 ], [ -75.77358681958755, 5.574328164124739 ], [ -75.773623742079664, 5.574397406072931 ], [ -75.774055639946283, 5.574851369599409 ], [ -75.774231343073595, 5.575104076923135 ], [ -75.77441545716546, 5.575397520171526 ], [ -75.77444369029277, 5.575447107011692 ], [ -75.774421976240305, 5.575454211518839 ], [ -75.774350476822846, 5.575470892399828 ], [ -75.773962264256838, 5.575564353607332 ], [ -75.773465033336365, 5.575443431875779 ], [ -75.773352924959013, 5.57538420240089 ], [ -75.773280344134946, 5.575345856029567 ], [ -75.773092233843897, 5.57532994830857 ], [ -75.772786548146371, 5.575304097135963 ], [ -75.772465317154911, 5.575301549974902 ], [ -75.77215747561857, 5.575250466389456 ], [ -75.7717751667995, 5.575202570190372 ], [ -75.771462764169968, 5.575190070707575 ], [ -75.771131699056681, 5.575134197369278 ], [ -75.770747189609992, 5.57506574834852 ], [ -75.770746897694409, 5.575063912871368 ], [ -75.770535146071111, 5.575040162553627 ], [ -75.770296394983006, 5.574985254059278 ] ] ] ] } },
{ "type": "Feature", "properties": { "AVALUO_TER": 0.0, "AVALUO_COM": 0.0, "TERRENO_CO": "053640001000000010009000000000", "DIMENSION": 0, "ETIQUETA": "00009", "RELACION_S": 0, "ESPACIO_DE": "N", "LOCAL_ID": "3642001000000100009", "CREATED_US": "GISANT", "CREATED_DA": "2025-07-10", "LAST_EDITE": "GISANT", "LAST_EDI_1": "2025-12-01", "GLOBALID": "{80649A81-B999-4A5B-9677-5394E4A6CDCD}", "MUNICIPIO": "364", "LLAVE_GLOB": "M364{10BC86E1-EE97-3878-E063-E0C8000A14C7}", "FICHA": 13102512, "CIRULO": "004", "MATRICULA": "22744", "CIRCULO_MA": "004-22744", "VEREDA": "36420010000001", "SHAPE_AREA": 983079.63899300003, "SHAPE_LEN": 5189.1594972100002 }, "geometry": { "type": "MultiPolygon", "coordinates": [ [ [ [ -75.764845705869135, 5.561437663137136 ], [ -75.76485825047196, 5.561380330736962 ], [ -75.764873138678979, 5.561366185242724 ], [ -75.765250173504668, 5.56109141083159 ], [ -75.765430390618349, 5.561033064279426 ], [ -75.765925370063272, 5.560872811479572 ], [ -75.76599378319294, 5.560781240555578 ], [ -75.766375844484756, 5.560269851676398 ], [ -75.766523400202686, 5.560072349741064 ], [ -75.766823021488236, 5.559396993112847 ], [ -75.767263966316619, 5.558674786467148 ], [ -75.767610277276304, 5.558172469724401 ], [ -75.768584302339562, 5.559141939545342 ], [ -75.768550801161268, 5.559547102845043 ], [ -75.76857500068887, 5.559795109495381 ], [ -75.768549432365916, 5.560166983223549 ], [ -75.768821048592486, 5.560440334268084 ], [ -75.769142379220327, 5.560614613952005 ], [ -75.769686162319246, 5.560913362113595 ], [ -75.769908394071763, 5.56113701285824 ], [ -75.770455749500655, 5.56125144757551 ], [ -75.77069010633069, 5.561707886372035 ], [ -75.770798347883428, 5.562431313751691 ], [ -75.77082889654028, 5.562808696744098 ], [ -75.770166264425015, 5.564442257551163 ], [ -75.770164701938725, 5.565149718432769 ], [ -75.770728503357972, 5.565638333367702 ], [ -75.771370658972018, 5.566174284409504 ], [ -75.771981501577528, 5.566678724773504 ], [ -75.771791751267614, 5.567338606096414 ], [ -75.771332958130941, 5.569035503950525 ], [ -75.771819177516875, 5.569130910041372 ], [ -75.772399402492411, 5.569289410670006 ], [ -75.772587038624678, 5.569588533848473 ], [ -75.772444498382029, 5.570185633538552 ], [ -75.773009208786405, 5.570265492712851 ], [ -75.772961684383517, 5.570469764124939 ], [ -75.773353099417392, 5.570863667905006 ], [ -75.773932841782909, 5.571242266337639 ], [ -75.775258528909617, 5.572125716347984 ], [ -75.775236221106212, 5.572185972819906 ], [ -75.775204415869098, 5.572243033388474 ], [ -75.775147318482908, 5.572277820350707 ], [ -75.775077568492833, 5.57230305879244 ], [ -75.775039443007003, 5.572353756365996 ], [ -75.774998184384188, 5.572388578913444 ], [ -75.774966400249767, 5.57243611797921 ], [ -75.774915588433174, 5.572493137108165 ], [ -75.774874294273161, 5.572543829739244 ], [ -75.774817182440799, 5.572584964366458 ], [ -75.774766398468444, 5.572629286345301 ], [ -75.774712466967259, 5.572664080965907 ], [ -75.774674355830172, 5.572708432676406 ], [ -75.774645746155755, 5.572752803764493 ], [ -75.774630337650819, 5.572763318063326 ], [ -75.774585466528421, 5.572793932533394 ], [ -75.774525123479492, 5.572863625829943 ], [ -75.774496550220221, 5.572892127730665 ], [ -75.77439643313194, 5.572963041694826 ], [ -75.77438505987422, 5.572940237788157 ], [ -75.774378199632665, 5.572926481853552 ], [ -75.774368456006542, 5.572917351876648 ], [ -75.774306637755089, 5.572890979645376 ], [ -75.774232049110211, 5.572892086245582 ], [ -75.774157503007231, 5.57290225165508 ], [ -75.774032549756683, 5.572928507991797 ], [ -75.773910596128403, 5.572951730492208 ], [ -75.77379837360499, 5.572961318564543 ], [ -75.773705292284262, 5.572957014751221 ], [ -75.773609402654543, 5.572951098188896 ], [ -75.773514024640747, 5.572929772831944 ], [ -75.773263328659226, 5.57288318967935 ], [ -75.773109199914671, 5.572855103825984 ], [ -75.773067026314322, 5.572858235940091 ], [ -75.773031690434635, 5.572865919813149 ], [ -75.772993349254762, 5.572876388947645 ], [ -75.772958089919229, 5.572896447394442 ], [ -75.772928759587728, 5.572914331419144 ], [ -75.77289877227274, 5.57293702215421 ], [ -75.772858568324111, 5.572914806037712 ], [ -75.772835497975407, 5.572902056813401 ], [ -75.772760676520804, 5.572852973571416 ], [ -75.772759077059135, 5.572851669460833 ], [ -75.772678127018395, 5.572785727275716 ], [ -75.772582628607424, 5.572715766812087 ], [ -75.772472081591019, 5.572634782002493 ], [ -75.772397465310775, 5.572583266962885 ], [ -75.772345104652373, 5.572533735204393 ], [ -75.772285058982561, 5.572466747984691 ], [ -75.772242174316403, 5.572428717866586 ], [ -75.772207143007535, 5.572414021771492 ], [ -75.772158428867996, 5.572400371835188 ], [ -75.772108575011146, 5.57239263917291 ], [ -75.77205709762859, 5.572396738878487 ], [ -75.772013046638691, 5.572409134508951 ], [ -75.771980268385178, 5.572427739682984 ], [ -75.771940359720276, 5.572447866366191 ], [ -75.771870910879059, 5.572462945264497 ], [ -75.771801576893935, 5.572459048548543 ], [ -75.771744154815053, 5.572437793881521 ], [ -75.771684803793903, 5.572395008683301 ], [ -75.771615828407462, 5.572289669425547 ], [ -75.771598287581398, 5.572210324500517 ], [ -75.771590622852543, 5.572175651163962 ], [ -75.771585810191567, 5.572153886533875 ], [ -75.771577076003098, 5.572076453589529 ], [ -75.77156538496979, 5.572009545841963 ], [ -75.771543071345306, 5.571935771001142 ], [ -75.771520518364554, 5.571876361243958 ], [ -75.771512466860358, 5.571800203279508 ], [ -75.771510322262301, 5.57172519897516 ], [ -75.771503121037028, 5.571674121053348 ], [ -75.771499687531517, 5.571649777247274 ], [ -75.771478270533876, 5.571607302384241 ], [ -75.771442000700119, 5.571569180434931 ], [ -75.771392318746052, 5.571540573468182 ], [ -75.771322686440655, 5.571520376891278 ], [ -75.771227903465117, 5.5715093898797 ], [ -75.771183509655742, 5.571498899611481 ], [ -75.771107218232459, 5.571480870421098 ], [ -75.770926770984289, 5.57142866824695 ], [ -75.770876696798354, 5.571426848385022 ], [ -75.770834120323187, 5.571437186774201 ], [ -75.770790747610576, 5.571465124545636 ], [ -75.770745001085373, 5.571500941583849 ], [ -75.770674095732886, 5.571542695871181 ], [ -75.770617808467946, 5.571550816290418 ], [ -75.770554397238143, 5.571537014788333 ], [ -75.770488990394895, 5.571499189006821 ], [ -75.770403876109853, 5.571408829960914 ], [ -75.770402808867303, 5.571407695991044 ], [ -75.770395845984567, 5.571400305421191 ], [ -75.770360099968642, 5.571327456058576 ], [ -75.770339310613295, 5.57128508934056 ], [ -75.770334502704159, 5.5712752922192 ], [ -75.770312250594174, 5.571177840347719 ], [ -75.770304724279839, 5.57109684812867 ], [ -75.770303127871074, 5.571089073423448 ], [ -75.770288138094912, 5.571016115500873 ], [ -75.770249718000443, 5.570942512137656 ], [ -75.770208015183442, 5.570885753300735 ], [ -75.770184270358456, 5.570853435369476 ], [ -75.770123618469171, 5.570796963667016 ], [ -75.770099672524935, 5.570774668012374 ], [ -75.769937648925662, 5.570657974898506 ], [ -75.769868594218494, 5.570617202048819 ], [ -75.769813806262647, 5.570600636188717 ], [ -75.769767662086807, 5.570592243967105 ], [ -75.769702755018315, 5.570605768939918 ], [ -75.769656513122285, 5.570626768643959 ], [ -75.769608313931016, 5.570648655304108 ], [ -75.769526086374398, 5.57068924507646 ], [ -75.7694853118373, 5.570703093102273 ], [ -75.769428129292507, 5.570722513520731 ], [ -75.769350224790685, 5.570731639459088 ], [ -75.769311032676114, 5.570736230672249 ], [ -75.769241606314921, 5.570745333885865 ], [ -75.769167086750414, 5.570756532034945 ], [ -75.769099787941755, 5.570750063483032 ], [ -75.769033394330776, 5.570729981484151 ], [ -75.768934616942744, 5.570705659449233 ], [ -75.768916620938114, 5.570708715433528 ], [ -75.768806196360117, 5.570727460591532 ], [ -75.768720195134577, 5.570736382274568 ], [ -75.768667333937685, 5.570754011439982 ], [ -75.768609691149408, 5.57078401486322 ], [ -75.76855020498725, 5.570839220444798 ], [ -75.768531828824607, 5.570859541218873 ], [ -75.768504734459057, 5.570889502198312 ], [ -75.768459622076847, 5.570908196841176 ], [ -75.768401873876755, 5.570912435048626 ], [ -75.768371188478497, 5.570906740663304 ], [ -75.768332694695928, 5.570899596882554 ], [ -75.768297814221768, 5.570894159061718 ], [ -75.768208810965149, 5.570885119464953 ], [ -75.768127579146494, 5.570884472777775 ], [ -75.768103332577255, 5.570884279456664 ], [ -75.767932246979697, 5.57085828687279 ], [ -75.767868232706633, 5.570844024114129 ], [ -75.767804241626195, 5.570831053003979 ], [ -75.767728986029468, 5.570828064909347 ], [ -75.767662877015837, 5.570830612166724 ], [ -75.767544029664592, 5.570803840487897 ], [ -75.767499618181205, 5.570774938903956 ], [ -75.767484676536952, 5.570763619191415 ], [ -75.767446551894309, 5.570734735952344 ], [ -75.767397559219035, 5.570680283617545 ], [ -75.767350726211646, 5.570612285142632 ], [ -75.767310580239453, 5.570531888974467 ], [ -75.767272716067794, 5.57046363950305 ], [ -75.767236837984669, 5.570419722671588 ], [ -75.767175821103194, 5.570392582285161 ], [ -75.767118778582542, 5.570391651769318 ], [ -75.76704209412236, 5.570398351746051 ], [ -75.766942270356495, 5.570373693431121 ], [ -75.766858926251089, 5.570340256966455 ], [ -75.766792537403049, 5.570318493254576 ], [ -75.766717415682749, 5.570304014959504 ], [ -75.766628596111559, 5.570301448408058 ], [ -75.766472111009477, 5.570276150514969 ], [ -75.766449614303312, 5.570277979197272 ], [ -75.766440816874507, 5.570271090736213 ], [ -75.76631638976869, 5.570250976443195 ], [ -75.766270994689222, 5.570218555677431 ], [ -75.766243978655979, 5.570179127776383 ], [ -75.766238490789902, 5.57017112001579 ], [ -75.76620890980756, 5.570115327910238 ], [ -75.766182022224839, 5.570086184727059 ], [ -75.766177929366705, 5.570083221773863 ], [ -75.766154130844583, 5.570065990100804 ], [ -75.766119625196666, 5.570058708071491 ], [ -75.766073314435701, 5.570060033029889 ], [ -75.766023214205518, 5.570062108906559 ], [ -75.765969196326225, 5.570060488787845 ], [ -75.765907268816207, 5.570048895301111 ], [ -75.765877152030782, 5.570039580405616 ], [ -75.765839758098636, 5.570020295499767 ], [ -75.765827182286884, 5.57000283751903 ], [ -75.765808594723964, 5.569953724656484 ], [ -75.765761552179384, 5.569886981625138 ], [ -75.765718557565648, 5.569850036908703 ], [ -75.765682942464863, 5.569826235545666 ], [ -75.76563593124537, 5.569792979792495 ], [ -75.765607725240926, 5.569773027057233 ], [ -75.765578246030799, 5.569676111145502 ], [ -75.765580098260486, 5.569625970255212 ], [ -75.765580445845771, 5.569616570983823 ], [ -75.765581413260577, 5.569590396601294 ], [ -75.765577222132279, 5.569555634358931 ], [ -75.765556746684013, 5.56948328392854 ], [ -75.76552525554888, 5.56940237314556 ], [ -75.765505845938591, 5.569366141119851 ], [ -75.765448806900636, 5.569298653101497 ], [ -75.765392205037415, 5.56924573044477 ], [ -75.765322378147573, 5.569195092745718 ], [ -75.765303357026653, 5.569183460340835 ], [ -75.765256013240148, 5.569154507158028 ], [ -75.76523712802495, 5.569146853374384 ], [ -75.765211959488241, 5.569136652792851 ], [ -75.765199020419217, 5.569131408177102 ], [ -75.765138371387565, 5.569112857946159 ], [ -75.764997871423105, 5.569080831203488 ], [ -75.764939852066263, 5.569056616994031 ], [ -75.764893848685659, 5.569033959029848 ], [ -75.764839949829081, 5.568978692258121 ], [ -75.764775285168056, 5.568834225517851 ], [ -75.764721968691646, 5.568732364600089 ], [ -75.764607102296509, 5.568663924863796 ], [ -75.76457167889636, 5.568648294342059 ], [ -75.764531058745803, 5.568630369538263 ], [ -75.764468789976462, 5.56859767609721 ], [ -75.764405225988781, 5.568563134688874 ], [ -75.764345363269754, 5.568532519001879 ], [ -75.764328212704072, 5.568523630345878 ], [ -75.764317250138475, 5.56851755019511 ], [ -75.764299769181321, 5.568507852229703 ], [ -75.764274000885948, 5.568481679483155 ], [ -75.764230123648062, 5.568437118254699 ], [ -75.764174786462831, 5.568363459657454 ], [ -75.76413140053242, 5.568314562485184 ], [ -75.764121079664292, 5.568302930760782 ], [ -75.764072010160575, 5.568251046428236 ], [ -75.763963193786196, 5.568139087279232 ], [ -75.763925754289374, 5.568100567741994 ], [ -75.763899133943823, 5.568085699465706 ], [ -75.763862288047847, 5.568083637784326 ], [ -75.763818574281672, 5.56810239869578 ], [ -75.763725881254146, 5.568130063947777 ], [ -75.763665518151853, 5.568133672026646 ], [ -75.763597851829772, 5.568122492004214 ], [ -75.763543118202151, 5.56810593414157 ], [ -75.763459911582871, 5.568075200968216 ], [ -75.763314589127745, 5.568020732667299 ], [ -75.763224147558446, 5.567985372534635 ], [ -75.763147492724102, 5.567954590479701 ], [ -75.763088881559327, 5.567925150216557 ], [ -75.763053197379605, 5.567908536362885 ], [ -75.763033491284517, 5.567899361330483 ], [ -75.762971413453528, 5.567878736546573 ], [ -75.762945662882785, 5.56787429502564 ], [ -75.76290340532006, 5.567867004797862 ], [ -75.762832038995484, 5.567867803339482 ], [ -75.762730246490278, 5.567889400297332 ], [ -75.762579619144873, 5.567895600313747 ], [ -75.762428819357112, 5.567896373670907 ], [ -75.762428525185697, 5.567889606129457 ], [ -75.762651524835491, 5.566663977631416 ], [ -75.763739525015481, 5.564491476225429 ], [ -75.763838678111142, 5.56429497302319 ], [ -75.764282988953795, 5.563563064216864 ], [ -75.764363713716492, 5.563420201282461 ], [ -75.764649875512191, 5.562913758102268 ], [ -75.764841652350455, 5.562114620932414 ], [ -75.76488743561427, 5.56192383811447 ], [ -75.764845705869135, 5.561437663137136 ] ] ] ] } },
{ "type": "Feature", "properties": { "AVALUO_TER": 0.0, "AVALUO_COM": 0.0, "TERRENO_CO": "053640001000000010151000000000", "DIMENSION": 0, "ETIQUETA": "00151", "RELACION_S": 0, "ESPACIO_DE": "N", "LOCAL_ID": "3642001000000100151", "CREATED_US": "GISANT", "CREATED_DA": "2025-07-10", "LAST_EDITE": "GISANT", "LAST_EDI_1": "2025-12-01", "GLOBALID": "{D7A59E6D-1AA3-48CE-86D3-8E68B416C856}", "MUNICIPIO": "364", "LLAVE_GLOB": "M364{10BC86E1-ED6D-3878-E063-E0C8000A14C7}", "FICHA": 13102652, "CIRULO": "004", "MATRICULA": "22745", "CIRCULO_MA": "004-22745", "VEREDA": "36420010000001", "SHAPE_AREA": 4428.7678036999996, "SHAPE_LEN": 356.679000336 }, "geometry": { "type": "MultiPolygon", "coordinates": [ [ [ [ -75.77297407064431, 5.572981468867106 ], [ -75.772979205499041, 5.572977432904207 ], [ -75.772979721652661, 5.572976488544192 ], [ -75.773004284103848, 5.57294711066016 ], [ -75.773028109228193, 5.572930181083526 ], [ -75.773054986794946, 5.572917713535895 ], [ -75.773082373117802, 5.57291175843709 ], [ -75.773117722822789, 5.57290913306065 ], [ -75.773186205546011, 5.572924488002201 ], [ -75.773239944970314, 5.572939038527762 ], [ -75.77333574320204, 5.57296183849843 ], [ -75.773537893736801, 5.573008596501968 ], [ -75.77370754210213, 5.573033464018717 ], [ -75.773815254542882, 5.573026161973574 ], [ -75.773929289716804, 5.573015863873068 ], [ -75.774026080645996, 5.57299497130577 ], [ -75.774121207435371, 5.572976445909381 ], [ -75.774218017090078, 5.572952545863284 ], [ -75.774288788819973, 5.572940888403433 ], [ -75.77432964127587, 5.572957680547324 ], [ -75.774351907637651, 5.572987486308261 ], [ -75.774339158849756, 5.572995702334414 ], [ -75.77412459538894, 5.573081966709601 ], [ -75.774063544641649, 5.573101275685191 ], [ -75.774017791748335, 5.573128192578478 ], [ -75.773983497024432, 5.573155077143739 ], [ -75.773937727091365, 5.573176254870433 ], [ -75.77390535220762, 5.573206960463182 ], [ -75.773878706400524, 5.5732376480852 ], [ -75.773860791620507, 5.573284695098788 ], [ -75.773828341170287, 5.573282023211873 ], [ -75.773807680197095, 5.573283007403518 ], [ -75.77379349849187, 5.573283681724371 ], [ -75.773788499250301, 5.573284262132796 ], [ -75.773733127053291, 5.57329068999924 ], [ -75.773594343160653, 5.573305860966126 ], [ -75.773527249134986, 5.573320928084337 ], [ -75.773463830400857, 5.57332668967475 ], [ -75.773410376989716, 5.573314429927538 ], [ -75.77335646402183, 5.573285769971372 ], [ -75.773300339545173, 5.573248625007534 ], [ -75.773237602755799, 5.573186720977464 ], [ -75.773183652392476, 5.573133759989068 ], [ -75.773134202008663, 5.57307803245217 ], [ -75.773099899243505, 5.573047490185882 ], [ -75.773026781685886, 5.573012160871009 ], [ -75.772988172660448, 5.572989571503221 ], [ -75.77297407064431, 5.572981468867106 ] ] ] ] } }
]
}
