{
"type": "FeatureCollection",
"name": "ProyectoJardinRioSucio2",
"features": [
{ "type": "Feature", "properties": { "Layer": "0", "PaperSpace": null, "SubClasses": "AcDbEntity:AcDbPolyline", "Linetype": null, "EntityHandle": "6FFB", "Text": null }, "geometry": { "type": "LineString", "coordinates": [ [ 4691367.351368507370353, 2175589.138927558902651 ], [ 4691380.036630904302001, 2175589.845920622814447 ], [ 4691380.036630904302001, 2175589.845920622814447 ], [ 4691382.772697634994984, 2175589.995731907896698 ], [ 4691382.772697634994984, 2175589.995731907896698 ], [ 4691384.151180818676949, 2175590.067161269951612 ], [ 4691384.151180818676949, 2175590.067161269951612 ], [ 4691386.45385449193418, 2175590.172960397787392 ], [ 4691386.45385449193418, 2175590.172960397787392 ], [ 4691388.308957925997674, 2175590.241868724115193 ], [ 4691388.308957925997674, 2175590.241868724115193 ], [ 4691390.542715471237898, 2175590.298649492207915 ], [ 4691390.542715471237898, 2175590.298649492207915 ], [ 4691392.510583780705929, 2175590.319846351165324 ], [ 4691392.510583780705929, 2175590.319846351165324 ], [ 4691394.529249996878207, 2175590.307872396893799 ], [ 4691398.703726053237915, 2175590.465080638881773 ], [ 4691399.750507785007358, 2175590.479636106174439 ], [ 4691400.048393107950687, 2175590.479487904813141 ], [ 4691401.1028051674366, 2175590.390421627089381 ], [ 4691402.128055915236473, 2175590.289410753175616 ], [ 4691403.151801493018866, 2175590.174122253898531 ], [ 4691404.173843322321773, 2175590.044578410219401 ], [ 4691405.193983333185315, 2175589.900804743170738 ], [ 4691406.212023897096515, 2175589.742829219903797 ], [ 4691407.227767882868648, 2175589.570682797115296 ], [ 4691408.241018649190664, 2175589.384399046190083 ], [ 4691409.251580354757607, 2175589.184014506172389 ], [ 4691410.259257433004677, 2175588.969568076077849 ], [ 4691411.263855542987585, 2175588.741102112922817 ], [ 4691412.265180664137006, 2175588.498660808894783 ], [ 4691413.263039981015027, 2175588.242292035836726 ], [ 4691414.257241388782859, 2175587.972045581787825 ], [ 4691415.247593876905739, 2175587.687974608037621 ], [ 4691416.233907634392381, 2175587.390134605113417 ], [ 4691417.214679909870028, 2175587.079000661149621 ], [ 4691417.714487397111952, 2175586.91466164495796 ], [ 4691417.988139074295759, 2175586.815227583050728 ], [ 4691428.360791967250407, 2175582.123867340851575 ], [ 4691428.360791967250407, 2175582.123867340851575 ], [ 4691431.134774314239621, 2175580.765579843893647 ], [ 4691445.512666299007833, 2175573.171749566216022 ], [ 4691454.726908239535987, 2175568.6939871259965 ], [ 4691456.294642992317677, 2175567.943603375926614 ], [ 4691457.628852954134345, 2175567.315674195997417 ], [ 4691458.981869664043188, 2175566.690889575984329 ], [ 4691460.099196333438158, 2175566.187028212938458 ], [ 4691461.237517250701785, 2175565.688323691952974 ], [ 4691462.14051606412977, 2175565.304861996788532 ], [ 4691463.048243813216686, 2175564.929558959789574 ], [ 4691463.959993844851851, 2175564.562607525847852 ], [ 4691464.875691668130457, 2175564.203913139179349 ], [ 4691465.794849451631308, 2175563.853516752831638 ], [ 4691466.95006640534848, 2175563.426397209987044 ], [ 4691468.110804875381291, 2175563.011530056130141 ], [ 4691469.042702021077275, 2175562.688934478908777 ], [ 4691470.213661637157202, 2175562.294828609097749 ], [ 4691478.726406169123948, 2175559.523803671821952 ], [ 4691509.774033271707594, 2175550.729754208121449 ], [ 4691529.26561981998384, 2175545.54543331079185 ], [ 4691530.950137782841921, 2175545.10750874876976 ], [ 4691532.395434761419892, 2175544.741156572010368 ], [ 4691534.086108810268342, 2175544.32697833282873 ], [ 4691535.539568183012307, 2175543.986222174949944 ], [ 4691536.510868592187762, 2175543.76822151709348 ], [ 4691537.484994928352535, 2175543.557527847122401 ], [ 4691538.709658141247928, 2175543.306816422846168 ], [ 4691539.684375923126936, 2175543.118496354203671 ], [ 4691540.655840465798974, 2175542.942398429848254 ], [ 4691541.630853064358234, 2175542.777395143173635 ], [ 4691542.609548623673618, 2175542.624211749061942 ], [ 4691543.591112858615816, 2175542.483871093019843 ], [ 4691544.561124891974032, 2175542.359548467211425 ], [ 4691545.534489149227738, 2175542.249028326012194 ], [ 4691546.265825379639864, 2175542.176655928138644 ], [ 4691546.999549419619143, 2175542.111675653140992 ], [ 4691547.735556301660836, 2175542.056210312061012 ], [ 4691548.472319078631699, 2175542.008607428055257 ], [ 4691549.461336457170546, 2175541.960913199931383 ], [ 4691550.203367146663368, 2175541.935417110100389 ], [ 4691551.199555093422532, 2175541.916454745922238 ], [ 4691552.18356607388705, 2175541.915157073177397 ], [ 4691553.171692159026861, 2175541.930320923216641 ], [ 4691553.901022411882877, 2175541.952851080801338 ], [ 4691554.632365413941443, 2175541.98454013094306 ], [ 4691555.364493859931827, 2175542.025326238013804 ], [ 4691556.097411614842713, 2175542.075180931948125 ], [ 4691556.830567589960992, 2175542.13402548385784 ], [ 4691557.564616420306265, 2175542.202918121125549 ], [ 4691558.300068502314389, 2175542.28087676409632 ], [ 4691559.036449098959565, 2175542.367840729188174 ], [ 4691559.773835878819227, 2175542.463761488907039 ], [ 4691560.510943775065243, 2175542.568422758951783 ], [ 4691561.490419030189514, 2175542.722522578202188 ], [ 4691562.222357521764934, 2175542.847380296792835 ], [ 4691562.946677112020552, 2175542.979187733959407 ], [ 4691563.919068255461752, 2175543.169314057100564 ], [ 4691564.874944480136037, 2175543.371107609011233 ], [ 4691565.829979190602899, 2175543.586351482197642 ], [ 4691566.783894246444106, 2175543.814436107873917 ], [ 4691567.73677344340831, 2175544.054730113130063 ], [ 4691568.68846682459116, 2175544.306428621988744 ], [ 4691569.639476701617241, 2175544.569493831135333 ], [ 4691570.589867972768843, 2175544.841762966942042 ], [ 4691578.60560268163681, 2175547.220521204173565 ], [ 4691578.60560268163681, 2175547.220521204173565 ], [ 4691579.503246465697885, 2175547.5380500247702 ], [ 4691610.514623002149165, 2175558.521771859843284 ], [ 4691615.97358894534409, 2175560.838522417936474 ], [ 4691618.076862636953592, 2175561.742152373772115 ], [ 4691619.956581195816398, 2175562.56041742907837 ], [ 4691621.853449800051749, 2175563.397986001800746 ], [ 4691623.074416033923626, 2175563.93737564701587 ], [ 4691623.590372587554157, 2175564.129252451937646 ], [ 4691624.091958080418408, 2175564.3074333621189 ], [ 4691624.596030871383846, 2175564.478189168032259 ], [ 4691625.102475810796022, 2175564.641480350866914 ], [ 4691625.611176730133593, 2175564.797268926165998 ], [ 4691626.122016504406929, 2175564.945518346969038 ], [ 4691626.634876571595669, 2175565.08619328495115 ], [ 4691627.149637410417199, 2175565.219260334037244 ], [ 4691627.666178397834301, 2175565.344687107950449 ], [ 4691628.184377295896411, 2175565.462442887015641 ], [ 4691628.704111187718809, 2175565.57249865680933 ], [ 4691629.225255501456559, 2175565.674826257862151 ], [ 4691629.747684138827026, 2175565.76939958287403 ], [ 4691630.271270224824548, 2175565.856193813029677 ], [ 4691630.795885146595538, 2175565.935185309965163 ], [ 4691631.321398371830583, 2175566.006351912859827 ], [ 4691631.847678273916245, 2175566.069673324935138 ], [ 4691632.37459169421345, 2175566.125130136031657 ], [ 4691632.90200340282172, 2175566.172704460099339 ], [ 4691633.42977652233094, 2175566.212379750795662 ], [ 4691633.957772343419492, 2175566.244140759110451 ], [ 4691634.485850035212934, 2175566.267973381094635 ], [ 4691635.013866609893739, 2175566.283864879980683 ], [ 4691635.541677411645651, 2175566.291803678032011 ], [ 4691636.069134942255914, 2175566.291778719052672 ], [ 4691636.596089095808566, 2175566.283780476078391 ], [ 4691637.122387959621847, 2175566.267800094094127 ], [ 4691637.647876384668052, 2175566.243828945793211 ], [ 4691638.17239613365382, 2175566.211859342176467 ], [ 4691638.695786571130157, 2175566.171883822884411 ], [ 4691639.217883393168449, 2175566.123894629068673 ], [ 4691639.738519370555878, 2175566.067884217016399 ], [ 4691640.257523663341999, 2175566.003843725193292 ], [ 4691640.774721398018301, 2175565.931763728149235 ], [ 4691641.289934259839356, 2175565.851633171085268 ], [ 4691641.80298032425344, 2175565.763438760768622 ], [ 4691642.313622979447246, 2175565.667173360940069 ], [ 4691642.820452688261867, 2175565.563136465847492 ], [ 4691643.093295904807746, 2175565.503385200165212 ], [ 4691643.837019433267415, 2175565.297760329209268 ], [ 4691646.424583679065108, 2175564.57721848692745 ], [ 4691646.602411118336022, 2175564.531304544769228 ], [ 4691647.343656498007476, 2175564.354660023935139 ], [ 4691648.093996953219175, 2175564.165687260217965 ], [ 4691648.841325338929892, 2175563.968173760920763 ], [ 4691649.830521175637841, 2175563.694014914799482 ], [ 4691650.814231595024467, 2175563.409315054770559 ], [ 4691652.032958952710032, 2175563.044513951987028 ], [ 4691658.162455429323018, 2175561.193600649014115 ], [ 4691687.074673206545413, 2175554.405843582935631 ], [ 4691687.074673206545413, 2175554.405843582935631 ], [ 4691695.950857823714614, 2175551.996534842997789 ], [ 4691704.640088909305632, 2175548.981790225952864 ], [ 4691713.104825881309807, 2175545.963088219985366 ], [ 4691715.501474650576711, 2175545.120262674987316 ], [ 4691717.679654569365084, 2175544.366960159037262 ], [ 4691719.641795896925032, 2175543.700463064946234 ], [ 4691720.902023853734136, 2175543.274010218214244 ], [ 4691721.411635069176555, 2175543.072083067148924 ], [ 4691721.904853791929781, 2175542.867663125041872 ], [ 4691722.394687846302986, 2175542.655598470009863 ], [ 4691722.881007825955749, 2175542.435944572091103 ], [ 4691723.363683836534619, 2175542.208759225904942 ], [ 4691723.842586144804955, 2175541.974102799780667 ], [ 4691724.317585179582238, 2175541.732037760782987 ], [ 4691724.78855085093528, 2175541.48262907192111 ], [ 4691725.255353659391403, 2175541.225944268982857 ], [ 4691725.7178635597229, 2175540.962052775081247 ], [ 4691726.175950272008777, 2175540.691026972141117 ], [ 4691726.629483393393457, 2175540.412941482849419 ], [ 4691727.07833213172853, 2175540.127873556222767 ], [ 4691727.522365534678102, 2175539.835902878083289 ], [ 4691727.961451825685799, 2175539.53711160318926 ], [ 4691728.395458651706576, 2175539.231584826949984 ], [ 4691728.824253432452679, 2175538.919410019181669 ], [ 4691729.247702312655747, 2175538.600677147973329 ], [ 4691729.665670533664525, 2175538.275479251053184 ], [ 4691730.078022683039308, 2175537.94391170097515 ], [ 4691730.484621555544436, 2175537.606072459835559 ], [ 4691730.885328778065741, 2175537.26206244295463 ], [ 4691731.280004279688001, 2175536.911984805949032 ], [ 4691731.66850605327636, 2175536.555945370811969 ], [ 4691732.050689692609012, 2175536.194052455946803 ], [ 4691732.426408744417131, 2175535.826416718773544 ], [ 4691732.79551369510591, 2175535.453150601126254 ], [ 4691733.157851523719728, 2175535.074368909932673 ], [ 4691733.513266103342175, 2175534.690187933854759 ], [ 4691733.861596633680165, 2175534.30072510894388 ], [ 4691734.2026780070737, 2175533.906099011190236 ], [ 4691734.536339522339404, 2175533.506428184919059 ], [ 4691734.86240469943732, 2175533.101830957923084 ], [ 4691735.180683682672679, 2175532.692432262934744 ], [ 4691735.491983228363097, 2175532.277037985157222 ], [ 4691735.792933507822454, 2175531.856419933028519 ], [ 4691737.228275611996651, 2175529.775330393109471 ], [ 4691737.584268512204289, 2175529.291505015920848 ], [ 4691738.040069858543575, 2175528.671683891210705 ], [ 4691738.490875337272882, 2175528.042789665050805 ], [ 4691739.078984591178596, 2175527.200475042220205 ], [ 4691739.655775623396039, 2175526.353545698802918 ], [ 4691740.362401847727597, 2175525.29532686714083 ], [ 4691741.874921078793705, 2175523.020472011063248 ], [ 4691743.71255643106997, 2175520.370968393050134 ], [ 4691745.277629340067506, 2175518.135672652162611 ], [ 4691746.421830971725285, 2175516.519030990079045 ], [ 4691747.429370121099055, 2175515.112381435930729 ], [ 4691748.299145511351526, 2175513.914292690809816 ], [ 4691749.17689919937402, 2175512.72409327281639 ], [ 4691749.915493560023606, 2175511.740271750837564 ], [ 4691750.663078508339822, 2175510.763933287002146 ], [ 4691751.268119796179235, 2175509.990244573913515 ], [ 4691751.881499297916889, 2175509.222936789039522 ], [ 4691752.347424143925309, 2175508.654138526879251 ], [ 4691752.979214077815413, 2175507.900307901203632 ], [ 4691753.460621161386371, 2175507.343688751105219 ], [ 4691753.951081953011453, 2175506.792251511011273 ], [ 4691754.451428326778114, 2175506.246953684836626 ], [ 4691754.789854155853391, 2175505.889236012939364 ], [ 4691755.127380760386586, 2175505.541225404944271 ], [ 4691755.650094497948885, 2175505.021600329782814 ], [ 4691755.996536063961685, 2175504.691684335935861 ], [ 4691756.350832669064403, 2175504.365348454099149 ], [ 4691756.710014384239912, 2175504.045992008876055 ], [ 4691757.266857208684087, 2175503.574647277127951 ], [ 4691757.842832745052874, 2175503.114388477057219 ], [ 4691758.225762411020696, 2175502.820424238219857 ], [ 4691758.61114467214793, 2175502.537320765201002 ], [ 4691759.004103478044271, 2175502.258681432809681 ], [ 4691759.401852886192501, 2175501.986483245156705 ], [ 4691759.808648956008255, 2175501.720316311810166 ], [ 4691760.218329019844532, 2175501.459456391166896 ], [ 4691760.842765064910054, 2175501.084151110146195 ], [ 4691761.481270129792392, 2175500.721280332189053 ], [ 4691761.902684764005244, 2175500.494361512828618 ], [ 4691762.331641908735037, 2175500.272136841900647 ], [ 4691762.763345466926694, 2175500.05705626681447 ], [ 4691763.424805778078735, 2175499.745684639085084 ], [ 4691764.100390582345426, 2175499.448586349841207 ], [ 4691764.545802854932845, 2175499.26194113586098 ], [ 4691765.231073066592216, 2175498.990650990977883 ], [ 4691765.912248035892844, 2175498.739951518829912 ], [ 4691766.366316032595932, 2175498.581933437846601 ], [ 4691767.298255883157253, 2175498.280998026952147 ], [ 4691768.005689701996744, 2175498.072692458052188 ], [ 4691768.481320108287036, 2175497.940284173004329 ], [ 4691768.951972152106464, 2175497.815412302967161 ], [ 4691769.670437259599566, 2175497.636866685934365 ], [ 4691770.379120125435293, 2175497.474683051928878 ], [ 4691775.273850946687162, 2175496.433998239226639 ], [ 4691790.311878630891442, 2175494.265186860226095 ], [ 4691798.751638300716877, 2175493.48404009686783 ], [ 4691801.283207651227713, 2175493.261119430884719 ], [ 4691803.581277414225042, 2175493.070923584979028 ], [ 4691805.647935640066862, 2175492.911418909206986 ], [ 4691806.449893693439662, 2175492.852422409225255 ], [ 4691806.992697444744408, 2175492.785733134951442 ], [ 4691807.520452523604035, 2175492.711814261041582 ], [ 4691808.046094576828182, 2175492.630280313082039 ], [ 4691808.570367519743741, 2175492.541027721017599 ], [ 4691809.093148725107312, 2175492.444076887797564 ], [ 4691809.614315475337207, 2175492.339449486229569 ], [ 4691810.133744192309678, 2175492.227169204968959 ], [ 4691810.651310971006751, 2175492.107261646073312 ], [ 4691811.166891297325492, 2175491.979754202067852 ], [ 4691811.68036017101258, 2175491.844676238019019 ], [ 4691812.191591905429959, 2175491.702058867085725 ], [ 4691812.700460122898221, 2175491.551935201976448 ], [ 4691813.206837565638125, 2175491.394340204074979 ], [ 4691813.710596144199371, 2175491.229310987982899 ], [ 4691814.21160739287734, 2175491.056886510923505 ], [ 4691814.709741168655455, 2175490.877107413019985 ], [ 4691815.204866787418723, 2175490.690016871783882 ], [ 4691815.696852219291031, 2175490.495659376028925 ], [ 4691816.185564102604985, 2175490.294081897009164 ], [ 4691816.670867828652263, 2175490.085333091206849 ], [ 4691817.152627165429294, 2175489.869463717099279 ], [ 4691817.630704545415938, 2175489.646526354830712 ], [ 4691818.104960271157324, 2175489.416575286071748 ], [ 4691818.57525247335434, 2175489.179666988085955 ], [ 4691819.041437760926783, 2175488.935859635006636 ], [ 4691819.50337000284344, 2175488.685212702956051 ], [ 4691819.960900609381497, 2175488.427787513006479 ], [ 4691820.413877801038325, 2175488.163646569941193 ], [ 4691820.862147185951471, 2175487.892853877041489 ], [ 4691821.305550778284669, 2175487.615473845973611 ], [ 4691821.743926635943353, 2175487.331571957096457 ], [ 4691822.1771091343835, 2175487.041213783901185 ], [ 4691822.604928025975823, 2175486.744464490097016 ], [ 4691823.027208044193685, 2175486.441388625185937 ], [ 4691823.443734902888536, 2175486.132074363995343 ], [ 4691823.853307751007378, 2175485.817432273179293 ], [ 4691824.069207758642733, 2175485.647001260891557 ], [ 4691825.403772449120879, 2175484.492824856191874 ], [ 4691826.523277834057808, 2175483.523665500804782 ], [ 4691827.228411830961704, 2175482.95959160476923 ], [ 4691827.826709221117198, 2175482.468010790180415 ], [ 4691828.612449143081903, 2175481.805013846140355 ], [ 4691829.38819220289588, 2175481.133266799151897 ], [ 4691830.343805825337768, 2175480.287096336949617 ], [ 4691831.661778788082302, 2175479.100974923931062 ], [ 4691832.384384668432176, 2175478.454082217998803 ], [ 4691840.418734009377658, 2175471.558583912905306 ], [ 4691848.940375152043998, 2175464.973342510871589 ], [ 4691850.319253653287888, 2175463.92070331517607 ], [ 4691851.505333054810762, 2175463.026682685129344 ], [ 4691852.697511061094701, 2175462.142144614830613 ], [ 4691853.696337425149977, 2175461.414128041826189 ], [ 4691854.701164823025465, 2175460.695571183227003 ], [ 4691855.715439544990659, 2175459.989631947129965 ], [ 4691856.534009166061878, 2175459.435910928063095 ], [ 4691857.36310120113194, 2175458.891905426047742 ], [ 4691857.989233813248575, 2175458.491722045931965 ], [ 4691858.835771893151104, 2175457.967581720091403 ], [ 4691859.680914804339409, 2175457.464944455772638 ], [ 4691860.323714639060199, 2175457.095905024092644 ], [ 4691860.960529371164739, 2175456.743489449843764 ], [ 4691861.603957763873041, 2175456.399869469925761 ], [ 4691862.25383737962693, 2175456.06561032216996 ], [ 4691862.910436172969639, 2175455.741035345941782 ], [ 4691863.350908958353102, 2175455.532283537089825 ], [ 4691864.020121239125729, 2175455.224322320893407 ], [ 4691864.698218408972025, 2175454.929471155162901 ], [ 4691865.153762600384653, 2175454.73877611476928 ], [ 4691865.60462462157011, 2175454.556238108780235 ], [ 4691866.293624291196465, 2175454.290068631060421 ], [ 4691866.97469468228519, 2175454.042738222982734 ], [ 4691867.66308321710676, 2175453.806924356147647 ], [ 4691868.358074047602713, 2175453.58293557818979 ], [ 4691869.058852961286902, 2175453.37103913910687 ], [ 4691869.766231627203524, 2175453.17266517598182 ], [ 4691870.483463319018483, 2175452.987016043160111 ], [ 4691870.963947500102222, 2175452.869815648067743 ], [ 4691871.43869134131819, 2175452.75996136199683 ], [ 4691872.162117928266525, 2175452.604816584847867 ], [ 4691872.875419419258833, 2175452.466489375103265 ], [ 4691873.592337861657143, 2175452.340654051862657 ], [ 4691874.560734724625945, 2175452.19278024090454 ], [ 4691875.045444722287357, 2175452.128150638192892 ], [ 4691875.531964464113116, 2175452.067600321955979 ], [ 4691876.270276149734855, 2175451.989414384122938 ], [ 4691876.75387107860297, 2175451.944686152040958 ], [ 4691877.490971461869776, 2175451.887805562000722 ], [ 4691878.230345567688346, 2175451.843410404864699 ], [ 4691878.957800574600697, 2175451.813143155071884 ], [ 4691879.686920952051878, 2175451.794817179907113 ], [ 4691880.667025624774396, 2175451.79010131303221 ], [ 4691881.402957998216152, 2175451.800441757775843 ], [ 4691882.142799890600145, 2175451.822267941199243 ], [ 4691882.884685472585261, 2175451.855304026044905 ], [ 4691883.620977655053139, 2175451.900126344989985 ], [ 4691884.359416413120925, 2175451.955544699914753 ], [ 4691885.092449875548482, 2175452.021631258074194 ], [ 4691885.827086490578949, 2175452.096237176097929 ], [ 4691886.553346998989582, 2175452.180049126967788 ], [ 4691887.525173040106893, 2175452.305264601949602 ], [ 4691888.497164026834071, 2175452.444133209995925 ], [ 4691889.469228611327708, 2175452.595249150879681 ], [ 4691897.399977929890156, 2175453.932409286033362 ], [ 4691930.885188121348619, 2175461.194662509020418 ], [ 4691939.565779596567154, 2175463.49584035994485 ], [ 4691940.580978238023818, 2175463.722068151924759 ], [ 4691941.589027398265898, 2175463.931943022180349 ], [ 4691942.599829586222768, 2175464.127667645923793 ], [ 4691943.613174078986049, 2175464.309192990884185 ], [ 4691944.628847045823932, 2175464.476470863912255 ], [ 4691945.646631190553308, 2175464.629454234149307 ], [ 4691946.666305524297059, 2175464.76809663977474 ], [ 4691947.68764454126358, 2175464.892351756803691 ], [ 4691948.710417712107301, 2175465.002173462882638 ], [ 4691949.734388807788491, 2175465.09751503309235 ], [ 4691950.759314984083176, 2175465.178328895941377 ], [ 4691951.784946004860103, 2175465.244565874803811 ], [ 4691952.811022591777146, 2175465.296174120157957 ], [ 4691953.837275693193078, 2175465.333099321927875 ], [ 4691954.86342459730804, 2175465.355282214935869 ], [ 4691955.889175270684063, 2175465.36265880195424 ], [ 4691956.913485175929964, 2175465.355163211934268 ], [ 4691957.682334671728313, 2175465.339711370877922 ], [ 4691958.449730674736202, 2175465.315822773147374 ], [ 4691959.21624899841845, 2175465.283440507948399 ], [ 4691959.981730249710381, 2175465.242517339996994 ], [ 4691960.746007111854851, 2175465.193000026978552 ], [ 4691961.50890308432281, 2175465.134827680885792 ], [ 4691962.270232174545527, 2175465.067931098863482 ], [ 4691963.029797953553498, 2175464.992230132222176 ], [ 4691963.787393122911453, 2175464.907632398884743 ], [ 4691964.546861633658409, 2175464.813526377081871 ], [ 4691966.037330503575504, 2175464.584639631211758 ], [ 4691984.306268299929798, 2175461.837463131174445 ], [ 4692033.864586860872805, 2175455.134522700216621 ], [ 4692052.644123720005155, 2175452.936999731231481 ], [ 4692054.364446558058262, 2175452.746497810818255 ], [ 4692055.837988219223917, 2175452.59374213218689 ], [ 4692057.311628193594515, 2175452.452582423109561 ], [ 4692058.538927963934839, 2175452.345594468060881 ], [ 4692059.767061534337699, 2175452.249969361815602 ], [ 4692060.99639527220279, 2175452.165949109941721 ], [ 4692061.979672430083156, 2175452.108352254144847 ], [ 4692062.963928329758346, 2175452.059862431138754 ], [ 4692063.949564499780536, 2175452.02173350378871 ], [ 4692064.935535024851561, 2175451.993302817922086 ], [ 4692066.172198746353388, 2175451.974625709000975 ], [ 4692067.162433619610965, 2175451.972323839087039 ], [ 4692068.154865952208638, 2175451.982180900871754 ], [ 4692069.149953161366284, 2175452.005598391871899 ], [ 4692070.14796117413789, 2175452.042294817976654 ], [ 4692071.132421252317727, 2175452.092686759773642 ], [ 4692072.118327680043876, 2175452.156898153945804 ], [ 4692073.098523645661771, 2175452.23563125403598 ], [ 4692073.834618086926639, 2175452.303058394230902 ], [ 4692074.80798043590039, 2175452.405762991867959 ], [ 4692075.781447439454496, 2175452.522602124139667 ], [ 4692076.510052610188723, 2175452.620223601814359 ], [ 4692077.485001004301012, 2175452.762053254060447 ], [ 4692078.214174286462367, 2175452.878268742002547 ], [ 4692078.944715615361929, 2175453.002643411047757 ], [ 4692079.675524117425084, 2175453.13501376984641 ], [ 4692080.406678928993642, 2175453.275373890064657 ], [ 4692081.13736966624856, 2175453.423563622869551 ], [ 4692082.113880917429924, 2175453.634493689052761 ], [ 4692083.074600806459785, 2175453.856619438156486 ], [ 4692084.034738049842417, 2175454.092319490853697 ], [ 4692084.986950471065938, 2175454.340461993124336 ], [ 4692085.70094823744148, 2175454.534368842840195 ], [ 4692086.642753478139639, 2175454.802733386866748 ], [ 4692087.582246324047446, 2175455.083315384108573 ], [ 4692088.519680607132614, 2175455.375872901175171 ], [ 4692089.454850468784571, 2175455.6799650429748 ], [ 4692090.388272969983518, 2175455.99611569615081 ], [ 4692091.319740707986057, 2175456.322242822032422 ], [ 4692092.482498489320278, 2175456.745171102229506 ], [ 4692093.643443755805492, 2175457.183552961796522 ], [ 4692094.57059919834137, 2175457.543507912196219 ], [ 4692102.538969261571765, 2175460.708974727895111 ], [ 4692102.538969261571765, 2175460.708974727895111 ], [ 4692104.400415375828743, 2175461.560477655846626 ], [ 4692107.63319418206811, 2175463.042151236906648 ], [ 4692119.640106341801584, 2175468.837370589841157 ], [ 4692120.570694620721042, 2175469.286029108799994 ], [ 4692121.280472256243229, 2175469.614932869095355 ], [ 4692121.994623539969325, 2175469.933397551998496 ], [ 4692122.713306171819568, 2175470.241498761810362 ], [ 4692123.436369760893285, 2175470.539172131102532 ], [ 4692124.163662961684167, 2175470.826355163939297 ], [ 4692124.895033555105329, 2175471.102987930178642 ], [ 4692125.63032843824476, 2175471.36901223892346 ], [ 4692126.369393672794104, 2175471.624372669961303 ], [ 4692127.112074608914554, 2175471.869015442207456 ], [ 4692127.858215661719441, 2175472.102889510802925 ], [ 4692128.607660709880292, 2175472.325945726130158 ], [ 4692129.360252658836544, 2175472.538137342780828 ], [ 4692130.115834036841989, 2175472.739420067053288 ], [ 4692130.874246664345264, 2175472.929751451127231 ], [ 4692131.635331405326724, 2175473.109091530088335 ], [ 4692132.39892899338156, 2175473.2774030091241 ], [ 4692133.164879608899355, 2175473.43465021206066 ], [ 4692133.933022331446409, 2175473.580799967981875 ], [ 4692134.703196289949119, 2175473.715822002850473 ], [ 4692135.475240196101367, 2175473.839687588158995 ], [ 4692136.248991991393268, 2175473.952370626851916 ], [ 4692137.024289253167808, 2175474.053847278933972 ], [ 4692137.800969342701137, 2175474.14409630605951 ], [ 4692138.578869274817407, 2175474.223098456859589 ], [ 4692139.357825649902225, 2175474.290836976841092 ], [ 4692140.137674782425165, 2175474.347297334112227 ], [ 4692140.918252680450678, 2175474.392467434052378 ], [ 4692141.699395125731826, 2175474.426337501965463 ], [ 4692142.480937774293125, 2175474.448900137096643 ], [ 4692143.262715886346996, 2175474.460150074213743 ], [ 4692144.04456452280283, 2175474.46008470794186 ], [ 4692144.826318959705532, 2175474.448703707195818 ], [ 4692145.607813793234527, 2175474.426008624956012 ], [ 4692146.388883775100112, 2175474.392004092223942 ], [ 4692147.169363408349454, 2175474.346696374006569 ], [ 4692147.9490872528404, 2175474.290094695053995 ], [ 4692148.72788945864886, 2175474.222209869883955 ], [ 4692149.505604122765362, 2175474.143055843189359 ], [ 4692150.282065543346107, 2175474.052648380864412 ], [ 4692151.057107301428914, 2175473.95100554311648 ], [ 4692151.830563350580633, 2175473.838148245122284 ], [ 4692152.602267378941178, 2175473.714098982978612 ], [ 4692153.37205243576318, 2175473.578882948029786 ], [ 4692154.139751769602299, 2175473.432527902070433 ], [ 4692154.90519845392555, 2175473.275063591077924 ], [ 4692155.66822502296418, 2175473.106522041838616 ], [ 4692156.428663431666791, 2175472.926937684882432 ], [ 4692157.186345541849732, 2175472.736347565893084 ], [ 4692157.941102655604482, 2175472.534790686797351 ], [ 4692158.692765321582556, 2175472.322308504022658 ], [ 4692159.441163170151412, 2175472.098944833036512 ], [ 4692160.186125437729061, 2175471.864746138919145 ], [ 4692160.92747993580997, 2175471.61976071819663 ], [ 4692161.665165084414184, 2175471.364001167938113 ], [ 4692162.428179703652859, 2175471.08666815282777 ], [ 4692163.146495471708477, 2175470.747275549918413 ], [ 4692165.658389936201274, 2175469.55602833814919 ], [ 4692166.82234501093626, 2175469.008326265029609 ], [ 4692167.077580887824297, 2175468.873507835902274 ], [ 4692171.913203255273402, 2175465.989473395980895 ], [ 4692171.913203255273402, 2175465.989473395980895 ], [ 4692173.451730635017157, 2175465.1083131628111 ], [ 4692173.451730635017157, 2175465.1083131628111 ], [ 4692174.865411222912371, 2175464.273062081076205 ], [ 4692174.865411222912371, 2175464.273062081076205 ], [ 4692176.604965399950743, 2175463.219764398876578 ], [ 4692176.604965399950743, 2175463.219764398876578 ], [ 4692177.641263786703348, 2175462.58204542612657 ], [ 4692177.641263786703348, 2175462.58204542612657 ], [ 4692179.687841289676726, 2175461.312438883818686 ], [ 4692181.803626504726708, 2175459.996380276046693 ], [ 4692189.883446462452412, 2175455.488587588071823 ], [ 4692192.055433469824493, 2175454.288729376159608 ], [ 4692192.92747516091913, 2175453.81773128407076 ], [ 4692193.805128741078079, 2175453.35475748591125 ], [ 4692194.688787234947085, 2175452.901004378218204 ], [ 4692195.579887649975717, 2175452.457909548189491 ], [ 4692196.473363356664777, 2175452.029413425829262 ], [ 4692197.145908274687827, 2175451.717082465998828 ], [ 4692197.815530874766409, 2175451.415367303881794 ], [ 4692198.723135311156511, 2175451.022130487952381 ], [ 4692199.396560585126281, 2175450.743156544864178 ], [ 4692200.075681985355914, 2175450.472502403892577 ], [ 4692200.759586269967258, 2175450.210936576128006 ], [ 4692201.447849231772125, 2175449.958988569211215 ], [ 4692202.142632737755775, 2175449.717612538021058 ], [ 4692202.84095857758075, 2175449.485600037034601 ], [ 4692203.784345961175859, 2175449.193913913797587 ], [ 4692204.738826340064406, 2175448.920987728051841 ], [ 4692205.447005839087069, 2175448.735071606002748 ], [ 4692205.922080455347896, 2175448.615819773171097 ], [ 4692206.631149810738862, 2175448.450211104005575 ], [ 4692207.344821772538126, 2175448.295850321184844 ], [ 4692208.061453745700419, 2175448.15305930795148 ], [ 4692209.026804585009813, 2175447.981134017929435 ], [ 4692210.001903175376356, 2175447.830446051899344 ], [ 4692210.736535344272852, 2175447.730307083111256 ], [ 4692211.469141299836338, 2175447.643548745196313 ], [ 4692212.205474328249693, 2175447.568258829880506 ], [ 4692212.929985509254038, 2175447.50684033986181 ], [ 4692213.657800484448671, 2175447.456551339011639 ], [ 4692214.388264733366668, 2175447.417360344901681 ], [ 4692215.120665115304291, 2175447.38919387711212 ], [ 4692215.855957108549774, 2175447.373175714164972 ], [ 4692216.594569293782115, 2175447.367949537932873 ], [ 4692217.335859856568277, 2175447.37341951020062 ], [ 4692218.079276515170932, 2175447.389442837797105 ], [ 4692218.816183344461024, 2175447.416692764032632 ], [ 4692219.799718800932169, 2175447.468741623219103 ], [ 4692220.786017411388457, 2175447.537865556776524 ], [ 4692221.513154380023479, 2175447.599961190950125 ], [ 4692222.487127748318017, 2175447.69631265103817 ], [ 4692223.461429309099913, 2175447.80672353785485 ], [ 4692224.436756662093103, 2175447.930057980120182 ], [ 4692225.412262367084622, 2175448.064988513942808 ], [ 4692226.634375230409205, 2175448.249329056125134 ], [ 4692235.102353082969785, 2175449.615231486968696 ], [ 4692280.280808590352535, 2175458.72595253912732 ], [ 4692280.280808590352535, 2175458.72595253912732 ], [ 4692284.076436154544353, 2175459.488654634915292 ], [ 4692284.076436154544353, 2175459.488654634915292 ], [ 4692285.982146775349975, 2175459.867487259209156 ], [ 4692285.982146775349975, 2175459.867487259209156 ], [ 4692289.164077756926417, 2175460.486325317062438 ], [ 4692289.164077756926417, 2175460.486325317062438 ], [ 4692291.721200296655297, 2175460.967175414785743 ], [ 4692291.721200296655297, 2175460.967175414785743 ], [ 4692294.799170959740877, 2175461.51960307219997 ], [ 4692294.799170959740877, 2175461.51960307219997 ], [ 4692297.506193794310093, 2175461.976566304918379 ], [ 4692297.506193794310093, 2175461.976566304918379 ], [ 4692300.555687851272523, 2175462.452439683955163 ], [ 4692300.555687851272523, 2175462.452439683955163 ], [ 4692303.343073817901313, 2175462.846100373193622 ], [ 4692303.343073817901313, 2175462.846100373193622 ], [ 4692306.389798133634031, 2175463.225007196888328 ], [ 4692306.389798133634031, 2175463.225007196888328 ], [ 4692309.23423766810447, 2175463.525026502087712 ], [ 4692309.23423766810447, 2175463.525026502087712 ], [ 4692318.544392814859748, 2175464.111510671675205 ], [ 4692327.872981439344585, 2175464.091843339148909 ], [ 4692327.872981439344585, 2175464.091843339148909 ], [ 4692330.730395412072539, 2175463.965221264865249 ], [ 4692330.730395412072539, 2175463.965221264865249 ], [ 4692333.794514004141092, 2175463.772149316035211 ], [ 4692333.794514004141092, 2175463.772149316035211 ], [ 4692336.600669990293682, 2175463.548592031002045 ], [ 4692336.600669990293682, 2175463.548592031002045 ], [ 4692339.673445376567543, 2175463.258901014924049 ], [ 4692339.673445376567543, 2175463.258901014924049 ], [ 4692342.403233300894499, 2175462.967274887021631 ], [ 4692342.403233300894499, 2175462.967274887021631 ], [ 4692345.509084527380764, 2175462.602901442907751 ], [ 4692345.509084527380764, 2175462.602901442907751 ], [ 4692348.09070070181042, 2175462.278323869220912 ], [ 4692348.09070070181042, 2175462.278323869220912 ], [ 4692351.304355521686375, 2175461.853979918174446 ], [ 4692351.304355521686375, 2175461.853979918174446 ], [ 4692353.229564337059855, 2175461.591648160014302 ], [ 4692353.229564337059855, 2175461.591648160014302 ], [ 4692357.064523690380156, 2175461.060997377149761 ], [ 4692383.777090893127024, 2175457.345928168855608 ], [ 4692389.577413968741894, 2175456.87383604189381 ], [ 4692392.109425134956837, 2175456.678770143073052 ], [ 4692394.406852232292295, 2175456.513612201903015 ], [ 4692396.472611398436129, 2175456.376460291910917 ], [ 4692398.327432533726096, 2175456.255873710848391 ], [ 4692398.874851456843317, 2175456.188285124953836 ], [ 4692399.404300233349204, 2175456.114506864920259 ], [ 4692399.932449856773019, 2175456.032482732087374 ], [ 4692400.459165029227734, 2175455.94223351078108 ], [ 4692400.984310300089419, 2175455.843782438896596 ], [ 4692401.507750449702144, 2175455.737154713831842 ], [ 4692402.029349330812693, 2175455.622377480845898 ], [ 4692402.548970812931657, 2175455.499480669852346 ], [ 4692403.066478653810918, 2175455.368496005889028 ], [ 4692403.581736247055233, 2175455.22945767082274 ], [ 4692404.09460674226284, 2175455.082401933148503 ], [ 4692404.604952628724277, 2175454.927367452066392 ], [ 4692405.112636598758399, 2175454.764395350124687 ], [ 4692405.617520566098392, 2175454.593528599012643 ], [ 4692406.119465903379023, 2175454.414813037030399 ], [ 4692406.618333947844803, 2175454.228296622168273 ], [ 4692407.113985143601894, 2175454.034029574133456 ], [ 4692407.606279411353171, 2175453.832064739894122 ], [ 4692408.095075919292867, 2175453.622457268182188 ], [ 4692408.580233493819833, 2175453.405264831148088 ], [ 4692409.061609458178282, 2175453.18054726999253 ], [ 4692409.539060690440238, 2175452.948367509059608 ], [ 4692410.012443059124053, 2175452.708790307864547 ], [ 4692410.481610949151218, 2175452.461883314885199 ], [ 4692410.946417956613004, 2175452.207716534845531 ], [ 4692411.406715771183372, 2175451.946362257935107 ], [ 4692411.862354807555676, 2175451.677895556204021 ], [ 4692412.313183547928929, 2175451.402393558993936 ], [ 4692412.759048595093191, 2175451.11993604991585 ], [ 4692413.199794420972466, 2175450.830604835879058 ], [ 4692413.635263044387102, 2175450.534483964089304 ], [ 4692414.065294022671878, 2175450.231659269891679 ], [ 4692414.489723296836019, 2175449.922218401916325 ], [ 4692414.90838386490941, 2175449.606251015793532 ], [ 4692415.321105487644672, 2175449.283847333863378 ], [ 4692415.727712849155068, 2175448.955098596867174 ], [ 4692416.128026732243598, 2175448.620096882805228 ], [ 4692416.521863014437258, 2175448.278933196794242 ], [ 4692416.909031013958156, 2175447.931698116939515 ], [ 4692417.289334730245173, 2175447.578480612952262 ], [ 4692417.662572639994323, 2175447.219364404212683 ], [ 4692418.028777616098523, 2175446.85418350296095 ], [ 4692418.730093446560204, 2175446.127697964198887 ], [ 4692420.743157722055912, 2175444.040412759874016 ], [ 4692421.280384517274797, 2175443.496526177041233 ], [ 4692421.991418290883303, 2175442.757888800930232 ], [ 4692423.081172320060432, 2175441.613451240118593 ], [ 4692425.704172848723829, 2175438.90809139283374 ], [ 4692427.819978184998035, 2175436.741381896194071 ], [ 4692429.600391962565482, 2175434.933761291205883 ], [ 4692431.222615624777973, 2175433.302981257904321 ], [ 4692432.687695835717022, 2175431.845863764174283 ], [ 4692433.619532947428524, 2175430.921032383106649 ], [ 4692433.993248687125742, 2175430.535383056849241 ], [ 4692434.359855397604406, 2175430.145179146900773 ], [ 4692434.720387350767851, 2175429.749355779960752 ], [ 4692435.074758719652891, 2175429.348007685970515 ], [ 4692435.422884661704302, 2175428.941230515949428 ], [ 4692435.764682030305266, 2175428.529121715109795 ], [ 4692436.100069335661829, 2175428.111779564060271 ], [ 4692436.428966344334185, 2175427.689303714782 ], [ 4692436.751294501125813, 2175427.261795111000538 ], [ 4692437.06697662640363, 2175426.829355935100466 ], [ 4692437.375937418080866, 2175426.392089671920985 ], [ 4692437.67810324113816, 2175425.950100609101355 ], [ 4692437.973401854746044, 2175425.503494204953313 ], [ 4692438.261762478388846, 2175425.052377318032086 ], [ 4692438.543116483837366, 2175424.596857696771622 ], [ 4692438.817396339960396, 2175424.137044189032167 ], [ 4692439.084536933340132, 2175423.673046680167317 ], [ 4692439.344474053010345, 2175423.204975902102888 ], [ 4692439.597145961597562, 2175422.732943797949702 ], [ 4692439.842491904273629, 2175422.257063047960401 ], [ 4692440.080453645437956, 2175421.777447461150587 ], [ 4692440.310974008403718, 2175421.2942114318721 ], [ 4692440.533998005092144, 2175420.807470799889416 ], [ 4692440.749472640454769, 2175420.31734147714451 ], [ 4692440.957346021197736, 2175419.823940611910075 ], [ 4692441.157568665221334, 2175419.327386368997395 ], [ 4692441.350092818029225, 2175418.827797081787139 ], [ 4692441.534872258082032, 2175418.325292224995792 ], [ 4692441.711862943135202, 2175417.819992010015994 ], [ 4692441.881022610701621, 2175417.312017090152949 ], [ 4692442.042310857214034, 2175416.801488868892193 ], [ 4692442.195689221844077, 2175416.288529145065695 ], [ 4692442.341120714321733, 2175415.773260723799467 ], [ 4692442.478570953011513, 2175415.255806787870824 ], [ 4692442.608006893657148, 2175414.736290793865919 ], [ 4692442.729397672228515, 2175414.214837044943124 ], [ 4692442.842714248225093, 2175413.691570083145052 ], [ 4692442.947929511778057, 2175413.166615007910877 ], [ 4692443.045018283650279, 2175412.640097448136657 ], [ 4692443.133957586251199, 2175412.112143051810563 ], [ 4692443.214725891128182, 2175411.582877967972308 ], [ 4692443.287303931079805, 2175411.052429101895541 ], [ 4692443.351674667559564, 2175410.520922827068716 ], [ 4692443.40782222058624, 2175409.988486324902624 ], [ 4692443.455733466893435, 2175409.455247262958437 ], [ 4692443.495397049002349, 2175408.921332727186382 ], [ 4692443.526803265325725, 2175408.386870381888002 ], [ 4692443.549944585189223, 2175407.851988345850259 ], [ 4692443.564815667457879, 2175407.316814472898841 ], [ 4692443.571412893012166, 2175406.781476636882871 ], [ 4692443.569734673947096, 2175406.246102871838957 ], [ 4692443.559781298972666, 2175405.710821392014623 ], [ 4692443.541555273346603, 2175405.175760345999151 ], [ 4692443.515060975216329, 2175404.641047652810812 ], [ 4692443.480304699391127, 2175404.106811300851405 ], [ 4692443.437294789589942, 2175403.573179290164262 ], [ 4692443.38604164775461, 2175403.040279253851622 ], [ 4692443.326557422056794, 2175402.508238633163273 ], [ 4692443.258856249041855, 2175401.977185292169452 ], [ 4692443.18295472394675, 2175401.447246122173965 ], [ 4692443.098870635032654, 2175400.918548192828894 ], [ 4692443.006624494679272, 2175400.391218279022723 ], [ 4692442.906238219700754, 2175399.865382481832057 ], [ 4692442.797735799103975, 2175399.341167292091995 ], [ 4692442.68114353902638, 2175398.818698207847774 ], [ 4692442.556489146314561, 2175398.298100741114467 ], [ 4692442.423802885226905, 2175397.779499730095267 ], [ 4692442.283116330392659, 2175397.263019531033933 ], [ 4692442.134463328868151, 2175396.748784416820854 ], [ 4692441.97787968814373, 2175396.236918041016906 ], [ 4692441.813403133302927, 2175395.727543193846941 ], [ 4692441.641073058359325, 2175395.220782553777099 ], [ 4692441.460931131616235, 2175394.716757936868817 ], [ 4692441.273020534776151, 2175394.215590851847082 ], [ 4692441.077386784367263, 2175393.717401952948421 ], [ 4692440.874076849780977, 2175393.222311315126717 ], [ 4692440.663139933720231, 2175392.730438581202179 ], [ 4692440.444627039134502, 2175392.241902268957347 ], [ 4692440.218590839765966, 2175391.756820525974035 ], [ 4692439.985086151398718, 2175391.275310625787824 ], [ 4692439.744169381447136, 2175390.797489096876234 ], [ 4692439.495899038389325, 2175390.323472000192851 ], [ 4692439.240335483103991, 2175389.853373953141272 ], [ 4692438.977540481835604, 2175389.387309220153838 ], [ 4692438.707578209228814, 2175388.925391439814121 ], [ 4692438.430514520965517, 2175388.46773287281394 ], [ 4692438.146416813135147, 2175388.014444989152253 ], [ 4692437.855354513972998, 2175387.565638786181808 ], [ 4692437.557399030774832, 2175387.121424017939717 ], [ 4692437.252623303793371, 2175386.681909476872534 ], [ 4692436.941102149896324, 2175386.247203134000301 ], [ 4692436.622912326827645, 2175385.8174122502096 ], [ 4692436.298132438212633, 2175385.392642591148615 ], [ 4692435.96684259083122, 2175384.972999372053891 ], [ 4692435.629125082865357, 2175384.558586645871401 ], [ 4692435.28506382741034, 2175384.149507626891136 ], [ 4692434.934744729660451, 2175383.745864246040583 ], [ 4692434.578255252912641, 2175383.347757570911199 ], [ 4692434.21568491961807, 2175382.955287707969546 ], [ 4692433.847125029191375, 2175382.568553682882339 ], [ 4692433.472668760456145, 2175382.187653509899974 ], [ 4692433.092411205172539, 2175381.812684195116162 ], [ 4692432.706449273973703, 2175381.443741547875106 ], [ 4692432.314881753176451, 2175381.080920591950417 ], [ 4692431.917809550650418, 2175380.724315226078033 ], [ 4692431.515335354954004, 2175380.374018230009824 ], [ 4692431.1075638551265, 2175380.030121486168355 ], [ 4692430.69460176024586, 2175379.692715807817876 ], [ 4692430.276557793840766, 2175379.361891116946936 ], [ 4692429.853542914614081, 2175379.037736405152828 ], [ 4692429.425670162774622, 2175378.720339498948306 ], [ 4692428.993054408580065, 2175378.409787198062986 ], [ 4692428.555812958627939, 2175378.106165954843163 ], [ 4692428.114065571688116, 2175377.809560908935964 ], [ 4692427.667933949269354, 2175377.520056489855051 ], [ 4692427.21754250023514, 2175377.237736478913575 ], [ 4692426.763017690740526, 2175376.962683453224599 ], [ 4692426.304488487541676, 2175376.694980061147362 ], [ 4692425.842087017372251, 2175376.434708049055189 ], [ 4692425.375947259366512, 2175376.181948193814605 ], [ 4692424.906205950304866, 2175375.936781599186361 ], [ 4692424.433003174141049, 2175375.699288892094046 ], [ 4692423.956481456756592, 2175375.46955024311319 ], [ 4692423.476785874925554, 2175375.247645841911435 ], [ 4692422.99406495783478, 2175375.033656646963209 ], [ 4692422.508470128290355, 2175374.827663194853812 ], [ 4692422.020155698060989, 2175374.629747353028506 ], [ 4692421.529279446229339, 2175374.439991313964128 ], [ 4692421.036001702770591, 2175374.258478689007461 ], [ 4692420.540486191399395, 2175374.085294805001467 ], [ 4692420.042900176718831, 2175373.920527181122452 ], [ 4692419.543413335457444, 2175373.764265018049628 ], [ 4692419.042198507115245, 2175373.616601744201034 ], [ 4692418.539431541226804, 2175373.477633516769856 ], [ 4692418.035290578380227, 2175373.347461857832968 ], [ 4692417.529879651963711, 2175373.22617460694164 ], [ 4692417.00857231579721, 2175373.11071260785684 ], [ 4692415.786870739422739, 2175372.910677367821336 ], [ 4692413.770316924899817, 2175372.578761050011963 ], [ 4692411.658586180768907, 2175372.171437241137028 ], [ 4692410.641509075649083, 2175371.998181901872158 ], [ 4692409.62806664314121, 2175371.838577724993229 ], [ 4692408.367399881593883, 2175371.653395656030625 ], [ 4692406.156898225657642, 2175371.336178998928517 ], [ 4692394.752578089945018, 2175369.388251074124128 ], [ 4692377.234473275020719, 2175365.859411862213165 ], [ 4692361.567043293267488, 2175362.316321031190455 ], [ 4692359.867194190621376, 2175361.918898265808821 ], [ 4692358.423632714897394, 2175361.569710596930236 ], [ 4692356.974028852768242, 2175361.206946946214885 ], [ 4692355.780096705071628, 2175360.898040421772748 ], [ 4692354.580020738765597, 2175360.577427173964679 ], [ 4692353.382594256661832, 2175360.246622236911207 ], [ 4692352.202922474592924, 2175359.908837830182165 ], [ 4692351.010797943919897, 2175359.555634927935898 ], [ 4692349.83655253611505, 2175359.19455580599606 ], [ 4692348.666003402322531, 2175358.82135663414374 ], [ 4692347.499354090541601, 2175358.435646891128272 ], [ 4692346.336604772135615, 2175358.037119335960597 ], [ 4692345.177729627117515, 2175357.6256407010369 ], [ 4692344.022691111080348, 2175357.20120189897716 ], [ 4692342.871359442360699, 2175356.763879802078009 ], [ 4692341.723639521747828, 2175356.314103554002941 ], [ 4692340.57917199563235, 2175355.851953781209886 ], [ 4692339.437553072348237, 2175355.37908543786034 ], [ 4692338.298885393887758, 2175354.895640058908612 ], [ 4692337.162957077845931, 2175354.403171155136079 ], [ 4692327.146512874402106, 2175349.964082994963974 ], [ 4692327.146512874402106, 2175349.964082994963974 ], [ 4692326.045776279643178, 2175349.42536826711148 ], [ 4692315.233020821586251, 2175344.129065123852342 ], [ 4692294.576401525177062, 2175333.674306279048324 ], [ 4692292.811229121871293, 2175332.769430045038462 ], [ 4692291.053782388567924, 2175331.853776019997895 ], [ 4692289.742641500197351, 2175331.15789445117116 ], [ 4692288.655656148679554, 2175330.570781792979687 ], [ 4692287.357241651043296, 2175329.853233851026744 ], [ 4692286.498202147893608, 2175329.366616514977068 ], [ 4692285.643116857856512, 2175328.871008535847068 ], [ 4692284.792607570998371, 2175328.365119889844209 ], [ 4692284.159397218376398, 2175327.978645783849061 ], [ 4692283.528949700295925, 2175327.584596098866314 ], [ 4692282.903358464129269, 2175327.183363499119878 ], [ 4692282.07857967633754, 2175326.634896664880216 ], [ 4692281.675317719578743, 2175326.359484807122499 ], [ 4692281.067988179624081, 2175325.933284174185246 ], [ 4692280.480290041305125, 2175325.505840475205332 ], [ 4692279.898297828622162, 2175325.06788653600961 ], [ 4692279.32273456081748, 2175324.619048989843577 ], [ 4692278.754487086087465, 2175324.159298043232411 ], [ 4692278.193955630064011, 2175323.685987785924226 ], [ 4692277.640733320266008, 2175323.199833644088358 ], [ 4692277.102257658727467, 2175322.704308713786304 ], [ 4692276.571127725765109, 2175322.193974160123616 ], [ 4692276.232182742096484, 2175321.854308500885963 ], [ 4692275.897807215340436, 2175321.508766977116466 ], [ 4692275.402006128802896, 2175320.972831043880433 ], [ 4692275.079824339598417, 2175320.609128917101771 ], [ 4692274.76099512539804, 2175320.236928325146437 ], [ 4692274.453762268647552, 2175319.865896303206682 ], [ 4692273.999123157933354, 2175319.290127591229975 ], [ 4692273.713417263701558, 2175318.905475351959467 ], [ 4692273.430501270107925, 2175318.513479933142662 ], [ 4692273.156101448461413, 2175318.114277352113277 ], [ 4692272.886799495667219, 2175317.706383719108999 ], [ 4692272.629157843068242, 2175317.299864269793034 ], [ 4692272.384157246910036, 2175316.891927834134549 ], [ 4692272.145091658458114, 2175316.475821613799781 ], [ 4692271.914034118875861, 2175316.054899259936064 ], [ 4692271.692005979828537, 2175315.625681593082845 ], [ 4692271.476466028019786, 2175315.187782437074929 ], [ 4692271.272691019810736, 2175314.752216329798102 ], [ 4692271.081966499798, 2175314.316215807106346 ], [ 4692270.899118127301335, 2175313.874223351944238 ], [ 4692270.725566226989031, 2175313.422842041123658 ], [ 4692270.559036204591393, 2175312.969426617957652 ], [ 4692270.330196383409202, 2175312.27917688107118 ], [ 4692270.193549363873899, 2175311.82452742382884 ], [ 4692270.065398956649005, 2175311.365027838852257 ], [ 4692269.890401449985802, 2175310.66086998488754 ], [ 4692269.738992813974619, 2175309.952816337812692 ], [ 4692269.607492561452091, 2175309.234433007892221 ], [ 4692269.536917317658663, 2175308.761569924186915 ], [ 4692269.472625352442265, 2175308.282428727950901 ], [ 4692269.419828979298472, 2175307.800336690153927 ], [ 4692269.376865436322987, 2175307.323301547206938 ], [ 4692269.330367756076157, 2175306.594695045147091 ], [ 4692269.309687381610274, 2175305.871461103204638 ], [ 4692269.305806130170822, 2175305.391770336776972 ], [ 4692269.321512316353619, 2175304.667237052228302 ], [ 4692269.357872507534921, 2175303.936380818951875 ], [ 4692269.394051365554333, 2175303.460659898817539 ], [ 4692269.439121792092919, 2175302.983379140030593 ], [ 4692269.526194770820439, 2175302.260407298803329 ], [ 4692269.635843700729311, 2175301.532050689216703 ], [ 4692269.717250734567642, 2175301.056483825203031 ], [ 4692269.808091905899346, 2175300.586963077075779 ], [ 4692269.907632821239531, 2175300.115338223986328 ], [ 4692270.015072761103511, 2175299.644947099033743 ], [ 4692270.133049891330302, 2175299.172717021778226 ], [ 4692270.256635367870331, 2175298.702042832039297 ], [ 4692270.459108747541904, 2175298.000825768802315 ], [ 4692270.678469987586141, 2175297.300155531149358 ], [ 4692270.910720351152122, 2175296.615818791091442 ], [ 4692271.158370258286595, 2175295.932014956139028 ], [ 4692271.420782538130879, 2175295.248629235196859 ], [ 4692271.601905112154782, 2175294.797662470024079 ], [ 4692271.887654756195843, 2175294.119240729138255 ], [ 4692272.290642242878675, 2175293.214346286840737 ], [ 4692272.603173861280084, 2175292.546808118000627 ], [ 4692272.926913640461862, 2175291.88064548606053 ], [ 4692273.373395008035004, 2175290.998482672963291 ], [ 4692273.713035793043673, 2175290.352409543003887 ], [ 4692274.180242183618248, 2175289.491869182791561 ], [ 4692274.660334099084139, 2175288.63617015723139 ], [ 4692275.151948181912303, 2175287.784813574049622 ], [ 4692275.78257822804153, 2175286.723944804165512 ], [ 4692276.295792261138558, 2175285.880011151079088 ], [ 4692282.43614296708256, 2175276.008959567174315 ], [ 4692309.909302586689591, 2175234.122452639043331 ], [ 4692321.245438489131629, 2175217.435500489082187 ], [ 4692322.229850617237389, 2175216.00529611390084 ], [ 4692323.080655544064939, 2175214.785710281226784 ], [ 4692323.940226214937866, 2175213.572708880063146 ], [ 4692324.664496129378676, 2175212.568712229840457 ], [ 4692325.398563833907247, 2175211.570863317232579 ], [ 4692325.993554946966469, 2175210.778749621007591 ], [ 4692326.597343314439058, 2175209.991629952099174 ], [ 4692327.210661791265011, 2175209.210437756031752 ], [ 4692327.835379239171743, 2175208.435901579912752 ], [ 4692328.468565911054611, 2175207.673687145113945 ], [ 4692328.949528471566737, 2175207.109226617030799 ], [ 4692329.432318801991642, 2175206.555637537036091 ], [ 4692330.093329199589789, 2175205.819573998916894 ], [ 4692330.589185099117458, 2175205.285039631184191 ], [ 4692331.093698027543724, 2175204.75564018683508 ], [ 4692331.606342166662216, 2175204.232467229943722 ], [ 4692332.126929733902216, 2175203.716176292859018 ], [ 4692332.657360965386033, 2175203.20719952089712 ], [ 4692333.197485813871026, 2175202.704441951122135 ], [ 4692333.747141722589731, 2175202.208447632845491 ], [ 4692334.306074070744216, 2175201.719779308885336 ], [ 4692334.869155295193195, 2175201.244867795147002 ], [ 4692335.438873088918626, 2175200.781542425975204 ], [ 4692335.822575330734253, 2175200.476176943164319 ], [ 4692336.400169, 2175200.031529229134321 ], [ 4692336.985839823260903, 2175199.5954451081343 ], [ 4692337.581681188195944, 2175199.168021849822253 ], [ 4692338.184117401018739, 2175198.74867359502241 ], [ 4692339.005633684806526, 2175198.202208499889821 ], [ 4692339.629593879915774, 2175197.802697170060128 ], [ 4692340.257092636078596, 2175197.416000588797033 ], [ 4692340.893403557129204, 2175197.03733321884647 ], [ 4692341.53713677637279, 2175196.667603875044733 ], [ 4692342.175577799789608, 2175196.314989870879799 ], [ 4692342.820101698860526, 2175195.971553860232234 ], [ 4692343.693853269331157, 2175195.52668244484812 ], [ 4692344.35539561137557, 2175195.204181668814272 ], [ 4692345.024746694602072, 2175194.889665754977614 ], [ 4692345.700882041826844, 2175194.583459060173482 ], [ 4692346.382331931963563, 2175194.286052124109119 ], [ 4692347.28908559679985, 2175193.908949743956327 ], [ 4692348.205981616862118, 2175193.545789266005158 ], [ 4692349.131770277395844, 2175193.196519383229315 ], [ 4692350.051445953547955, 2175192.866491067223251 ], [ 4692350.978398396633565, 2175192.548610127996653 ], [ 4692351.911447521299124, 2175192.242072088178247 ], [ 4692352.850701192393899, 2175191.946294714231044 ], [ 4692353.794918276369572, 2175191.659227442927659 ], [ 4692354.743587271310389, 2175191.381012883037329 ], [ 4692363.967654038220644, 2175188.762142742052674 ], [ 4692412.324117223732173, 2175176.727032613940537 ], [ 4692420.447527126409113, 2175175.13656273111701 ], [ 4692422.941948938183486, 2175174.659399786032736 ], [ 4692425.206662127748132, 2175174.238216897007078 ], [ 4692427.243327599018812, 2175173.870971131138504 ], [ 4692428.292469657026231, 2175173.686110444832593 ], [ 4692428.825572451576591, 2175173.564672774169594 ], [ 4692429.342856597155333, 2175173.438018831890076 ], [ 4692429.857564611360431, 2175173.303928704001009 ], [ 4692430.370129483751953, 2175173.162297337781638 ], [ 4692430.880430740304291, 2175173.01315699191764 ], [ 4692431.388348119333386, 2175172.856542060151696 ], [ 4692431.893760983832181, 2175172.692488397005945 ], [ 4692432.396548121236265, 2175172.521034038159996 ], [ 4692432.896588145755231, 2175172.342218910809606 ], [ 4692433.39375925809145, 2175172.156084808055311 ], [ 4692433.887939173728228, 2175171.962675461079925 ], [ 4692434.379004994407296, 2175171.762036527041346 ], [ 4692434.866833069361746, 2175171.554215800948441 ], [ 4692435.351299408823252, 2175171.339263182133436 ], [ 4692435.832279300317168, 2175171.117230370175093 ], [ 4692436.309647197835147, 2175170.888171148952097 ], [ 4692436.783276353031397, 2175170.652141343802214 ], [ 4692437.253039385192096, 2175170.4091990548186 ], [ 4692437.718807434663177, 2175170.159404230769724 ], [ 4692438.180450970306993, 2175169.902819213923067 ], [ 4692438.637838759459555, 2175169.639507834799588 ], [ 4692439.090837717056274, 2175169.36953659215942 ], [ 4692439.539313885383308, 2175169.092973810154945 ], [ 4692439.983130625449121, 2175168.80988955590874 ], [ 4692440.422149939462543, 2175168.520356357097626 ], [ 4692440.856231171637774, 2175168.224447854794562 ], [ 4692441.285231181420386, 2175167.922240012791008 ], [ 4692441.709003943949938, 2175167.61381009221077 ], [ 4692442.127400660887361, 2175167.299236915074289 ], [ 4692442.540268727578223, 2175166.978600256145 ], [ 4692442.947452238760889, 2175166.651980939786881 ], [ 4692443.34879057481885, 2175166.319459922146052 ], [ 4692443.744118775241077, 2175165.981118668802083 ], [ 4692444.133266887627542, 2175165.637037525884807 ], [ 4692444.516058634035289, 2175165.287296035792679 ], [ 4692444.892300918698311, 2175164.931982555892318 ], [ 4692445.260696794837713, 2175164.572281882166862 ], [ 4692445.448219705373049, 2175164.38437440386042 ], [ 4692447.479167712852359, 2175162.252829126082361 ], [ 4692448.701286024414003, 2175161.034795138053596 ], [ 4692449.416769259609282, 2175160.294724631123245 ], [ 4692450.120248814113438, 2175159.54986283602193 ], [ 4692450.98542497958988, 2175158.616076235193759 ], [ 4692453.014305313117802, 2175156.411458253860474 ], [ 4692455.417872372083366, 2175153.89522182289511 ], [ 4692457.142602626234293, 2175152.103815965820104 ], [ 4692458.700762328691781, 2175150.500432245898992 ], [ 4692460.093175585381687, 2175149.084797898773104 ], [ 4692461.143191647715867, 2175148.030992186162621 ], [ 4692462.200685383751988, 2175146.984861711040139 ], [ 4692463.088486481457949, 2175146.120969487819821 ], [ 4692463.984717207960784, 2175145.264660804066807 ], [ 4692464.70817999355495, 2175144.587021140847355 ], [ 4692465.439172939397395, 2175143.916299411095679 ], [ 4692466.180442660115659, 2175143.253429519943893 ], [ 4692466.741034235805273, 2175142.763643937185407 ], [ 4692467.490412631072104, 2175142.129318648017943 ], [ 4692468.062476880848408, 2175141.660199608188123 ], [ 4692468.642597925849259, 2175141.199390301946551 ], [ 4692469.220946477726102, 2175140.757532339077443 ], [ 4692469.807644473388791, 2175140.324215633794665 ], [ 4692470.607383063063025, 2175139.757873051799834 ], [ 4692471.215619144961238, 2175139.343884769827127 ], [ 4692471.833436194807291, 2175138.937098130118102 ], [ 4692472.45932992734015, 2175138.538375197909772 ], [ 4692473.087739834561944, 2175138.152251183986664 ], [ 4692473.724422752857208, 2175137.77349604293704 ], [ 4692474.367949385195971, 2175137.402795365080237 ], [ 4692475.005325057543814, 2175137.048092282842845 ], [ 4692475.649102445691824, 2175136.700635015964508 ], [ 4692476.298564805649221, 2175136.36036536982283 ], [ 4692481.046007660217583, 2175133.943058473058045 ], [ 4692497.722311362624168, 2175126.840823107864708 ], [ 4692504.996002860367298, 2175124.079138163942844 ], [ 4692506.916759491898119, 2175123.360777757130563 ], [ 4692508.867473569698632, 2175122.632928459905088 ], [ 4692509.606678268872201, 2175122.335561125073582 ], [ 4692510.337802019901574, 2175122.024565104860812 ], [ 4692511.062653293833137, 2175121.699219264090061 ], [ 4692511.780950249172747, 2175121.359649982769042 ], [ 4692512.49241353943944, 2175121.005989272147417 ], [ 4692513.196766735985875, 2175120.638374730013311 ], [ 4692513.893736069090664, 2175120.256949170026928 ], [ 4692514.583050667308271, 2175119.861860859207809 ], [ 4692515.264442397281528, 2175119.453263260889798 ], [ 4692515.937646283768117, 2175119.031315349042416 ], [ 4692516.602400726638734, 2175118.596181121189147 ], [ 4692517.258446888066828, 2175118.148029664065689 ], [ 4692517.905529789626598, 2175117.687035544775426 ], [ 4692518.543397852219641, 2175117.213377808220685 ], [ 4692519.171802580356598, 2175116.727240677922964 ], [ 4692519.790499674156308, 2175116.228813468012959 ], [ 4692520.399248253554106, 2175115.718289883807302 ], [ 4692520.997811255976558, 2175115.195868710055947 ], [ 4692521.585955676622689, 2175114.661753279156983 ], [ 4692522.163452316075563, 2175114.116151516791433 ], [ 4692522.730076310224831, 2175113.559275928884745 ], [ 4692523.285606561228633, 2175112.991343372035772 ], [ 4692523.829826643690467, 2175112.412575324065983 ], [ 4692524.362524211406708, 2175111.82319722417742 ], [ 4692524.883491259999573, 2175111.22343897819519 ], [ 4692525.392524346709251, 2175110.613534620963037 ], [ 4692525.889424589462578, 2175109.993722189217806 ], [ 4692526.373997525312006, 2175109.364243767224252 ], [ 4692526.846053474582732, 2175108.725345536135137 ], [ 4692527.305407766252756, 2175108.077277292963117 ], [ 4692527.751879870891571, 2175107.420292670838535 ], [ 4692528.185294783674181, 2175106.754649209789932 ], [ 4692528.60548172518611, 2175106.080607883166522 ], [ 4692529.012275494635105, 2175105.398433600086719 ], [ 4692529.405515555292368, 2175104.708394424058497 ], [ 4692529.785046515055001, 2175104.010762106161565 ], [ 4692530.150717889890075, 2175103.305811814032495 ], [ 4692530.50238457787782, 2175102.593822163064033 ], [ 4692530.839906464330852, 2175101.875075018033385 ], [ 4692531.163148699328303, 2175101.14985571987927 ], [ 4692531.471981830894947, 2175100.418452661018819 ], [ 4692531.766281099058688, 2175099.681157723069191 ], [ 4692532.045927677303553, 2175098.938266252167523 ], [ 4692532.310807843692601, 2175098.190076407976449 ], [ 4692532.560812841169536, 2175097.436890054959804 ], [ 4692532.795839780010283, 2175096.679012355860323 ], [ 4692533.01579065900296, 2175095.916751794051379 ], [ 4692533.220573239028454, 2175095.150420357007533 ], [ 4692533.410100056789815, 2175094.380333752837032 ], [ 4692533.584289781749249, 2175093.606811325997114 ], [ 4692533.743065734393895, 2175092.830176050774753 ], [ 4692533.886356807313859, 2175092.050755375064909 ], [ 4692534.014087142422795, 2175091.268943603150547 ], [ 4692534.126046678051353, 2175090.487029075156897 ], [ 4692534.164864094927907, 2175090.184046815149486 ], [ 4692534.172452264465392, 2175089.880839900113642 ], [ 4692534.181247035972774, 2175087.089023688808084 ], [ 4692534.192085053771734, 2175085.661982702091336 ], [ 4692534.192085053771734, 2175085.661982702091336 ], [ 4692534.157845995388925, 2175084.311796042602509 ], [ 4692534.034773912280798, 2175082.966794336214662 ], [ 4692529.512095415964723, 2175046.738895160146058 ], [ 4692528.201753661967814, 2175033.63767688209191 ], [ 4692528.016268369741738, 2175031.662567199207842 ], [ 4692527.867281937040389, 2175029.9348607910797 ], [ 4692527.752435745671391, 2175028.453854930121452 ], [ 4692527.668121740221977, 2175027.219232060946524 ], [ 4692527.609799617901444, 2175026.231739788781852 ], [ 4692527.561664769425988, 2175025.242668152786791 ], [ 4692527.53359657432884, 2175024.500984419137239 ], [ 4692527.512996940873563, 2175023.758502241224051 ], [ 4692527.498832003213465, 2175022.764650846831501 ], [ 4692527.501643088646233, 2175021.773796149063855 ], [ 4692527.508840568363667, 2175021.284982709214091 ], [ 4692527.52884978801012, 2175020.542659567203373 ], [ 4692527.560198925435543, 2175019.815957549959421 ], [ 4692527.602785146795213, 2175019.088210511021316 ], [ 4692527.657165307551622, 2175018.359892886132002 ], [ 4692527.723977792076766, 2175017.629658801015466 ], [ 4692527.775200113654137, 2175017.146298352163285 ], [ 4692527.865079111419618, 2175016.416148735210299 ], [ 4692527.970601138658822, 2175015.68334331177175 ], [ 4692528.046602321788669, 2175015.205276746768504 ], [ 4692528.174735027365386, 2175014.479967125225812 ], [ 4692528.317987816408277, 2175013.761910490226001 ], [ 4692528.421732928603888, 2175013.28328519500792 ], [ 4692528.588956264778972, 2175012.570556443184614 ], [ 4692528.707569818012416, 2175012.100884473882616 ], [ 4692528.901309668086469, 2175011.391838896088302 ], [ 4692529.109850039705634, 2175010.691311412956566 ], [ 4692529.334042618051171, 2175009.990983379073441 ], [ 4692529.573909847997129, 2175009.291584429796785 ], [ 4692529.737813114188612, 2175008.841782301198691 ], [ 4692530.092729389667511, 2175007.931268950924277 ], [ 4692530.279557256028056, 2175007.481474170926958 ], [ 4692530.471518968231976, 2175007.032254703808576 ], [ 4692530.777241516858339, 2175006.357161336112767 ], [ 4692530.983958806842566, 2175005.918988845776767 ], [ 4692531.310788998380303, 2175005.257615176960826 ], [ 4692531.646288207732141, 2175004.615036184899509 ], [ 4692531.995432367548347, 2175003.977835102938116 ], [ 4692532.486639829352498, 2175003.132437889929861 ], [ 4692532.873217210173607, 2175002.505250145215541 ], [ 4692533.138283990323544, 2175002.089691658038646 ], [ 4692533.40483178012073, 2175001.683567884843796 ], [ 4692533.82080200407654, 2175001.073297231923789 ], [ 4692534.242129538208246, 2175000.48317585606128 ], [ 4692534.677014843560755, 2174999.898416363168508 ], [ 4692534.974065056070685, 2174999.514688265975565 ], [ 4692535.431280417367816, 2174998.93939474504441 ], [ 4692535.903914623893797, 2174998.37222134321928 ], [ 4692536.225314682349563, 2174997.99778864486143 ], [ 4692536.546574980951846, 2174997.632676077075303 ], [ 4692537.043782305903733, 2174997.085918991826475 ], [ 4692537.542526680976152, 2174996.559275749139488 ], [ 4692538.052915372885764, 2174996.039276887197047 ], [ 4692538.575025421567261, 2174995.525619323831052 ], [ 4692538.925678063184023, 2174995.190341987181455 ], [ 4692539.648896290920675, 2174994.523596900049597 ], [ 4692540.391072469763458, 2174993.870144439861178 ], [ 4692540.952792625874281, 2174993.39400900201872 ], [ 4692541.524814807809889, 2174992.923468741122633 ], [ 4692542.105133743025362, 2174992.459741340018809 ], [ 4692542.681880949065089, 2174992.012452756986022 ], [ 4692543.265362195670605, 2174991.571338635869324 ], [ 4692544.054515097290277, 2174990.990866501815617 ], [ 4692544.853056234307587, 2174990.419982634019107 ], [ 4692545.66051999013871, 2174989.857248181011528 ], [ 4692552.159721655771136, 2174985.428086549043655 ], [ 4692581.028676817193627, 2174967.505228205118328 ], [ 4692589.461663879454136, 2174962.703316846862435 ], [ 4692591.256011979654431, 2174961.6935905078426 ], [ 4692591.940005589276552, 2174961.307751956861466 ], [ 4692592.623370048590004, 2174960.905885053798556 ], [ 4692593.299296981655061, 2174960.49071594607085 ], [ 4692593.967119798064232, 2174960.062642994802445 ], [ 4692594.626591268926859, 2174959.621824386063963 ], [ 4692595.277467438951135, 2174959.168423178140074 ], [ 4692595.919507046230137, 2174958.70260704215616 ], [ 4692596.552472748793662, 2174958.224548550788313 ], [ 4692597.176129590719938, 2174957.73442431492731 ], [ 4692597.790246550925076, 2174957.23241621023044 ], [ 4692598.394595703110099, 2174956.718709982000291 ], [ 4692598.988952679559588, 2174956.193496191874146 ], [ 4692599.573096573352814, 2174955.656969580799341 ], [ 4692600.146809999831021, 2174955.109329427126795 ], [ 4692600.709879548288882, 2174954.550779271870852 ], [ 4692601.262095334939659, 2174953.981526665855199 ], [ 4692601.803251106292009, 2174953.401783550158143 ], [ 4692602.333144647069275, 2174952.81176606984809 ], [ 4692602.851577666588128, 2174952.211694288998842 ], [ 4692603.358355492353439, 2174951.601792426779866 ], [ 4692603.853287844918668, 2174950.982288814149797 ], [ 4692604.336188009008765, 2174950.35341560607776 ], [ 4692604.806873643770814, 2174949.715409279800951 ], [ 4692605.265166616998613, 2174949.068509878125042 ], [ 4692605.710892359726131, 2174948.412961503956467 ], [ 4692606.143880820833147, 2174947.749012530781329 ], [ 4692606.563966206274927, 2174947.076914945151657 ], [ 4692606.970986641012132, 2174946.396924636792392 ], [ 4692607.364784128963947, 2174945.709301852155477 ], [ 4692607.745205529034138, 2174945.014310853090137 ], [ 4692608.112101367674768, 2174944.312219711951911 ], [ 4692608.465326525270939, 2174943.6033008787781 ], [ 4692608.804739606566727, 2174942.887831115163863 ], [ 4692609.13020387571305, 2174942.166091592051089 ], [ 4692609.441585985012352, 2174941.438367961905897 ], [ 4692609.738757286220789, 2174940.704950645100325 ], [ 4692610.021619173698127, 2174939.966064441017807 ], [ 4692610.299456260167062, 2174939.195474979933351 ], [ 4692610.377163792029023, 2174938.898654576856643 ], [ 4692610.973887709900737, 2174936.164925292134285 ], [ 4692611.436776811257005, 2174934.087231035809964 ], [ 4692611.436776811257005, 2174934.087231035809964 ], [ 4692611.561997721903026, 2174933.425992889329791 ], [ 4692611.6446015778929, 2174932.758091125171632 ], [ 4692613.811310541816056, 2174909.013637636788189 ], [ 4692615.184025138616562, 2174897.885579966939986 ], [ 4692615.406709427013993, 2174896.166244301013649 ], [ 4692615.607163085602224, 2174894.69540052395314 ], [ 4692615.783226790837944, 2174893.472301497124135 ], [ 4692615.968805926851928, 2174892.252056084107608 ], [ 4692616.169562730938196, 2174891.034568562172353 ], [ 4692616.343133934773505, 2174890.062532249838114 ], [ 4692616.481864360161126, 2174889.334921653848141 ], [ 4692616.628643644042313, 2174888.607080723159015 ], [ 4692616.783697770908475, 2174887.880740871187299 ], [ 4692617.00605215318501, 2174886.910142378881574 ], [ 4692617.182459531351924, 2174886.192604577168822 ], [ 4692617.369261290878057, 2174885.475313532166183 ], [ 4692617.563712528906763, 2174884.774703631177545 ], [ 4692617.769194296561182, 2174884.075567125808448 ], [ 4692617.985992030240595, 2174883.378441748209298 ], [ 4692618.214526828378439, 2174882.683330757077783 ], [ 4692618.454968049190938, 2174881.990990236867219 ], [ 4692618.709224318154156, 2174881.301591294817626 ], [ 4692618.978924131020904, 2174880.612073072232306 ], [ 4692619.165245123207569, 2174880.15452445903793 ], [ 4692619.354116154834628, 2174879.706036194227636 ], [ 4692619.651962556876242, 2174879.029580081813037 ], [ 4692619.957644247449934, 2174878.371951073873788 ], [ 4692620.276708405464888, 2174877.717189827002585 ], [ 4692620.608830332756042, 2174877.06605740590021 ], [ 4692620.837861701846123, 2174876.636559817008674 ], [ 4692621.192329037934542, 2174875.990808818954974 ], [ 4692621.56268092058599, 2174875.350184541195631 ], [ 4692621.811091152951121, 2174874.93400413217023 ], [ 4692622.199527150951326, 2174874.306368282996118 ], [ 4692622.600041017867625, 2174873.684668391011655 ], [ 4692623.005781416781247, 2174873.081314895767719 ], [ 4692623.422960723750293, 2174872.484176223166287 ], [ 4692624.001717995852232, 2174871.693763171788305 ], [ 4692624.44831496104598, 2174871.109958842862397 ], [ 4692624.910243455320597, 2174870.529730715788901 ], [ 4692625.223788574337959, 2174870.146562592126429 ], [ 4692625.53697257861495, 2174869.772542906925082 ], [ 4692626.020984257571399, 2174869.212184450123459 ], [ 4692626.506363031454384, 2174868.670916472095996 ], [ 4692627.002643245272338, 2174868.135702356230468 ], [ 4692627.508116958662868, 2174867.608171186875552 ], [ 4692628.200692350044847, 2174866.914011142216623 ], [ 4692628.912964353337884, 2174866.231170696206391 ], [ 4692629.45691917091608, 2174865.727117462083697 ], [ 4692630.006262449547648, 2174865.234520241152495 ], [ 4692630.565160277299583, 2174864.747616155073047 ], [ 4692631.132282558828592, 2174864.267279739957303 ], [ 4692631.6961785024032, 2174863.803586917929351 ], [ 4692632.267564732581377, 2174863.34562413720414 ], [ 4692632.845104032196105, 2174862.893811015877873 ], [ 4692633.626186610199511, 2174862.298606857191771 ], [ 4692634.416465992107987, 2174861.712625335901976 ], [ 4692635.216448261402547, 2174861.134725581854582 ], [ 4692641.622253169305623, 2174856.601316601969302 ], [ 4692678.66338247153908, 2174832.804990207776427 ], [ 4692678.66338247153908, 2174832.804990207776427 ], [ 4692681.471126674674451, 2174830.998031619936228 ], [ 4692681.471126674674451, 2174830.998031619936228 ], [ 4692682.879886937327683, 2174830.086610043887049 ], [ 4692682.879886937327683, 2174830.086610043887049 ], [ 4692685.223615539260209, 2174828.554260396864265 ], [ 4692685.223615539260209, 2174828.554260396864265 ], [ 4692687.098119819536805, 2174827.309305277187377 ], [ 4692687.098119819536805, 2174827.309305277187377 ], [ 4692689.337689464911819, 2174825.790657918900251 ], [ 4692689.337689464911819, 2174825.790657918900251 ], [ 4692691.289833716116846, 2174824.432377893012017 ], [ 4692691.289833716116846, 2174824.432377893012017 ], [ 4692693.463436561636627, 2174822.87300724722445 ], [ 4692693.463436561636627, 2174822.87300724722445 ], [ 4692695.423901588656008, 2174821.41596180992201 ], [ 4692695.423901588656008, 2174821.41596180992201 ], [ 4692697.53224447183311, 2174819.785150031093508 ], [ 4692697.53224447183311, 2174819.785150031093508 ], [ 4692699.465186048299074, 2174818.22202475881204 ], [ 4692699.465186048299074, 2174818.22202475881204 ], [ 4692704.016094311140478, 2174814.235635321587324 ], [ 4692708.335535415448248, 2174809.999540975317359 ], [ 4692712.409828411415219, 2174805.527158685959876 ], [ 4692712.409828411415219, 2174805.527158685959876 ], [ 4692714.010314310900867, 2174803.62503653485328 ], [ 4692714.010314310900867, 2174803.62503653485328 ], [ 4692715.681891008280218, 2174801.548865033779293 ], [ 4692715.681891008280218, 2174801.548865033779293 ], [ 4692717.176853406243026, 2174799.617158032022417 ], [ 4692717.176853406243026, 2174799.617158032022417 ], [ 4692718.778273912146688, 2174797.474347148090601 ], [ 4692718.778273912146688, 2174797.474347148090601 ], [ 4692720.17432754766196, 2174795.54903519898653 ], [ 4692720.17432754766196, 2174795.54903519898653 ], [ 4692721.736317650415003, 2174793.339476672001183 ], [ 4692721.736317650415003, 2174793.339476672001183 ], [ 4692723.017555287107825, 2174791.489582219161093 ], [ 4692723.017555287107825, 2174791.489582219161093 ], [ 4692724.595274314284325, 2174789.176151413936168 ], [ 4692724.595274314284325, 2174789.176151413936168 ], [ 4692725.533968229778111, 2174787.785414616111666 ], [ 4692725.533968229778111, 2174787.785414616111666 ], [ 4692727.395283884368837, 2174785.013406285084784 ], [ 4692758.135274121537805, 2174739.15379227604717 ], [ 4692758.135274121537805, 2174739.15379227604717 ], [ 4692762.926872567273676, 2174732.295736651401967 ], [ 4692767.979857721365988, 2174725.627927142195404 ], [ 4692803.453460795804858, 2174682.63601770112291 ], [ 4692808.241735731251538, 2174676.849829769227654 ], [ 4692811.28897846210748, 2174673.184226387180388 ], [ 4692813.549898712895811, 2174670.481619813013822 ], [ 4692815.342308641411364, 2174668.35567071614787 ], [ 4692816.824714630842209, 2174666.612820954993367 ], [ 4692818.161311453208327, 2174665.056316914968193 ], [ 4692818.8380226213485, 2174664.264401148073375 ], [ 4692819.338196885772049, 2174663.653405162971467 ], [ 4692819.826381962746382, 2174663.034633868839592 ], [ 4692820.303188767284155, 2174662.407338077202439 ], [ 4692820.768440145067871, 2174661.771739215124398 ], [ 4692821.221959993243217, 2174661.128063523210585 ], [ 4692821.663572494871914, 2174660.476543115917593 ], [ 4692822.093102849088609, 2174659.817416132893413 ], [ 4692822.510375997982919, 2174659.150926675181836 ], [ 4692822.915216771885753, 2174658.477325789164752 ], [ 4692823.307449641637504, 2174657.796871134079993 ], [ 4692823.686897193081677, 2174657.109827770851552 ], [ 4692824.053380748257041, 2174656.416468842886388 ], [ 4692824.406718887388706, 2174655.717075341846794 ], [ 4692824.746726737357676, 2174655.011937104165554 ], [ 4692825.073214963078499, 2174654.301353161223233 ], [ 4692825.385988809168339, 2174653.585632040165365 ], [ 4692825.684846289455891, 2174652.865091981831938 ], [ 4692825.969576234929264, 2174652.140061803162098 ], [ 4692826.239957319572568, 2174651.410880425013602 ], [ 4692826.495753712952137, 2174650.677897111978382 ], [ 4692826.736714143306017, 2174649.941471171099693 ], [ 4692826.962566007860005, 2174649.201970852911472 ], [ 4692827.173012091778219, 2174648.459775278810412 ], [ 4692827.367637377232313, 2174647.715623729862273 ], [ 4692827.486950498074293, 2174647.219070361927152 ], [ 4692827.998197574168444, 2174645.036564826965332 ], [ 4692828.358384046703577, 2174643.659484948031604 ], [ 4692828.604671108536422, 2174642.664825118146837 ], [ 4692828.840016259811819, 2174641.670334646012634 ], [ 4692829.121657061390579, 2174640.431066390126944 ], [ 4692830.054012113250792, 2174636.261931214015931 ], [ 4692832.169208847917616, 2174627.265486639924347 ], [ 4692833.322414009831846, 2174622.404068043921143 ], [ 4692834.197912083938718, 2174618.760433247778565 ], [ 4692834.850139886140823, 2174616.090345405042171 ], [ 4692835.455391230992973, 2174613.663886157795787 ], [ 4692835.888866392895579, 2174611.96645093197003 ], [ 4692836.269237181171775, 2174610.511889040935785 ], [ 4692836.660074677318335, 2174609.057073542848229 ], [ 4692836.991130438633263, 2174607.86168905813247 ], [ 4692837.334726724773645, 2174606.660735960118473 ], [ 4692837.687088759616017, 2174605.477167584933341 ], [ 4692837.980234688147902, 2174604.530569009017199 ], [ 4692838.2843949040398, 2174603.587532755918801 ], [ 4692838.59754638094455, 2174602.662404967937618 ], [ 4692838.841509241610765, 2174601.973052714020014 ], [ 4692839.094974456354976, 2174601.286158747039735 ], [ 4692839.358185690827668, 2174600.604367883875966 ], [ 4692839.730246158316731, 2174599.698606384918094 ], [ 4692840.027274955995381, 2174599.025281620211899 ], [ 4692840.233233666978776, 2174598.579333370085806 ], [ 4692840.44288342539221, 2174598.143570718821138 ], [ 4692840.658937635831535, 2174597.718379131052643 ], [ 4692840.884379532188177, 2174597.294252585154027 ], [ 4692841.117719192989171, 2174596.873986881226301 ], [ 4692841.362967262975872, 2174596.455078563187271 ], [ 4692841.613622506149113, 2174596.040016836021096 ], [ 4692842.008076523430645, 2174595.42735290993005 ], [ 4692842.275527897290885, 2174595.034231490921229 ], [ 4692842.55285108089447, 2174594.641954672057182 ], [ 4692842.838396601378918, 2174594.252949899993837 ], [ 4692843.129604481160641, 2174593.870577888097614 ], [ 4692843.590862000361085, 2174593.298845152836293 ], [ 4692843.899770364165306, 2174592.931412648875266 ], [ 4692844.386119103059173, 2174592.379339882172644 ], [ 4692844.710162698291242, 2174592.029047910124063 ], [ 4692845.046497971750796, 2174591.680641121231019 ], [ 4692845.387659413740039, 2174591.336080391891301 ], [ 4692845.915771905332804, 2174590.827267773915082 ], [ 4692846.455760712735355, 2174590.334663089830428 ], [ 4692846.81557672098279, 2174590.020995683036745 ], [ 4692847.18361883983016, 2174589.710255091078579 ], [ 4692847.557843099348247, 2174589.404105796013027 ], [ 4692847.936982930637896, 2174589.103427987080067 ], [ 4692848.324678030796349, 2174588.807535282801837 ], [ 4692848.715443315915763, 2174588.516024746000767 ], [ 4692849.318684784695506, 2174588.086692453827709 ], [ 4692849.7178570702672, 2174587.811967050191015 ], [ 4692850.33366939611733, 2174587.403824288863689 ], [ 4692850.946915360167623, 2174587.015438939910382 ], [ 4692851.570277839899063, 2174586.635670563206077 ], [ 4692852.047929869964719, 2174586.355058849789202 ], [ 4692858.237731366418302, 2174583.153866128996015 ], [ 4692859.034794086590409, 2174582.752822724170983 ], [ 4692862.630854400806129, 2174580.955550928134471 ], [ 4692865.34255791362375, 2174579.611926397774369 ], [ 4692867.618078243918717, 2174578.495937813073397 ], [ 4692869.686672349460423, 2174577.493533439002931 ], [ 4692870.386815519072115, 2174577.15395112382248 ], [ 4692871.085773143917322, 2174576.799188474193215 ], [ 4692871.778025502339005, 2174576.433917745947838 ], [ 4692872.46417582128197, 2174576.057825723197311 ], [ 4692873.144020042382181, 2174575.671011186204851 ], [ 4692873.817351558245718, 2174575.273576757870615 ], [ 4692874.483960648067296, 2174574.865628768224269 ], [ 4692875.143634176813066, 2174574.44727755477652 ], [ 4692875.796154884621501, 2174574.018637327011675 ], [ 4692876.441300863400102, 2174573.579826418776065 ], [ 4692877.078844784758985, 2174573.130967176984996 ], [ 4692877.708552920259535, 2174572.672186139039695 ], [ 4692878.330184713937342, 2174572.203614062163979 ], [ 4692878.943491216748953, 2174571.725385446101427 ], [ 4692879.548214046284556, 2174571.237638880964369 ], [ 4692880.144084271974862, 2174570.740516503807157 ], [ 4692880.730820901691914, 2174570.234163295011967 ], [ 4692881.308128458447754, 2174569.718726492021233 ], [ 4692881.875696047209203, 2174569.194354814942926 ], [ 4692882.433194133453071, 2174568.661196301225573 ], [ 4692882.980272714979947, 2174568.119396952912211 ], [ 4692883.516557642258704, 2174567.569097442086786 ], [ 4692884.040403697639704, 2174567.011754091829062 ], [ 4692884.878847656771541, 2174566.094436135143042 ], [ 4692887.158646175637841, 2174563.762923993170261 ], [ 4692889.111240508966148, 2174561.781296066939831 ], [ 4692890.725485956296325, 2174560.15759654622525 ], [ 4692892.178248374722898, 2174558.710325267165899 ], [ 4692893.654003512114286, 2174557.255505377892405 ], [ 4692895.160987498238683, 2174555.785771619994193 ], [ 4692896.525817519053817, 2174554.456448324024677 ], [ 4692896.906409655697644, 2174554.030266936868429 ], [ 4692897.264841802418232, 2174553.609644957818091 ], [ 4692897.613291558809578, 2174553.180964922066778 ], [ 4692897.951566689647734, 2174552.744472792837769 ], [ 4692898.279479907825589, 2174552.300419927109033 ], [ 4692898.596849864348769, 2174551.849063230212778 ], [ 4692898.903500307351351, 2174551.390664776787162 ], [ 4692899.199261038564146, 2174550.925492166075855 ], [ 4692899.48396716825664, 2174550.453818107955158 ], [ 4692899.757459883578122, 2174549.975920923985541 ], [ 4692900.019586334004998, 2174549.492083828896284 ], [ 4692900.270199315622449, 2174549.002595658879727 ], [ 4692900.509158475324512, 2174548.507750094868243 ], [ 4692900.736328567378223, 2174548.007846078835428 ], [ 4692900.951581468805671, 2174547.50318800099194 ], [ 4692901.154794551432133, 2174546.994085112120956 ], [ 4692901.345852159895003, 2174546.480851985979825 ], [ 4692901.524644157849252, 2174545.963808207772672 ], [ 4692901.691067210398614, 2174545.443278913851827 ], [ 4692901.84502393938601, 2174544.919594143051654 ], [ 4692901.986423347145319, 2174544.393089291173965 ], [ 4692902.115180394612253, 2174543.864104601088911 ], [ 4692902.23121549282223, 2174543.33298624586314 ], [ 4692902.334455613046885, 2174542.800085343886167 ], [ 4692902.424832371994853, 2174542.265758301131427 ], [ 4692902.502284251153469, 2174541.730359471868724 ], [ 4692902.566519684158266, 2174541.196105421986431 ], [ 4692902.777540766634047, 2174539.097108203917742 ], [ 4692902.816887022927403, 2174538.55447363993153 ], [ 4692902.844005037099123, 2174538.014051260892302 ], [ 4692902.859041709452868, 2174537.473914647940546 ], [ 4692902.861986298114061, 2174536.934384672902524 ], [ 4692902.852832831442356, 2174536.395786161068827 ], [ 4692902.83157944586128, 2174535.858448422048241 ], [ 4692902.798228470608592, 2174535.322705259080976 ], [ 4692902.752785556949675, 2174534.788894865196198 ], [ 4692902.695259129628539, 2174534.257360104005784 ], [ 4692902.625659494660795, 2174533.728448731824756 ], [ 4692902.543997079133987, 2174533.202507242094725 ], [ 4692902.450980427674949, 2174532.683831089176238 ], [ 4692901.962739351205528, 2174530.159927404951304 ], [ 4692901.580395384691656, 2174528.120199678000063 ], [ 4692901.049737334251404, 2174525.246490971185267 ], [ 4692900.930861555039883, 2174524.704452216159552 ], [ 4692900.801610407419503, 2174524.169748187996447 ], [ 4692900.661013372242451, 2174523.637928111013025 ], [ 4692900.509134786203504, 2174523.109233962837607 ], [ 4692900.346044265665114, 2174522.583906069863588 ], [ 4692900.171816368587315, 2174522.062182975932956 ], [ 4692899.986530601046979, 2174521.544302322901785 ], [ 4692899.790272129699588, 2174521.030499904882163 ], [ 4692899.583130812272429, 2174520.521009248215705 ], [ 4692899.365201369859278, 2174520.016062335111201 ], [ 4692899.136583780869842, 2174519.515889587812126 ], [ 4692898.897383223287761, 2174519.020718832034618 ], [ 4692898.647709368728101, 2174518.530775570776314 ], [ 4692898.387676882557571, 2174518.046283485833555 ], [ 4692898.117405467666686, 2174517.567463669925928 ], [ 4692897.837019488215446, 2174517.094534831121564 ], [ 4692897.546648231334984, 2174516.627712944056839 ], [ 4692897.246425497345626, 2174516.167211362160742 ], [ 4692896.936489914543927, 2174515.713240840937942 ], [ 4692896.616984823718667, 2174515.266009205020964 ], [ 4692896.288058053702116, 2174514.825721151195467 ], [ 4692895.949861930683255, 2174514.392578619997948 ], [ 4692895.602553515695035, 2174513.966780371032655 ], [ 4692895.246294270269573, 2174513.548521915916353 ], [ 4692894.881249943748116, 2174513.137995181139559 ], [ 4692894.507590687833726, 2174512.735389356035739 ], [ 4692894.125491240993142, 2174512.340889526996762 ], [ 4692893.735130190849304, 2174511.954677667934448 ], [ 4692893.336690922267735, 2174511.576932058203965 ], [ 4692892.9303606050089, 2174511.207826890982687 ], [ 4692892.51633058488369, 2174510.847533042076975 ], [ 4692892.094796523451805, 2174510.496217268053442 ], [ 4692891.665958072990179, 2174510.154042651876807 ], [ 4692891.230019019916654, 2174509.821167808026075 ], [ 4692890.787186935544014, 2174509.497747666202486 ], [ 4692890.337673553265631, 2174509.183932646177709 ], [ 4692889.88169432990253, 2174508.879869285970926 ], [ 4692889.419468906708062, 2174508.585699616931379 ], [ 4692888.951220571063459, 2174508.301561318803579 ], [ 4692888.477176683954895, 2174508.027587744873017 ], [ 4692887.997568282298744, 2174507.76390739902854 ], [ 4692887.512630108743906, 2174507.510644545778632 ], [ 4692887.022600835189223, 2174507.267918635159731 ], [ 4692886.527723029255867, 2174507.03584475396201 ], [ 4692886.028242790140212, 2174506.814532563090324 ], [ 4692885.5244101267308, 2174506.604087871965021 ], [ 4692885.016478946432471, 2174506.404610633850098 ], [ 4692884.504706587642431, 2174506.21619675680995 ], [ 4692883.989354581572115, 2174506.038936637807637 ], [ 4692883.470687827095389, 2174505.872916083782911 ], [ 4692882.948975643143058, 2174505.718215983826667 ], [ 4692882.424490818753839, 2174505.574911788105965 ], [ 4692881.897509907372296, 2174505.443074446171522 ], [ 4692881.368313973769546, 2174505.322769925929606 ], [ 4692880.837187637574971, 2174505.214058898855001 ], [ 4692880.304419503547251, 2174505.116997652221471 ], [ 4692879.77030268125236, 2174505.031637638807297 ], [ 4692879.235134469345212, 2174504.958025608211756 ], [ 4692878.699216104112566, 2174504.896203672047704 ], [ 4692878.162853092886508, 2174504.846210070885718 ], [ 4692877.626356064341962, 2174504.808079184964299 ], [ 4692877.090039703063667, 2174504.781841184012592 ], [ 4692876.554223126731813, 2174504.76752363704145 ], [ 4692876.019230709411204, 2174504.765151292085648 ], [ 4692875.485391266644001, 2174504.774746702983975 ], [ 4692874.953038644976914, 2174504.796331436838955 ], [ 4692874.422511490061879, 2174504.829926468897611 ], [ 4692873.894153570756316, 2174504.875553938094527 ], [ 4692873.36831362079829, 2174504.933237792924047 ], [ 4692872.845345384441316, 2174505.003006001934409 ], [ 4692872.325607532635331, 2174505.084891866892576 ], [ 4692871.809463235549629, 2174505.178936680778861 ], [ 4692871.297273863106966, 2174505.285193581134081 ], [ 4692870.792712568305433, 2174505.402966401074082 ], [ 4692868.438132061623037, 2174505.99434820516035 ], [ 4692868.276504769921303, 2174506.030139597132802 ], [ 4692867.525611004792154, 2174506.181137263774872 ], [ 4692866.764085709117353, 2174506.347914156969637 ], [ 4692866.007074663415551, 2174506.525956219062209 ], [ 4692865.254084727726877, 2174506.713745856191963 ], [ 4692864.258746520616114, 2174506.975483348127455 ], [ 4692863.027237595058978, 2174507.314066169783473 ], [ 4692860.838717756792903, 2174507.921245792880654 ], [ 4692860.132188375107944, 2174508.105944186914712 ], [ 4692856.022058241069317, 2174509.13812501123175 ], [ 4692853.118656013160944, 2174509.857272615190595 ], [ 4692850.698145970702171, 2174510.446637925226241 ], [ 4692848.517792179249227, 2174510.96578804589808 ], [ 4692846.575727607123554, 2174511.415044628083706 ], [ 4692836.836659207940102, 2174513.622646464966238 ], [ 4692835.558551548980176, 2174513.90978102106601 ], [ 4692820.420773925259709, 2174517.206076683010906 ], [ 4692819.347162895835936, 2174517.421748686116189 ], [ 4692817.648184278979897, 2174517.752181464806199 ], [ 4692815.948793612420559, 2174518.070758904796094 ], [ 4692814.492249553091824, 2174518.33239064598456 ], [ 4692813.034538525156677, 2174518.582223562058061 ], [ 4692811.819605845026672, 2174518.78018216881901 ], [ 4692810.603517676703632, 2174518.96809953590855 ], [ 4692809.386369813233614, 2174519.145184290129691 ], [ 4692808.16801237873733, 2174519.310675219167024 ], [ 4692806.948218743316829, 2174519.463763805106282 ], [ 4692805.726312313228846, 2174519.603831994812936 ], [ 4692804.748274733312428, 2174519.705941653810441 ], [ 4692803.768533050082624, 2174519.798978952225298 ], [ 4692802.787380019202828, 2174519.882547643966973 ], [ 4692801.804948034696281, 2174519.956366670783609 ], [ 4692800.820446446537971, 2174520.019548444077373 ], [ 4692799.834958439692855, 2174520.073115998879075 ], [ 4692798.598309271968901, 2174520.124082874972373 ], [ 4692797.607550776563585, 2174520.153220385778695 ], [ 4692796.614637457765639, 2174520.171620754990727 ], [ 4692795.368475249037147, 2174520.178947702981532 ], [ 4692794.126425048336387, 2174520.168756959028542 ], [ 4692792.87996671628207, 2174520.141708916053176 ], [ 4692791.891441184096038, 2174520.107867025770247 ], [ 4692790.900875790044665, 2174520.063360942993313 ], [ 4692789.92477351706475, 2174520.008522973861545 ], [ 4692788.932064566761255, 2174519.942887710873038 ], [ 4692787.95471132081002, 2174519.867382537107915 ], [ 4692786.977308884263039, 2174519.781671088188887 ], [ 4692786.000131165608764, 2174519.685881334822625 ], [ 4692785.023199575953186, 2174519.580141039099544 ], [ 4692784.046524342149496, 2174519.464599422179163 ], [ 4692783.070103351026773, 2174519.339430723804981 ], [ 4692782.093920843675733, 2174519.204838299192488 ], [ 4692781.11818515136838, 2174519.061094707809389 ], [ 4692780.142431844957173, 2174518.907811956945807 ], [ 4692779.167465899139643, 2174518.746579155791551 ], [ 4692777.703482129611075, 2174518.488503290805966 ], [ 4692776.239734159782529, 2174518.212660285178572 ], [ 4692775.020695327781141, 2174517.970770962070674 ], [ 4692773.556362762115896, 2174517.665735309012234 ], [ 4692772.090958611108363, 2174517.345605548005551 ], [ 4692770.869598854333162, 2174517.068429461214691 ], [ 4692769.409535560756922, 2174516.724285969045013 ], [ 4692768.202866268344223, 2174516.430145324207842 ], [ 4692766.779164935462177, 2174516.070310461800545 ], [ 4692765.019647482782602, 2174515.588085647206753 ], [ 4692762.674824245274067, 2174514.718371018767357 ], [ 4692760.525606720708311, 2174513.909644641913474 ], [ 4692758.601908718235791, 2174513.174369958229363 ], [ 4692756.658360246568918, 2174512.419427424203604 ], [ 4692754.433088389225304, 2174511.541509783826768 ], [ 4692752.647469990886748, 2174510.836734456010163 ], [ 4692752.105892266146839, 2174510.644812475889921 ], [ 4692751.560805698856711, 2174510.470041611231863 ], [ 4692751.010812631808221, 2174510.311900186818093 ], [ 4692750.456429909914732, 2174510.170527526177466 ], [ 4692749.89817941468209, 2174510.046046975068748 ], [ 4692749.336587462574244, 2174509.938565392978489 ], [ 4692748.772184010595083, 2174509.848172964993864 ], [ 4692748.205502158030868, 2174509.774943228811026 ], [ 4692747.637078040279448, 2174509.718933131080121 ], [ 4692747.067450491711497, 2174509.680182551033795 ], [ 4692746.497159953229129, 2174509.658714064862579 ], [ 4692745.926748568192124, 2174509.654533403925598 ], [ 4692745.356759520247579, 2174509.667628616094589 ], [ 4692744.787736536003649, 2174509.697970573790371 ], [ 4692744.220223572105169, 2174509.745512417983264 ], [ 4692743.654763927683234, 2174509.810189737007022 ], [ 4692743.091900359839201, 2174509.891920663882047 ], [ 4692742.532174521125853, 2174509.99060535011813 ], [ 4692741.976125980727375, 2174510.106126119848341 ], [ 4692741.42429213039577, 2174510.23834775807336 ], [ 4692740.877208388410509, 2174510.387117158155888 ], [ 4692740.335406377911568, 2174510.552262959070504 ], [ 4692739.799414849840105, 2174510.733596650883555 ], [ 4692739.269758526235819, 2174510.930911128874868 ], [ 4692738.746957715600729, 2174511.143982081208378 ], [ 4692738.231528478674591, 2174511.372567244805396 ], [ 4692737.723981896415353, 2174511.616406629793346 ], [ 4692737.224823537282646, 2174511.87522275513038 ], [ 4692736.734553790651262, 2174512.148720910772681 ], [ 4692736.253667528741062, 2174512.436588745098561 ], [ 4692735.782653110101819, 2174512.738496891222894 ], [ 4692735.321993083693087, 2174513.054099608212709 ], [ 4692734.872164440341294, 2174513.383034226950258 ], [ 4692734.433637353591621, 2174513.724921946879476 ], [ 4692734.006876704283059, 2174514.079368660226464 ], [ 4692733.592341298237443, 2174514.445964687969536 ], [ 4692733.190485000610352, 2174514.824286298826337 ], [ 4692732.801756695844233, 2174515.213895748835057 ], [ 4692732.426601275801659, 2174515.614343049004674 ], [ 4692732.065460927784443, 2174516.025166430976242 ], [ 4692731.718775680288672, 2174516.445893999189138 ], [ 4692731.38698514085263, 2174516.876045931130648 ], [ 4692731.070531163364649, 2174517.315135770943016 ], [ 4692730.769858973100781, 2174517.762672699987888 ], [ 4692730.485420072451234, 2174518.218165408819914 ], [ 4692730.217676507309079, 2174518.681124247144908 ], [ 4692729.967099475674331, 2174519.151071837171912 ], [ 4692729.736367377452552, 2174519.62308784481138 ], [ 4692728.769796508364379, 2174521.724737362004817 ], [ 4692728.282224111258984, 2174522.615027703810483 ], [ 4692728.038679979741573, 2174523.082680367864668 ], [ 4692727.690036652609706, 2174523.783450313843787 ], [ 4692727.35558373760432, 2174524.490376628004014 ], [ 4692727.034132917411625, 2174525.200297716073692 ], [ 4692726.723346917890012, 2174525.911732115782797 ], [ 4692723.890698217786849, 2174532.586387276183814 ], [ 4692719.679919434711337, 2174541.337579667102545 ], [ 4692719.679919434711337, 2174541.337579667102545 ], [ 4692717.294813454151154, 2174546.762721038423479 ], [ 4692715.286774327978492, 2174552.33844236517325 ], [ 4692713.665227581746876, 2174558.038571801036596 ], [ 4692713.42266655806452, 2174559.017496042884886 ], [ 4692711.373282268643379, 2174566.029057610780001 ], [ 4692710.859245331957936, 2174567.951069481205195 ], [ 4692710.401112335734069, 2174569.623025290202349 ], [ 4692709.999328533187509, 2174571.051658542826772 ], [ 4692709.585932583548129, 2174572.47612354811281 ], [ 4692709.230718215927482, 2174573.658886353019625 ], [ 4692708.864009818062186, 2174574.837877607904375 ], [ 4692708.4819858353585, 2174576.012667226139456 ], [ 4692708.163928628899157, 2174576.947626646142453 ], [ 4692707.83085186034441, 2174577.880584408994764 ], [ 4692707.571829195134342, 2174578.576305939815938 ], [ 4692707.304370653815567, 2174579.262426800094545 ], [ 4692707.025620982050896, 2174579.945819654967636 ], [ 4692706.734844936057925, 2174580.624445131979883 ], [ 4692706.434540441259742, 2174581.285262428224087 ], [ 4692706.228087140247226, 2174581.718451966997236 ], [ 4692705.900213544256985, 2174582.367494376841933 ], [ 4692705.549861085601151, 2174583.01163807278499 ], [ 4692705.311427470296621, 2174583.426863913889974 ], [ 4692705.064235126599669, 2174583.832521541975439 ], [ 4692704.806168930605054, 2174584.23694490082562 ], [ 4692704.541017451323569, 2174584.634243330918252 ], [ 4692704.114589400589466, 2174585.230187484063208 ], [ 4692703.826530697755516, 2174585.613322652876377 ], [ 4692703.530916474759579, 2174585.986262929160148 ], [ 4692703.226153074763715, 2174586.355143005028367 ], [ 4692702.909994328394532, 2174586.718744681216776 ], [ 4692702.583206010982394, 2174587.079633682966232 ], [ 4692702.254615498706698, 2174587.428413286805153 ], [ 4692701.739415776915848, 2174587.947143256198615 ], [ 4692701.212096681818366, 2174588.441008566878736 ], [ 4692700.850713426247239, 2174588.762388805858791 ], [ 4692700.478981162421405, 2174589.080387896858156 ], [ 4692700.106781982816756, 2174589.386864378117025 ], [ 4692699.731435633264482, 2174589.681306655053049 ], [ 4692699.348763382062316, 2174589.970150548033416 ], [ 4692698.955662241205573, 2174590.252920684870332 ], [ 4692698.558950158767402, 2174590.530157738830894 ], [ 4692697.951519058085978, 2174590.929764351807535 ], [ 4692697.328110128641129, 2174591.316969946026802 ], [ 4692696.915606734342873, 2174591.559641877189279 ], [ 4692696.496229131706059, 2174591.797132309060544 ], [ 4692696.068476214073598, 2174592.02813836093992 ], [ 4692695.638109548948705, 2174592.25403162278235 ], [ 4692694.975763378664851, 2174592.581702211871743 ], [ 4692694.538718086667359, 2174592.788899578154087 ], [ 4692693.866099549457431, 2174593.092771538998932 ], [ 4692689.57155199162662, 2174594.922868832945824 ], [ 4692676.319435062818229, 2174599.328669270034879 ], [ 4692676.319435062818229, 2174599.328669270034879 ], [ 4692666.911546401679516, 2174602.801636027637869 ], [ 4692657.750509978272021, 2174606.881498625036329 ], [ 4692655.51384770963341, 2174607.966489333193749 ], [ 4692644.080926146358252, 2174613.132103837095201 ], [ 4692642.494260695762932, 2174613.836088332813233 ], [ 4692641.135238057933748, 2174614.425590917933732 ], [ 4692640.225240710191429, 2174614.812449858989567 ], [ 4692639.092523936182261, 2174615.282155140768737 ], [ 4692637.939399187453091, 2174615.745953775942326 ], [ 4692637.024895775131881, 2174616.100516912061721 ], [ 4692636.337982510216534, 2174616.358267772942781 ], [ 4692635.413719102740288, 2174616.690867677796632 ], [ 4692634.719870436936617, 2174616.930206188000739 ], [ 4692633.785401072353125, 2174617.234222591854632 ], [ 4692632.839699084870517, 2174617.519317377824336 ], [ 4692632.125726576894522, 2174617.721346608828753 ], [ 4692631.41266829892993, 2174617.910026590805501 ], [ 4692630.694137838669121, 2174618.088442090898752 ], [ 4692629.985704150982201, 2174618.251709667034447 ], [ 4692629.272688060067594, 2174618.404583408031613 ], [ 4692628.555693968199193, 2174618.54691768810153 ], [ 4692627.834718281403184, 2174618.678709282074124 ], [ 4692627.111786678433418, 2174618.799618893768638 ], [ 4692626.136738659814, 2174618.942538709845394 ], [ 4692625.402501595206559, 2174619.037676829844713 ], [ 4692624.664049159735441, 2174619.1221539741382 ], [ 4692623.929398423060775, 2174619.193871559109539 ], [ 4692623.19106450676918, 2174619.254931836854666 ], [ 4692622.465223845094442, 2174619.303089881781489 ], [ 4692621.736646637320518, 2174619.340699173044413 ], [ 4692621.005943558178842, 2174619.367769865784794 ], [ 4692620.27312571182847, 2174619.384361168835312 ], [ 4692619.538848432712257, 2174619.390537918079644 ], [ 4692618.802229563705623, 2174619.385182572063059 ], [ 4692618.062832943163812, 2174619.369526796042919 ], [ 4692617.321194546297193, 2174619.3435976090841 ], [ 4692616.578829268924892, 2174619.307629655115306 ], [ 4692615.59957810677588, 2174619.243217390030622 ], [ 4692614.617633821442723, 2174619.161761764902622 ], [ 4692613.632891274988651, 2174619.063635513186455 ], [ 4692612.907710069790483, 2174618.980358460918069 ], [ 4692611.936927320435643, 2174618.855740324128419 ], [ 4692606.23625136911869, 2174618.04036639817059 ], [ 4692545.365389357320964, 2174604.979833631776273 ], [ 4692537.809175381436944, 2174602.919561616145074 ], [ 4692534.650849266909063, 2174602.046774403192103 ], [ 4692532.212452560663223, 2174601.362285568844527 ], [ 4692530.006672106683254, 2174600.732198007870466 ], [ 4692528.032289390452206, 2174600.157373962923884 ], [ 4692526.037751720286906, 2174599.565034999046475 ], [ 4692524.012414645403624, 2174598.952108788769692 ], [ 4692522.960144110955298, 2174598.630436221137643 ], [ 4692522.406659072265029, 2174598.498221879824996 ], [ 4692521.866088679991663, 2174598.382356475107372 ], [ 4692521.323589731939137, 2174598.278546905145049 ], [ 4692520.77893309481442, 2174598.186737901065499 ], [ 4692520.232384138740599, 2174598.106974082998931 ], [ 4692519.684209530241787, 2174598.039294519927353 ], [ 4692519.134676574729383, 2174597.983731849119067 ], [ 4692518.58405296690762, 2174597.940313194878399 ], [ 4692518.032607392407954, 2174597.909059744793922 ], [ 4692517.480608591809869, 2174597.889986522030085 ], [ 4692516.928325892426074, 2174597.883103018160909 ], [ 4692516.376028668135405, 2174597.888412244152278 ], [ 4692515.823986303061247, 2174597.905911656096578 ], [ 4692515.272467752918601, 2174597.935592390131205 ], [ 4692514.721742275170982, 2174597.97744030598551 ], [ 4692514.172078626230359, 2174598.031434462871403 ], [ 4692513.623744683340192, 2174598.097548551857471 ], [ 4692513.077007999643683, 2174598.175750214140862 ], [ 4692512.532135520130396, 2174598.266001204960048 ], [ 4692511.989392983727157, 2174598.368257169146091 ], [ 4692511.449045372195542, 2174598.482468179892749 ], [ 4692510.911356134340167, 2174598.608578095212579 ], [ 4692510.376587757840753, 2174598.746525529772043 ], [ 4692509.845001555979252, 2174598.8962427591905 ], [ 4692509.316856901161373, 2174599.057656396180391 ], [ 4692508.792411499656737, 2174599.230687468778342 ], [ 4692508.271921787410975, 2174599.415251263882965 ], [ 4692507.755641627125442, 2174599.611257112119347 ], [ 4692507.243823286145926, 2174599.818609307985753 ], [ 4692506.736716912128031, 2174600.03720598295331 ], [ 4692506.234570131637156, 2174600.266940066125244 ], [ 4692505.737628439441323, 2174600.507698928937316 ], [ 4692505.246134779416025, 2174600.759364380966872 ], [ 4692504.760329308919609, 2174601.021812919061631 ], [ 4692504.280449654906988, 2174601.29491573991254 ], [ 4692503.806730316951871, 2174601.578538705129176 ], [ 4692503.339403313584626, 2174601.87254258710891 ], [ 4692502.878697042353451, 2174602.176782689988613 ], [ 4692502.424837212078273, 2174602.491109629161656 ], [ 4692501.978045903146267, 2174602.815368452109396 ], [ 4692501.538541693240404, 2174603.149399807211012 ], [ 4692501.106540200300515, 2174603.493039100896567 ], [ 4692500.682252774946392, 2174603.846116854809225 ], [ 4692500.265887660905719, 2174604.208459069952369 ], [ 4692499.857648610137403, 2174604.579886736813933 ], [ 4692499.45773618388921, 2174604.960216629784554 ], [ 4692499.066346300765872, 2174605.349260452203453 ], [ 4692498.68367125838995, 2174605.746825903188437 ], [ 4692498.309898672625422, 2174606.152715883217752 ], [ 4692497.945212110877037, 2174606.566729488782585 ], [ 4692497.589791053906083, 2174606.988660993985832 ], [ 4692497.243809855543077, 2174607.418300649151206 ], [ 4692496.907438583672047, 2174607.855434981174767 ], [ 4692496.580842774361372, 2174608.29984617093578 ], [ 4692496.264183183200657, 2174608.751312396023422 ], [ 4692495.957615398801863, 2174609.209608151111752 ], [ 4692495.661290388554335, 2174609.674504327122122 ], [ 4692495.375354315154254, 2174610.145767622161657 ], [ 4692495.099947549402714, 2174610.623161484953016 ], [ 4692494.835206104442477, 2174611.106445845216513 ], [ 4692494.581260059960186, 2174611.595376947894692 ], [ 4692494.338234851136804, 2174612.089707796927541 ], [ 4692494.106249735690653, 2174612.589187959209085 ], [ 4692493.885419193655252, 2174613.09356405492872 ], [ 4692493.675851725973189, 2174613.602579127065837 ], [ 4692493.477650388143957, 2174614.115973481908441 ], [ 4692493.290912496857345, 2174614.633484229911119 ], [ 4692493.11572973523289, 2174615.154845363926142 ], [ 4692492.952187484130263, 2174615.679788269102573 ], [ 4692492.800365827977657, 2174616.208041404839605 ], [ 4692492.660338293761015, 2174616.739330475218594 ], [ 4692492.53217304404825, 2174617.273378379177302 ], [ 4692492.415931443683803, 2174617.809905182104558 ], [ 4692492.311669037677348, 2174618.348628681153059 ], [ 4692492.219434943050146, 2174618.88926408579573 ], [ 4692492.139272440224886, 2174619.431523731909692 ], [ 4692492.071217818185687, 2174619.97511745011434 ], [ 4692492.015301258303225, 2174620.519753034226596 ], [ 4692491.971546557731926, 2174621.065135524142534 ], [ 4692491.93997098878026, 2174621.610967370215803 ], [ 4692491.92058511544019, 2174622.15694861812517 ], [ 4692491.913392919115722, 2174622.702777241822332 ], [ 4692491.918392162770033, 2174623.248148365877569 ], [ 4692491.935573586262763, 2174623.792754547204822 ], [ 4692491.964921471662819, 2174624.336286181118339 ], [ 4692492.006413656286895, 2174624.878430968150496 ], [ 4692492.060021450743079, 2174625.418873754795641 ], [ 4692492.125709541141987, 2174625.95729670394212 ], [ 4692492.20343632157892, 2174626.49337968416512 ], [ 4692492.293154419399798, 2174627.026798971928656 ], [ 4692492.394809828139842, 2174627.55722818383947 ], [ 4692492.508343504741788, 2174628.084337725769728 ], [ 4692492.633690622635186, 2174628.607794449198991 ], [ 4692492.770781621336937, 2174629.127261649817228 ], [ 4692492.919542325660586, 2174629.642398864030838 ], [ 4692493.079895010218024, 2174630.152861720882356 ], [ 4692493.251759021542966, 2174630.658301102928817 ], [ 4692493.435051469132304, 2174631.158363272901624 ], [ 4692493.629688799381256, 2174631.652689549140632 ], [ 4692493.835588132031262, 2174632.140915891155601 ], [ 4692494.052668962627649, 2174632.622671705204993 ], [ 4692494.280852059833705, 2174633.097575131803751 ], [ 4692494.518916177563369, 2174633.563008490949869 ], [ 4692494.645756329409778, 2174633.799791287165135 ], [ 4692494.77843574155122, 2174634.034447370097041 ], [ 4692496.137900036759675, 2174636.31110217096284 ], [ 4692496.831244507804513, 2174637.606607153080404 ], [ 4692497.214460089802742, 2174638.287341945804656 ], [ 4692497.605995100922883, 2174638.95893925614655 ], [ 4692498.005220545455813, 2174639.623814286198467 ], [ 4692498.545025664381683, 2174640.499024731107056 ], [ 4692499.3607426173985, 2174641.792197893839329 ], [ 4692500.166664054617286, 2174643.070611917879432 ], [ 4692500.416171443648636, 2174643.478913349099457 ], [ 4692502.706925516016781, 2174647.335193080827594 ], [ 4692504.35252842772752, 2174650.125465583987534 ], [ 4692505.608982956968248, 2174652.274945300072432 ], [ 4692506.729872735217214, 2174654.213909517042339 ], [ 4692507.592642183415592, 2174655.726151151116937 ], [ 4692508.324238621629775, 2174657.02629727916792 ], [ 4692509.04666013456881, 2174658.332343600224704 ], [ 4692509.640170349739492, 2174659.425546713173389 ], [ 4692510.107676571235061, 2174660.304500070866197 ], [ 4692510.568447245284915, 2174661.187463892158121 ], [ 4692511.133022501133382, 2174662.301845191977918 ], [ 4692511.459894970990717, 2174662.966479118913412 ], [ 4692511.780829766765237, 2174663.635964892804623 ], [ 4692512.091164026409388, 2174664.30237003788352 ], [ 4692512.396423365920782, 2174664.980017174035311 ], [ 4692512.684834900312126, 2174665.648286915849894 ], [ 4692512.962838199920952, 2174666.321979503147304 ], [ 4692513.228991935960948, 2174667.001261414960027 ], [ 4692513.397216089069843, 2174667.457483890000731 ], [ 4692513.560211524367332, 2174667.914754019118845 ], [ 4692513.789875137619674, 2174668.614616765175015 ], [ 4692513.930296121165156, 2174669.073919356800616 ], [ 4692514.058146484196186, 2174669.531286200042814 ], [ 4692514.177165969274938, 2174669.994313391856849 ], [ 4692514.285575770772994, 2174670.459090267773718 ], [ 4692514.379812346771359, 2174670.927341341041028 ], [ 4692514.457024100236595, 2174671.389398069120944 ], [ 4692514.523126599378884, 2174671.859748492017388 ], [ 4692514.577308717183769, 2174672.332898943219334 ], [ 4692514.616477658040822, 2174672.810068373102695 ], [ 4692514.639940191060305, 2174673.27964835613966 ], [ 4692514.651418711058795, 2174673.75314447004348 ], [ 4692514.647594078443944, 2174674.231643723789603 ], [ 4692514.631362408399582, 2174674.714238458778709 ], [ 4692514.600348644889891, 2174675.187547854147851 ], [ 4692514.580852222628891, 2174675.417455186136067 ], [ 4692514.527885327115655, 2174675.895304928068072 ], [ 4692514.462476016953588, 2174676.373394294176251 ], [ 4692514.383360258303583, 2174676.84070014115423 ], [ 4692514.340847870334983, 2174677.065585021860898 ], [ 4692514.18509263265878, 2174677.772805353160948 ], [ 4692514.066868947818875, 2174678.222724026069045 ], [ 4692513.934588564559817, 2174678.678446886129677 ], [ 4692513.790463308803737, 2174679.131751723121852 ], [ 4692513.63121816329658, 2174679.582522307056934 ], [ 4692513.460998219437897, 2174680.019858235958964 ], [ 4692513.277433173730969, 2174680.45825839182362 ], [ 4692513.082431284710765, 2174680.892969143111259 ], [ 4692512.872774782590568, 2174681.323519278783351 ], [ 4692512.6538529638201, 2174681.739497382193804 ], [ 4692512.42165176384151, 2174682.155051759909838 ], [ 4692512.179891259409487, 2174682.563519398216158 ], [ 4692511.920283906161785, 2174682.966810194775462 ], [ 4692511.79009804315865, 2174683.166328148916364 ], [ 4692511.518435437232256, 2174683.55592904612422 ], [ 4692511.383617602288723, 2174683.741846912074834 ], [ 4692510.941087208688259, 2174684.316409879829735 ], [ 4692510.642748163081706, 2174684.67424536915496 ], [ 4692510.329861295409501, 2174685.031365186907351 ], [ 4692510.004403231665492, 2174685.385156270116568 ], [ 4692509.843409540131688, 2174685.553968341089785 ], [ 4692509.502178076654673, 2174685.894924289081246 ], [ 4692509.159386955201626, 2174686.217620119918138 ], [ 4692508.80486351903528, 2174686.535790359135717 ], [ 4692508.442178687080741, 2174686.846217164769769 ], [ 4692508.067066785879433, 2174687.148713586851954 ], [ 4692507.681874768808484, 2174687.444920578040183 ], [ 4692507.296044603921473, 2174687.724531542975456 ], [ 4692507.106648283079267, 2174687.85693281609565 ], [ 4692506.500629126094282, 2174688.257191384211183 ], [ 4692506.093589288182557, 2174688.505970492959023 ], [ 4692505.677805028855801, 2174688.751019590068609 ], [ 4692505.263068598695099, 2174688.980625710915774 ], [ 4692504.835358585231006, 2174689.202884900849313 ], [ 4692504.404252045787871, 2174689.418450868222862 ], [ 4692503.74451507255435, 2174689.722525599878281 ], [ 4692503.308518587611616, 2174689.908911041915417 ], [ 4692502.86357170343399, 2174690.089179011061788 ], [ 4692502.41288582701236, 2174690.262168049812317 ], [ 4692501.960364287719131, 2174690.426686401013285 ], [ 4692501.261869085021317, 2174690.659439065959305 ], [ 4692500.801843268796802, 2174690.803249647840858 ], [ 4692500.094252615235746, 2174691.008806072175503 ], [ 4692495.386035836301744, 2174692.258604468777776 ], [ 4692444.784982471726835, 2174702.00641555711627 ], [ 4692425.169317906722426, 2174705.452867424115539 ], [ 4692423.461040490306914, 2174705.74297462683171 ], [ 4692421.752492102794349, 2174706.02096800506115 ], [ 4692420.288024051114917, 2174706.247329014819115 ], [ 4692419.06697129830718, 2174706.4249531137757 ], [ 4692417.843882480636239, 2174706.592635491862893 ], [ 4692416.61909135710448, 2174706.750034489203244 ], [ 4692415.392163790762424, 2174706.89692057389766 ], [ 4692414.16337454225868, 2174707.034236251842231 ], [ 4692412.932612586766481, 2174707.161427089944482 ], [ 4692411.700289575383067, 2174707.279475802090019 ], [ 4692410.218715620227158, 2174707.408680071122944 ], [ 4692408.485963737592101, 2174707.543415176216513 ], [ 4692406.998452334664762, 2174707.646565687842667 ], [ 4692405.508315014652908, 2174707.739297865889966 ], [ 4692403.515971660614014, 2174707.848977942951024 ], [ 4692401.536111734807491, 2174707.946039925795048 ], [ 4692383.30032535456121, 2174708.781575217843056 ], [ 4692376.545289454981685, 2174709.08067846018821 ], [ 4692372.282195805571973, 2174709.259498953819275 ], [ 4692369.011415531858802, 2174709.386688382830471 ], [ 4692366.230984942056239, 2174709.484096032101661 ], [ 4692363.939679205417633, 2174709.554105529095978 ], [ 4692362.909596950747073, 2174709.58732520416379 ], [ 4692362.131268874742091, 2174709.623925713822246 ], [ 4692361.354186941869557, 2174709.670589271001518 ], [ 4692360.577777255326509, 2174709.727340780198574 ], [ 4692359.802170839160681, 2174709.794171027839184 ], [ 4692359.027498628944159, 2174709.871068565174937 ], [ 4692358.25389152392745, 2174709.958020652178675 ], [ 4692357.481479956768453, 2174710.055012347176671 ], [ 4692356.710394403897226, 2174710.162027700804174 ], [ 4692355.940765286795795, 2174710.279048488009721 ], [ 4692355.172722274437547, 2174710.406054941006005 ], [ 4692354.406395465135574, 2174710.543026017956436 ], [ 4692353.641914133913815, 2174710.689938176888973 ], [ 4692352.879407582804561, 2174710.846767130773515 ], [ 4692352.119004686363041, 2174711.013486144132912 ], [ 4692351.360834104008973, 2174711.190067416056991 ], [ 4692350.605024054646492, 2174711.376480991020799 ], [ 4692349.851702540181577, 2174711.572695652022958 ], [ 4692349.1009969599545, 2174711.778678157832474 ], [ 4692348.353034590370953, 2174711.994394094217569 ], [ 4692347.607942298986018, 2174712.219806925859302 ], [ 4692346.865846334025264, 2174712.454878672026098 ], [ 4692346.126872608438134, 2174712.699569791089743 ], [ 4692345.391146749258041, 2174712.953839097172022 ], [ 4692344.658793836832047, 2174713.217643645126373 ], [ 4692343.929938524030149, 2174713.490938948933035 ], [ 4692343.204704781994224, 2174713.773678869009018 ], [ 4692342.48321658372879, 2174714.065815913956612 ], [ 4692341.765597097575665, 2174714.367300464771688 ], [ 4692341.051968979649246, 2174714.678081777878106 ], [ 4692340.342454674653709, 2174714.998107376974076 ], [ 4692339.637176132760942, 2174715.327323067001998 ], [ 4692338.936254624277353, 2174715.665673043113202 ], [ 4692338.239811105653644, 2174716.013100109994411 ], [ 4692337.547966226004064, 2174716.369545316789299 ], [ 4692336.860839968547225, 2174716.734948107041419 ], [ 4692336.178552240133286, 2174717.109246497042477 ], [ 4692335.501222346909344, 2174717.492376598995179 ], [ 4692334.828969374299049, 2174717.884273186791688 ], [ 4692334.161912205629051, 2174718.284869179129601 ], [ 4692333.500169198960066, 2174718.6940958481282 ], [ 4692332.843858641572297, 2174719.11188306985423 ], [ 4692332.193098970688879, 2174719.53815890988335 ], [ 4692331.548008373007178, 2174719.972849512007087 ], [ 4692330.908704873174429, 2174720.415879460051656 ], [ 4692330.275306908413768, 2174720.867171647958457 ], [ 4692329.647932948544621, 2174721.326647008769214 ], [ 4692329.026702147908509, 2174721.794224735815078 ], [ 4692328.411733641289175, 2174722.269821880850941 ], [ 4692327.803147794678807, 2174722.75335390213877 ], [ 4692327.201065380126238, 2174723.244733679108322 ], [ 4692326.605608370155096, 2174723.743872385937721 ], [ 4692326.01689981482923, 2174724.250678809825331 ], [ 4692325.43506474699825, 2174724.765059567987919 ], [ 4692324.860229532234371, 2174725.286918526049703 ], [ 4692324.292523019947112, 2174725.81615734891966 ], [ 4692323.732076314277947, 2174726.352674729190767 ], [ 4692323.179023746401072, 2174726.896366719156504 ], [ 4692322.633502629585564, 2174727.447126217186451 ], [ 4692322.095654613338411, 2174728.004843358881772 ], [ 4692321.565625806339085, 2174728.569404702167958 ], [ 4692321.0435675913468, 2174729.140693508088589 ], [ 4692320.529637198895216, 2174729.718589540105313 ], [ 4692320.023999127559364, 2174730.302969026844949 ], [ 4692319.526825507171452, 2174730.89370438689366 ], [ 4692319.038297755643725, 2174731.490664713084698 ], [ 4692318.558607918210328, 2174732.09371539298445 ], [ 4692318.087959646247327, 2174732.702718701213598 ], [ 4692317.626570850610733, 2174733.317534314934164 ], [ 4692317.174674891866744, 2174733.938019591849297 ], [ 4692316.732523252256215, 2174734.564031322021037 ], [ 4692316.300388849340379, 2174735.195426290854812 ], [ 4692315.879074499942362, 2174735.831297752913088 ], [ 4692314.825110342353582, 2174737.467950272839516 ], [ 4692314.428819176740944, 2174738.079184199217707 ], [ 4692313.865078661590815, 2174738.917424566112459 ], [ 4692313.165597182698548, 2174739.980813073925674 ], [ 4692312.477418545633554, 2174741.048614278901368 ], [ 4692311.530114638619125, 2174742.543341786134988 ], [ 4692310.199744681827724, 2174744.651254196185619 ], [ 4692308.842773715034127, 2174746.73733295686543 ], [ 4692307.747836344875395, 2174748.403133285231888 ], [ 4692306.781689248047769, 2174749.855518859811127 ], [ 4692305.945487897843122, 2174751.095682701095939 ], [ 4692305.242153299041092, 2174752.124535228125751 ], [ 4692304.385689092800021, 2174753.354465601034462 ], [ 4692303.8072405802086, 2174754.16929241688922 ], [ 4692303.225701418705285, 2174754.973733334802091 ], [ 4692302.484217628836632, 2174755.974440479185432 ], [ 4692301.885728470049798, 2174756.758875779807568 ], [ 4692301.275003098882735, 2174757.535975294187665 ], [ 4692300.815952018834651, 2174758.10190324485302 ], [ 4692300.348046869039536, 2174758.662359533831477 ], [ 4692299.87073536682874, 2174759.216542041860521 ], [ 4692299.384696748107672, 2174759.763630683068186 ], [ 4692298.718794135376811, 2174760.48467258317396 ], [ 4692298.033430726267397, 2174761.195126592181623 ], [ 4692297.509540707804263, 2174761.720002389047295 ], [ 4692296.979687390848994, 2174762.233207347802818 ], [ 4692296.440153069794178, 2174762.740054705180228 ], [ 4692295.901801086962223, 2174763.228820145130157 ], [ 4692295.344333817251027, 2174763.721415718086064 ], [ 4692294.598163281567395, 2174764.353636547923088 ], [ 4692294.030794733203948, 2174764.818651838228106 ], [ 4692293.453350882045925, 2174765.275971719063818 ], [ 4692292.866544946096838, 2174765.726515911053866 ], [ 4692292.271402792073786, 2174766.169500662013888 ], [ 4692291.673221090808511, 2174766.599485921207815 ], [ 4692291.066345278173685, 2174767.022358969785273 ], [ 4692290.455763625912368, 2174767.433011895976961 ], [ 4692290.04518605209887, 2174767.7034573671408 ], [ 4692289.429531743749976, 2174768.096227138768882 ], [ 4692288.806808957830071, 2174768.480963573791087 ], [ 4692288.178310316987336, 2174768.856971431989223 ], [ 4692287.325899585150182, 2174769.346599362790585 ], [ 4692286.679988815449178, 2174769.703466514125466 ], [ 4692286.027181163430214, 2174770.0525310379453 ], [ 4692285.14369055069983, 2174770.506338857114315 ], [ 4692284.254035589285195, 2174770.942618655972183 ], [ 4692283.590720565058291, 2174771.25605783611536 ], [ 4692282.689527940005064, 2174771.665579865220934 ], [ 4692282.020489311777055, 2174771.957648912910372 ], [ 4692281.118316327221692, 2174772.337253916077316 ], [ 4692275.141538695432246, 2174774.751428090967238 ], [ 4692262.68520619161427, 2174778.933758584782481 ], [ 4692244.807513659819961, 2174784.582635853905231 ], [ 4692243.152080463245511, 2174785.094919709023088 ], [ 4692241.732175031676888, 2174785.524210866075009 ], [ 4692240.310421352274716, 2174785.942008465994149 ], [ 4692238.884696072898805, 2174786.345341979060322 ], [ 4692237.933982740156353, 2174786.604368070140481 ], [ 4692236.739706509746611, 2174786.915149549022317 ], [ 4692235.781390905380249, 2174787.151140696834773 ], [ 4692235.060800393112004, 2174787.319392758887261 ], [ 4692234.336893160827458, 2174787.479691612068564 ], [ 4692233.611318945884705, 2174787.630643534008414 ], [ 4692232.635691572912037, 2174787.815556033980101 ], [ 4692231.914848000742495, 2174787.93548461003229 ], [ 4692231.432437720708549, 2174788.009716100990772 ], [ 4692230.712465555407107, 2174788.106644053943455 ], [ 4692229.986980710178614, 2174788.19052954018116 ], [ 4692229.506115920841694, 2174788.23860891116783 ], [ 4692228.527578629553318, 2174788.316613501869142 ], [ 4692227.790212612599134, 2174788.357662572991103 ], [ 4692227.296687128022313, 2174788.378138273954391 ], [ 4692226.810209671035409, 2174788.392521660774946 ], [ 4692226.071298759430647, 2174788.402436785865575 ], [ 4692225.345638602972031, 2174788.397965595126152 ], [ 4692224.617113771848381, 2174788.38069208804518 ], [ 4692223.885351156815886, 2174788.350706703960896 ], [ 4692223.401588408276439, 2174788.324033543933183 ], [ 4692222.419352077879012, 2174788.250589760020375 ], [ 4692221.682926222681999, 2174788.182097480166703 ], [ 4692220.944255279377103, 2174788.101537907030433 ], [ 4692220.212300669401884, 2174788.008954644203186 ], [ 4692219.484260642901063, 2174787.904622095171362 ], [ 4692218.998251083306968, 2174787.830288760829717 ], [ 4692218.277877102605999, 2174787.70982668409124 ], [ 4692217.557313162833452, 2174787.579532651230693 ], [ 4692216.837249726988375, 2174787.440078970976174 ], [ 4692216.071966816671193, 2174787.281258333008736 ], [ 4692213.694129050709307, 2174786.716013714205474 ], [ 4692209.116281663067639, 2174785.52440048288554 ], [ 4692205.229463612660766, 2174784.502088966779411 ], [ 4692202.306717869825661, 2174783.723108332138509 ], [ 4692199.862327229231596, 2174783.061439823824912 ], [ 4692197.651209066621959, 2174782.45212240377441 ], [ 4692195.671180921606719, 2174781.895731127820909 ], [ 4692193.15140098426491, 2174781.179735699202865 ], [ 4692192.625329906120896, 2174781.048351344186813 ], [ 4692192.103733414784074, 2174780.926671160850674 ], [ 4692191.580310872755945, 2174780.813119200058281 ], [ 4692191.055189101956785, 2174780.707723212894052 ], [ 4692190.528495480306447, 2174780.610508581157774 ], [ 4692190.000357707962394, 2174780.521499052178115 ], [ 4692189.470904095098376, 2174780.440716145094484 ], [ 4692188.940262958407402, 2174780.368179361801594 ], [ 4692188.408563086763024, 2174780.303906409069896 ], [ 4692187.875933690927923, 2174780.247912857215852 ], [ 4692187.342504014261067, 2174780.200212228111923 ], [ 4692186.808403685688972, 2174780.160816201940179 ], [ 4692186.273762558586895, 2174780.129734254907817 ], [ 4692185.738710461184382, 2174780.106973934918642 ], [ 4692185.203377636149526, 2174780.092540876939893 ], [ 4692184.667894441634417, 2174780.086438468191773 ], [ 4692184.132391143590212, 2174780.088668108917773 ], [ 4692183.596997983753681, 2174780.099229226820171 ], [ 4692183.061845453456044, 2174780.118119393009692 ], [ 4692182.527064168825746, 2174780.145333973225206 ], [ 4692181.992784764617682, 2174780.180866265203804 ], [ 4692181.459137354046106, 2174780.224707358982414 ], [ 4692180.926252313889563, 2174780.276846829801798 ], [ 4692180.394260192289948, 2174780.337271755095571 ], [ 4692179.863290907815099, 2174780.405967243947089 ], [ 4692179.333474507555366, 2174780.482916628010571 ], [ 4692178.804941104725003, 2174780.568100939970464 ], [ 4692178.277820181101561, 2174780.661499130073935 ], [ 4692177.752241211943328, 2174780.763088405132294 ], [ 4692177.228333679027855, 2174780.872843685094267 ], [ 4692176.706226505339146, 2174780.990737805142999 ], [ 4692176.186048394069076, 2174781.116741724777967 ], [ 4692175.667927835136652, 2174781.250824282877147 ], [ 4692175.1519930139184, 2174781.392952307127416 ], [ 4692174.638371882028878, 2174781.543090526014566 ], [ 4692174.127191794104874, 2174781.701201575808227 ], [ 4692173.618579998612404, 2174781.867246259003878 ], [ 4692173.112663483247161, 2174782.041182990185916 ], [ 4692172.609568303450942, 2174782.222968256101012 ], [ 4692172.109420635737479, 2174782.41255678422749 ], [ 4692171.612346285954118, 2174782.609900759998709 ], [ 4692171.118470426648855, 2174782.814950457774103 ], [ 4692170.627917650155723, 2174783.027654096018523 ], [ 4692170.140812491998076, 2174783.247957940213382 ], [ 4692169.657278957776725, 2174783.475805828813463 ], [ 4692169.177440299652517, 2174783.711139787919819 ], [ 4692168.701420069672167, 2174783.953899650834501 ], [ 4692168.22934066131711, 2174784.20402269018814 ], [ 4692167.76132405269891, 2174784.46144478302449 ], [ 4692167.297492594458163, 2174784.726099160965532 ], [ 4692166.837967434898019, 2174784.997916655149311 ], [ 4692166.382869576103985, 2174785.276826417073607 ], [ 4692165.932319680228829, 2174785.562754963990301 ], [ 4692165.48643796518445, 2174785.855626810807735 ], [ 4692165.045344539918005, 2174786.155364034231752 ], [ 4692164.609158924780786, 2174786.461886370088905 ], [ 4692164.178000723943114, 2174786.775111225899309 ], [ 4692163.751988585107028, 2174787.09495355701074 ], [ 4692163.331241644918919, 2174787.421326388139278 ], [ 4692162.915878903120756, 2174787.754139510914683 ], [ 4692162.506018678657711, 2174788.093300680164248 ], [ 4692162.101779757998884, 2174788.438715186901391 ], [ 4692161.703280745074153, 2174788.790285469032824 ], [ 4692161.310640431940556, 2174789.147911611013114 ], [ 4692160.923977815546095, 2174789.511490874923766 ], [ 4692160.543412157334387, 2174789.880917962174863 ], [ 4692160.1690633315593, 2174790.256084728054702 ], [ 4692159.801051568239927, 2174790.636880189180374 ], [ 4692159.439497685991228, 2174791.023190848063678 ], [ 4692159.084523677825928, 2174791.414900380186737 ], [ 4692158.736252550035715, 2174791.811889518983662 ], [ 4692158.394808727316558, 2174792.214036162011325 ], [ 4692158.060317868366838, 2174792.621215383987874 ], [ 4692157.732907464727759, 2174793.033299882896245 ], [ 4692157.412707422859967, 2174793.450159567873925 ], [ 4692157.099850095808506, 2174793.871661724988371 ], [ 4692156.794470738619566, 2174794.297671337146312 ], [ 4692156.49670794326812, 2174794.728051296900958 ], [ 4692156.206704357638955, 2174795.162662665825337 ], [ 4692155.924607153050601, 2174795.601364932022989 ], [ 4692155.650575468316674, 2174796.044005753006786 ], [ 4692155.385608528740704, 2174796.488997896201909 ], [ 4692155.247276017442346, 2174796.728500654920936 ], [ 4692155.010877575725317, 2174797.18642185581848 ], [ 4692153.712922121398151, 2174799.765494821127504 ], [ 4692153.104729905724525, 2174800.866661279927939 ], [ 4692152.740660912357271, 2174801.551118588075042 ], [ 4692152.385581579059362, 2174802.237922384869307 ], [ 4692151.924977799877524, 2174803.15520365908742 ], [ 4692151.475527022965252, 2174804.074989574030042 ], [ 4692150.818216538056731, 2174805.449858784209937 ], [ 4692150.290992759168148, 2174806.553446304984391 ], [ 4692146.115315875969827, 2174814.727418194990605 ], [ 4692131.199782446026802, 2174841.606212536804378 ], [ 4692122.221604960039258, 2174857.13757824478671 ], [ 4692121.344637124799192, 2174858.635673455893993 ], [ 4692120.458688838407397, 2174860.127180771902204 ], [ 4692119.690146366134286, 2174861.398693963885307 ], [ 4692119.041519128717482, 2174862.452215313911438 ], [ 4692118.382954501546919, 2174863.500458601862192 ], [ 4692117.849325283430517, 2174864.332711128983647 ], [ 4692117.166887200437486, 2174865.367578321136534 ], [ 4692116.750644029118121, 2174865.982609299942851 ], [ 4692116.32754850294441, 2174866.594140287023038 ], [ 4692115.74988813418895, 2174867.404694056138396 ], [ 4692115.16550266277045, 2174868.194781823083758 ], [ 4692114.715785481967032, 2174868.78368834219873 ], [ 4692114.265325132757425, 2174869.354158921167254 ], [ 4692113.805042700842023, 2174869.918711496051401 ], [ 4692113.33472318854183, 2174870.476662721950561 ], [ 4692112.852988682687283, 2174871.028674826957285 ], [ 4692112.528399421833456, 2174871.389668609946966 ], [ 4692112.027492797933519, 2174871.927376102190465 ], [ 4692111.511623010970652, 2174872.457571770064533 ], [ 4692111.16908454708755, 2174872.798778738826513 ], [ 4692110.638017118908465, 2174873.308532787952572 ], [ 4692110.103900688700378, 2174873.797142452094704 ], [ 4692109.742082267999649, 2174874.116042327135801 ], [ 4692109.374544009566307, 2174874.430255115032196 ], [ 4692108.998222429305315, 2174874.739540169946849 ], [ 4692108.618946470320225, 2174875.043807921931148 ], [ 4692108.039168095216155, 2174875.485299508087337 ], [ 4692107.444349908269942, 2174875.915578356944025 ], [ 4692107.050411868840456, 2174876.186592733953148 ], [ 4692106.649693115614355, 2174876.45242124889046 ], [ 4692106.23992282897234, 2174876.711791203822941 ], [ 4692105.827464740723372, 2174876.965439048130065 ], [ 4692105.198333223350346, 2174877.32897942001 ], [ 4692104.554510693997145, 2174877.678892027121037 ], [ 4692104.129469059407711, 2174877.896448452956975 ], [ 4692103.696309759281576, 2174878.108711285982281 ], [ 4692103.26138056628406, 2174878.312561253085732 ], [ 4692102.588692546822131, 2174878.605438799131662 ], [ 4692102.135719425976276, 2174878.791826222091913 ], [ 4692101.685362987220287, 2174878.968185978941619 ], [ 4692101.236524513922632, 2174879.132778536062688 ], [ 4692100.781433867290616, 2174879.290777506772429 ], [ 4692100.324547124095261, 2174879.440632738173008 ], [ 4692099.625854999758303, 2174879.650978385005146 ], [ 4692098.924074419774115, 2174879.840637037996203 ], [ 4692098.211093893274665, 2174880.013800825923681 ], [ 4692097.743838842026889, 2174880.115374960936606 ], [ 4692097.271924693137407, 2174880.209589402191341 ], [ 4692096.793950127437711, 2174880.294505761004984 ], [ 4692096.315437568351626, 2174880.37326357094571 ], [ 4692095.594603328965604, 2174880.472351386211812 ], [ 4692094.865538730286062, 2174880.553969530854374 ], [ 4692094.389302879571915, 2174880.595923397224396 ], [ 4692093.90781369805336, 2174880.63032026682049 ], [ 4692093.426648333668709, 2174880.656768918037415 ], [ 4692092.696207617409527, 2174880.67991381091997 ], [ 4692091.958040502853692, 2174880.683412272017449 ], [ 4692091.474665489047766, 2174880.676771856844425 ], [ 4692090.996292953379452, 2174880.660642486065626 ], [ 4692090.514950930140913, 2174880.636811561882496 ], [ 4692090.032276182435453, 2174880.605375995859504 ], [ 4692089.549827567301691, 2174880.566508256830275 ], [ 4692089.064366557635367, 2174880.518109822180122 ], [ 4692088.579772180877626, 2174880.464274005033076 ], [ 4692087.85563877504319, 2174880.366751546040177 ], [ 4692087.129956777207553, 2174880.252981286961585 ], [ 4692086.418875017203391, 2174880.124354563187808 ], [ 4692085.706347834318876, 2174879.98041476123035 ], [ 4692084.9921462116763, 2174879.821528860833496 ], [ 4692084.519744983874261, 2174879.708649783860892 ], [ 4692083.8070077765733, 2174879.525407854933292 ], [ 4692082.852980147115886, 2174879.258868128061295 ], [ 4692082.146946336142719, 2174879.046920098830014 ], [ 4692081.440261737443507, 2174878.823346776887774 ], [ 4692080.74145769327879, 2174878.590262264944613 ], [ 4692080.042697514407337, 2174878.348385978024453 ], [ 4692079.353269048035145, 2174878.099289368838072 ], [ 4692078.665903132408857, 2174877.842333944048733 ], [ 4692077.518747844733298, 2174877.395000124815851 ], [ 4692070.817269572988153, 2174874.683314853813499 ], [ 4692046.475637337192893, 2174863.28717391891405 ], [ 4692038.300029704347253, 2174859.018275584094226 ], [ 4692037.592611746862531, 2174858.669127203989774 ], [ 4692036.881908836774528, 2174858.332670940086246 ], [ 4692036.165811085142195, 2174858.007861685939133 ], [ 4692035.444509539753199, 2174857.694786299951375 ], [ 4692034.718196786008775, 2174857.393528510816395 ], [ 4692033.98706676159054, 2174857.104168829042464 ], [ 4692033.251314693130553, 2174856.826784640084952 ], [ 4692032.511137120425701, 2174856.561450194101781 ], [ 4692031.766731801442802, 2174856.308236535172909 ], [ 4692031.018297740258276, 2174856.067211613059044 ], [ 4692030.266035073436797, 2174855.838440041057765 ], [ 4692029.510145105421543, 2174855.621983392164111 ], [ 4692028.750830217264593, 2174855.417899758089334 ], [ 4692027.988293804228306, 2174855.22624418605119 ], [ 4692027.222740199416876, 2174855.047068230807781 ], [ 4692026.454374775290489, 2174854.880420561879873 ], [ 4692025.6834039343521, 2174854.726346198003739 ], [ 4692024.910034691914916, 2174854.584886990953237 ], [ 4692024.134475299157202, 2174854.456081761978567 ], [ 4692023.356934647075832, 2174854.339965435210615 ], [ 4692022.577622383832932, 2174854.236570190172642 ], [ 4692021.796748949214816, 2174854.145924515090883 ], [ 4692021.014525804668665, 2174854.068054145202041 ], [ 4692020.231165084056556, 2174854.002980722114444 ], [ 4692019.446879516355693, 2174853.950723154935986 ], [ 4692018.661882759071887, 2174853.911296735983342 ], [ 4692017.8763891691342, 2174853.884713652078062 ], [ 4692017.090614061802626, 2174853.870982662774622 ], [ 4692016.304773442447186, 2174853.87010907009244 ], [ 4692015.519083954393864, 2174853.882094935048372 ], [ 4692014.733763435855508, 2174853.906939281150699 ], [ 4692013.949030703864992, 2174853.944637415930629 ], [ 4692013.16510531399399, 2174853.995181364007294 ], [ 4692012.382207899354398, 2174854.058559984900057 ], [ 4692011.600560582242906, 2174854.134758894797415 ], [ 4692010.82038664445281, 2174854.223760033026338 ], [ 4692010.041910676285625, 2174854.325542177073658 ], [ 4692009.265358870849013, 2174854.44008076377213 ], [ 4692008.492069810628891, 2174854.567165485117584 ], [ 4692007.973026286810637, 2174854.659759134054184 ], [ 4692007.677416206337512, 2174854.718202418182045 ], [ 4692004.734783882275224, 2174855.591093893162906 ], [ 4692002.509725799784064, 2174856.248582272790372 ], [ 4691999.796836506575346, 2174857.315128441900015 ], [ 4691999.796836506575346, 2174857.315128441900015 ], [ 4691999.57763875182718, 2174857.404168018139899 ], [ 4691977.999910736456513, 2174866.453717215918005 ], [ 4691966.219085415825248, 2174871.00121988914907 ], [ 4691964.370347105897963, 2174871.70214084116742 ], [ 4691962.983711154200137, 2174872.217394782230258 ], [ 4691961.82732352707535, 2174872.636319600977004 ], [ 4691960.667353301309049, 2174873.043288426939398 ], [ 4691959.737128717824817, 2174873.358695888891816 ], [ 4691958.803230946883559, 2174873.664598262868822 ], [ 4691957.866499618627131, 2174873.959745526779443 ], [ 4691956.686584616079926, 2174874.312610773835331 ], [ 4691955.976628988049924, 2174874.514299442991614 ], [ 4691955.264060094021261, 2174874.709512902889401 ], [ 4691954.305615056306124, 2174874.95678871916607 ], [ 4691953.583942514844239, 2174875.132993261795491 ], [ 4691952.859317692928016, 2174875.300628494936973 ], [ 4691951.890691754408181, 2174875.50799497589469 ], [ 4691951.171437654644251, 2174875.650841809809208 ], [ 4691950.440530154854059, 2174875.785786240827292 ], [ 4691949.721738344989717, 2174875.907145422883332 ], [ 4691948.999515128321946, 2174876.018669297918677 ], [ 4691948.274361430667341, 2174876.120101665146649 ], [ 4691947.546822900883853, 2174876.211208158172667 ], [ 4691946.815758322365582, 2174876.290802678093314 ], [ 4691946.080768842250109, 2174876.360063592903316 ], [ 4691945.342414386570454, 2174876.418877203017473 ], [ 4691944.60118690226227, 2174876.467174129094929 ], [ 4691943.864125140011311, 2174876.503477218095213 ], [ 4691943.123609295114875, 2174876.529354901984334 ], [ 4691942.381202074699104, 2174876.544661299791187 ], [ 4691941.652034305967391, 2174876.548342028167099 ], [ 4691940.920806192792952, 2174876.541763407178223 ], [ 4691940.188714629039168, 2174876.524989437777549 ], [ 4691939.45440846029669, 2174876.496899459976703 ], [ 4691938.718739397823811, 2174876.459775256924331 ], [ 4691937.981970175169408, 2174876.411511175800115 ], [ 4691937.242996634915471, 2174876.353194838855416 ], [ 4691936.503890193998814, 2174876.285108409821987 ], [ 4691935.520497594960034, 2174876.177831459790468 ], [ 4691934.785181163810194, 2174876.086910444777459 ], [ 4691934.056977260857821, 2174875.987825630232692 ], [ 4691933.077178643085063, 2174875.840265023056418 ], [ 4691932.356648772954941, 2174875.721070264000446 ], [ 4691931.392945515923202, 2174875.548895679879934 ], [ 4691930.430256525985897, 2174875.36307023698464 ], [ 4691929.4677828932181, 2174875.164377725217491 ], [ 4691928.505738727748394, 2174874.953892576973885 ], [ 4691927.54369746055454, 2174874.731911759823561 ], [ 4691919.779204526916146, 2174872.865468514151871 ], [ 4691919.779204526916146, 2174872.865468514151871 ], [ 4691919.654044252820313, 2174872.828417274169624 ], [ 4691900.187035608105361, 2174867.064258764963597 ], [ 4691900.187035608105361, 2174867.064258764963597 ], [ 4691896.525159343145788, 2174865.982772860210389 ], [ 4691896.525159343145788, 2174865.982772860210389 ], [ 4691894.686024852097034, 2174865.443811554927379 ], [ 4691894.686024852097034, 2174865.443811554927379 ], [ 4691891.613911492750049, 2174864.557537218090147 ], [ 4691891.613911492750049, 2174864.557537218090147 ], [ 4691889.143294773064554, 2174863.861642177216709 ], [ 4691889.143294773064554, 2174863.861642177216709 ], [ 4691886.166910470463336, 2174863.050248046871275 ], [ 4691886.166910470463336, 2174863.050248046871275 ], [ 4691883.546351241879165, 2174862.365374263841659 ], [ 4691883.546351241879165, 2174862.365374263841659 ], [ 4691880.590595996007323, 2174861.632611317094415 ], [ 4691880.590595996007323, 2174861.632611317094415 ], [ 4691877.884905759245157, 2174861.003968685865402 ], [ 4691877.884905759245157, 2174861.003968685865402 ], [ 4691874.922725570388138, 2174860.368057833053172 ], [ 4691874.922725570388138, 2174860.368057833053172 ], [ 4691872.152157717384398, 2174859.827919884119183 ], [ 4691872.152157717384398, 2174859.827919884119183 ], [ 4691863.646018883213401, 2174858.525990328285843 ], [ 4691855.075791050679982, 2174857.750997854862362 ], [ 4691855.075791050679982, 2174857.750997854862362 ], [ 4691852.256523225456476, 2174857.611269115936011 ], [ 4691852.256523225456476, 2174857.611269115936011 ], [ 4691849.228272113017738, 2174857.518590628169477 ], [ 4691849.228272113017738, 2174857.518590628169477 ], [ 4691846.450775410979986, 2174857.4803377809003 ], [ 4691846.450775410979986, 2174857.4803377809003 ], [ 4691843.405545987188816, 2174857.483227827120572 ], [ 4691843.405545987188816, 2174857.483227827120572 ], [ 4691840.69721944257617, 2174857.519973091781139 ], [ 4691840.69721944257617, 2174857.519973091781139 ], [ 4691837.613114102743566, 2174857.594256998039782 ], [ 4691837.613114102743566, 2174857.594256998039782 ], [ 4691835.04771679174155, 2174857.6776441950351 ], [ 4691835.04771679174155, 2174857.6776441950351 ], [ 4691831.852724098600447, 2174857.801678483840078 ], [ 4691831.852724098600447, 2174857.801678483840078 ], [ 4691829.938016413711011, 2174857.884076769929379 ], [ 4691829.938016413711011, 2174857.884076769929379 ], [ 4691826.123661718331277, 2174858.056262175086886 ], [ 4691825.913903158158064, 2174858.065878315828741 ], [ 4691825.913903158158064, 2174858.065878315828741 ], [ 4691822.977363608777523, 2174858.203198209870607 ], [ 4691822.977363608777523, 2174858.203198209870607 ], [ 4691821.499674963764846, 2174858.276371670886874 ], [ 4691821.499674963764846, 2174858.276371670886874 ], [ 4691819.033303744159639, 2174858.412105709780008 ], [ 4691819.033303744159639, 2174858.412105709780008 ], [ 4691817.049642398953438, 2174858.537696940824389 ], [ 4691817.049642398953438, 2174858.537696940824389 ], [ 4691814.664664350450039, 2174858.71505600400269 ], [ 4691814.664664350450039, 2174858.71505600400269 ], [ 4691812.568154187873006, 2174858.899981065187603 ], [ 4691812.568154187873006, 2174858.899981065187603 ], [ 4691810.212180611677468, 2174859.147029057145119 ], [ 4691810.212180611677468, 2174859.147029057145119 ], [ 4691808.062948988750577, 2174859.41431545605883 ], [ 4691808.062948988750577, 2174859.41431545605883 ], [ 4691805.723178777843714, 2174859.7577208802104 ], [ 4691805.723178777843714, 2174859.7577208802104 ], [ 4691803.546894997358322, 2174860.132366801146418 ], [ 4691803.546894997358322, 2174860.132366801146418 ], [ 4691798.533410840667784, 2174861.222138288896531 ], [ 4691793.59631859511137, 2174862.617754798382521 ], [ 4691788.754257470369339, 2174864.3139474010095 ], [ 4691784.025507899932563, 2174866.304312389809638 ], [ 4691784.025507899932563, 2174866.304312389809638 ], [ 4691782.029395041055977, 2174867.248825035057962 ], [ 4691782.029395041055977, 2174867.248825035057962 ], [ 4691779.917468573898077, 2174868.312882591038942 ], [ 4691779.917468573898077, 2174868.312882591038942 ], [ 4691778.0052082343027, 2174869.329690769780427 ], [ 4691778.0052082343027, 2174869.329690769780427 ], [ 4691775.935415726155043, 2174870.481907463166863 ], [ 4691775.935415726155043, 2174870.481907463166863 ], [ 4691774.113641170784831, 2174871.535800118930638 ], [ 4691774.113641170784831, 2174871.535800118930638 ], [ 4691772.060177454724908, 2174872.761713312938809 ], [ 4691772.060177454724908, 2174872.761713312938809 ], [ 4691770.364850256592035, 2174873.799283129163086 ], [ 4691770.364850256592035, 2174873.799283129163086 ], [ 4691768.268715319223702, 2174875.106045960914344 ], [ 4691768.268715319223702, 2174875.106045960914344 ], [ 4691767.017532931640744, 2174875.895641298033297 ], [ 4691767.017532931640744, 2174875.895641298033297 ], [ 4691764.53577149566263, 2174877.471389155834913 ], [ 4691745.883217828348279, 2174889.338483201805502 ], [ 4691729.37394442781806, 2174899.453055345918983 ], [ 4691727.885897132568061, 2174900.353494259063154 ], [ 4691726.606072013266385, 2174901.116934524849057 ], [ 4691725.536078870296478, 2174901.745475831907243 ], [ 4691724.24419395532459, 2174902.489562635775656 ], [ 4691723.161820040084422, 2174903.098688875790685 ], [ 4691722.070508127100766, 2174903.695947843138129 ], [ 4691721.191219757311046, 2174904.162872987799346 ], [ 4691720.309726493433118, 2174904.615459776017815 ], [ 4691719.646299129351974, 2174904.945386533159763 ], [ 4691718.984690302982926, 2174905.26404270902276 ], [ 4691718.311539242044091, 2174905.576485459227115 ], [ 4691717.645053272135556, 2174905.871578258927912 ], [ 4691717.20211442001164, 2174906.059858953114599 ], [ 4691716.29330419935286, 2174906.423118299804628 ], [ 4691715.837779240682721, 2174906.59360430482775 ], [ 4691715.3751006051898, 2174906.75964225595817 ], [ 4691714.908372071571648, 2174906.920098976232111 ], [ 4691714.447096950374544, 2174907.071936010848731 ], [ 4691713.741721064783633, 2174907.290517861023545 ], [ 4691713.04461935441941, 2174907.490178117994219 ], [ 4691712.339042139239609, 2174907.677858558949083 ], [ 4691711.870069705881178, 2174907.79487736010924 ], [ 4691710.912839684635401, 2174908.013790187891573 ], [ 4691710.189021705649793, 2174908.162019674200565 ], [ 4691709.70428020041436, 2174908.254674861207604 ], [ 4691708.970114281401038, 2174908.385371724143624 ], [ 4691708.245057908818126, 2174908.500213719904423 ], [ 4691707.75905330106616, 2174908.572352822870016 ], [ 4691707.035348405130208, 2174908.669341410975903 ], [ 4691700.874153827317059, 2174909.413132370915264 ], [ 4691623.333380077965558, 2174914.822926479857415 ], [ 4691602.945307179354131, 2174915.92297052918002 ], [ 4691600.972102181985974, 2174916.017544003203511 ], [ 4691599.495302284136415, 2174916.078525046817958 ], [ 4691598.011696857400239, 2174916.12890003900975 ], [ 4691596.774041432887316, 2174916.16129054594785 ], [ 4691595.544910964556038, 2174916.18221777677536 ], [ 4691594.315766126848757, 2174916.190742393955588 ], [ 4691593.333521224558353, 2174916.187688481993973 ], [ 4691592.350957069545984, 2174916.17500555422157 ], [ 4691591.368607784621418, 2174916.151939183939248 ], [ 4691590.385652104392648, 2174916.117023114115 ], [ 4691589.401364215649664, 2174916.070942713879049 ], [ 4691588.665101352147758, 2174916.028325944207609 ], [ 4691587.680500976741314, 2174915.958969975821674 ], [ 4691586.694010592997074, 2174915.874785896856338 ], [ 4691585.954219927079976, 2174915.802664800081402 ], [ 4691585.214465480297804, 2174915.722177659161389 ], [ 4691584.231562628410757, 2174915.6001903610304 ], [ 4691583.497182225808501, 2174915.498938289936632 ], [ 4691582.770551008172333, 2174915.3898342740722 ], [ 4691581.793569097295403, 2174915.228433543816209 ], [ 4691581.075112212449312, 2174915.0980971949175 ], [ 4691580.355991582386196, 2174914.958201863802969 ], [ 4691579.637406554073095, 2174914.808928659185767 ], [ 4691578.920612370595336, 2174914.650527205783874 ], [ 4691577.962957587093115, 2174914.422852425836027 ], [ 4691577.24699651543051, 2174914.241174834780395 ], [ 4691576.530448950827122, 2174914.049676757771522 ], [ 4691575.815660336986184, 2174913.848984357900918 ], [ 4691574.867960993200541, 2174913.566059623844922 ], [ 4691574.161480367183685, 2174913.344101408030838 ], [ 4691573.463755950331688, 2174913.115346171893179 ], [ 4691572.527860311791301, 2174912.793056319002062 ], [ 4691571.841397617943585, 2174912.544670176226646 ], [ 4691571.15579993929714, 2174912.286993330810219 ], [ 4691570.472238950431347, 2174912.020483363885432 ], [ 4691569.790697238408029, 2174911.745173604227602 ], [ 4691569.11166210193187, 2174911.461315678898245 ], [ 4691568.434833470731974, 2174911.167723199818283 ], [ 4691567.759425806812942, 2174910.865176321938634 ], [ 4691567.085858937352896, 2174910.553890295792371 ], [ 4691566.414036056026816, 2174910.233901428058743 ], [ 4691565.74510885309428, 2174909.905832002870739 ], [ 4691564.861249500885606, 2174909.456042176112533 ], [ 4691564.211230395361781, 2174909.115015753079206 ], [ 4691563.341236622072756, 2174908.644200906157494 ], [ 4691562.476278052665293, 2174908.160334268119186 ], [ 4691561.629792912863195, 2174907.670890942215919 ], [ 4691560.787953777238727, 2174907.169670663774014 ], [ 4691559.950779573060572, 2174906.657465395983309 ], [ 4691559.117976548150182, 2174906.134980103000998 ], [ 4691558.289250433444977, 2174905.603011393919587 ], [ 4691557.464516388252378, 2174905.062430269084871 ], [ 4691556.643707362003624, 2174904.51347836619243 ], [ 4691548.98539069853723, 2174899.297802539076656 ], [ 4691498.019453291781247, 2174861.347024017013609 ], [ 4691498.019453291781247, 2174861.347024017013609 ], [ 4691492.160620264708996, 2174857.193815900012851 ], [ 4691486.113942548632622, 2174853.319186796434224 ], [ 4691479.892655625939369, 2174849.731617824174464 ], [ 4691458.333639417774975, 2174837.962655731942505 ], [ 4691422.215849606320262, 2174818.425852932967246 ], [ 4691415.615143842063844, 2174814.843060294166207 ], [ 4691411.430909812450409, 2174812.559904371853918 ], [ 4691408.343240339308977, 2174810.862756301183254 ], [ 4691405.911785895936191, 2174809.514239734970033 ], [ 4691403.916184415109456, 2174808.396187827922404 ], [ 4691401.910460177809, 2174807.259263967163861 ], [ 4691400.112677328288555, 2174806.227021970786154 ], [ 4691398.73904063180089, 2174805.435757587198168 ], [ 4691398.260628414340317, 2174805.176915619056672 ], [ 4691397.780623093247414, 2174804.928501135203987 ], [ 4691397.296274608001113, 2174804.689020503778011 ], [ 4691396.807757810689509, 2174804.458558696787804 ], [ 4691396.315250135026872, 2174804.237197942100465 ], [ 4691395.818931656889617, 2174804.025017676874995 ], [ 4691395.318984686397016, 2174803.82209409121424 ], [ 4691394.815593912266195, 2174803.628500905819237 ], [ 4691394.30894701462239, 2174803.444308939855546 ], [ 4691393.799234002828598, 2174803.26958582084626 ], [ 4691393.28664736263454, 2174803.104396468028426 ], [ 4691392.771382409147918, 2174802.948802927043289 ], [ 4691392.253637194633484, 2174802.802864342927933 ], [ 4691391.733612635172904, 2174802.666636967100203 ], [ 4691391.21151221357286, 2174802.540173985995352 ], [ 4691390.687542683444917, 2174802.423526213970035 ], [ 4691390.161913457326591, 2174802.316740960814059 ], [ 4691389.634837148711085, 2174802.219863680191338 ], [ 4691389.106529638171196, 2174802.132936384063214 ], [ 4691388.577209972776473, 2174802.055999206844717 ], [ 4691388.047100800089538, 2174801.989089238923043 ], [ 4691387.516427830792964, 2174801.932241579052061 ], [ 4691386.985420467332006, 2174801.885489181149751 ], [ 4691386.454312106594443, 2174801.848863373044878 ], [ 4691385.923339888453484, 2174801.822393467184156 ], [ 4691385.392744534648955, 2174801.806107759941369 ], [ 4691384.862771494314075, 2174801.800033858977258 ], [ 4691384.33366971835494, 2174801.804198401980102 ], [ 4691383.805692681111395, 2174801.818629155866802 ], [ 4691383.279098533093929, 2174801.843354125972837 ], [ 4691382.75414935592562, 2174801.87840339820832 ], [ 4691382.231112193316221, 2174801.923809871077538 ], [ 4691381.71025806106627, 2174801.979610103182495 ], [ 4691381.191863035783172, 2174802.045846542809159 ], [ 4691380.676191446371377, 2174802.122570038773119 ], [ 4691380.157530235126615, 2174802.210881445091218 ], [ 4691377.3075528787449, 2174802.803917170036584 ], [ 4691376.855730707757175, 2174802.880389511119574 ], [ 4691376.094451390206814, 2174803.010916118044406 ], [ 4691375.331345494836569, 2174803.153085297904909 ], [ 4691374.571324653923512, 2174803.304785461165011 ], [ 4691373.565622325986624, 2174803.518788053188473 ], [ 4691372.565789340995252, 2174803.743210712913424 ], [ 4691370.835630525834858, 2174804.145889582112432 ], [ 4691369.533064109273255, 2174804.445450991857797 ], [ 4691366.602487825788558, 2174805.051578414160758 ], [ 4691364.156470473855734, 2174805.547526020091027 ], [ 4691362.196174860931933, 2174805.935616292059422 ], [ 4691360.240628752857447, 2174806.310963763855398 ], [ 4691358.531038377434015, 2174806.626102256122977 ], [ 4691357.302599064074457, 2174806.843539160210639 ], [ 4691356.087338835000992, 2174807.048246859107167 ], [ 4691355.113303592428565, 2174807.204524828121066 ], [ 4691353.886907266452909, 2174807.388762904796749 ], [ 4691352.917763789184391, 2174807.522309313062578 ], [ 4691351.946230280213058, 2174807.644021863117814 ], [ 4691351.217884903773665, 2174807.72613678406924 ], [ 4691350.487852717749774, 2174807.799578457139432 ], [ 4691349.758183552883565, 2174807.863101844210178 ], [ 4691348.778887814842165, 2174807.92945013102144 ], [ 4691348.045229717157781, 2174807.96375157404691 ], [ 4691347.315444063395262, 2174807.981660244055092 ], [ 4691346.581938481889665, 2174807.983110199216753 ], [ 4691346.104780514724553, 2174807.972740105818957 ], [ 4691345.623053627088666, 2174807.954298973083496 ], [ 4691345.139658592641354, 2174807.928080744110048 ], [ 4691344.657448115758598, 2174807.894311091862619 ], [ 4691343.927671009674668, 2174807.826901788823307 ], [ 4691343.2029451392591, 2174807.74130640598014 ], [ 4691342.475821270607412, 2174807.638684471137822 ], [ 4691341.762939059175551, 2174807.520053863991052 ], [ 4691341.04824369866401, 2174807.385173560120165 ], [ 4691340.574048060923815, 2174807.285294299945235 ], [ 4691339.85702798794955, 2174807.123984766192734 ], [ 4691339.140113092958927, 2174806.94434736808762 ], [ 4691338.671866364777088, 2174806.819678314961493 ], [ 4691337.961183606646955, 2174806.617980810813606 ], [ 4691337.252047709189355, 2174806.403191762976348 ], [ 4691336.558188863098621, 2174806.179416346829385 ], [ 4691336.025035539641976, 2174805.998623137827963 ], [ 4691325.49067653156817, 2174801.847980217076838 ], [ 4691320.809191651642323, 2174799.962552015203983 ], [ 4691315.235603652894497, 2174797.70674130693078 ], [ 4691311.514634014107287, 2174796.189902306068689 ], [ 4691308.484625622630119, 2174794.942954321857542 ], [ 4691306.14666198939085, 2174793.969762234948575 ], [ 4691304.031476153992116, 2174793.077981687150896 ], [ 4691301.887689621187747, 2174792.172983280848712 ], [ 4691301.151560259982944, 2174791.884749637916684 ], [ 4691300.414136064238846, 2174791.610514109022915 ], [ 4691299.672261510975659, 2174791.349042307119817 ], [ 4691298.926171975210309, 2174791.100422559771687 ], [ 4691298.176106373779476, 2174790.864741703029722 ], [ 4691297.422307810746133, 2174790.642083261162043 ], [ 4691296.665023078210652, 2174790.432529015932232 ], [ 4691295.904503855854273, 2174790.23615863500163 ], [ 4691295.141006589867175, 2174790.053049600217491 ], [ 4691294.374792623333633, 2174789.883277553133667 ], [ 4691293.60612902790308, 2174789.726916938088834 ], [ 4691292.835289084352553, 2174789.58404066413641 ], [ 4691292.0625523859635, 2174789.454720612149686 ], [ 4691291.288205684162676, 2174789.339028303977102 ], [ 4691290.512543600052595, 2174789.237035078927875 ], [ 4691289.735868944786489, 2174789.148812620900571 ], [ 4691288.958493632264435, 2174789.074434082023799 ], [ 4691288.180739808827639, 2174789.013974619098008 ], [ 4691287.402940009720623, 2174788.967512026894838 ], [ 4691286.625438026152551, 2174788.935128884855658 ], [ 4691285.848590327426791, 2174788.916913933120668 ], [ 4691285.072766634635627, 2174788.912963693961501 ], [ 4691284.298350241966546, 2174788.923385040834546 ], [ 4691283.525739098899066, 2174788.948298806790262 ], [ 4691282.755348189733922, 2174788.987842893227935 ], [ 4691281.986809125170112, 2174789.042230066843331 ], [ 4691281.474766163155437, 2174789.089669495820999 ], [ 4691278.787257129326463, 2174789.369372318964452 ], [ 4691276.556893303990364, 2174789.56156856380403 ], [ 4691275.538230126723647, 2174789.666122276801616 ], [ 4691274.274135106243193, 2174789.807248319033533 ], [ 4691272.266929161734879, 2174790.045424540992826 ], [ 4691270.792386258020997, 2174790.217425661161542 ], [ 4691266.334317454136908, 2174790.678925769869238 ], [ 4691262.867338890209794, 2174791.026515619829297 ], [ 4691260.393600939773023, 2174791.264356773812324 ], [ 4691258.168717592023313, 2174791.467458342202008 ], [ 4691256.439722129143775, 2174791.6153584131971 ], [ 4691254.711278999224305, 2174791.751943874172866 ], [ 4691252.981799869798124, 2174791.873394607100636 ], [ 4691251.498756051063538, 2174791.966138597112149 ], [ 4691250.014666942879558, 2174792.047873157076538 ], [ 4691248.778649399057031, 2174792.106362620834261 ], [ 4691247.292881146073341, 2174792.162353810854256 ], [ 4691246.053875960409641, 2174792.196761919185519 ], [ 4691245.062044329941273, 2174792.215197735000402 ], [ 4691244.068500029854476, 2174792.22508919518441 ], [ 4691243.074293125420809, 2174792.225911323912442 ], [ 4691241.826827540062368, 2174792.21216561505571 ], [ 4691240.827318890951574, 2174792.189824859146029 ], [ 4691239.833649300970137, 2174792.156928325071931 ], [ 4691238.846278474666178, 2174792.112494401168078 ], [ 4691237.857784983702004, 2174792.056448834016919 ], [ 4691236.875511838123202, 2174791.988112295977771 ], [ 4691236.137824337929487, 2174791.929655882064253 ], [ 4691235.162982491776347, 2174791.840582491829991 ], [ 4691234.188596188090742, 2174791.738986548036337 ], [ 4691233.2143638683483, 2174791.624659289140254 ], [ 4691232.239997707307339, 2174791.497523074038327 ], [ 4691231.510692275129259, 2174791.393152195028961 ], [ 4691230.535256962291896, 2174791.243355760816485 ], [ 4691229.805590544827282, 2174791.122097963001579 ], [ 4691229.074740045703948, 2174790.99343942804262 ], [ 4691228.344211094081402, 2174790.857633222825825 ], [ 4691227.368640116415918, 2174790.66535798413679 ], [ 4691226.393337148241699, 2174790.459583822172135 ], [ 4691225.424176113680005, 2174790.241747110150754 ], [ 4691224.700122662819922, 2174790.070994061883539 ], [ 4691223.984174237586558, 2174789.895291766151786 ], [ 4691223.02355008199811, 2174789.648567425087094 ], [ 4691222.06506538297981, 2174789.390168767888099 ], [ 4691221.122783266939223, 2174789.123775064945221 ], [ 4691220.182389233261347, 2174788.846410350874066 ], [ 4691219.244086677208543, 2174788.558451190125197 ], [ 4691218.307819874957204, 2174788.260256928857416 ], [ 4691217.373506442643702, 2174787.952244646847248 ], [ 4691216.441449708305299, 2174787.635039465967566 ], [ 4691215.278002565726638, 2174787.2259655832313 ], [ 4691214.117533765733242, 2174786.804004436824471 ], [ 4691212.959303383715451, 2174786.370976653881371 ], [ 4691211.803436091169715, 2174785.927218094933778 ], [ 4691201.744230382144451, 2174781.97817670693621 ], [ 4691137.714324599131942, 2174754.36306154821068 ], [ 4691137.714324599131942, 2174754.36306154821068 ], [ 4691135.013862239196897, 2174753.201328307855874 ], [ 4691135.013862239196897, 2174753.201328307855874 ], [ 4691133.653186742216349, 2174752.620397699065506 ], [ 4691133.653186742216349, 2174752.620397699065506 ], [ 4691131.376166015863419, 2174751.663011969067156 ], [ 4691131.376166015863419, 2174751.663011969067156 ], [ 4691129.537608656100929, 2174750.90776879992336 ], [ 4691129.537608656100929, 2174750.90776879992336 ], [ 4691127.315554331056774, 2174750.023432308807969 ], [ 4691127.315554331056774, 2174750.023432308807969 ], [ 4691125.349561950191855, 2174749.272149297874421 ], [ 4691125.349561950191855, 2174749.272149297874421 ], [ 4691123.123086707666516, 2174748.463167037814856 ], [ 4691123.123086707666516, 2174748.463167037814856 ], [ 4691121.073644147254527, 2174747.762864463962615 ], [ 4691121.073644147254527, 2174747.762864463962615 ], [ 4691118.819566334597766, 2174747.047612681984901 ], [ 4691118.819566334597766, 2174747.047612681984901 ], [ 4691116.698813175782561, 2174746.432001829147339 ], [ 4691116.698813175782561, 2174746.432001829147339 ], [ 4691111.618485242128372, 2174745.197532603982836 ], [ 4691106.470860091038048, 2174744.283420194406062 ], [ 4691101.27611820679158, 2174743.693248239345849 ], [ 4691096.05462478287518, 2174743.429330417886376 ], [ 4691090.826849892735481, 2174743.492701380047947 ], [ 4691090.826849892735481, 2174743.492701380047947 ], [ 4691088.622048702090979, 2174743.616888226941228 ], [ 4691088.622048702090979, 2174743.616888226941228 ], [ 4691086.264968854375184, 2174743.808268760796636 ], [ 4691086.264968854375184, 2174743.808268760796636 ], [ 4691084.110662521794438, 2174744.030985584948212 ], [ 4691084.110662521794438, 2174744.030985584948212 ], [ 4691081.759455840103328, 2174744.319899751804769 ], [ 4691081.759455840103328, 2174744.319899751804769 ], [ 4691079.675036819651723, 2174744.611017610877752 ], [ 4691079.675036819651723, 2174744.611017610877752 ], [ 4691077.311234656721354, 2174744.974357299041003 ], [ 4691077.311234656721354, 2174744.974357299041003 ], [ 4691075.350114584900439, 2174745.29792107315734 ], [ 4691075.350114584900439, 2174745.29792107315734 ], [ 4691072.91636018641293, 2174745.720118058845401 ], [ 4691072.91636018641293, 2174745.720118058845401 ], [ 4691071.460045509971678, 2174745.981011846102774 ], [ 4691071.460045509971678, 2174745.981011846102774 ], [ 4691068.567800971679389, 2174746.507360546849668 ], [ 4691057.963865549303591, 2174748.447174735832959 ], [ 4691051.732828681357205, 2174749.284825711045414 ], [ 4691049.76832874212414, 2174749.608865142799914 ], [ 4691048.057751664891839, 2174749.881104634143412 ], [ 4691046.59214299544692, 2174750.104324468877167 ], [ 4691045.125998958013952, 2174750.316494143102318 ], [ 4691043.9044238505885, 2174750.482501463964581 ], [ 4691042.681720310822129, 2174750.636996979825199 ], [ 4691041.210170663893223, 2174750.806528463959694 ], [ 4691039.982475738972425, 2174750.935469157993793 ], [ 4691038.752057771198452, 2174751.052799057215452 ], [ 4691037.519781723618507, 2174751.1596813891083 ], [ 4691028.750379310920835, 2174751.834681579843163 ], [ 4690999.388940491713583, 2174752.71393521502614 ], [ 4690999.388940491713583, 2174752.71393521502614 ], [ 4690990.192879253998399, 2174753.248927148990333 ], [ 4690981.041542678140104, 2174754.300971595104784 ], [ 4690970.544728895649314, 2174755.808390019927174 ], [ 4690957.398250680416822, 2174757.333192638121545 ], [ 4690955.666409394703805, 2174757.522735840175301 ], [ 4690954.17554150801152, 2174757.674544277135283 ], [ 4690952.942859436385334, 2174757.789762412197888 ], [ 4690951.708898729644716, 2174757.893862069118768 ], [ 4690950.72583397384733, 2174757.96605242183432 ], [ 4690949.987190839834511, 2174758.013903751038015 ], [ 4690949.010501979850233, 2174758.065546810161322 ], [ 4690948.032402123324573, 2174758.103638963773847 ], [ 4690947.299339173361659, 2174758.122486841864884 ], [ 4690946.565336973406374, 2174758.132436763960868 ], [ 4690945.829551588743925, 2174758.131718512158841 ], [ 4690945.094164650887251, 2174758.12192481290549 ], [ 4690944.107642119750381, 2174758.089370757807046 ], [ 4690943.368216486647725, 2174758.052137185819447 ], [ 4690942.633981881663203, 2174758.001807935070246 ], [ 4690941.898455965332687, 2174757.938648113049567 ], [ 4690941.178049974143505, 2174757.862200433854014 ], [ 4690940.456581976264715, 2174757.77196643082425 ], [ 4690939.733412109315395, 2174757.66732031898573 ], [ 4690939.255541807040572, 2174757.590126741211861 ], [ 4690938.533508981578052, 2174757.459125467110425 ], [ 4690937.809197357855737, 2174757.3101462488994 ], [ 4690937.337406557053328, 2174757.204958864953369 ], [ 4690936.622006841935217, 2174757.030685585923493 ], [ 4690935.923375103622675, 2174756.842275225091726 ], [ 4690935.459353896789253, 2174756.705782512202859 ], [ 4690934.99433462228626, 2174756.563179656863213 ], [ 4690934.531415491364896, 2174756.411470095161349 ], [ 4690934.067555081099272, 2174756.251489028800279 ], [ 4690933.604094218462706, 2174756.083620698191226 ], [ 4690933.150244370102882, 2174755.91137587884441 ], [ 4690932.70541444607079, 2174755.732604940887541 ], [ 4690932.260548592545092, 2174755.545770864933729 ], [ 4690931.817108750343323, 2174755.351433699019253 ], [ 4690931.377517776563764, 2174755.150671495124698 ], [ 4690930.718271601013839, 2174754.83193991985172 ], [ 4690930.070482109673321, 2174754.498050046153367 ], [ 4690929.425526328384876, 2174754.146483134012669 ], [ 4690929.01049742475152, 2174753.90830733301118 ], [ 4690928.595661779865623, 2174753.66164233116433 ], [ 4690928.183267570100725, 2174753.40774980885908 ], [ 4690927.775560117326677, 2174753.14803041703999 ], [ 4690927.16655343119055, 2174752.741070744115859 ], [ 4690926.570961467921734, 2174752.320704855024815 ], [ 4690925.980593465268612, 2174751.883248088881373 ], [ 4690925.602314469404519, 2174751.589926457032561 ], [ 4690925.225389818660915, 2174751.288240545894951 ], [ 4690924.85186546575278, 2174750.979747619014233 ], [ 4690924.48376293759793, 2174750.666139388922602 ], [ 4690923.93650721013546, 2174750.178909716196358 ], [ 4690923.404336382634938, 2174749.680301386862993 ], [ 4690922.87964853644371, 2174749.165541421156377 ], [ 4690922.545199334621429, 2174748.822834411170334 ], [ 4690922.213224625214934, 2174748.472066889051348 ], [ 4690921.886585175991058, 2174748.116210611071438 ], [ 4690921.564369750209153, 2174747.75141670787707 ], [ 4690921.246763588860631, 2174747.383425711188465 ], [ 4690920.777838042937219, 2174746.812827256973833 ], [ 4690920.477939019910991, 2174746.434541358146816 ], [ 4690920.031211663968861, 2174745.847017366904765 ], [ 4690919.748769368045032, 2174745.458521375898272 ], [ 4690919.471344526857138, 2174745.064546531066298 ], [ 4690919.063013303093612, 2174744.457317308988422 ], [ 4690918.799212955869734, 2174744.047551427967846 ], [ 4690918.539459936320782, 2174743.630413142964244 ], [ 4690918.290048920549452, 2174743.216322185005993 ], [ 4690917.923024880699813, 2174742.578547803219408 ], [ 4690917.578091655857861, 2174741.943171186838299 ], [ 4690917.245757360011339, 2174741.297225749120116 ], [ 4690916.927577965892851, 2174740.639461096841842 ], [ 4690916.622127635404468, 2174739.970996565185487 ], [ 4690916.334344562143087, 2174739.298556907102466 ], [ 4690916.059524454176426, 2174738.616049920208752 ], [ 4690915.80444394890219, 2174737.936760831158608 ], [ 4690915.643566342070699, 2174737.484227223787457 ], [ 4690915.337103292346001, 2174736.555546680931002 ], [ 4690915.125336278229952, 2174735.850492199882865 ], [ 4690914.991090130992234, 2174735.37644728180021 ], [ 4690914.86493834014982, 2174734.907397298142314 ], [ 4690914.685651442967355, 2174734.190761987119913 ], [ 4690914.524803613312542, 2174733.483336683828384 ], [ 4690914.376584570854902, 2174732.769252134952694 ], [ 4690914.286631694063544, 2174732.291847600135952 ], [ 4690914.158970409072936, 2174731.566670102067292 ], [ 4690914.045329242944717, 2174730.839132590219378 ], [ 4690913.911983766593039, 2174729.855841154232621 ], [ 4690913.826865114271641, 2174729.123499765060842 ], [ 4690913.753857718780637, 2174728.392477551940829 ], [ 4690913.689341706223786, 2174727.657970164902508 ], [ 4690913.635854686610401, 2174726.929110423196107 ], [ 4690913.591033161617815, 2174726.198038816917688 ], [ 4690913.543667488731444, 2174725.218279378022999 ], [ 4690913.509367369115353, 2174724.235926010180265 ], [ 4690913.486720998771489, 2174723.250890479888767 ], [ 4690913.39408266171813, 2174715.314994229003787 ], [ 4690915.505087277851999, 2174653.747274583205581 ], [ 4690915.505087277851999, 2174653.747274583205581 ], [ 4690915.607707366347313, 2174650.676224859897047 ], [ 4690915.607707366347313, 2174650.676224859897047 ], [ 4690915.655285540036857, 2174649.131427798885852 ], [ 4690915.655285540036857, 2174649.131427798885852 ], [ 4690915.721226779744029, 2174646.552328429184854 ], [ 4690915.721226779744029, 2174646.552328429184854 ], [ 4690915.7579948566854, 2174644.477722782175988 ], [ 4690915.7579948566854, 2174644.477722782175988 ], [ 4690915.776131975464523, 2174641.981784575153142 ], [ 4690915.776131975464523, 2174641.981784575153142 ], [ 4690915.763394864276052, 2174639.786382533144206 ], [ 4690915.763394864276052, 2174639.786382533144206 ], [ 4690915.710324610583484, 2174637.316479433793575 ], [ 4690915.710324610583484, 2174637.316479433793575 ], [ 4690915.620546245016158, 2174635.060737058985978 ], [ 4690915.620546245016158, 2174635.060737058985978 ], [ 4690915.471078048460186, 2174632.600866402965039 ], [ 4690915.471078048460186, 2174632.600866402965039 ], [ 4690915.277610339224339, 2174630.30887632118538 ], [ 4690915.277610339224339, 2174630.30887632118538 ], [ 4690914.663209054619074, 2174625.364778947550803 ], [ 4690913.780614825896919, 2174620.461451994255185 ], [ 4690912.632444319315255, 2174615.61343257734552 ], [ 4690911.222101568244398, 2174610.83509383816272 ], [ 4690911.222101568244398, 2174610.83509383816272 ], [ 4690910.484531150199473, 2174608.65641575306654 ], [ 4690910.484531150199473, 2174608.65641575306654 ], [ 4690909.639601779170334, 2174606.341378231998533 ], [ 4690909.639601779170334, 2174606.341378231998533 ], [ 4690908.821432149037719, 2174604.237326857168227 ], [ 4690908.821432149037719, 2174604.237326857168227 ], [ 4690907.884113911539316, 2174601.951572629157454 ], [ 4690907.884113911539316, 2174601.951572629157454 ], [ 4690907.019395454786718, 2174599.933599779848009 ], [ 4690907.019395454786718, 2174599.933599779848009 ], [ 4690906.006396529264748, 2174597.652400623075664 ], [ 4690906.006396529264748, 2174597.652400623075664 ], [ 4690905.144509985111654, 2174595.764944149181247 ], [ 4690905.144509985111654, 2174595.764944149181247 ], [ 4690904.054483455605805, 2174593.426580592058599 ], [ 4690904.054483455605805, 2174593.426580592058599 ], [ 4690903.394183195196092, 2174592.029202619101852 ], [ 4690903.394183195196092, 2174592.029202619101852 ], [ 4690902.074142281897366, 2174589.254428883083165 ], [ 4690898.095696502365172, 2174580.910338731948286 ], [ 4690895.679019986651838, 2174575.122979425825179 ], [ 4690894.852359239012003, 2174573.298019180074334 ], [ 4690894.147997503168881, 2174571.715426849201322 ], [ 4690893.550181236118078, 2174570.345304000191391 ], [ 4690893.065756697207689, 2174569.211229114793241 ], [ 4690892.588109038770199, 2174568.065651840064675 ], [ 4690892.220319419167936, 2174567.158687517046928 ], [ 4690891.764979113824666, 2174566.002180323004723 ], [ 4690891.415992346592247, 2174565.085384789854288 ], [ 4690891.075354285538197, 2174564.164172225166112 ], [ 4690890.743234056048095, 2174563.239256646018475 ], [ 4690890.419537493027747, 2174562.310708505101502 ], [ 4690890.10429123044014, 2174561.379017956089228 ], [ 4690889.721381966024637, 2174560.208545779809356 ], [ 4690889.350917628034949, 2174559.032806640956551 ], [ 4690889.063718601129949, 2174558.090133333113045 ], [ 4690887.411666741594672, 2174552.455674693919718 ], [ 4690882.364338010549545, 2174530.935902759898454 ], [ 4690881.683196970261633, 2174527.986847796011716 ], [ 4690881.122462614439428, 2174525.512792179826647 ], [ 4690880.669389024376869, 2174523.513890130911022 ], [ 4690880.483746974729002, 2174522.757824831176549 ], [ 4690880.289489179849625, 2174522.006320265121758 ], [ 4690880.086099835112691, 2174521.257277799770236 ], [ 4690879.87360808532685, 2174520.510813892818987 ], [ 4690879.65204437635839, 2174519.767045714892447 ], [ 4690879.421440806239843, 2174519.026090463157743 ], [ 4690879.18183031026274, 2174518.288066011853516 ], [ 4690878.933247492648661, 2174517.553090996108949 ], [ 4690878.675728249363601, 2174516.821284382138401 ], [ 4690878.409309553913772, 2174516.092766434885561 ], [ 4690878.134030212648213, 2174515.367657881230116 ], [ 4690877.849929711781442, 2174514.646080947015435 ], [ 4690877.557049540802836, 2174513.928159140981734 ], [ 4690877.255432246252894, 2174513.214017034973949 ], [ 4690876.94512156676501, 2174512.503781546838582 ], [ 4690876.626163167878985, 2174511.7975810081698 ], [ 4690876.298603439703584, 2174511.095546280033886 ], [ 4690875.962490716017783, 2174510.397810946218669 ], [ 4690875.617874675430357, 2174509.704511064104736 ], [ 4690875.264806110411882, 2174509.015786244068295 ], [ 4690874.903337454423308, 2174508.331780014093965 ], [ 4690874.533522565849125, 2174507.652639938052744 ], [ 4690874.155416462570429, 2174506.978518470190465 ], [ 4690873.769075565971434, 2174506.309573725797236 ], [ 4690873.374557618051767, 2174505.645969762001187 ], [ 4690872.971921222284436, 2174504.987877625972033 ], [ 4690872.561225766316056, 2174504.335476060863584 ], [ 4690872.142531008459628, 2174503.688953209202737 ], [ 4690871.715897248126566, 2174503.048506638966501 ], [ 4690871.281383807770908, 2174502.414345383178443 ], [ 4690870.839049128815532, 2174501.786690881010145 ], [ 4690870.388949029147625, 2174501.165778678841889 ], [ 4690869.931135758757591, 2174500.551860291045159 ], [ 4690869.465656318701804, 2174499.945205023977906 ], [ 4690868.992467335425317, 2174499.345996648073196 ], [ 4690868.518986385315657, 2174498.764037223067135 ], [ 4690867.135596324689686, 2174497.074940145947039 ], [ 4690866.51146119274199, 2174496.282800464890897 ], [ 4690865.714863778091967, 2174495.291586168110371 ], [ 4690864.910983583889902, 2174494.309234862215817 ], [ 4690863.781107877381146, 2174492.9488361380063 ], [ 4690860.124316164292395, 2174488.555681935045868 ], [ 4690855.522134388796985, 2174482.826025215908885 ], [ 4690854.123997746966779, 2174481.066257801838219 ], [ 4690853.048374335281551, 2174479.694951870013028 ], [ 4690851.982170276343822, 2174478.315144214779139 ], [ 4690851.080653375945985, 2174477.126774344127625 ], [ 4690850.491528371348977, 2174476.336923061870039 ], [ 4690849.759197924286127, 2174475.336479854770005 ], [ 4690849.03794186282903, 2174474.327970868907869 ], [ 4690848.478204775601625, 2174473.525156617164612 ], [ 4690847.927573216147721, 2174472.715528887230903 ], [ 4690847.387164865620434, 2174471.898805233184248 ], [ 4690846.857384662143886, 2174471.07348390808329 ], [ 4690846.468770744279027, 2174470.450308022089303 ], [ 4690846.087239734828472, 2174469.820025911089033 ], [ 4690845.712251120246947, 2174469.184716208837926 ], [ 4690845.345994501374662, 2174468.543052120134234 ], [ 4690844.988070761784911, 2174467.895442865788937 ], [ 4690844.522901196032763, 2174467.017738890834153 ], [ 4690844.189872664399445, 2174466.360587989911437 ], [ 4690843.86918936111033, 2174465.699735898990184 ], [ 4690843.659794661216438, 2174465.256433443166316 ], [ 4690843.359442796558142, 2174464.592683142051101 ], [ 4690843.069013363681734, 2174463.921308871824294 ], [ 4690842.883120843209326, 2174463.474418412894011 ], [ 4690842.522955748252571, 2174462.560636584181339 ], [ 4690842.267467530444264, 2174461.870459936093539 ], [ 4690842.026504968293011, 2174461.17838510684669 ], [ 4690841.796724271029234, 2174460.478687460999936 ], [ 4690841.578638995997608, 2174459.772721271030605 ], [ 4690841.378173128701746, 2174459.0752965179272 ], [ 4690841.189336402341723, 2174458.371531433891505 ], [ 4690841.012101506814361, 2174457.661023887805641 ], [ 4690840.901486047543585, 2174457.188104107044637 ], [ 4690840.746010351926088, 2174456.469185104127973 ], [ 4690840.603814948350191, 2174455.742683161981404 ], [ 4690840.515598459169269, 2174455.256531918887049 ], [ 4690840.43427899479866, 2174454.776571684051305 ], [ 4690840.322268234565854, 2174454.045808886177838 ], [ 4690840.22654748801142, 2174453.326889899093658 ], [ 4690840.143261875957251, 2174452.603451293893158 ], [ 4690840.072556922212243, 2174451.876263782847673 ], [ 4690840.014541731216013, 2174451.146161721087992 ], [ 4690839.970774988643825, 2174450.41267064679414 ], [ 4690839.941209120675921, 2174449.672500883229077 ], [ 4690839.928272865712643, 2174449.178238975815475 ], [ 4690839.921201537363231, 2174448.691131424158812 ], [ 4690839.922086208127439, 2174447.951253032777458 ], [ 4690839.937244103290141, 2174447.225517421960831 ], [ 4690839.965363684110343, 2174446.497155888937414 ], [ 4690840.006466812454164, 2174445.766984102781862 ], [ 4690840.04251086525619, 2174445.280180333182216 ], [ 4690840.082976218312979, 2174444.792368581984192 ], [ 4690840.156254718080163, 2174444.058012208901346 ], [ 4690840.243267372250557, 2174443.329937727190554 ], [ 4690840.343643992207944, 2174442.59984841896221 ], [ 4690840.457234567962587, 2174441.869200687855482 ], [ 4690840.582855789922178, 2174441.153913780115545 ], [ 4690840.72164748236537, 2174440.437980173155665 ], [ 4690840.873132174834609, 2174439.723948463797569 ], [ 4690841.097806807607412, 2174438.769125088118017 ], [ 4690841.283420867286623, 2174438.054276832845062 ], [ 4690841.41404618229717, 2174437.57805554009974 ], [ 4690841.548157094046474, 2174437.110403502825648 ], [ 4690841.762843296863139, 2174436.403565376065671 ], [ 4690841.990263158455491, 2174435.704358791001141 ], [ 4690842.14689626544714, 2174435.240887979976833 ], [ 4690842.480070608668029, 2174434.322124030906707 ], [ 4690842.74276873935014, 2174433.638067555148154 ], [ 4690843.019768288359046, 2174432.956419561058283 ], [ 4690843.312186255119741, 2174432.274746994953603 ], [ 4690843.509464395232499, 2174431.831272623967379 ], [ 4690843.820084390230477, 2174431.160925368778408 ], [ 4690844.1428406778723, 2174430.494877331890166 ], [ 4690844.472364679910243, 2174429.846327945124358 ], [ 4690844.813441483303905, 2174429.202454399783164 ], [ 4690845.290599822998047, 2174428.346297935117036 ], [ 4690845.536518504843116, 2174427.923352351877838 ], [ 4690845.786583512090147, 2174427.501463206950575 ], [ 4690846.175870065577328, 2174426.870304744224995 ], [ 4690846.575459320098162, 2174426.243267430923879 ], [ 4690846.981423364952207, 2174425.633605180773884 ], [ 4690847.257152144797146, 2174425.228969858959317 ], [ 4690847.676704511977732, 2174424.634194300044328 ], [ 4690848.106865599751472, 2174424.044587749987841 ], [ 4690848.547523204237223, 2174423.460102158132941 ], [ 4690848.998126920312643, 2174422.88121970416978 ], [ 4690849.460128895938396, 2174422.307916441932321 ], [ 4690849.93276578374207, 2174421.738958987873048 ], [ 4690850.415093684569001, 2174421.175161086954176 ], [ 4690850.902343686670065, 2174420.623282448854297 ], [ 4690851.571149342693388, 2174419.890199704095721 ], [ 4690852.073896476998925, 2174419.355199043173343 ], [ 4690852.762639774009585, 2174418.643729675095528 ], [ 4690853.453731118701398, 2174417.952679258771241 ], [ 4690854.15656597353518, 2174417.269362493883818 ], [ 4690854.869584798812866, 2174416.593612242955714 ], [ 4690860.495064224116504, 2174411.392278364859521 ], [ 4690860.495064224116504, 2174411.392278364859521 ], [ 4690860.77895288169384, 2174411.159290344920009 ], [ 4690903.131821185350418, 2174376.415048580151051 ], [ 4690915.431111568585038, 2174366.528638313058764 ], [ 4690916.028810562565923, 2174366.027650095056742 ], [ 4690916.61783535592258, 2174365.521626390982419 ], [ 4690917.200670715421438, 2174365.008485917933285 ], [ 4690917.77723067253828, 2174364.488304592203349 ], [ 4690918.347430312074721, 2174363.961159058846533 ], [ 4690918.911185404285789, 2174363.427127005066723 ], [ 4690919.468412678688765, 2174362.88628734415397 ], [ 4690920.019030198454857, 2174362.338719865772873 ], [ 4690920.562956501729786, 2174361.784505193121731 ], [ 4690921.10011144541204, 2174361.223725249990821 ], [ 4690921.630415735766292, 2174360.65646265912801 ], [ 4690922.1537911221385, 2174360.082801197189838 ], [ 4690922.670160542242229, 2174359.502825406845659 ], [ 4690923.179447476752102, 2174358.916620850097388 ], [ 4690923.681577114388347, 2174358.324274211190641 ], [ 4690924.176475315354764, 2174357.725872586946934 ], [ 4690924.664068881422281, 2174357.121504365932196 ], [ 4690925.144285957328975, 2174356.511258771177381 ], [ 4690925.617055629380047, 2174355.895225827116519 ], [ 4690926.082308292388916, 2174355.273496428970248 ], [ 4690926.539975115098059, 2174354.646162245888263 ], [ 4690926.989988689310849, 2174354.013315930962563 ], [ 4690927.432282513938844, 2174353.375050753820688 ], [ 4690927.866791336797178, 2174352.731460929848254 ], [ 4690928.293450872413814, 2174352.082641482818872 ], [ 4690928.712198440916836, 2174351.428688146173954 ], [ 4690929.122971883974969, 2174350.769697329960763 ], [ 4690929.525710836052895, 2174350.105766431894153 ], [ 4690929.920355576090515, 2174349.436993311159313 ], [ 4690930.306848032400012, 2174348.763476802967489 ], [ 4690930.685130989179015, 2174348.08531617000699 ], [ 4690931.055148523300886, 2174347.402611659839749 ], [ 4690931.416846093721688, 2174346.715464007109404 ], [ 4690931.770170092582703, 2174346.023974611889571 ], [ 4690932.115068314597011, 2174345.328245686832815 ], [ 4690932.451489797793329, 2174344.628379922825843 ], [ 4690932.779384700581431, 2174343.924480705987662 ], [ 4690933.098704545758665, 2174343.216652070172131 ], [ 4690933.409402072429657, 2174342.504998573102057 ], [ 4690933.711431251838803, 2174341.78962537785992 ], [ 4690934.004747333936393, 2174341.070638162083924 ], [ 4690934.289306608960032, 2174340.348143304232508 ], [ 4690934.565067011862993, 2174339.622247750870883 ], [ 4690934.831987566314638, 2174338.893058733083308 ], [ 4690935.090028366073966, 2174338.160684327129275 ], [ 4690935.339151285588741, 2174337.425232992041856 ], [ 4690935.579319013282657, 2174336.686813505832106 ], [ 4690935.810495615005493, 2174335.945535449776798 ], [ 4690936.032646522857249, 2174335.201508855912834 ], [ 4690936.245738618075848, 2174334.454843990970403 ], [ 4690936.449739516712725, 2174333.70565184392035 ], [ 4690936.644618827849627, 2174332.954043838195503 ], [ 4690936.830346796661615, 2174332.200131732039154 ], [ 4690937.006895421072841, 2174331.444027930032462 ], [ 4690937.174237638711929, 2174330.685845132917166 ], [ 4690937.332347848452628, 2174329.925696623045951 ], [ 4690937.481201536953449, 2174329.163696185220033 ], [ 4690937.620775737799704, 2174328.399958033114672 ], [ 4690937.751048496924341, 2174327.634596765972674 ], [ 4690937.87199913430959, 2174326.867727647069842 ], [ 4690937.983608303591609, 2174326.099466301035136 ], [ 4690938.085857616737485, 2174325.329929012805223 ], [ 4690938.178730173967779, 2174324.559232755098492 ], [ 4690938.26221034489572, 2174323.787494758144021 ], [ 4690938.336283324286342, 2174323.014833028893918 ], [ 4690938.400935705751181, 2174322.241366353817284 ], [ 4690938.456155183725059, 2174321.467214189004153 ], [ 4690938.501930716447532, 2174320.692496560979635 ], [ 4690938.538251936435699, 2174319.917334587778896 ], [ 4690938.565110068768263, 2174319.141850309912115 ], [ 4690938.58249713294208, 2174318.366166450083256 ], [ 4690938.590405976399779, 2174317.590407240204513 ], [ 4690938.588830895721912, 2174316.814697910100222 ], [ 4690938.577766650356352, 2174316.039161202032119 ], [ 4690938.556901713833213, 2174315.252615474164486 ], [ 4690938.366937285289168, 2174312.424622003920376 ], [ 4690938.366937285289168, 2174312.424622003920376 ], [ 4690938.195129301398993, 2174310.532107055187225 ], [ 4690937.934736324474216, 2174308.649734533391893 ], [ 4690937.586331630125642, 2174306.781648619100451 ], [ 4690937.586331630125642, 2174306.781648619100451 ], [ 4690934.745006655342877, 2174293.67116395290941 ], [ 4690934.45732918381691, 2174292.378601876087487 ], [ 4690932.674071435816586, 2174282.941634709946811 ], [ 4690932.360922782681882, 2174281.235623169224709 ], [ 4690932.017143531702459, 2174279.284593745134771 ], [ 4690931.772101908922195, 2174277.82102566678077 ], [ 4690931.577968425117433, 2174276.601048088166863 ], [ 4690931.396471976302564, 2174275.380568823777139 ], [ 4690931.232733987271786, 2174274.157456210814416 ], [ 4690931.117856059223413, 2174273.17570898681879 ], [ 4690931.041157262399793, 2174272.437557864934206 ], [ 4690930.973549513146281, 2174271.69699009694159 ], [ 4690930.917365648783743, 2174270.961388499010354 ], [ 4690930.871625217609107, 2174270.222949082963169 ], [ 4690930.837228924036026, 2174269.48300878610462 ], [ 4690930.816431622952223, 2174268.75627799006179 ], [ 4690930.807996064424515, 2174268.02722018584609 ], [ 4690930.812533152289689, 2174267.297208223026246 ], [ 4690930.832352149300277, 2174266.564936000853777 ], [ 4690930.866676737554371, 2174265.83037856221199 ], [ 4690930.917203955352306, 2174265.101026765070856 ], [ 4690930.98338408395648, 2174264.369836138095707 ], [ 4690931.066015436314046, 2174263.651698275003582 ], [ 4690931.130019337870181, 2174263.174400898162276 ], [ 4690931.201759590767324, 2174262.695264447014779 ], [ 4690931.280737958848476, 2174262.218381511978805 ], [ 4690931.416587405838072, 2174261.498761130962521 ], [ 4690931.570881485007703, 2174260.786506019067019 ], [ 4690931.744181601330638, 2174260.072792544029653 ], [ 4690931.867577967233956, 2174259.611942613963038 ], [ 4690932.002578736282885, 2174259.14745123591274 ], [ 4690932.143949019722641, 2174258.6832329868339 ], [ 4690932.29542178940028, 2174258.221158009953797 ], [ 4690932.456083800643682, 2174257.757861375808716 ], [ 4690932.621965014375746, 2174257.304309533908963 ], [ 4690932.795436279848218, 2174256.85977090196684 ], [ 4690932.977803722023964, 2174256.415026674978435 ], [ 4690933.168467181734741, 2174255.971706011798233 ], [ 4690933.366737664677203, 2174255.531421607825905 ], [ 4690933.575437826104462, 2174255.093081307131797 ], [ 4690933.793396678753197, 2174254.654721783939749 ], [ 4690934.015045209787786, 2174254.227155589964241 ], [ 4690934.368473982438445, 2174253.58162323012948 ], [ 4690934.607636333443224, 2174253.168714801780879 ], [ 4690934.859154388308525, 2174252.755078016780317 ], [ 4690935.116808101534843, 2174252.343311345204711 ], [ 4690935.383733289316297, 2174251.936140689998865 ], [ 4690935.653893358074129, 2174251.538799794856459 ], [ 4690936.080317771062255, 2174250.941242684144527 ], [ 4690936.367024642415345, 2174250.559284923132509 ], [ 4690936.663056336343288, 2174250.178544005844742 ], [ 4690936.964911351911724, 2174249.803572512231767 ], [ 4690937.436429603025317, 2174249.245902353897691 ], [ 4690937.921519657596946, 2174248.70379661815241 ], [ 4690938.424745082855225, 2174248.169361363165081 ], [ 4690938.760937562212348, 2174247.829049617983401 ], [ 4690939.104126577265561, 2174247.493193014059216 ], [ 4690939.636720862239599, 2174246.996500375214964 ], [ 4690940.188653041608632, 2174246.510092411190271 ], [ 4690940.555699254386127, 2174246.199112265836447 ], [ 4690941.128399198874831, 2174245.735539576970041 ], [ 4690941.508056567981839, 2174245.442892833147198 ], [ 4690942.097731390036643, 2174245.004304661881179 ], [ 4690942.694782789796591, 2174244.570343520026654 ], [ 4690943.298931025899947, 2174244.14287303481251 ], [ 4690943.909901145845652, 2174243.720090322196484 ], [ 4690944.519793656654656, 2174243.306495824828744 ], [ 4690945.131647325120866, 2174242.899826935958117 ], [ 4690946.534380992874503, 2174242.001788444817066 ], [ 4690949.152929659001529, 2174240.518437170889229 ], [ 4690951.141043569892645, 2174239.403180909808725 ], [ 4690952.260676109232008, 2174238.797850858885795 ], [ 4690954.078766441904008, 2174237.826163765974343 ], [ 4690955.925345458090305, 2174236.852093874942511 ], [ 4690958.050059790723026, 2174235.745277731213719 ], [ 4690959.272093434818089, 2174235.112236049026251 ], [ 4690959.770141514949501, 2174234.827147526200861 ], [ 4690960.25423343013972, 2174234.53033901611343 ], [ 4690960.72907676268369, 2174234.220784517005086 ], [ 4690961.195133812725544, 2174233.898217543028295 ], [ 4690961.652045745402575, 2174233.562888395041227 ], [ 4690962.099460672587156, 2174233.215058194007725 ], [ 4690962.537034472450614, 2174232.854997599031776 ], [ 4690962.964430253952742, 2174232.482986953109503 ], [ 4690963.381319393403828, 2174232.099316127132624 ], [ 4690963.787380832247436, 2174231.704284058883786 ], [ 4690964.182301984168589, 2174231.29819936491549 ], [ 4690964.5657794829458, 2174230.881379059050232 ], [ 4690964.937518090941012, 2174230.454148803837597 ], [ 4690965.297232227399945, 2174230.016843031160533 ], [ 4690965.644645307213068, 2174229.569804032798856 ], [ 4690965.979490660130978, 2174229.113382320851088 ], [ 4690966.301511028781533, 2174228.647936052177101 ], [ 4690966.610459695570171, 2174228.173831080086529 ], [ 4690966.906099993735552, 2174227.691440109163523 ], [ 4690967.188205558806658, 2174227.201143261045218 ], [ 4690967.456561096943915, 2174226.703327254857868 ], [ 4690967.710961901582778, 2174226.198385172989219 ], [ 4690967.951214397326112, 2174225.686716670170426 ], [ 4690968.177136527374387, 2174225.168727107811719 ], [ 4690968.388557378202677, 2174224.644827636890113 ], [ 4690968.58531791344285, 2174224.115435062907636 ], [ 4690968.767270996235311, 2174223.580971046816558 ], [ 4690968.934281175024807, 2174223.041862458921969 ], [ 4690969.086225653998554, 2174222.498540678992867 ], [ 4690969.222993495874107, 2174221.95144141279161 ], [ 4690969.344486572779715, 2174221.401004713028669 ], [ 4690969.450619307346642, 2174220.847674307879061 ], [ 4690969.541319060139358, 2174220.291897369083017 ], [ 4690969.616525777615607, 2174219.734124538023025 ], [ 4690969.676192812621593, 2174219.174809569958597 ], [ 4690969.720286549068987, 2174218.614408952184021 ], [ 4690969.748786970973015, 2174218.053381421137601 ], [ 4690969.761686988174915, 2174217.492188347037882 ], [ 4690969.758993742056191, 2174216.931292910128832 ], [ 4690969.740727429278195, 2174216.371159860864282 ], [ 4690969.70692222379148, 2174215.812255864962935 ], [ 4690969.65762615762651, 2174215.255048741120845 ], [ 4690969.592901168391109, 2174214.700007130857557 ], [ 4690969.512822860851884, 2174214.147600857075304 ], [ 4690969.417481165379286, 2174213.598300413228571 ], [ 4690969.306979773566127, 2174213.05257634492591 ], [ 4690969.181436073966324, 2174212.510900118853897 ], [ 4690969.04098183196038, 2174211.973743349779397 ], [ 4690968.885762323625386, 2174211.441577305085957 ], [ 4690968.715936309657991, 2174210.914873770903796 ], [ 4690968.531676293350756, 2174210.394104497041553 ], [ 4690968.333167783915997, 2174209.87974127009511 ], [ 4690968.120609263889492, 2174209.372255953960121 ], [ 4690967.894211444072425, 2174208.872120641171932 ], [ 4690967.654196931049228, 2174208.379808207973838 ], [ 4690967.400799616239965, 2174207.895791966933757 ], [ 4690967.134263296611607, 2174207.420546465087682 ], [ 4690966.854841174557805, 2174206.954548213165253 ], [ 4690966.562794277444482, 2174206.498275674879551 ], [ 4690966.258389675989747, 2174206.052210702095181 ], [ 4690965.941899035125971, 2174205.616839184891433 ], [ 4690965.613594272173941, 2174205.192650116048753 ], [ 4690965.266384677030146, 2174204.771209065802395 ], [ 4690965.062872867099941, 2174204.552294528111815 ], [ 4690962.735144116915762, 2174202.316045606974512 ], [ 4690962.160462168045342, 2174201.675716592930257 ], [ 4690961.801068376749754, 2174201.290554513223469 ], [ 4690961.256331017240882, 2174200.728086171206087 ], [ 4690960.70054117962718, 2174200.177034779917449 ], [ 4690960.136713840998709, 2174199.637556526809931 ], [ 4690959.566480191424489, 2174199.108064588159323 ], [ 4690958.801961899735034, 2174198.416876656003296 ], [ 4690957.655655775219202, 2174197.401028131134808 ], [ 4690957.285635842941701, 2174197.073216529097408 ], [ 4690956.793488051742315, 2174196.607753939926624 ], [ 4690951.714695485308766, 2174191.720504262018949 ], [ 4690946.555665357038379, 2174186.727513369172812 ], [ 4690946.555665357038379, 2174186.727513369172812 ], [ 4690942.241890222765505, 2174182.833971342071891 ], [ 4690937.667760547250509, 2174179.249886642210186 ], [ 4690905.470036642625928, 2174155.782466113101691 ], [ 4690889.071196909993887, 2174143.433381528127939 ], [ 4690887.690195651724935, 2174142.381338805891573 ], [ 4690886.512917165644467, 2174141.473323924001306 ], [ 4690885.342550397850573, 2174140.557976040057838 ], [ 4690884.180796560831368, 2174139.632427842821926 ], [ 4690883.221261028200388, 2174138.852085843216628 ], [ 4690882.269770783372223, 2174138.059662453830242 ], [ 4690881.515684529207647, 2174137.416622213087976 ], [ 4690880.955596905201674, 2174136.928160343784839 ], [ 4690880.400388807058334, 2174136.433546293061227 ], [ 4690879.666428191587329, 2174135.760092461947352 ], [ 4690879.130935998633504, 2174135.251909459941089 ], [ 4690878.612428813241422, 2174134.743539351969957 ], [ 4690878.087809236720204, 2174134.215661293826997 ], [ 4690877.581739171408117, 2174133.68973483517766 ], [ 4690877.082120773382485, 2174133.155318398028612 ], [ 4690876.589244604110718, 2174132.611072279978544 ], [ 4690876.10203967243433, 2174132.059282364789397 ], [ 4690875.622244994156063, 2174131.498634471092373 ], [ 4690875.148257711902261, 2174130.929109064862132 ], [ 4690874.681349323131144, 2174130.352444706950337 ], [ 4690874.072256614454091, 2174129.57306190719828 ], [ 4690873.6246392801404, 2174128.98259703302756 ], [ 4690873.18794715963304, 2174128.391368195880204 ], [ 4690872.611036043614149, 2174127.585932737216353 ], [ 4690872.194218041375279, 2174126.985736330971122 ], [ 4690871.645867844112217, 2174126.173895888961852 ], [ 4690871.108081350103021, 2174125.353340067900717 ], [ 4690866.931057900190353, 2174118.788391230162233 ], [ 4690861.028129344806075, 2174108.658627336844802 ], [ 4690858.110807921737432, 2174103.004291653167456 ], [ 4690857.147803477942944, 2174101.262085244990885 ], [ 4690856.438833789899945, 2174099.958115939982235 ], [ 4690855.739860483445227, 2174098.649613415822387 ], [ 4690855.167591035366058, 2174097.55478791706264 ], [ 4690854.717470264062285, 2174096.676390205975622 ], [ 4690854.165393950417638, 2174095.570922409184277 ], [ 4690853.734191609546542, 2174094.681933754123747 ], [ 4690853.312112579122186, 2174093.786201739218086 ], [ 4690853.002960029989481, 2174093.111036574933678 ], [ 4690852.700142393819988, 2174092.432068916969001 ], [ 4690852.306575471535325, 2174091.518181424122304 ], [ 4690851.92920698877424, 2174090.602115552872419 ], [ 4690851.656039160676301, 2174089.912559664808214 ], [ 4690851.39373217895627, 2174089.225618056021631 ], [ 4690851.140443038195372, 2174088.532059248071164 ], [ 4690850.975557864643633, 2174088.067921385169029 ], [ 4690850.741148297674954, 2174087.374309808947146 ], [ 4690850.515035317279398, 2174086.676017353776842 ], [ 4690850.299065912142396, 2174085.97413676418364 ], [ 4690850.094241552054882, 2174085.266627234872431 ], [ 4690849.899902923032641, 2174084.554528500884771 ], [ 4690849.65712929610163, 2174083.592707192059606 ], [ 4690849.490569052286446, 2174082.874508656095713 ], [ 4690849.335028428584337, 2174082.150722052901983 ], [ 4690849.194901551119983, 2174081.437102678231895 ], [ 4690849.065879421308637, 2174080.718836034182459 ], [ 4690848.948235332965851, 2174079.997289480175823 ], [ 4690848.843205853365362, 2174079.271264046896249 ], [ 4690848.749476362019777, 2174078.540424686856568 ], [ 4690848.667220079340041, 2174077.805416821036488 ], [ 4690848.596577604301274, 2174077.066870716866106 ], [ 4690848.539556832052767, 2174076.332085683010519 ], [ 4690848.494158155284822, 2174075.593569097109139 ], [ 4690848.462427184917033, 2174074.867503528948873 ], [ 4690848.442304237745702, 2174074.138571572955698 ], [ 4690848.433837835676968, 2174073.407418386079371 ], [ 4690848.437039735727012, 2174072.675687431823462 ], [ 4690848.460983618162572, 2174071.694203208200634 ], [ 4690848.507316765375435, 2174070.708851958159357 ], [ 4690848.574996175244451, 2174069.717895918060094 ], [ 4690848.639528578147292, 2174068.982761120889336 ], [ 4690848.715646621771157, 2174068.260645511094481 ], [ 4690848.803454915992916, 2174067.537523197010159 ], [ 4690848.902880066074431, 2174066.814040082041174 ], [ 4690849.013912466354668, 2174066.090198722202331 ], [ 4690849.136418891139328, 2174065.366699522826821 ], [ 4690849.271850609220564, 2174064.642813589889556 ], [ 4690849.418823744170368, 2174063.919167084153742 ], [ 4690849.634593805298209, 2174062.950299859046936 ], [ 4690849.808242957107723, 2174062.233124547172338 ], [ 4690849.993506103754044, 2174061.515788240823895 ], [ 4690850.187022365629673, 2174060.814364279154688 ], [ 4690850.391511999070644, 2174060.113741429056972 ], [ 4690850.606716374866664, 2174059.414491342846304 ], [ 4690850.832524126395583, 2174058.716593901161104 ], [ 4690851.068353950977325, 2174058.021358238998801 ], [ 4690851.400729821063578, 2174057.094766378868371 ], [ 4690851.752620399929583, 2174056.169739948119968 ], [ 4690852.026739548891783, 2174055.479525569826365 ], [ 4690852.407524795271456, 2174054.564815673977137 ], [ 4690852.698583752848208, 2174053.891822888050228 ], [ 4690853.103611844591796, 2174052.989565269090235 ], [ 4690853.522685252130032, 2174052.091036180965602 ], [ 4690853.94876155257225, 2174051.21003875695169 ], [ 4690854.386476193554699, 2174050.332337709143758 ], [ 4690854.834737280383706, 2174049.458046092186123 ], [ 4690855.292398074641824, 2174048.587286851834506 ], [ 4690855.876958194188774, 2174047.502057306934148 ], [ 4690856.472878245636821, 2174046.42187202302739 ], [ 4690857.202259001322091, 2174045.130047988146544 ], [ 4690857.943330246955156, 2174043.843188792932779 ], [ 4690858.694777411408722, 2174042.56115354411304 ], [ 4690859.582336407154799, 2174041.070147017948329 ], [ 4690860.479447606019676, 2174039.58529182896018 ], [ 4690861.517106267623603, 2174037.895933857187629 ], [ 4690862.304798238910735, 2174036.636647795792669 ], [ 4690862.969193209894001, 2174035.593198957853019 ], [ 4690863.64306415617466, 2174034.555347240995616 ], [ 4690864.18978706561029, 2174033.730886843986809 ], [ 4690864.745205809362233, 2174032.911268545780331 ], [ 4690865.310940695926547, 2174032.097005416173488 ], [ 4690865.74177083093673, 2174031.492514893878251 ], [ 4690866.33044427074492, 2174030.690456610172987 ], [ 4690866.93011472094804, 2174029.900865166913718 ], [ 4690867.387094342149794, 2174029.315108174923807 ], [ 4690867.846638495102525, 2174028.739383195992559 ], [ 4690868.475103355944157, 2174027.973130524158478 ], [ 4690869.106455310247838, 2174027.226522001903504 ], [ 4690869.749452403746545, 2174026.487049868796021 ], [ 4690870.402888691984117, 2174025.75531215313822 ], [ 4690871.236728201620281, 2174024.84884487092495 ], [ 4690875.797599662095308, 2174020.013163124211133 ], [ 4690888.682947396300733, 2174007.675107634160668 ], [ 4690888.682947396300733, 2174007.675107634160668 ], [ 4690893.314994737505913, 2174002.996858223341405 ], [ 4690897.69116432312876, 2173998.078421492595226 ], [ 4690901.799020518548787, 2173992.933774021919817 ], [ 4690911.835743712261319, 2173979.652759624179453 ], [ 4690915.151772627606988, 2173975.85195574304089 ], [ 4690916.827515713870525, 2173973.947654985822737 ], [ 4690918.355020452290773, 2173972.228890805970877 ], [ 4690919.733994659967721, 2173970.69379041204229 ], [ 4690921.140990148298442, 2173969.144509388133883 ], [ 4690922.594447185285389, 2173967.545264732092619 ], [ 4690922.943992019630969, 2173967.097691351082176 ], [ 4690923.271462690085173, 2173966.660955389030278 ], [ 4690923.59027989115566, 2173966.217879335861653 ], [ 4690923.90032013412565, 2173965.768635380081832 ], [ 4690924.20146325789392, 2173965.313398074824363 ], [ 4690924.493592564947903, 2173964.852344455197453 ], [ 4690924.776594767346978, 2173964.38565393909812 ], [ 4690925.050360314548016, 2173963.913508120924234 ], [ 4690925.314782856963575, 2173963.436090880073607 ], [ 4690925.569760018028319, 2173962.95358832878992 ], [ 4690925.815192743204534, 2173962.466188537888229 ], [ 4690926.050985861569643, 2173961.974081866908818 ], [ 4690926.27704793214798, 2173961.47746038204059 ], [ 4690926.493291111662984, 2173960.976518230047077 ], [ 4690926.699631473980844, 2173960.471451532095671 ], [ 4690926.895989064127207, 2173959.962457973975688 ], [ 4690927.082287508063018, 2173959.449737146962434 ], [ 4690927.258454758673906, 2173958.933490145020187 ], [ 4690927.424422120675445, 2173958.413919726852328 ], [ 4690927.580125235952437, 2173957.891230698209256 ], [ 4690927.725504072383046, 2173957.365628622937948 ], [ 4690927.860501904971898, 2173956.837320940103382 ], [ 4690927.985066870227456, 2173956.306516422890127 ], [ 4690928.099150559864938, 2173955.773424883838743 ], [ 4690928.202708926983178, 2173955.238258027937263 ], [ 4690928.295702335424721, 2173954.701228398829699 ], [ 4690928.378095204010606, 2173954.162549471016973 ], [ 4690928.449855919927359, 2173953.622436285018921 ], [ 4690928.510957594029605, 2173953.081104701850563 ], [ 4690928.561377140693367, 2173952.538771570194513 ], [ 4690928.601096057333052, 2173951.995655174832791 ], [ 4690928.630100433714688, 2173951.451974092051387 ], [ 4690928.648380178026855, 2173950.907948180101812 ], [ 4690928.655930222012103, 2173950.363798058126122 ], [ 4690928.652749417349696, 2173949.819744951091707 ], [ 4690928.638841276988387, 2173949.276011337060481 ], [ 4690928.614213975146413, 2173948.732820264995098 ], [ 4690928.57888020016253, 2173948.190395187120885 ], [ 4690928.532856924459338, 2173947.648960501886904 ], [ 4690928.476165952160954, 2173947.108741544187069 ], [ 4690928.408833831548691, 2173946.569964074064046 ], [ 4690928.330891660414636, 2173946.032854251097888 ], [ 4690928.242375035770237, 2173945.497639444191009 ], [ 4690928.143324776552618, 2173944.964547315146774 ], [ 4690928.033785968087614, 2173944.433806273154914 ], [ 4690927.9138089036569, 2173943.905645666178316 ], [ 4690927.783448628149927, 2173943.380294982809573 ], [ 4690927.642764707095921, 2173942.857984837144613 ], [ 4690927.491822008043528, 2173942.338946979027241 ], [ 4690927.330690344795585, 2173941.823413101956248 ], [ 4690927.159443885087967, 2173941.31161651480943 ], [ 4690926.978162419982255, 2173940.803791208192706 ], [ 4690926.786930101923645, 2173940.300172447226942 ], [ 4690926.585836539976299, 2173939.800996433012187 ], [ 4690926.374975648708642, 2173939.306500500068069 ], [ 4690926.154446309432387, 2173938.81692379899323 ], [ 4690925.924352277070284, 2173938.332507216837257 ], [ 4690925.68480196967721, 2173937.853492860216647 ], [ 4690925.435907769016922, 2173937.380125055089593 ], [ 4690925.177786692045629, 2173936.912650930229574 ], [ 4690924.910559776239097, 2173936.451319442130625 ], [ 4690924.634351180866361, 2173935.996382816229016 ], [ 4690924.349288802593946, 2173935.548096829093993 ], [ 4690924.055503061972558, 2173935.106720474082977 ], [ 4690923.753126195631921, 2173934.672517240047455 ], [ 4690923.442291837185621, 2173934.245755240786821 ], [ 4690923.123133732937276, 2173933.826708314940333 ], [ 4690922.795088479295373, 2173933.414781509898603 ], [ 4690922.444468935951591, 2173932.996130160056055 ], [ 4690920.175744571723044, 2173930.66600807197392 ], [ 4690919.765712262131274, 2173930.203516616020352 ], [ 4690919.250815244391561, 2173929.625618904829025 ], [ 4690918.723422644659877, 2173929.052837299183011 ], [ 4690918.188831661827862, 2173928.4891930189915 ], [ 4690917.647940533235669, 2173927.933578519150615 ], [ 4690916.921103406697512, 2173927.205535915214568 ], [ 4690916.008468964137137, 2173926.312283975072205 ], [ 4690914.769993883557618, 2173925.106550094205886 ], [ 4690913.052696323022246, 2173923.323073645122349 ], [ 4690907.874268593266606, 2173917.896161787211895 ], [ 4690897.081747438758612, 2173905.508680156897753 ], [ 4690891.803898899815977, 2173910.106974926777184 ], [ 4690900.929522763006389, 2173920.58121874416247 ], [ 4690907.80951417889446, 2173928.981193711049855 ], [ 4690908.926912135444582, 2173930.324787388090044 ], [ 4690910.033039012923837, 2173931.674029057845473 ], [ 4690910.963957871310413, 2173932.829653578810394 ], [ 4690911.73251270968467, 2173933.801323961932212 ], [ 4690912.491869910620153, 2173934.781294275075197 ], [ 4690913.087243822403252, 2173935.567888265009969 ], [ 4690913.529206505045295, 2173936.162510234862566 ], [ 4690914.104017770849168, 2173936.955941272899508 ], [ 4690914.526290078647435, 2173937.55475738691166 ], [ 4690914.941090598702431, 2173938.160780754871666 ], [ 4690915.348440932109952, 2173938.772080622147769 ], [ 4690915.745777752250433, 2173939.391517300158739 ], [ 4690916.003774996846914, 2173939.807908365037292 ], [ 4690916.257628493010998, 2173940.229594307020307 ], [ 4690916.50622790120542, 2173940.655730281025171 ], [ 4690916.744339011609554, 2173941.07799230189994 ], [ 4690916.970549872145057, 2173941.498806945979595 ], [ 4690917.190402709878981, 2173941.925654879771173 ], [ 4690917.401681478135288, 2173942.355621189810336 ], [ 4690917.604570079594851, 2173942.796981390099972 ], [ 4690917.701440487056971, 2173943.013845223933458 ], [ 4690917.889025810174644, 2173943.461013291031122 ], [ 4690918.059411495923996, 2173943.902257186826319 ], [ 4690918.220562838949263, 2173944.35004449589178 ], [ 4690918.369960653595626, 2173944.806199422106147 ], [ 4690918.509869879111648, 2173945.269169915933162 ], [ 4690918.633354222401977, 2173945.72443355480209 ], [ 4690918.747588375583291, 2173946.18747191503644 ], [ 4690918.852419964969158, 2173946.658338773995638 ], [ 4690918.899474998004735, 2173946.888012384064496 ], [ 4690918.985719695687294, 2173947.364001214038581 ], [ 4690919.056637596338987, 2173947.830392647068948 ], [ 4690919.117578452453017, 2173948.303372852969915 ], [ 4690919.167910961434245, 2173948.778393471147865 ], [ 4690919.204877912066877, 2173949.255839827936143 ], [ 4690919.239429141394794, 2173949.982394443824887 ], [ 4690919.246891283430159, 2173950.455690613016486 ], [ 4690919.243805025704205, 2173950.933530163951218 ], [ 4690919.227388134226203, 2173951.412253270857036 ], [ 4690919.181249737739563, 2173952.138001914136112 ], [ 4690919.136544762179255, 2173952.609090838115662 ], [ 4690919.081266285851598, 2173953.082011713180691 ], [ 4690918.974941116757691, 2173953.799679634161294 ], [ 4690918.843092036433518, 2173954.513009100221097 ], [ 4690918.743511375039816, 2173954.974588301964104 ], [ 4690918.629731664434075, 2173955.442090367898345 ], [ 4690918.508744543418288, 2173955.907473736908287 ], [ 4690918.30409097764641, 2173956.60187254101038 ], [ 4690918.076688513159752, 2173957.295598057098687 ], [ 4690917.912869893014431, 2173957.744780951179564 ], [ 4690917.740514229983091, 2173958.196723146829754 ], [ 4690917.556866208091378, 2173958.645984400063753 ], [ 4690917.367184871807694, 2173959.08652704115957 ], [ 4690917.060438343323767, 2173959.753726713825017 ], [ 4690916.85057208687067, 2173960.181560812052339 ], [ 4690916.628166187554598, 2173960.611409586854279 ], [ 4690916.399397065863013, 2173961.040267419070005 ], [ 4690916.161434782668948, 2173961.465656389016658 ], [ 4690915.914807049557567, 2173961.890962999779731 ], [ 4690915.666990016587079, 2173962.304235375020653 ], [ 4690912.905301153659821, 2173966.627243253868073 ], [ 4690904.000860348343849, 2173978.409973957110196 ], [ 4690894.411707270890474, 2173990.459628973156214 ], [ 4690893.481047373265028, 2173991.612795589957386 ], [ 4690892.541728095151484, 2173992.757387536112219 ], [ 4690891.751445009373128, 2173993.702303899917752 ], [ 4690890.789136122912169, 2173994.82715296279639 ], [ 4690889.977528152056038, 2173995.756009477190673 ], [ 4690889.155655288137496, 2173996.677809070795774 ], [ 4690888.324640773236752, 2173997.592951977159828 ], [ 4690887.484029207378626, 2173998.501009326893836 ], [ 4690886.634185180068016, 2173999.402734892908484 ], [ 4690885.780162258073688, 2174000.293416270986199 ], [ 4690873.253452712669969, 2174012.342366762924939 ], [ 4690873.196313509717584, 2174012.396153394132853 ], [ 4690870.805393779650331, 2174014.632459397893399 ], [ 4690868.764604279771447, 2174016.526334896218032 ], [ 4690866.888918370008469, 2174018.262109177187085 ], [ 4690866.327945245429873, 2174018.800847783219069 ], [ 4690865.775517467409372, 2174019.344580476172268 ], [ 4690865.229938361793756, 2174019.894947792869061 ], [ 4690864.691312409937382, 2174020.451859503053129 ], [ 4690864.159745175391436, 2174021.015223374124616 ], [ 4690863.635345065034926, 2174021.584945179056376 ], [ 4690863.118222560733557, 2174022.160927651915699 ], [ 4690862.608490912243724, 2174022.743071274831891 ], [ 4690862.106266709975898, 2174023.331273668911308 ], [ 4690861.611670229583979, 2174023.925429620780051 ], [ 4690861.124826494604349, 2174024.525430772919208 ], [ 4690860.645865198224783, 2174025.131165228784084 ], [ 4690860.174921699799597, 2174025.742518038023263 ], [ 4690859.712138394825161, 2174026.359370665159076 ], [ 4690859.257665224373341, 2174026.981600562110543 ], [ 4690858.811660289764404, 2174027.609081806149334 ], [ 4690858.37429253757, 2174028.241684999782592 ], [ 4690857.945741999894381, 2174028.879276688210666 ], [ 4690857.52620162256062, 2174029.521720819175243 ], [ 4690857.115880245342851, 2174030.168878612108529 ], [ 4690856.715001058764756, 2174030.820613182149827 ], [ 4690856.325485115870833, 2174031.473991337232292 ], [ 4690855.180393083021045, 2174033.421141665894538 ], [ 4690853.134523834101856, 2174036.882774324156344 ], [ 4690851.72263131570071, 2174039.271006191149354 ], [ 4690850.310630006715655, 2174041.668604298029095 ], [ 4690849.132295779883862, 2174043.650185469072312 ], [ 4690846.454182786867023, 2174048.597690493799746 ], [ 4690846.19849023129791, 2174049.062732108868659 ], [ 4690846.068549354560673, 2174049.325056747999042 ], [ 4690845.144646281376481, 2174051.441878277808428 ], [ 4690844.315150323323905, 2174053.318055883981287 ], [ 4690843.464205586351454, 2174055.23764061415568 ], [ 4690843.190153841860592, 2174055.994878760073334 ], [ 4690842.934701389633119, 2174056.735355177894235 ], [ 4690842.690419170074165, 2174057.479590012226254 ], [ 4690842.457362680695951, 2174058.227414541877806 ], [ 4690842.235584769397974, 2174058.978659194894135 ], [ 4690842.025135545991361, 2174059.733153889887035 ], [ 4690841.826063125394285, 2174060.490727640222758 ], [ 4690841.638412614353001, 2174061.251208527944982 ], [ 4690841.462226679548621, 2174062.014424094930291 ], [ 4690841.297545158304274, 2174062.780201427172869 ], [ 4690841.144405959174037, 2174063.548366657923907 ], [ 4690841.00284347590059, 2174064.31874554278329 ], [ 4690840.872890523634851, 2174065.091163234785199 ], [ 4690840.754576410166919, 2174065.865444100927562 ], [ 4690840.647928204387426, 2174066.64141253894195 ], [ 4690840.552970523014665, 2174067.418892183806747 ], [ 4690840.469725257717073, 2174068.197706026956439 ], [ 4690840.398211335763335, 2174068.977677043061703 ], [ 4690840.338445654138923, 2174069.758627630770206 ], [ 4690840.290441899560392, 2174070.540379828773439 ], [ 4690840.254211550578475, 2174071.322755538858473 ], [ 4690840.229763365350664, 2174072.105575975961983 ], [ 4690840.217103119939566, 2174072.888662509154528 ], [ 4690840.216234597377479, 2174073.671836013905704 ], [ 4690840.227158385328948, 2174074.454917022027075 ], [ 4690840.249872694723308, 2174075.237726056016982 ], [ 4690840.284373076632619, 2174076.020083256065845 ], [ 4690840.330652399919927, 2174076.801808547228575 ], [ 4690840.388700868934393, 2174077.582721773069352 ], [ 4690840.458506272174418, 2174078.3626425168477 ], [ 4690840.540053732693195, 2174079.141389819793403 ], [ 4690840.633325389586389, 2174079.918782806955278 ], [ 4690840.738301171921194, 2174080.694640298839658 ], [ 4690840.854958174750209, 2174081.468780796043575 ], [ 4690840.983271073549986, 2174082.241022254806012 ], [ 4690841.123211516067386, 2174083.011182622984052 ], [ 4690841.274749111384153, 2174083.779079027008265 ], [ 4690841.437850123271346, 2174084.544528337195516 ], [ 4690841.612478753551841, 2174085.307346816174686 ], [ 4690841.798596213571727, 2174086.06735010119155 ], [ 4690841.996161410585046, 2174086.824352853931487 ], [ 4690842.205130182206631, 2174087.578168885782361 ], [ 4690842.425455871969461, 2174088.328611081000417 ], [ 4690842.656845426186919, 2174089.07470526220277 ], [ 4690842.82804689463228, 2174089.602174165192991 ], [ 4690843.041612799279392, 2174090.101249077823013 ], [ 4690844.146962245926261, 2174092.654777893796563 ], [ 4690844.96342140622437, 2174094.55215872079134 ], [ 4690846.405031681060791, 2174097.255980511195958 ], [ 4690850.247544727288187, 2174104.043593833222985 ], [ 4690850.247544727288187, 2174104.043593833222985 ], [ 4690850.855888734571636, 2174105.099656390957534 ], [ 4690850.855888734571636, 2174105.099656390957534 ], [ 4690852.066049230284989, 2174107.182341405190527 ], [ 4690859.150914712809026, 2174119.340376846957952 ], [ 4690862.512727558612823, 2174125.831561151891947 ], [ 4690863.562345267273486, 2174127.883617737796158 ], [ 4690864.041413061320782, 2174128.817651758901775 ], [ 4690864.434140170924366, 2174129.506668185815215 ], [ 4690864.830779715441167, 2174130.179623939096928 ], [ 4690865.237113281153142, 2174130.846659357193857 ], [ 4690865.653052519075572, 2174131.507621437776834 ], [ 4690866.078506940044463, 2174132.162356922868639 ], [ 4690866.513383382000029, 2174132.810711657162756 ], [ 4690866.957585738040507, 2174133.452531144954264 ], [ 4690867.411015430465341, 2174134.087660059798509 ], [ 4690867.873570931144059, 2174134.715941852889955 ], [ 4690868.345147754065692, 2174135.337218875065446 ], [ 4690868.825638400390744, 2174135.951331506948918 ], [ 4690869.314931989647448, 2174136.558118891902268 ], [ 4690869.812914879992604, 2174137.157417214941233 ], [ 4690870.319469408132136, 2174137.749060307163745 ], [ 4690870.834474720060825, 2174138.332878679968417 ], [ 4690871.357805926352739, 2174138.908699198160321 ], [ 4690871.889334556646645, 2174139.4763447730802 ], [ 4690872.428928162902594, 2174140.035632487852126 ], [ 4690872.976449731737375, 2174140.586374577134848 ], [ 4690873.531758739612997, 2174141.128375966101885 ], [ 4690874.09470980335027, 2174141.661434073001146 ], [ 4690874.665153545327485, 2174142.185337482020259 ], [ 4690875.242936482653022, 2174142.699864813126624 ], [ 4690875.827901597134769, 2174143.204782764893025 ], [ 4690876.419888260774314, 2174143.699844290036708 ], [ 4690877.018733264878392, 2174144.184787405189127 ], [ 4690877.624245505779982, 2174144.659310901071876 ], [ 4690878.234776377677917, 2174145.122072597965598 ], [ 4690878.450272381305695, 2174145.281430474948138 ], [ 4690881.115672229789197, 2174147.13089087093249 ], [ 4690882.074746448546648, 2174147.831606143154204 ], [ 4690882.906766830943525, 2174148.425244302954525 ], [ 4690883.9579824693501, 2174149.159083123784512 ], [ 4690888.143121156841516, 2174151.815678657032549 ], [ 4690926.30831403285265, 2174179.632509236223996 ], [ 4690931.130087029188871, 2174183.547897765878588 ], [ 4690932.514575521461666, 2174184.6069026729092 ], [ 4690933.688399971462786, 2174185.516531362198293 ], [ 4690934.855028379708529, 2174186.4339305809699 ], [ 4690935.819435050711036, 2174187.205891042947769 ], [ 4690936.777077903971076, 2174187.987237649969757 ], [ 4690937.536364451982081, 2174188.618849583901465 ], [ 4690938.289091835729778, 2174189.259282671846449 ], [ 4690939.034784882329404, 2174189.909245159942657 ], [ 4690939.959972836077213, 2174190.7390371048823 ], [ 4690940.508565778844059, 2174191.242921267170459 ], [ 4690941.23675683233887, 2174191.926654677838087 ], [ 4690941.946509931236506, 2174192.610065239015967 ], [ 4690942.656453897245228, 2174193.309836484957486 ], [ 4690943.176684726029634, 2174193.832746536005288 ], [ 4690943.869183710776269, 2174194.543195718899369 ], [ 4690944.549327121116221, 2174195.257714373990893 ], [ 4690945.056201700121164, 2174195.799347823951393 ], [ 4690945.719271782785654, 2174196.522526707034558 ], [ 4690946.375378267839551, 2174197.253021623007953 ], [ 4690947.02488751988858, 2174197.990650847088546 ], [ 4690947.667832553386688, 2174198.734750345814973 ], [ 4690948.463875246234238, 2174199.67455507395789 ], [ 4690949.251244598999619, 2174200.623071679845452 ], [ 4690950.031191454268992, 2174201.579399668145925 ], [ 4690950.804160743951797, 2174202.542149547021836 ], [ 4690951.569612534716725, 2174203.510322976857424 ], [ 4690952.325309288688004, 2174204.484823109116405 ], [ 4690953.069491499103606, 2174205.468413361813873 ], [ 4690953.654877126216888, 2174206.262597016990185 ], [ 4690954.086838472634554, 2174206.862977509852499 ], [ 4690954.512949867174029, 2174207.469103824812919 ], [ 4690954.932131205685437, 2174208.08114771079272 ], [ 4690955.343228472396731, 2174208.699320203159004 ], [ 4690955.740397902205586, 2174209.319221699144691 ], [ 4690956.127342982217669, 2174209.946924726013094 ], [ 4690956.493862139061093, 2174210.571615028195083 ], [ 4690956.729994589462876, 2174210.991391704883426 ], [ 4690956.95959641598165, 2174211.415114669129252 ], [ 4690957.180600785650313, 2174211.84498591395095 ], [ 4690957.394885906018317, 2174212.281845590099692 ], [ 4690957.597720919176936, 2174212.717185934074223 ], [ 4690957.795054536312819, 2174213.165922064799815 ], [ 4690957.881509319879115, 2174213.375495254993439 ], [ 4690958.13629814516753, 2174214.049380388110876 ], [ 4690958.280133564025164, 2174214.487274481914937 ], [ 4690958.414043703116477, 2174214.941481162793934 ], [ 4690958.472778609022498, 2174215.160022829193622 ], [ 4690958.579087303951383, 2174215.618077142164111 ], [ 4690958.658423023298383, 2174216.071318237110972 ], [ 4690958.716941854916513, 2174216.527395263779908 ], [ 4690958.759134379215539, 2174216.988334339112043 ], [ 4690958.776077051647007, 2174217.444917899090797 ], [ 4690958.7766083041206, 2174217.908428306225687 ], [ 4690958.752453098073602, 2174218.368717183824629 ], [ 4690958.734755646437407, 2174218.591944624204189 ], [ 4690958.680664173327386, 2174219.061410185880959 ], [ 4690958.60789757873863, 2174219.516930942889303 ], [ 4690958.512914846651256, 2174219.980320213828236 ], [ 4690958.461448200978339, 2174220.193844371940941 ], [ 4690958.334657745435834, 2174220.649655818939209 ], [ 4690958.192380785010755, 2174221.100967236794531 ], [ 4690958.029755394905806, 2174221.538387830834836 ], [ 4690957.847579470835626, 2174221.982486710883677 ], [ 4690957.756697462871671, 2174222.184993812814355 ], [ 4690957.549074829556048, 2174222.609698104206473 ], [ 4690957.328748512081802, 2174223.018036167137325 ], [ 4690957.092837196774781, 2174223.423993837088346 ], [ 4690956.839050486683846, 2174223.824047250207514 ], [ 4690956.572080760262907, 2174224.211694184225053 ], [ 4690956.438360087573528, 2174224.396869911812246 ], [ 4690956.147778731770813, 2174224.775274484883994 ], [ 4690955.850103952921927, 2174225.13562239613384 ], [ 4690955.535832587629557, 2174225.495246587786824 ], [ 4690955.380146386101842, 2174225.666306782979518 ], [ 4690955.047165752388537, 2174226.01331856707111 ], [ 4690954.710898821242154, 2174226.342360388953239 ], [ 4690954.361935069784522, 2174226.66764462320134 ], [ 4690954.006119847297668, 2174226.984319388866425 ], [ 4690953.450262802653015, 2174227.446129315067083 ], [ 4690952.873388637788594, 2174227.897385891061276 ], [ 4690952.494787356816232, 2174228.178640647791326 ], [ 4690952.336274694651365, 2174228.288278520107269 ], [ 4690948.940932606346905, 2174230.406145268119872 ], [ 4690946.368424883112311, 2174231.998764751013368 ], [ 4690944.209056162275374, 2174233.323743646033108 ], [ 4690942.247337599284947, 2174234.51494817994535 ], [ 4690940.481931501068175, 2174235.574609719216824 ], [ 4690938.910469234921038, 2174236.513124044053257 ], [ 4690938.455531160347164, 2174236.797542264219373 ], [ 4690938.006708835251629, 2174237.087644963059574 ], [ 4690937.562317824922502, 2174237.384482928086072 ], [ 4690937.122459834441543, 2174237.687988521996886 ], [ 4690936.687235315330327, 2174237.998092161025852 ], [ 4690936.256743360310793, 2174238.314723186194897 ], [ 4690935.831082637421787, 2174238.637809349223971 ], [ 4690935.410350293852389, 2174238.96727662300691 ], [ 4690934.994642644189298, 2174239.303049847017974 ], [ 4690934.584054805338383, 2174239.645051997154951 ], [ 4690934.178680510260165, 2174239.993204934056848 ], [ 4690933.778612720780075, 2174240.347429045941681 ], [ 4690933.383943121880293, 2174240.707643049769104 ], [ 4690932.994762111455202, 2174241.073764405213296 ], [ 4690932.611158819869161, 2174241.445709228049964 ], [ 4690932.233221393078566, 2174241.823392240796238 ], [ 4690931.861036697402596, 2174242.206726571079344 ], [ 4690931.494690051302314, 2174242.595624174922705 ], [ 4690931.134265745989978, 2174242.989995769225061 ], [ 4690930.779846793971956, 2174243.389750537928194 ], [ 4690930.431514851748943, 2174243.794796395115554 ], [ 4690930.089350258931518, 2174244.205039904918522 ], [ 4690929.753431848250329, 2174244.620386433787644 ], [ 4690929.423837330192327, 2174245.040740105789155 ], [ 4690929.100642943754792, 2174245.466003649868071 ], [ 4690928.783923619426787, 2174245.896078619174659 ], [ 4690928.473752923309803, 2174246.330865115858614 ], [ 4690928.170202582143247, 2174246.770262334030122 ], [ 4690927.873343679122627, 2174247.21416810201481 ], [ 4690927.583245147019625, 2174247.66247875103727 ], [ 4690927.299974843859673, 2174248.115089910104871 ], [ 4690927.023599098436534, 2174248.571895593777299 ], [ 4690926.754182814620435, 2174249.032788755837828 ], [ 4690926.491789318621159, 2174249.497661083936691 ], [ 4690926.236480486579239, 2174249.966403167229146 ], [ 4690925.988316654227674, 2174250.438904455862939 ], [ 4690925.747356969863176, 2174250.915052994154394 ], [ 4690925.513658636249602, 2174251.394735562149435 ], [ 4690925.287277418188751, 2174251.87783815478906 ], [ 4690925.068267765454948, 2174252.364245377946645 ], [ 4690924.856682697311044, 2174252.853840283118188 ], [ 4690924.652573176659644, 2174253.346504933200777 ], [ 4690924.455988978035748, 2174253.842120416928083 ], [ 4690924.266978326253593, 2174254.340566258877516 ], [ 4690924.085587887093425, 2174254.84172075195238 ], [ 4690923.911862752400339, 2174255.345460788812488 ], [ 4690923.745846215635538, 2174255.851662235800177 ], [ 4690923.587580456398427, 2174256.360199503134936 ], [ 4690923.437105792574584, 2174256.87094540707767 ], [ 4690923.294461023062468, 2174257.383771691937 ], [ 4690923.159683611243963, 2174257.898548292927444 ], [ 4690923.032809002324939, 2174258.415143905207515 ], [ 4690922.91387158818543, 2174258.933425811119378 ], [ 4690922.802904101088643, 2174259.45325918821618 ], [ 4690922.699937459081411, 2174259.974508048035204 ], [ 4690922.605001544579864, 2174260.497034531086683 ], [ 4690922.518124374561012, 2174261.02069890499115 ], [ 4690922.439332780428231, 2174261.545359769836068 ], [ 4690922.368652073666453, 2174262.070873560849577 ], [ 4690922.306106164120138, 2174262.597094860859215 ], [ 4690922.251717721112072, 2174263.12387609295547 ], [ 4690922.205508117564023, 2174263.651067346800119 ], [ 4690922.167497433722019, 2174264.178516645915806 ], [ 4690922.13770494889468, 2174264.706069346982986 ], [ 4690922.11614861804992, 2174265.233568099793047 ], [ 4690922.102845526300371, 2174265.760853501036763 ], [ 4690922.097812559455633, 2174266.287762673106045 ], [ 4690922.101065338589251, 2174266.814130045939237 ], [ 4690922.112619824707508, 2174267.339787269942462 ], [ 4690922.132491764612496, 2174267.864562105853111 ], [ 4690922.160696933045983, 2174268.388279445935041 ], [ 4690922.197252163663507, 2174268.910760451108217 ], [ 4690922.24217498395592, 2174269.431822637096047 ], [ 4690922.295484852977097, 2174269.951279816217721 ], [ 4690922.357203283347189, 2174270.468941856175661 ], [ 4690922.427354970015585, 2174270.98461455386132 ], [ 4690922.505968262441456, 2174271.49809951800853 ], [ 4690922.5930763958022, 2174272.009194239042699 ], [ 4690922.688718523830175, 2174272.51769204903394 ], [ 4690922.792941249907017, 2174273.02338241878897 ], [ 4690922.905320665799081, 2174273.523913997225463 ], [ 4690925.816426229663193, 2174285.775428118184209 ], [ 4690927.815870646387339, 2174294.759120943024755 ], [ 4690928.703435592353344, 2174300.543320861179382 ], [ 4690929.068324035964906, 2174302.513545348774642 ], [ 4690929.285080090165138, 2174303.739426990970969 ], [ 4690929.490788254886866, 2174304.968821988906711 ], [ 4690929.683941587805748, 2174306.203479437157512 ], [ 4690929.827649589627981, 2174307.185560681857169 ], [ 4690929.993955690413713, 2174308.420994663145393 ], [ 4690930.113513762131333, 2174309.402121250052005 ], [ 4690930.221895608119667, 2174310.386418934911489 ], [ 4690930.316783182322979, 2174311.366504893172532 ], [ 4690930.380559830926359, 2174312.10354082705453 ], [ 4690930.452206662856042, 2174313.07973104622215 ], [ 4690930.510064889676869, 2174314.057981606107205 ], [ 4690930.543062214739621, 2174314.7923708348535 ], [ 4690930.568611259572208, 2174315.528661753050983 ], [ 4690930.584587746299803, 2174316.266699376981705 ], [ 4690930.592708418145776, 2174317.005038318224251 ], [ 4690930.587425407022238, 2174317.995277230162174 ], [ 4690930.57316954806447, 2174318.737602576147765 ], [ 4690930.538584185764194, 2174319.733329709153622 ], [ 4690930.4866629159078, 2174320.715913373045623 ], [ 4690930.417566731572151, 2174321.701308016199619 ], [ 4690930.354924931190908, 2174322.428392190020531 ], [ 4690930.282690513879061, 2174323.157043588813394 ], [ 4690930.201016294769943, 2174323.885463053826243 ], [ 4690930.108664054423571, 2174324.61481767706573 ], [ 4690930.007753704674542, 2174325.344525334890932 ], [ 4690929.896252702921629, 2174326.074134971015155 ], [ 4690929.774954233318567, 2174326.804768835194409 ], [ 4690929.643901013769209, 2174327.535959964152426 ], [ 4690929.503313845954835, 2174328.26624316489324 ], [ 4690929.301656992174685, 2174329.226743997074664 ], [ 4690929.08287139236927, 2174330.187079750001431 ], [ 4690928.84675522800535, 2174331.147395580075681 ], [ 4690928.661096017807722, 2174331.853264360222965 ], [ 4690928.465705878101289, 2174332.5591313787736 ], [ 4690928.260897654108703, 2174333.263744912110269 ], [ 4690928.046827607788146, 2174333.966538956854492 ], [ 4690927.82219422608614, 2174334.667935784906149 ], [ 4690927.58782419282943, 2174335.368669359944761 ], [ 4690927.343815649859607, 2174336.068248453084379 ], [ 4690927.090117773041129, 2174336.766745130997151 ], [ 4690926.827197434380651, 2174337.462762735784054 ], [ 4690926.464931211434305, 2174338.375397678930312 ], [ 4690926.085863607004285, 2174339.285026683937758 ], [ 4690925.689781942404807, 2174340.19176547601819 ], [ 4690925.386761643923819, 2174340.856268578208983 ], [ 4690925.074200930073857, 2174341.519163891207427 ], [ 4690924.752886186353862, 2174342.178744577802718 ], [ 4690924.421234522946179, 2174342.835721166804433 ], [ 4690924.081495475023985, 2174343.490260807797313 ], [ 4690923.731878390535712, 2174344.141254543792456 ], [ 4690923.372777270153165, 2174344.79005572013557 ], [ 4690923.005169603042305, 2174345.434903320856392 ], [ 4690922.501409494318068, 2174346.285770078189671 ], [ 4690922.115135690197349, 2174346.91736099217087 ], [ 4690921.724366193637252, 2174347.538785560056567 ], [ 4690921.185172966681421, 2174348.36856062989682 ], [ 4690920.778019977733493, 2174348.974234295077622 ], [ 4690920.362026616930962, 2174349.576788686215878 ], [ 4690919.937919406220317, 2174350.175189461093396 ], [ 4690919.505721553228796, 2174350.769457293208688 ], [ 4690919.065781703218818, 2174351.359186613000929 ], [ 4690918.616581741720438, 2174351.944792298134416 ], [ 4690918.160836790688336, 2174352.525981702841818 ], [ 4690917.537281987257302, 2174353.295757975894958 ], [ 4690917.062073553912342, 2174353.867005768232048 ], [ 4690916.413764514029026, 2174354.624306898098439 ], [ 4690915.761712401174009, 2174355.361689826007932 ], [ 4690915.096269146539271, 2174356.092267377767712 ], [ 4690914.418616748414934, 2174356.814953679218888 ], [ 4690913.739535591565073, 2174357.51803125301376 ], [ 4690913.049617652781308, 2174358.213398865889758 ], [ 4690912.349552233703434, 2174358.901163572911173 ], [ 4690911.640053579583764, 2174359.581531879026443 ], [ 4690910.920808020047843, 2174360.254841241985559 ], [ 4690910.193427452817559, 2174360.92222811980173 ], [ 4690909.265003761276603, 2174361.756655377801508 ], [ 4690905.005203569307923, 2174365.820329354144633 ], [ 4690905.005203569307923, 2174365.820329354144633 ], [ 4690905.001503840088844, 2174365.823378263041377 ], [ 4690905.001503840088844, 2174365.823378263041377 ], [ 4690902.947701653465629, 2174367.512039319146425 ], [ 4690856.339258188381791, 2174405.747348823118955 ], [ 4690856.339258188381791, 2174405.747348823118955 ], [ 4690854.478443276137114, 2174407.278121137060225 ], [ 4690854.478443276137114, 2174407.278121137060225 ], [ 4690854.226773330941796, 2174407.486038890201598 ], [ 4690849.707650468684733, 2174410.714468463789672 ], [ 4690849.086928054690361, 2174411.217150905169547 ], [ 4690848.48399673961103, 2174411.721940394956619 ], [ 4690847.889384686946869, 2174412.236503353808075 ], [ 4690847.303250163793564, 2174412.760702590923756 ], [ 4690846.72574944421649, 2174413.29439854901284 ], [ 4690846.157036241143942, 2174413.837448947131634 ], [ 4690845.597262128256261, 2174414.389709246810526 ], [ 4690845.046576283872128, 2174414.951032261829823 ], [ 4690844.505125403404236, 2174415.521268437150866 ], [ 4690843.973053717054427, 2174416.100265848916024 ], [ 4690843.450502970255911, 2174416.687870236113667 ], [ 4690842.937612296082079, 2174417.283925096970052 ], [ 4690842.434518513269722, 2174417.888271646108478 ], [ 4690841.941355487331748, 2174418.500748783815652 ], [ 4690841.458254668861628, 2174419.121193464845419 ], [ 4690840.985344749875367, 2174419.749440371990204 ], [ 4690840.5227519152686, 2174420.385322046931833 ], [ 4690840.070598989725113, 2174421.028669067192823 ], [ 4690839.629006799310446, 2174421.679310264997184 ], [ 4690839.198092929087579, 2174422.337072009220719 ], [ 4690838.77797204721719, 2174423.001779166981578 ], [ 4690838.368756131269038, 2174423.673254743218422 ], [ 4690837.970554347150028, 2174424.351319792214781 ], [ 4690837.583472738973796, 2174425.03579355077818 ], [ 4690837.207614325918257, 2174425.726493697147816 ], [ 4690836.843079272657633, 2174426.423236280214041 ], [ 4690836.489964758045971, 2174427.125835661776364 ], [ 4690836.148364900611341, 2174427.834104640875012 ], [ 4690835.818370750173926, 2174428.547854490112513 ], [ 4690835.500070268288255, 2174429.266894937027246 ], [ 4690835.19354803673923, 2174429.991034482140094 ], [ 4690834.898886012844741, 2174430.720080208964646 ], [ 4690834.616162515245378, 2174431.453837788198143 ], [ 4690834.34545308817178, 2174432.192111769225448 ], [ 4690834.086829759180546, 2174432.934705366846174 ], [ 4690833.840361622162163, 2174433.681420679204166 ], [ 4690833.606114195659757, 2174434.432058635167778 ], [ 4690833.384149953722954, 2174435.186419298872352 ], [ 4690833.174528110772371, 2174435.944301575887948 ], [ 4690832.977304509840906, 2174436.705503553152084 ], [ 4690832.792532002553344, 2174437.469822187907994 ], [ 4690832.620259522460401, 2174438.237053810153157 ], [ 4690832.460533436387777, 2174439.006993810180575 ], [ 4690832.31339587457478, 2174439.779436965938658 ], [ 4690832.178886624053121, 2174440.554177354089916 ], [ 4690832.057041246443987, 2174441.331008193083107 ], [ 4690831.9478923920542, 2174442.109722558874637 ], [ 4690831.851469428278506, 2174442.890112491790205 ], [ 4690831.767797818407416, 2174443.671969894785434 ], [ 4690831.696900272741914, 2174444.455086166970432 ], [ 4690831.638795595616102, 2174445.2392522781156 ], [ 4690831.593499617651105, 2174446.024258872959763 ], [ 4690831.561024359427392, 2174446.809896267950535 ], [ 4690831.541378634981811, 2174447.595954739954323 ], [ 4690831.534567882306874, 2174448.382224331144243 ], [ 4690831.540594237856567, 2174449.168494650162756 ], [ 4690831.559455916285515, 2174449.954555613920093 ], [ 4690831.591148385778069, 2174450.740197054110467 ], [ 4690831.635663378983736, 2174451.525208428036422 ], [ 4690831.692989023402333, 2174452.309379632119089 ], [ 4690831.763110381551087, 2174453.092500577215105 ], [ 4690831.846008924767375, 2174453.874361264053732 ], [ 4690831.941662883386016, 2174454.654751731082797 ], [ 4690832.050046779215336, 2174455.433462465181947 ], [ 4690832.171132164075971, 2174456.210283921100199 ], [ 4690832.304886654950678, 2174456.985006990842521 ], [ 4690832.451274912804365, 2174457.757423040922731 ], [ 4690832.610258218832314, 2174458.527323252987117 ], [ 4690832.781794034875929, 2174459.294499661773443 ], [ 4690832.96583706792444, 2174460.058744173962623 ], [ 4690833.16233782004565, 2174460.819849551189691 ], [ 4690833.371244315989316, 2174461.57760867709294 ], [ 4690833.592500545084476, 2174462.331814657896757 ], [ 4690833.826047292910516, 2174463.082261331845075 ], [ 4690834.071822104975581, 2174463.828742531128228 ], [ 4690834.329758778214455, 2174464.571052730083466 ], [ 4690834.599788092076778, 2174465.308986462187022 ], [ 4690834.88183702621609, 2174466.042338849045336 ], [ 4690835.175829603336751, 2174466.770904771052301 ], [ 4690835.481685692444444, 2174467.494479488115758 ], [ 4690835.799322128295898, 2174468.212858777027577 ], [ 4690836.128163526766002, 2174468.924779232125729 ], [ 4690836.356297863647342, 2174469.401664399076253 ], [ 4690836.492171254940331, 2174469.670902379788458 ], [ 4690837.985060561448336, 2174472.060607911087573 ], [ 4690839.352552754804492, 2174474.256367242895067 ], [ 4690842.409597626887262, 2174478.023811411112547 ], [ 4690842.409597626887262, 2174478.023811411112547 ], [ 4690842.59891969896853, 2174478.283204109873623 ], [ 4690842.59891969896853, 2174478.283204109873623 ], [ 4690843.788650617003441, 2174479.874380645807832 ], [ 4690843.788650617003441, 2174479.874380645807832 ], [ 4690844.796802245080471, 2174481.177684394177049 ], [ 4690844.796802245080471, 2174481.177684394177049 ], [ 4690846.063541368581355, 2174482.774399663787335 ], [ 4690846.063541368581355, 2174482.774399663787335 ], [ 4690846.829004781320691, 2174483.723212170880288 ], [ 4690846.829004781320691, 2174483.723212170880288 ], [ 4690848.349610013887286, 2174485.592344571836293 ], [ 4690856.489585371688008, 2174495.570201366208494 ], [ 4690861.030835738405585, 2174501.67201624205336 ], [ 4690861.91388419829309, 2174502.874327165074646 ], [ 4690862.642457882873714, 2174503.880716241896152 ], [ 4690863.507323197089136, 2174505.09755969280377 ], [ 4690864.217261452227831, 2174506.119210585951805 ], [ 4690864.916795806959271, 2174507.152632106095552 ], [ 4690865.329090962186456, 2174507.775424649938941 ], [ 4690865.861071055755019, 2174508.602328349836171 ], [ 4690866.380428185686469, 2174509.439677544869483 ], [ 4690866.887757798656821, 2174510.288833380211145 ], [ 4690867.252365133725107, 2174510.921309398952872 ], [ 4690867.61029130872339, 2174511.560369099024683 ], [ 4690867.960929050110281, 2174512.204907159786671 ], [ 4690868.304308529943228, 2174512.854914165101945 ], [ 4690868.63990082219243, 2174513.509277375880629 ], [ 4690869.076208123005927, 2174514.39271133299917 ], [ 4690869.499471130780876, 2174515.285273451823741 ], [ 4690869.909403845667839, 2174516.188387791160494 ], [ 4690870.306988419033587, 2174517.101648120209575 ], [ 4690870.685148435644805, 2174518.010056503117085 ], [ 4690871.05124634411186, 2174518.927543612197042 ], [ 4690871.404804945923388, 2174519.852569769136608 ], [ 4690871.739978938363492, 2174520.770328800193965 ], [ 4690872.062835267744958, 2174521.693035851232708 ], [ 4690874.048364411108196, 2174527.735569769982249 ], [ 4690880.978972302749753, 2174556.190870063845068 ], [ 4690880.978972302749753, 2174556.190870063845068 ], [ 4690882.896508260630071, 2174563.033020766917616 ], [ 4690885.278994619846344, 2174569.727475870866328 ], [ 4690888.11520158033818, 2174576.242681199219078 ], [ 4690894.925066593103111, 2174590.525175091810524 ], [ 4690897.218785217031837, 2174596.010756564792246 ], [ 4690898.254418251104653, 2174598.289311890956014 ], [ 4690898.967705860733986, 2174599.882176361046731 ], [ 4690899.570434958674014, 2174601.251917724031955 ], [ 4690900.163982035592198, 2174602.627508311066777 ], [ 4690900.747067810036242, 2174604.010811343789101 ], [ 4690901.224158452823758, 2174605.169372098986059 ], [ 4690901.688821982592344, 2174606.326703444123268 ], [ 4690902.140539293177426, 2174607.483600482810289 ], [ 4690902.492889192886651, 2174608.409806633833796 ], [ 4690902.837948269210756, 2174609.340174132958055 ], [ 4690903.172350588254631, 2174610.266534856986254 ], [ 4690903.581212760880589, 2174611.437204156070948 ], [ 4690903.896143786609173, 2174612.372937588952482 ], [ 4690904.12746502738446, 2174613.078374968841672 ], [ 4690904.424008675850928, 2174614.013840407133102 ], [ 4690904.710759696550667, 2174614.95268890215084 ], [ 4690904.987538777291775, 2174615.895211397204548 ], [ 4690905.254070621915162, 2174616.841233578044921 ], [ 4690905.509613211266696, 2174617.791763023938984 ], [ 4690905.75534653197974, 2174618.746185447089374 ], [ 4690905.989863526076078, 2174619.704862758051604 ], [ 4690906.21393771469593, 2174620.668196334969252 ], [ 4690906.427498060278594, 2174621.636058779899031 ], [ 4690906.630531085655093, 2174622.608327125199139 ], [ 4690906.822465509176254, 2174623.585775949992239 ], [ 4690907.003994914703071, 2174624.568377840798348 ], [ 4690907.173234578222036, 2174625.549079920165241 ], [ 4690907.291622024029493, 2174626.275894552003592 ], [ 4690907.441261693835258, 2174627.255366188939661 ], [ 4690907.580452250316739, 2174628.238075328990817 ], [ 4690907.709069288335741, 2174629.223380556795746 ], [ 4690907.824962443672121, 2174630.19637164613232 ], [ 4690907.930698765441775, 2174631.171438593883067 ], [ 4690908.026406532153487, 2174632.148291387129575 ], [ 4690908.112269997596741, 2174633.12686771620065 ], [ 4690908.188507503829896, 2174634.107109840959311 ], [ 4690908.255376948043704, 2174635.088964527938515 ], [ 4690908.313156982883811, 2174636.071954526007175 ], [ 4690908.373239711858332, 2174637.303820145782083 ], [ 4690908.42083842959255, 2174638.545697962865233 ], [ 4690908.763015097938478, 2174644.031839299947023 ], [ 4690908.763015097938478, 2174644.031839299947023 ], [ 4690908.758620030246675, 2174644.384170533157885 ], [ 4690908.758620030246675, 2174644.384170533157885 ], [ 4690908.722932609729469, 2174646.397801067214459 ], [ 4690908.722932609729469, 2174646.397801067214459 ], [ 4690908.658238345757127, 2174648.928128624800593 ], [ 4690908.658238345757127, 2174648.928128624800593 ], [ 4690908.611411121673882, 2174650.44854331901297 ], [ 4690908.611411121673882, 2174650.44854331901297 ], [ 4690908.509198374114931, 2174653.507402880117297 ], [ 4690906.360127275809646, 2174716.185336369089782 ], [ 4690905.684406710788608, 2174726.381175875198096 ], [ 4690905.652311242185533, 2174727.179817864205688 ], [ 4690905.636877302080393, 2174727.976871757768095 ], [ 4690905.638027909211814, 2174728.774073859211057 ], [ 4690905.655762526206672, 2174729.571079140063375 ], [ 4690905.69007355067879, 2174730.367542556952685 ], [ 4690905.74094604793936, 2174731.163119407836348 ], [ 4690905.808358169160783, 2174731.957465207204223 ], [ 4690905.892280569300056, 2174732.750236088875681 ], [ 4690905.992677037604153, 2174733.541088939178735 ], [ 4690906.109504155814648, 2174734.329681143164635 ], [ 4690906.242711078375578, 2174735.115671494975686 ], [ 4690906.392240416258574, 2174735.898719695862383 ], [ 4690906.558027314953506, 2174736.678486602846533 ], [ 4690906.740000018849969, 2174737.454634660854936 ], [ 4690906.938079797662795, 2174738.226827747188509 ], [ 4690907.152180852368474, 2174738.994731382001191 ], [ 4690907.382210384123027, 2174739.758013119921088 ], [ 4690907.62806889321655, 2174740.516342369839549 ], [ 4690907.889649866148829, 2174741.26939063007012 ], [ 4690908.166840017773211, 2174742.016831709071994 ], [ 4690908.459519273601472, 2174742.758341705892235 ], [ 4690908.767560753971338, 2174743.493599561043084 ], [ 4690909.09083122946322, 2174744.222286460921168 ], [ 4690909.429190404713154, 2174744.944086671806872 ], [ 4690909.782491832971573, 2174745.658687349874526 ], [ 4690910.150582326576114, 2174746.365778463892639 ], [ 4690910.533302122727036, 2174747.065053562168032 ], [ 4690910.930485459044576, 2174747.756209545768797 ], [ 4690911.341960191726685, 2174748.438946130219847 ], [ 4690911.767547485418618, 2174749.112967275083065 ], [ 4690912.20706295222044, 2174749.777980390936136 ], [ 4690912.660315687768161, 2174750.43369646416977 ], [ 4690913.127108812332153, 2174751.07983092404902 ], [ 4690913.607239758595824, 2174751.716102595906705 ], [ 4690914.100499540567398, 2174752.342234930954874 ], [ 4690914.60667388793081, 2174752.957955583930016 ], [ 4690915.125542636960745, 2174753.562996328808367 ], [ 4690915.656879782676697, 2174754.15709332190454 ], [ 4690916.200453707948327, 2174754.739987744018435 ], [ 4690916.756027529016137, 2174755.311425073072314 ], [ 4690917.323358751833439, 2174755.871155789121985 ], [ 4690917.902199666015804, 2174756.418934736866504 ], [ 4690918.492296921089292, 2174756.954522115178406 ], [ 4690919.093392244540155, 2174757.477682906202972 ], [ 4690919.705221945419908, 2174757.988187225069851 ], [ 4690920.327517358586192, 2174758.485810427926481 ], [ 4690920.960004687309265, 2174758.970332820899785 ], [ 4690921.60240501537919, 2174759.441540291067213 ], [ 4690922.254434598609805, 2174759.899223853833973 ], [ 4690922.915804629214108, 2174760.343180029187351 ], [ 4690923.586221395991743, 2174760.773210601881146 ], [ 4690924.265386178158224, 2174761.189123040996492 ], [ 4690924.952995387837291, 2174761.590730195865035 ], [ 4690925.648740513250232, 2174761.97785068815574 ], [ 4690926.352308166213334, 2174762.350308412220329 ], [ 4690927.063379731960595, 2174762.707932963036001 ], [ 4690927.7816316280514, 2174763.050559626892209 ], [ 4690928.50673518422991, 2174763.378029278013855 ], [ 4690929.238356212154031, 2174763.690188157837838 ], [ 4690929.976155266165733, 2174763.986888743005693 ], [ 4690930.719787537120283, 2174764.267988443840295 ], [ 4690931.468902007676661, 2174764.533350400160998 ], [ 4690932.223142034374177, 2174764.782843512948602 ], [ 4690932.982144460082054, 2174765.016341508831829 ], [ 4690933.745539606548846, 2174765.233724218793213 ], [ 4690934.512950908392668, 2174765.434875914826989 ], [ 4690935.283994313329458, 2174765.619686630088836 ], [ 4690936.05827818531543, 2174765.788050735834986 ], [ 4690936.835402120836079, 2174765.939867423847318 ], [ 4690937.614957319572568, 2174766.075040597002953 ], [ 4690938.396525142714381, 2174766.193477270193398 ], [ 4690939.179676471278071, 2174766.295088715851307 ], [ 4690939.963971820659935, 2174766.379788824822754 ], [ 4690940.747517200186849, 2174766.447368593886495 ], [ 4690941.272433144040406, 2174766.48311924515292 ], [ 4690941.795872965827584, 2174766.511156737804413 ], [ 4690942.319129417650402, 2174766.531554086133838 ], [ 4690942.842056010849774, 2174766.544285827782005 ], [ 4690943.364502617157996, 2174766.549325534142554 ], [ 4690943.88631649594754, 2174766.546646230854094 ], [ 4690944.407341373153031, 2174766.536218644119799 ], [ 4690944.927417414262891, 2174766.518012191168964 ], [ 4690945.446381664834917, 2174766.491993349976838 ], [ 4690945.964067229069769, 2174766.45812553493306 ], [ 4690946.480303945951164, 2174766.416368343867362 ], [ 4690946.994917645119131, 2174766.366676315199584 ], [ 4690947.507730851881206, 2174766.308998709078878 ], [ 4690948.019888117909431, 2174766.243106827139854 ], [ 4690948.719225119799376, 2174766.139213664922863 ], [ 4690957.893559739924967, 2174764.695664815139025 ], [ 4690957.893559739924967, 2174764.695664815139025 ], [ 4690959.225089344196022, 2174764.505784458946437 ], [ 4690982.036585299298167, 2174761.229888550937176 ], [ 4690982.036585299298167, 2174761.229888550937176 ], [ 4690990.796121533028781, 2174760.222885762806982 ], [ 4690999.598467609845102, 2174759.710798682179302 ], [ 4691032.9409738490358, 2174758.712328547146171 ], [ 4691032.9409738490358, 2174758.712328547146171 ], [ 4691039.146883036009967, 2174758.370018403977156 ], [ 4691045.327711272053421, 2174757.715917961671948 ], [ 4691051.467803923413157, 2174756.751683908049017 ], [ 4691069.124283521436155, 2174753.52172368299216 ], [ 4691075.308384099975228, 2174752.729700328782201 ], [ 4691077.271694103255868, 2174752.419407027773559 ], [ 4691078.981170315295458, 2174752.162736877799034 ], [ 4691080.446590002626181, 2174751.954992940183729 ], [ 4691081.667856538668275, 2174751.792039378080517 ], [ 4691082.890069630928338, 2174751.63927267305553 ], [ 4691084.113253376446664, 2174751.497789820190519 ], [ 4691085.337715618312359, 2174751.368513337802142 ], [ 4691086.56394493021071, 2174751.252338773105294 ], [ 4691087.545711161568761, 2174751.170171990990639 ], [ 4691088.529197503812611, 2174751.096910077147186 ], [ 4691089.514424675144255, 2174751.034202205948532 ], [ 4691090.500533565878868, 2174750.981261743232608 ], [ 4691091.738107544369996, 2174750.931637554895133 ], [ 4691092.730156764388084, 2174750.904283757787198 ], [ 4691093.474402887746692, 2174750.891618422232568 ], [ 4691094.471529685892165, 2174750.88569758599624 ], [ 4691095.464115177281201, 2174750.892763537820429 ], [ 4691096.207133483141661, 2174750.906022075098008 ], [ 4691096.952096150256693, 2174750.926362099125981 ], [ 4691097.689564219675958, 2174750.953443101141602 ], [ 4691098.680237439461052, 2174751.001209864858538 ], [ 4691099.656192464753985, 2174751.061341335996985 ], [ 4691100.632602353580296, 2174751.133923885878175 ], [ 4691101.609181869775057, 2174751.218936461955309 ], [ 4691102.585930161178112, 2174751.316372754983604 ], [ 4691103.562547981739044, 2174751.426188797224313 ], [ 4691104.539691535755992, 2174751.549241185188293 ], [ 4691105.516291997395456, 2174751.683880608063191 ], [ 4691106.739575913175941, 2174751.871588546782732 ], [ 4691107.718160337768495, 2174752.035264876205474 ], [ 4691108.451018779538572, 2174752.166157565079629 ], [ 4691109.431160087697208, 2174752.352613747119904 ], [ 4691110.40463699400425, 2174752.55084266513586 ], [ 4691111.132056980393827, 2174752.706806580070406 ], [ 4691111.851438670419157, 2174752.867781457025558 ], [ 4691112.816849090158939, 2174753.094620314892381 ], [ 4691113.780788937583566, 2174753.333137659821659 ], [ 4691114.72811530623585, 2174753.579917648807168 ], [ 4691115.673704707063735, 2174753.837783469818532 ], [ 4691116.617302540689707, 2174754.106451501138508 ], [ 4691117.558935524895787, 2174754.38567276019603 ], [ 4691118.4986526761204, 2174754.675159110222012 ], [ 4691119.436527922749519, 2174754.974576611071825 ], [ 4691120.372662759386003, 2174755.283537553157657 ], [ 4691121.306959467940032, 2174755.601513714063913 ], [ 4691122.239331788383424, 2174755.928524603135884 ], [ 4691123.412253026850522, 2174756.351709417067468 ], [ 4691128.41613669320941, 2174758.013361128978431 ], [ 4691128.41613669320941, 2174758.013361128978431 ], [ 4691128.686719219200313, 2174758.125741727184504 ], [ 4691128.686719219200313, 2174758.125741727184504 ], [ 4691130.916419359855354, 2174759.063231260050088 ], [ 4691130.916419359855354, 2174759.063231260050088 ], [ 4691132.25348958466202, 2174759.634083766955882 ], [ 4691132.25348958466202, 2174759.634083766955882 ], [ 4691134.942163204774261, 2174760.790745516773313 ], [ 4691200.497798039577901, 2174789.063884187024087 ], [ 4691200.497798039577901, 2174789.063884187024087 ], [ 4691203.137126658111811, 2174790.199273814912885 ], [ 4691203.137126658111811, 2174790.199273814912885 ], [ 4691204.467359004542232, 2174790.767118434887379 ], [ 4691204.467359004542232, 2174790.767118434887379 ], [ 4691206.689676326699555, 2174791.70115330722183 ], [ 4691206.689676326699555, 2174791.70115330722183 ], [ 4691208.982830260880291, 2174792.685378823895007 ], [ 4691218.548245968297124, 2174796.395217157900333 ], [ 4691219.547540498897433, 2174796.695761268958449 ], [ 4691220.534899353981018, 2174796.979051490779966 ], [ 4691221.525750842876732, 2174797.249726568814367 ], [ 4691222.519928847439587, 2174797.507737554144114 ], [ 4691223.517265953123569, 2174797.753036262001842 ], [ 4691224.517592737451196, 2174797.985575537197292 ], [ 4691225.520737785845995, 2174798.205309422221035 ], [ 4691226.52652794495225, 2174798.412193019874394 ], [ 4691227.534787328913808, 2174798.606181211769581 ], [ 4691228.545337457209826, 2174798.787230414804071 ], [ 4691229.5579968765378, 2174798.955296197906137 ], [ 4691230.572580535896122, 2174799.110334853176028 ], [ 4691231.588899567723274, 2174799.252301584929228 ], [ 4691232.606760332360864, 2174799.381151135079563 ], [ 4691233.625964056700468, 2174799.496836894191802 ], [ 4691234.646306079812348, 2174799.599310582969338 ], [ 4691235.667574672028422, 2174799.688521087169647 ], [ 4691236.689550103619695, 2174799.764414513949305 ], [ 4691237.721145827323198, 2174799.827491708099842 ], [ 4691237.721145827323198, 2174799.827491708099842 ], [ 4691240.869547491893172, 2174799.921587537042797 ], [ 4691244.017691141925752, 2174799.819222406018525 ], [ 4691251.85276788007468, 2174799.319484537933022 ], [ 4691251.85276788007468, 2174799.319484537933022 ], [ 4691253.792630337178707, 2174799.173993051052094 ], [ 4691253.792630337178707, 2174799.173993051052094 ], [ 4691256.199210187420249, 2174798.973202240187675 ], [ 4691256.199210187420249, 2174798.973202240187675 ], [ 4691257.639870937913656, 2174798.844896902795881 ], [ 4691257.639870937913656, 2174798.844896902795881 ], [ 4691260.501001159660518, 2174798.582030206918716 ], [ 4691272.753291895613074, 2174797.4448485779576 ], [ 4691277.152764493599534, 2174797.364784627221525 ], [ 4691278.641371092759073, 2174797.295840272214264 ], [ 4691280.120492071844637, 2174797.239426201209426 ], [ 4691281.352111343294382, 2174797.203889825847 ], [ 4691282.335744745098054, 2174797.184531750157475 ], [ 4691283.567540109157562, 2174797.174489167053252 ], [ 4691284.551433779299259, 2174797.178666383959353 ], [ 4691285.535545183345675, 2174797.197085544932634 ], [ 4691286.522111924365163, 2174797.232438649050891 ], [ 4691287.262105388566852, 2174797.270372977014631 ], [ 4691287.754471519030631, 2174797.302554687019438 ], [ 4691288.239344974979758, 2174797.339808722026646 ], [ 4691288.975335763767362, 2174797.407765806186944 ], [ 4691289.711459865793586, 2174797.488574856892228 ], [ 4691290.432719816453755, 2174797.581405377946794 ], [ 4691291.156008682213724, 2174797.688227834179997 ], [ 4691291.879915403202176, 2174797.806078590918332 ], [ 4691292.603803219273686, 2174797.937337360810488 ], [ 4691293.329052864573896, 2174798.080839680042118 ], [ 4691294.05445053614676, 2174798.236213328782469 ], [ 4691294.772879204712808, 2174798.402808432001621 ], [ 4691300.124383856542408, 2174799.72772812191397 ], [ 4691318.279257267713547, 2174806.865373395849019 ], [ 4691326.33293545525521, 2174810.485976074822247 ], [ 4691328.643630407750607, 2174811.537048426922411 ], [ 4691330.73424662463367, 2174812.5007941769436 ], [ 4691332.608056733384728, 2174813.376950582955033 ], [ 4691334.047016040422022, 2174814.052498145960271 ], [ 4691334.553347917273641, 2174814.260527200065553 ], [ 4691335.050297922454774, 2174814.455667757894844 ], [ 4691335.550116313621402, 2174814.642955014947802 ], [ 4691336.052671219222248, 2174814.822338899131864 ], [ 4691336.557828765362501, 2174814.993770857807249 ], [ 4691337.06545374263078, 2174815.157204456161708 ], [ 4691337.575409278273582, 2174815.312594464980066 ], [ 4691338.087556786835194, 2174815.459897752851248 ], [ 4691338.601756047457457, 2174815.599072420038283 ], [ 4691339.117864711210132, 2174815.730078455992043 ], [ 4691339.635739129036665, 2174815.852877619210631 ], [ 4691340.155233430676162, 2174815.96743276482448 ], [ 4691340.676199501380324, 2174816.073708726093173 ], [ 4691341.198487640358508, 2174816.171671924181283 ], [ 4691341.721945712342858, 2174816.261290010996163 ], [ 4691342.246419568546116, 2174816.342532487120479 ], [ 4691342.771752500906587, 2174816.415369722060859 ], [ 4691343.297785666771233, 2174816.479774105828255 ], [ 4691343.824357445351779, 2174816.535718402825296 ], [ 4691344.351303472183645, 2174816.583177417051047 ], [ 4691344.878457315266132, 2174816.622126428876072 ], [ 4691345.405648721382022, 2174816.652541423216462 ], [ 4691345.932704897597432, 2174816.674399727955461 ], [ 4691346.459450264461339, 2174816.687678557820618 ], [ 4691346.985705284401774, 2174816.69235536782071 ], [ 4691347.511287185363472, 2174816.688407823909074 ], [ 4691348.036010143347085, 2174816.675813042093068 ], [ 4691348.559684157371521, 2174816.654546868987381 ], [ 4691349.082115490920842, 2174816.624584246892482 ], [ 4691349.603106769733131, 2174816.58589778188616 ], [ 4691350.122456562705338, 2174816.538457429967821 ], [ 4691350.639959109947085, 2174816.48222942603752 ], [ 4691351.155404903925955, 2174816.417175810784101 ], [ 4691351.6685705576092, 2174816.343253889121115 ], [ 4691352.181191072799265, 2174816.260109389200807 ], [ 4691352.689309041947126, 2174816.16569452220574 ], [ 4691355.069147544912994, 2174815.684045806992799 ], [ 4691357.023965115658939, 2174815.347652431111783 ], [ 4691358.036067265085876, 2174815.152997807133943 ], [ 4691359.040700373239815, 2174814.94700942793861 ], [ 4691360.286336180754006, 2174814.678697677794844 ], [ 4691362.991406257264316, 2174814.083778318949044 ], [ 4691365.746999663300812, 2174813.537202494218946 ], [ 4691368.199030537158251, 2174813.061799258925021 ], [ 4691370.159715723246336, 2174812.691973948851228 ], [ 4691371.882488057948649, 2174812.377608057111502 ], [ 4691373.351038647815585, 2174812.119591291062534 ], [ 4691374.82258956041187, 2174811.87320492696017 ], [ 4691375.795761762186885, 2174811.718070087023079 ], [ 4691377.02199986577034, 2174811.533561343792826 ], [ 4691378.005784008651972, 2174811.395736867096275 ], [ 4691378.976229010149837, 2174811.27101606503129 ], [ 4691379.948612629435956, 2174811.158481297083199 ], [ 4691380.677529813721776, 2174811.083458483219147 ], [ 4691381.407415653578937, 2174811.01738922810182 ], [ 4691382.139548344537616, 2174810.962546322029084 ], [ 4691382.872803661040962, 2174810.917754698079079 ], [ 4691383.60666667111218, 2174810.887132381089032 ], [ 4691384.34617780521512, 2174810.87256015278399 ], [ 4691384.828527045436203, 2174810.871214537881315 ], [ 4691385.562121251598001, 2174810.88496627798304 ], [ 4691386.03991415631026, 2174810.908245258033276 ], [ 4691386.521316685713828, 2174810.938787867780775 ], [ 4691387.003286294639111, 2174810.981234508100897 ], [ 4691387.489364728331566, 2174811.033466664142907 ], [ 4691387.967362847179174, 2174811.093925071880221 ], [ 4691388.438737478107214, 2174811.164903406985104 ], [ 4691388.912875427864492, 2174811.245340371038765 ], [ 4691389.386053155176342, 2174811.334549312945455 ], [ 4691389.860096235759556, 2174811.43503729114309 ], [ 4691390.33669323194772, 2174811.544982912950218 ], [ 4691390.803914465010166, 2174811.661326097790152 ], [ 4691391.514201695099473, 2174811.855535951908678 ], [ 4691391.972082249820232, 2174811.992447058204561 ], [ 4691392.433694710023701, 2174812.140736969187856 ], [ 4691392.89529168792069, 2174812.295120301190764 ], [ 4691393.354993253946304, 2174812.458686015103012 ], [ 4691393.815910122357309, 2174812.630431516095996 ], [ 4691397.866036242805421, 2174814.205213308800012 ], [ 4691470.224021600559354, 2174852.518770162016153 ], [ 4691475.671436251141131, 2174855.764441006816924 ], [ 4691477.196168558672071, 2174856.613187258131802 ], [ 4691478.706954715773463, 2174857.466929610818624 ], [ 4691479.995295812375844, 2174858.208153464831412 ], [ 4691481.06363395601511, 2174858.834428056143224 ], [ 4691482.127609794028103, 2174859.469117409083992 ], [ 4691483.399631670676172, 2174860.243832154199481 ], [ 4691484.455024288967252, 2174860.898689195979387 ], [ 4691485.506932763382792, 2174861.56248189182952 ], [ 4691486.562734291888773, 2174862.240137491840869 ], [ 4691491.165057954378426, 2174865.017040533944964 ], [ 4691491.165057954378426, 2174865.017040533944964 ], [ 4691493.838773038238287, 2174866.961461888160557 ], [ 4691545.349947278387845, 2174905.31824024906382 ], [ 4691545.349947278387845, 2174905.31824024906382 ], [ 4691547.496790809556842, 2174906.913139927200973 ], [ 4691547.496790809556842, 2174906.913139927200973 ], [ 4691548.582253121770918, 2174907.713933470193297 ], [ 4691548.582253121770918, 2174907.713933470193297 ], [ 4691549.414364334195852, 2174908.322367575019598 ], [ 4691553.774361507035792, 2174911.784082271158695 ], [ 4691554.411620914004743, 2174912.242886073887348 ], [ 4691555.047258955426514, 2174912.688898921012878 ], [ 4691555.688265534117818, 2174913.127154603134841 ], [ 4691556.334545768797398, 2174913.557588149793446 ], [ 4691556.986004057340324, 2174913.980135357938707 ], [ 4691557.642543813213706, 2174914.39473342616111 ], [ 4691558.304067712277174, 2174914.8013204052113 ], [ 4691558.970477645285428, 2174915.199835956096649 ], [ 4691559.641674810089171, 2174915.590220189187676 ], [ 4691560.317559478804469, 2174915.972415025811642 ], [ 4691560.998031278140843, 2174916.346362644806504 ], [ 4691561.682988811284304, 2174916.712007307913154 ], [ 4691562.372330264188349, 2174917.069293484091759 ], [ 4691563.065952581353486, 2174917.41816742811352 ], [ 4691563.763752396218479, 2174917.758576199878007 ], [ 4691564.465625268407166, 2174918.090467915870249 ], [ 4691565.171466106548905, 2174918.413791929837316 ], [ 4691565.881168865598738, 2174918.728498318232596 ], [ 4691566.594626705162227, 2174919.034538805950433 ], [ 4691567.311732184141874, 2174919.331865657120943 ], [ 4691568.032376760616899, 2174919.620432356838137 ], [ 4691568.756451096385717, 2174919.900193293113261 ], [ 4691569.483844824135303, 2174920.171103932894766 ], [ 4691570.214446874335408, 2174920.433120859786868 ], [ 4691570.948145139031112, 2174920.686201166827232 ], [ 4691571.684826225042343, 2174920.930303047876805 ], [ 4691572.424375847913325, 2174921.165385669097304 ], [ 4691573.166678665205836, 2174921.39140888210386 ], [ 4691573.911617813631892, 2174921.608333092182875 ], [ 4691574.659075335599482, 2174921.816119941882789 ], [ 4691575.408931814134121, 2174922.014731000177562 ], [ 4691576.161066194996238, 2174922.204129070974886 ], [ 4691576.915355994366109, 2174922.384276881814003 ], [ 4691577.671676509082317, 2174922.555137759074569 ], [ 4691578.429901283234358, 2174922.716675541829318 ], [ 4691579.189902019686997, 2174922.868854170199484 ], [ 4691579.95154760312289, 2174923.011637060903013 ], [ 4691580.714704251848161, 2174923.144988297019154 ], [ 4691581.479235889390111, 2174923.268871425185353 ], [ 4691582.245002810843289, 2174923.383249098900706 ], [ 4691583.011861735954881, 2174923.488083823118359 ], [ 4691583.779665984213352, 2174923.583337103016675 ], [ 4691584.548264436423779, 2174923.668968867976218 ], [ 4691585.317501215264201, 2174923.744937710929662 ], [ 4691586.087215393781662, 2174923.811200153082609 ], [ 4691586.857240548357368, 2174923.867710356134921 ], [ 4691587.627403701655567, 2174923.914419034030288 ], [ 4691588.397525196895003, 2174923.951273919083178 ], [ 4691589.167418265715241, 2174923.978217768948525 ], [ 4691589.936887704767287, 2174923.995187859982252 ], [ 4691590.705729398876429, 2174924.002114980947226 ], [ 4691591.475207382813096, 2174923.998916082084179 ], [ 4691591.675436104647815, 2174923.994234122801572 ], [ 4691603.190215763635933, 2174923.242291749920696 ], [ 4691603.190215763635933, 2174923.242291749920696 ], [ 4691605.858932501636446, 2174923.059083213098347 ], [ 4691694.609147945418954, 2174916.867238982114941 ], [ 4691702.302576198242605, 2174916.7760019460693 ], [ 4691704.604896432720125, 2174916.760374207980931 ], [ 4691706.672994170337915, 2174916.75757791986689 ], [ 4691707.474169721826911, 2174916.759423397947103 ], [ 4691708.02078344207257, 2174916.734929564874619 ], [ 4691708.813956893049181, 2174916.681284624151886 ], [ 4691709.604708065278828, 2174916.611593857873231 ], [ 4691710.393637403845787, 2174916.525820030830801 ], [ 4691711.180388354696333, 2174916.423996923025697 ], [ 4691711.964601339772344, 2174916.306165622081608 ], [ 4691712.745913586579263, 2174916.172373977024108 ], [ 4691713.523958403617144, 2174916.02267688093707 ], [ 4691714.298365291208029, 2174915.857136514037848 ], [ 4691715.068759043700993, 2174915.675821823067963 ], [ 4691715.834759349003434, 2174915.478809174150229 ], [ 4691716.595980528742075, 2174915.266181931830943 ], [ 4691717.352030067704618, 2174915.038030251860619 ], [ 4691718.102508501149714, 2174914.794451790861785 ], [ 4691718.84700861480087, 2174914.535550657194108 ], [ 4691719.585113751702011, 2174914.261437338776886 ], [ 4691720.316397219896317, 2174913.97222872916609 ], [ 4691721.040421017445624, 2174913.668046989943832 ], [ 4691721.756734061054885, 2174913.349018834996969 ], [ 4691722.464870846830308, 2174913.015274494886398 ], [ 4691723.163039373233914, 2174912.667598225176334 ], [ 4691723.625583882443607, 2174912.426674296148121 ], [ 4691724.082621072418988, 2174912.180034015793353 ], [ 4691724.53527723159641, 2174911.927046181168407 ], [ 4691724.983372924849391, 2174911.667755924165249 ], [ 4691725.425535171292722, 2174911.402948854025453 ], [ 4691725.657068824395537, 2174911.260596823878586 ], [ 4691726.08815346006304, 2174910.972466716077179 ], [ 4691728.516052444465458, 2174909.320653365924954 ], [ 4691729.109380883164704, 2174908.94340967386961 ], [ 4691729.757167072966695, 2174908.525466421153396 ], [ 4691730.613030585460365, 2174907.958107301965356 ], [ 4691731.460480559617281, 2174907.381245778873563 ], [ 4691732.507244983687997, 2174906.652038233820349 ], [ 4691733.954435272142291, 2174905.625640913844109 ], [ 4691734.539044697768986, 2174905.209982010070235 ], [ 4691744.939891188405454, 2174898.235264933202416 ], [ 4691763.453632567077875, 2174886.456485791131854 ], [ 4691775.799221417866647, 2174879.095096599776298 ], [ 4691777.078943074680865, 2174878.345810823142529 ], [ 4691778.364629030227661, 2174877.607272855006158 ], [ 4691779.440928335301578, 2174877.002018117811531 ], [ 4691780.522669470869005, 2174876.405869419220835 ], [ 4691781.611280020326376, 2174875.820244924165308 ], [ 4691782.485762415453792, 2174875.35989775788039 ], [ 4691783.586961117573082, 2174874.794907401781529 ], [ 4691784.697285461239517, 2174874.242615958210081 ], [ 4691785.590638482011855, 2174873.810386572964489 ], [ 4691786.718524522148073, 2174873.281690295785666 ], [ 4691787.627366067841649, 2174872.869650704786181 ], [ 4691788.537341720424592, 2174872.470439140219241 ], [ 4691789.213682390749454, 2174872.181702436879277 ], [ 4691790.127859788015485, 2174871.803005096036941 ], [ 4691791.048102738335729, 2174871.434892632998526 ], [ 4691791.974065726622939, 2174871.077914812136441 ], [ 4691792.892045850865543, 2174870.737878357060254 ], [ 4691793.815546151250601, 2174870.408934665843844 ], [ 4691794.74401490483433, 2174870.091278291773051 ], [ 4691795.678435534238815, 2174869.785442909225821 ], [ 4691796.617891036905348, 2174869.490053756162524 ], [ 4691797.56277581024915, 2174869.2065749168396 ], [ 4691798.513465108349919, 2174868.9341184431687 ], [ 4691799.470274659805, 2174868.672564717940986 ], [ 4691800.18991076759994, 2174868.484267017804086 ], [ 4691801.157261138781905, 2174868.242627256084234 ], [ 4691802.13015163037926, 2174868.011979173868895 ], [ 4691803.093177746981382, 2174867.7964505138807 ], [ 4691804.060980010777712, 2174867.591773158870637 ], [ 4691805.03307313285768, 2174867.397908806800842 ], [ 4691806.002368764951825, 2174867.216789591126144 ], [ 4691806.732380475848913, 2174867.086963734123856 ], [ 4691807.699728364124894, 2174866.925405169837177 ], [ 4691808.669492268934846, 2174866.774041849188507 ], [ 4691809.641742040403187, 2174866.632527916226536 ], [ 4691810.616372061893344, 2174866.500488631892949 ], [ 4691811.592845357954502, 2174866.377536266110837 ], [ 4691812.817243064753711, 2174866.235693072900176 ], [ 4691814.044394788332283, 2174866.106661581899971 ], [ 4691823.746224704198539, 2174865.174550305120647 ], [ 4691823.746224704198539, 2174865.174550305120647 ], [ 4691826.234473457559943, 2174865.058534083887935 ], [ 4691826.444232046604156, 2174865.048917940817773 ], [ 4691826.444232046604156, 2174865.048917940817773 ], [ 4691830.248782974667847, 2174864.877175092231482 ], [ 4691830.248782974667847, 2174864.877175092231482 ], [ 4691831.093895862810314, 2174864.840148500166833 ], [ 4691844.277985187247396, 2174864.797133742831647 ], [ 4691845.759801538661122, 2174864.803121940232813 ], [ 4691847.240790047682822, 2174864.819921417161822 ], [ 4691848.720735805109143, 2174864.84837921988219 ], [ 4691850.199930717237294, 2174864.889194793999195 ], [ 4691851.431209608912468, 2174864.933118950109929 ], [ 4691852.66195376496762, 2174864.986491645220667 ], [ 4691853.891870301216841, 2174865.049730349797755 ], [ 4691855.12095619738102, 2174865.123147807084024 ], [ 4691856.349177018739283, 2174865.207027993164957 ], [ 4691857.576489257626235, 2174865.301623912993819 ], [ 4691858.802861583419144, 2174865.407183013856411 ], [ 4691860.02830602042377, 2174865.523893373087049 ], [ 4691861.252809933386743, 2174865.651790882926434 ], [ 4691862.47632906679064, 2174865.790881176013499 ], [ 4691863.698816584423184, 2174865.941122161224484 ], [ 4691864.92021896596998, 2174866.102454372216016 ], [ 4691866.140488121658564, 2174866.274806707166135 ], [ 4691867.359584542922676, 2174866.458094398956746 ], [ 4691868.577478509396315, 2174866.652216183021665 ], [ 4691869.794003314338624, 2174866.857025935780257 ], [ 4691871.009364480152726, 2174867.072883869055659 ], [ 4691872.22369924839586, 2174867.298780370969325 ], [ 4691873.436273544095457, 2174867.53476483002305 ], [ 4691883.577448817901313, 2174869.60525039723143 ], [ 4691883.577448817901313, 2174869.60525039723143 ], [ 4691884.358982318080962, 2174869.812747274059802 ], [ 4691884.358982318080962, 2174869.812747274059802 ], [ 4691887.269089471548796, 2174870.606073546223342 ], [ 4691887.269089471548796, 2174870.606073546223342 ], [ 4691889.692475474439561, 2174871.288665179163218 ], [ 4691889.692475474439561, 2174871.288665179163218 ], [ 4691892.72687214333564, 2174872.164058623835444 ], [ 4691892.72687214333564, 2174872.164058623835444 ], [ 4691894.547171314246953, 2174872.697500206995755 ], [ 4691894.547171314246953, 2174872.697500206995755 ], [ 4691898.199635741300881, 2174873.776206453796476 ], [ 4691911.684689212590456, 2174877.769115026108921 ], [ 4691925.907312491908669, 2174882.285845193080604 ], [ 4691926.658922873437405, 2174882.507123256102204 ], [ 4691927.410741372033954, 2174882.717123573180288 ], [ 4691928.16540324036032, 2174882.916624030098319 ], [ 4691928.922760913148522, 2174883.105584873817861 ], [ 4691929.682665958069265, 2174883.283968627918512 ], [ 4691930.444969388656318, 2174883.451739620883018 ], [ 4691931.20952142868191, 2174883.608864225912839 ], [ 4691931.976171736605465, 2174883.755310841836035 ], [ 4691932.744769300334156, 2174883.89104970684275 ], [ 4691933.515162341296673, 2174884.01605304190889 ], [ 4691934.2871985277161, 2174884.130295089911669 ], [ 4691935.060724692419171, 2174884.233751792926341 ], [ 4691935.835586879402399, 2174884.326401339843869 ], [ 4691936.611630693078041, 2174884.408223812002689 ], [ 4691937.388700798153877, 2174884.479200909845531 ], [ 4691938.166640885174274, 2174884.539316449780017 ], [ 4691938.945294006727636, 2174884.588556228205562 ], [ 4691939.724502184428275, 2174884.626907736994326 ], [ 4691940.504106666892767, 2174884.654360611923039 ], [ 4691941.283947452902794, 2174884.67090583499521 ], [ 4691942.063863300718367, 2174884.676536730024964 ], [ 4691942.843692266382277, 2174884.671248295810074 ], [ 4691943.623270413838327, 2174884.65503677399829 ], [ 4691944.402432484552264, 2174884.627901032101363 ], [ 4691945.181011910550296, 2174884.589841148816049 ], [ 4691945.958840037696064, 2174884.540858930908144 ], [ 4691946.735746171325445, 2174884.48095783777535 ], [ 4691947.511557433754206, 2174884.410143048036844 ], [ 4691948.286098471842706, 2174884.32842120109126 ], [ 4691949.059191113337874, 2174884.235800475813448 ], [ 4691949.830654149875045, 2174884.132290471810848 ], [ 4691950.600302626378834, 2174884.017902058083564 ], [ 4691951.367948262952268, 2174883.892647760920227 ], [ 4691952.133397850207984, 2174883.756540431175381 ], [ 4691952.896453749388456, 2174883.609594896901399 ], [ 4691953.656912879087031, 2174883.45182584412396 ], [ 4691954.414565730839968, 2174883.28324905410409 ], [ 4691955.169196642935276, 2174883.103880657814443 ], [ 4691955.920582071878016, 2174882.913736244197935 ], [ 4691956.668490260839462, 2174882.712831368204206 ], [ 4691957.412680412642658, 2174882.501180034130812 ], [ 4691958.152900855056942, 2174882.278794317971915 ], [ 4691958.888889121823013, 2174882.045683966949582 ], [ 4691959.620369737036526, 2174881.801853977143764 ], [ 4691960.347053788602352, 2174881.547304419800639 ], [ 4691961.068636678159237, 2174881.282026995904744 ], [ 4691961.784797426313162, 2174881.006004148162901 ], [ 4691962.495197024196386, 2174880.719204462133348 ], [ 4691963.196926929056644, 2174880.422657079063356 ], [ 4691974.915306740440428, 2174875.338072744198143 ], [ 4691983.270375437103212, 2174871.83401498477906 ], [ 4691994.116916350089014, 2174867.641157328151166 ], [ 4691995.990512505173683, 2174866.929707848932594 ], [ 4691997.398205016739666, 2174866.405325050000101 ], [ 4691998.803398225456476, 2174865.893524079117924 ], [ 4691999.967561315745115, 2174865.480876578949392 ], [ 4692001.137098660692573, 2174865.081163392867893 ], [ 4692002.078992059454322, 2174864.771917967125773 ], [ 4692003.010611071251333, 2174864.479513839818537 ], [ 4692003.962769313715398, 2174864.193748928140849 ], [ 4692004.668285940773785, 2174863.993537340778857 ], [ 4692005.377972143702209, 2174863.8001694730483 ], [ 4692006.089851433411241, 2174863.615593074820936 ], [ 4692006.805677931755781, 2174863.441006382927299 ], [ 4692007.525937990285456, 2174863.275748533196747 ], [ 4692008.250418368726969, 2174863.120345829986036 ], [ 4692008.978726211003959, 2174862.975309541914612 ], [ 4692009.703897249884903, 2174862.843675327952951 ], [ 4692010.433382495306432, 2174862.723127510864288 ], [ 4692011.151575738564134, 2174862.617651314008981 ], [ 4692011.873666094616055, 2174862.523847396019846 ], [ 4692012.599126598797739, 2174862.442037717904896 ], [ 4692013.328052411787212, 2174862.372434182092547 ], [ 4692013.815269284881651, 2174862.334406537935138 ], [ 4692014.304112601093948, 2174862.300520742777735 ], [ 4692015.041849506087601, 2174862.261518544983119 ], [ 4692015.775450152345002, 2174862.236780957784504 ], [ 4692016.512974633835256, 2174862.224676269106567 ], [ 4692017.252632274292409, 2174862.22538016596809 ], [ 4692017.979446050710976, 2174862.239821570925415 ], [ 4692018.709919816814363, 2174862.266835160087794 ], [ 4692019.193170755170286, 2174862.291558804921806 ], [ 4692020.172850295901299, 2174862.359810878057033 ], [ 4692020.905854143202305, 2174862.425710245035589 ], [ 4692021.643796131014824, 2174862.505879697855562 ], [ 4692022.135657721199095, 2174862.565738973207772 ], [ 4692022.619580776430666, 2174862.629971043206751 ], [ 4692023.352334407158196, 2174862.738237184006721 ], [ 4692024.069612200371921, 2174862.857369530014694 ], [ 4692024.787481737323105, 2174862.98848273511976 ], [ 4692025.504610378295183, 2174863.131221277173609 ], [ 4692026.222294618375599, 2174863.287030279170722 ], [ 4692026.938702640123665, 2174863.452846447937191 ], [ 4692027.896916180849075, 2174863.694930834230036 ], [ 4692028.613608466461301, 2174863.88843345688656 ], [ 4692029.322428930550814, 2174864.091783612966537 ], [ 4692030.264597369357944, 2174864.378796881996095 ], [ 4692031.204911938868463, 2174864.683373712934554 ], [ 4692031.896227575838566, 2174864.919139496050775 ], [ 4692032.586716482415795, 2174865.163634898141026 ], [ 4692033.506994123570621, 2174865.502632248215377 ], [ 4692034.424477064050734, 2174865.854357467032969 ], [ 4692035.339821446686983, 2174866.21768350712955 ], [ 4692042.447864941321313, 2174869.130650416947901 ], [ 4692068.819080117158592, 2174881.47699111700058 ], [ 4692068.819080117158592, 2174881.47699111700058 ], [ 4692070.732402073219419, 2174882.368684117216617 ], [ 4692076.474522978067398, 2174885.372928513213992 ], [ 4692077.17788309417665, 2174885.738795028068125 ], [ 4692077.658467869274318, 2174885.977739701978862 ], [ 4692078.141735668294132, 2174886.208715307991952 ], [ 4692078.628536094911397, 2174886.432146378792822 ], [ 4692079.118751045316458, 2174886.647978627122939 ], [ 4692079.612261919304729, 2174886.856160137802362 ], [ 4692080.10894931666553, 2174887.056640213821083 ], [ 4692080.608692738227546, 2174887.24937045481056 ], [ 4692081.11137140635401, 2174887.434304231777787 ], [ 4692081.616863394156098, 2174887.611396539956331 ], [ 4692082.125046241097152, 2174887.780604714993387 ], [ 4692082.635796853341162, 2174887.941887597087771 ], [ 4692083.14899146463722, 2174888.095206325873733 ], [ 4692083.664505938999355, 2174888.240523626096547 ], [ 4692084.182214980944991, 2174888.377804084215313 ], [ 4692084.70199316740036, 2174888.507014763075858 ], [ 4692085.223714569583535, 2174888.628124127164483 ], [ 4692085.747252615168691, 2174888.741102991160005 ], [ 4692086.272480371408165, 2174888.845923802815378 ], [ 4692086.799270348623395, 2174888.94256123714149 ], [ 4692087.327494743280113, 2174889.030991775915027 ], [ 4692087.857025354169309, 2174889.11119403783232 ], [ 4692088.387733493931592, 2174889.183148441836238 ], [ 4692088.9194903858006, 2174889.246837760787457 ], [ 4692089.452167007140815, 2174889.302246321924031 ], [ 4692089.985633490607142, 2174889.34936058986932 ], [ 4692090.519760340452194, 2174889.388169459998608 ], [ 4692091.054417730309069, 2174889.418663266114891 ], [ 4692091.5894755711779, 2174889.440834753215313 ], [ 4692092.124803533777595, 2174889.45467831287533 ], [ 4692092.660271191969514, 2174889.460190794896334 ], [ 4692093.195748048834503, 2174889.457370758987963 ], [ 4692093.731103677302599, 2174889.446219099219888 ], [ 4692094.266207443550229, 2174889.426738309208304 ], [ 4692094.800928515382111, 2174889.398933303076774 ], [ 4692095.335136351175606, 2174889.362810953054577 ], [ 4692095.868700491264462, 2174889.318380107171834 ], [ 4692096.401490289717913, 2174889.265651520807296 ], [ 4692096.933375080116093, 2174889.204638193827122 ], [ 4692097.464224475435913, 2174889.135355216916651 ], [ 4692097.993908475153148, 2174889.057819639798254 ], [ 4692098.522296695038676, 2174888.972050318028778 ], [ 4692099.0492591438815, 2174888.878068646881729 ], [ 4692099.574666131287813, 2174888.775897669140249 ], [ 4692100.09838813636452, 2174888.66556264879182 ], [ 4692100.620295459404588, 2174888.547090737149119 ], [ 4692101.140259115956724, 2174888.420511628035456 ], [ 4692101.658150472678244, 2174888.285856463015079 ], [ 4692102.173840655945241, 2174888.143158684950322 ], [ 4692102.687201387248933, 2174887.992453936021775 ], [ 4692103.198104579001665, 2174887.833779761102051 ], [ 4692103.706422654911876, 2174887.667175959795713 ], [ 4692104.212028292007744, 2174887.492684123106301 ], [ 4692104.714794275350869, 2174887.310348121915013 ], [ 4692105.214593953453004, 2174887.120213963091373 ], [ 4692105.711301007308066, 2174886.922329644206911 ], [ 4692106.204789514653385, 2174886.716745305806398 ], [ 4692106.694933833554387, 2174886.503513110801578 ], [ 4692107.181608498096466, 2174886.28268749313429 ], [ 4692107.664688703604043, 2174886.05432512704283 ], [ 4692108.144050043076277, 2174885.818484594114125 ], [ 4692108.619568270631135, 2174885.575226714834571 ], [ 4692109.091119512915611, 2174885.324614537879825 ], [ 4692109.558580117300153, 2174885.06671337177977 ], [ 4692110.021827165968716, 2174884.801590768154711 ], [ 4692110.480737780220807, 2174884.529316188767552 ], [ 4692110.93518899474293, 2174884.249961799010634 ], [ 4692111.385058717802167, 2174883.963602094911039 ], [ 4692111.830224951729178, 2174883.670313517097384 ], [ 4692112.270565777085721, 2174883.370175071060658 ], [ 4692112.705959424376488, 2174883.063268065918237 ], [ 4692113.136284007690847, 2174882.749676443170756 ], [ 4692113.561418231576681, 2174882.429486650042236 ], [ 4692113.981240707449615, 2174882.1027872110717 ], [ 4692114.395629590377212, 2174881.76966948620975 ], [ 4692114.804463312961161, 2174881.430227448232472 ], [ 4692115.207619800232351, 2174881.084557516966015 ], [ 4692115.604977030307055, 2174880.732758926227689 ], [ 4692115.996412200853229, 2174880.374933317769319 ], [ 4692116.381802055053413, 2174880.011185499839485 ], [ 4692116.761023027822375, 2174879.641622662078589 ], [ 4692117.133950328454375, 2174879.266354713123292 ], [ 4692117.500458343885839, 2174878.885494534857571 ], [ 4692117.860420037992299, 2174878.499157729092985 ], [ 4692118.213707375340164, 2174878.107462761923671 ], [ 4692118.560190545395017, 2174877.710530383046716 ], [ 4692118.899737391620874, 2174877.308484388981014 ], [ 4692119.232214043848217, 2174876.90145106986165 ], [ 4692119.5574836358428, 2174876.489558793138713 ], [ 4692119.875406090170145, 2174876.072938707191497 ], [ 4692120.185838299803436, 2174875.65172374388203 ], [ 4692120.488632877357304, 2174875.226048224139959 ], [ 4692120.783637586981058, 2174874.796048047021031 ], [ 4692121.070694990456104, 2174874.361859866883606 ], [ 4692121.349641429260373, 2174873.923620423767716 ], [ 4692121.620306107215583, 2174873.481466114055365 ], [ 4692121.882510622031987, 2174873.035531590227038 ], [ 4692122.136170725338161, 2174872.585764815099537 ], [ 4692122.614434977062047, 2174871.699095787946135 ], [ 4692126.164589780382812, 2174865.090315815992653 ], [ 4692126.164589780382812, 2174865.090315815992653 ], [ 4692127.652075195685029, 2174862.425953223835677 ], [ 4692151.453978865407407, 2174819.53332208795473 ], [ 4692157.810564326122403, 2174808.76076976582408 ], [ 4692158.701807985082269, 2174807.274033754132688 ], [ 4692159.475481604225934, 2174806.007135769817978 ], [ 4692160.128999586217105, 2174804.957787165883929 ], [ 4692160.792072183452547, 2174803.914669395890087 ], [ 4692161.467622901313007, 2174802.879810825921595 ], [ 4692162.160000740550458, 2174801.852771677076817 ], [ 4692162.582285621203482, 2174801.243913150858134 ], [ 4692163.155157214961946, 2174800.442647779826075 ], [ 4692163.747948936186731, 2174799.644476593006402 ], [ 4692164.19656721316278, 2174799.066213183104992 ], [ 4692164.500308409333229, 2174798.683951267041266 ], [ 4692164.963512510992587, 2174798.123666303232312 ], [ 4692165.276010880246758, 2174797.759110916871578 ], [ 4692165.763557680882514, 2174797.215662404894829 ], [ 4692166.096135186962783, 2174796.861699187196791 ], [ 4692166.430756526067853, 2174796.517775550950319 ], [ 4692166.954477751627564, 2174796.004171464126557 ], [ 4692167.303427277132869, 2174795.678614791017026 ], [ 4692167.66168787330389, 2174795.355941806919873 ], [ 4692168.02397043723613, 2174795.040932036004961 ], [ 4692168.590599020011723, 2174794.575320311821997 ], [ 4692168.975164067000151, 2174794.272266731131822 ], [ 4692169.360003507696092, 2174793.979625165928155 ], [ 4692169.74667457677424, 2174793.698780552949756 ], [ 4692170.141240585595369, 2174793.422617326956242 ], [ 4692170.54079960193485, 2174793.15320398285985 ], [ 4692170.948389993049204, 2174792.891110285185277 ], [ 4692171.36404840182513, 2174792.633992718998343 ], [ 4692171.777254234999418, 2174792.388145105913281 ], [ 4692172.417446229606867, 2174792.027082979213446 ], [ 4692172.839692727662623, 2174791.80244876910001 ], [ 4692173.267490228638053, 2174791.584275331813842 ], [ 4692173.924561735242605, 2174791.269324705936015 ], [ 4692174.597524845041335, 2174790.970250154845417 ], [ 4692175.041911069303751, 2174790.783243020996451 ], [ 4692175.486051239073277, 2174790.607537916861475 ], [ 4692175.936519097536802, 2174790.438225044868886 ], [ 4692176.391688499599695, 2174790.275966002140194 ], [ 4692176.847703763283789, 2174790.122079174034297 ], [ 4692177.550140605308115, 2174789.905977728776634 ], [ 4692178.011778632178903, 2174789.773806284181774 ], [ 4692178.723207401111722, 2174789.587329377885908 ], [ 4692179.188934241421521, 2174789.477027154061943 ], [ 4692179.659387847408652, 2174789.373864100780338 ], [ 4692180.135953028686345, 2174789.279703344218433 ], [ 4692180.613182874396443, 2174789.191558051854372 ], [ 4692181.332201147451997, 2174789.077918855007738 ], [ 4692182.05956166330725, 2174788.981130362953991 ], [ 4692182.534870675764978, 2174788.928941449150443 ], [ 4692183.015400025993586, 2174788.883958058897406 ], [ 4692183.496845819987357, 2174788.846571411006153 ], [ 4692183.982864212244749, 2174788.818420870229602 ], [ 4692184.468759195879102, 2174788.795975742861629 ], [ 4692185.207974784076214, 2174788.779824650846422 ], [ 4692185.691933007910848, 2174788.77769887400791 ], [ 4692186.169474922120571, 2174788.78456169180572 ], [ 4692186.911162155680358, 2174788.808690058998764 ], [ 4692187.6403291169554, 2174788.848180537112057 ], [ 4692188.12358673196286, 2174788.88275747699663 ], [ 4692188.856344602070749, 2174788.949348649941385 ], [ 4692189.583814770914614, 2174789.031294522807002 ], [ 4692190.314319918863475, 2174789.127443077042699 ], [ 4692191.046348041854799, 2174789.236993150785565 ], [ 4692191.763925389386714, 2174789.357990311924368 ], [ 4692192.476224524900317, 2174789.489396221004426 ], [ 4692197.882911644876003, 2174790.769492456223816 ], [ 4692200.943251358345151, 2174791.540387548040599 ], [ 4692205.079706874676049, 2174792.59329634020105 ], [ 4692208.251190114766359, 2174793.411704157944769 ], [ 4692210.945106500759721, 2174794.118733150884509 ], [ 4692213.16216457914561, 2174794.711878476198763 ], [ 4692215.910963113419712, 2174795.451705733779818 ], [ 4692216.683352937921882, 2174795.635460998862982 ], [ 4692217.454367906786501, 2174795.804338804911822 ], [ 4692218.22819656599313, 2174795.959338300861418 ], [ 4692219.004579342901707, 2174796.100404981989413 ], [ 4692219.78325452003628, 2174796.227488388773054 ], [ 4692220.563957471400499, 2174796.340541571844369 ], [ 4692221.346421113237739, 2174796.439522448927164 ], [ 4692222.130375800654292, 2174796.524392323102802 ], [ 4692222.915548844262958, 2174796.595116859767586 ], [ 4692223.701664412394166, 2174796.651665371842682 ], [ 4692224.488443431444466, 2174796.694011482875794 ], [ 4692225.275603096932173, 2174796.722132264170796 ], [ 4692226.062856728211045, 2174796.736009118147194 ], [ 4692226.849913345649838, 2174796.735626825131476 ], [ 4692227.63647738378495, 2174796.720974275842309 ], [ 4692228.422248157672584, 2174796.692043541930616 ], [ 4692229.206919144839048, 2174796.64883040683344 ], [ 4692229.99017790146172, 2174796.591334035154432 ], [ 4692230.771705105900764, 2174796.519556445069611 ], [ 4692231.551173620857298, 2174796.433502558153123 ], [ 4692232.32824844121933, 2174796.333180063869804 ], [ 4692233.102585127577186, 2174796.218598076142371 ], [ 4692233.873829000629485, 2174796.089767612051219 ], [ 4692234.641614723950624, 2174795.946700179949403 ], [ 4692235.405564091168344, 2174795.789406436961144 ], [ 4692236.165285716764629, 2174795.617896000854671 ], [ 4692236.920373206026852, 2174795.432174468878657 ], [ 4692237.670404217205942, 2174795.232242408208549 ], [ 4692238.41491527017206, 2174795.01809811219573 ], [ 4692239.151456697843969, 2174794.790387178771198 ], [ 4692239.413228493183851, 2174794.705186714883894 ], [ 4692242.651040135882795, 2174793.492361871059984 ], [ 4692243.076294906437397, 2174793.346370844170451 ], [ 4692244.042780360206962, 2174793.011210892815143 ], [ 4692245.007140117697418, 2174792.662666515912861 ], [ 4692245.965518264099956, 2174792.304066168144345 ], [ 4692253.423972928896546, 2174789.42734027095139 ], [ 4692271.407447676174343, 2174783.389219916891307 ], [ 4692278.429340808652341, 2174781.415777738206089 ], [ 4692280.651974195614457, 2174780.803384019061923 ], [ 4692281.664502985775471, 2174780.524803956970572 ], [ 4692282.419819892384112, 2174780.280159895773977 ], [ 4692283.160038507543504, 2174780.028511102776974 ], [ 4692283.896523345261812, 2174779.766178275924176 ], [ 4692284.629117998294532, 2174779.493216549046338 ], [ 4692285.357667194679379, 2174779.209683291148394 ], [ 4692286.082015764899552, 2174778.915637662168592 ], [ 4692286.80200897809118, 2174778.611141622066498 ], [ 4692287.517493273131549, 2174778.296259342227131 ], [ 4692288.228315182030201, 2174777.971056797076017 ], [ 4692288.934321743436158, 2174777.635602706111968 ], [ 4692289.635360809974372, 2174777.289967941120267 ], [ 4692290.33128064032644, 2174776.934225488919765 ], [ 4692291.021929801441729, 2174776.568450673948973 ], [ 4692291.707157336175442, 2174776.192721243016422 ], [ 4692292.38681285828352, 2174775.807117228861898 ], [ 4692293.060746131464839, 2174775.411720885895193 ], [ 4692293.72880735527724, 2174775.006616938859224 ], [ 4692294.390846649184823, 2174774.591892344877124 ], [ 4692295.046714540570974, 2174774.167636708822101 ], [ 4692295.696261203847826, 2174773.733941838145256 ], [ 4692296.339337039738894, 2174773.290902423206717 ], [ 4692296.975792084820569, 2174772.838615329936147 ], [ 4692297.605475778691471, 2174772.377180289011449 ], [ 4692298.228237243369222, 2174771.906699787825346 ], [ 4692298.843924584798515, 2174771.427279027178884 ], [ 4692299.452385299839079, 2174770.939026223029941 ], [ 4692300.053465182892978, 2174770.442052247934043 ], [ 4692300.647008394822478, 2174769.936471621040255 ], [ 4692301.232857829891145, 2174769.422402014955878 ], [ 4692301.810853686183691, 2174768.899964114185423 ], [ 4692302.380833300761878, 2174768.369282607920468 ], [ 4692302.942631311714649, 2174767.830485918093473 ], [ 4692303.49607848841697, 2174767.283706042915583 ], [ 4692304.041001029312611, 2174766.729079255834222 ], [ 4692304.577220374718308, 2174766.166746171191335 ], [ 4692305.104552158154547, 2174765.596851534210145 ], [ 4692305.622804937884212, 2174765.019544706214219 ], [ 4692306.131779932416975, 2174764.434979686047882 ], [ 4692306.631269007921219, 2174763.843314702156931 ], [ 4692307.121053756214678, 2174763.244712616782635 ], [ 4692307.600903513841331, 2174762.639340452849865 ], [ 4692308.070574385114014, 2174762.027368943206966 ], [ 4692308.529805867932737, 2174761.408971462864429 ], [ 4692308.978319526650012, 2174760.784323516767472 ], [ 4692309.415814843960106, 2174760.153601025231183 ], [ 4692309.842137975618243, 2174759.516725142952055 ], [ 4692310.252936179749668, 2174758.878979499917477 ], [ 4692311.437043563462794, 2174757.022000063210726 ], [ 4692311.83469795435667, 2174756.424737317021936 ], [ 4692312.395582760684192, 2174755.57321759685874 ], [ 4692313.085003305226564, 2174754.5025255382061 ], [ 4692313.762980360537767, 2174753.428318833932281 ], [ 4692314.829367789439857, 2174751.71339617902413 ], [ 4692315.73479329328984, 2174750.263108211103827 ], [ 4692317.075724503956735, 2174748.178062494844198 ], [ 4692318.15636321157217, 2174746.515183588024229 ], [ 4692319.108383216895163, 2174745.067083390895277 ], [ 4692319.930545769631863, 2174743.83290179213509 ], [ 4692320.900936989113688, 2174742.401326200924814 ], [ 4692321.60207252483815, 2174741.386565799824893 ], [ 4692322.168811158277094, 2174740.580761821009219 ], [ 4692322.888617820106447, 2174739.579775597900152 ], [ 4692323.473604434169829, 2174738.786640101112425 ], [ 4692324.067740603350103, 2174738.000315983779728 ], [ 4692324.675906161777675, 2174737.222221948206425 ], [ 4692325.140298300422728, 2174736.644941452890635 ], [ 4692325.613546472974122, 2174736.073131404817104 ], [ 4692326.261882339604199, 2174735.316259209997952 ], [ 4692326.749640796333551, 2174734.767609966918826 ], [ 4692327.079345907084644, 2174734.403449216857553 ], [ 4692327.576181237585843, 2174733.869742987211794 ], [ 4692328.081259404309094, 2174733.342014161869884 ], [ 4692328.594591318629682, 2174732.820281886029989 ], [ 4692329.11619705427438, 2174732.304556170012802 ], [ 4692329.645639348775148, 2174731.795286837033927 ], [ 4692330.184379530139267, 2174731.292747224215418 ], [ 4692330.732024381868541, 2174730.795826820190996 ], [ 4692331.288219201378524, 2174730.304945499170572 ], [ 4692331.852605015039444, 2174729.820498295128345 ], [ 4692332.42013734485954, 2174729.348289879970253 ], [ 4692332.995919865556061, 2174728.882490845862776 ], [ 4692333.575867109932005, 2174728.427812399808317 ], [ 4692333.966094823554158, 2174728.127524011768401 ], [ 4692334.551531506702304, 2174727.689737465232611 ], [ 4692335.143618170171976, 2174727.259553319774568 ], [ 4692335.744225275702775, 2174726.837111232802272 ], [ 4692336.351291161030531, 2174726.421123083215207 ], [ 4692336.96597246080637, 2174726.013566480949521 ], [ 4692337.588532166555524, 2174725.612958655226976 ], [ 4692338.217554112896323, 2174725.220314767211676 ], [ 4692339.071136004291475, 2174724.707175985909998 ], [ 4692339.711007286794484, 2174724.336957228835672 ], [ 4692340.34596826788038, 2174723.982304743956774 ], [ 4692341.000889527611434, 2174723.626841670833528 ], [ 4692341.648206491954625, 2174723.288117570802569 ], [ 4692342.301366629078984, 2174722.95760439382866 ], [ 4692342.961640056222677, 2174722.636001225095242 ], [ 4692343.627212231047451, 2174722.321713219862431 ], [ 4692344.298891130834818, 2174722.016841369215399 ], [ 4692344.977157968096435, 2174721.719965999014676 ], [ 4692345.660471270792186, 2174721.431838584132493 ], [ 4692346.584384856745601, 2174721.06005686102435 ], [ 4692347.274578195996583, 2174720.795401860028505 ], [ 4692347.965037319809198, 2174720.542338551022112 ], [ 4692348.660220360383391, 2174720.296714371070266 ], [ 4692349.352330665104091, 2174720.063639807980508 ], [ 4692350.049338420853019, 2174719.839116742834449 ], [ 4692350.750657627359033, 2174719.623306912835687 ], [ 4692351.455003782175481, 2174719.416545216925442 ], [ 4692352.404100771993399, 2174719.154569893144071 ], [ 4692353.119348138570786, 2174718.968831374775618 ], [ 4692353.838880809023976, 2174718.791668471880257 ], [ 4692354.807206513360143, 2174718.568916142918169 ], [ 4692355.776369924657047, 2174718.363619144074619 ], [ 4692356.504717579111457, 2174718.219753296114504 ], [ 4692357.228661893866956, 2174718.085559878963977 ], [ 4692358.205359693616629, 2174717.918589838780463 ], [ 4692359.172439125366509, 2174717.768879084847867 ], [ 4692359.897863722406328, 2174717.665918459184468 ], [ 4692361.118193621747196, 2174717.510751641821116 ], [ 4692362.096432368271053, 2174717.400130414869636 ], [ 4692368.32843756955117, 2174716.775622044224292 ], [ 4692407.295364336110651, 2174714.888130463194102 ], [ 4692407.295364336110651, 2174714.888130463194102 ], [ 4692414.06508796941489, 2174714.399513033218682 ], [ 4692420.804134760051966, 2174713.5913339657709 ], [ 4692427.497428466565907, 2174712.46540127787739 ], [ 4692484.236523848958313, 2174701.535154844168574 ], [ 4692489.896474483422935, 2174700.826899090781808 ], [ 4692492.659696932882071, 2174700.492248899769038 ], [ 4692494.935709507204592, 2174700.22720512887463 ], [ 4692496.97609154228121, 2174699.99977896688506 ], [ 4692499.040265194140375, 2174699.780792573001236 ], [ 4692501.138605670072138, 2174699.569435228127986 ], [ 4692502.494580946862698, 2174699.437387907877564 ], [ 4692502.790837819688022, 2174699.392404594924301 ], [ 4692503.334646484814584, 2174699.294570241123438 ], [ 4692503.87386691570282, 2174699.185694403015077 ], [ 4692504.410650191828609, 2174699.06539564486593 ], [ 4692504.944753837771714, 2174698.933728312142193 ], [ 4692505.475937066599727, 2174698.790752193890512 ], [ 4692506.003959959372878, 2174698.636531642172486 ], [ 4692506.528583955951035, 2174698.47113672690466 ], [ 4692507.049572535790503, 2174698.294642232824117 ], [ 4692507.566690189763904, 2174698.107127851806581 ], [ 4692508.07970327232033, 2174697.908678723033518 ], [ 4692508.588380382396281, 2174697.699384632054716 ], [ 4692509.092491540126503, 2174697.47934019099921 ], [ 4692509.591808994300663, 2174697.248645210172981 ], [ 4692510.086106947623193, 2174697.007404144853354 ], [ 4692510.57516217418015, 2174696.755726527888328 ], [ 4692511.058753781020641, 2174696.493726206943393 ], [ 4692511.536662771366537, 2174696.221521996892989 ], [ 4692512.008673238568008, 2174695.93923755409196 ], [ 4692512.474571638740599, 2174695.647000766824931 ], [ 4692512.93414715770632, 2174695.344944466836751 ], [ 4692513.387192062102258, 2174695.033205685205758 ], [ 4692513.833500927314162, 2174694.711926029063761 ], [ 4692514.272872013039887, 2174694.381251719780266 ], [ 4692514.705106114037335, 2174694.041332920081913 ], [ 4692515.130007658153772, 2174693.692324521020055 ], [ 4692515.547384015284479, 2174693.334385165013373 ], [ 4692515.957045996561646, 2174692.967678089160472 ], [ 4692516.35880783200264, 2174692.592370416969061 ], [ 4692516.75248743314296, 2174692.208633381873369 ], [ 4692517.137906063348055, 2174691.816642106045038 ], [ 4692517.514888921752572, 2174691.416575741022825 ], [ 4692517.883264653384686, 2174691.008617197163403 ], [ 4692518.242866169661283, 2174690.59295326191932 ], [ 4692518.593529825098813, 2174690.169774285983294 ], [ 4692518.935096437111497, 2174689.739274497143924 ], [ 4692519.267410515807569, 2174689.301651394926012 ], [ 4692519.590320916846395, 2174688.857106348033994 ], [ 4692519.903680676594377, 2174688.405843925196677 ], [ 4692520.207347182556987, 2174687.948072133120149 ], [ 4692520.501182092353702, 2174687.484002184122801 ], [ 4692520.785051331855357, 2174687.013848763890564 ], [ 4692521.058825657702982, 2174686.537829685024917 ], [ 4692521.322380228899419, 2174686.056165657937527 ], [ 4692521.575594768859446, 2174685.569080650806427 ], [ 4692521.818353815935552, 2174685.076801516115665 ], [ 4692522.050546527840197, 2174684.579558007884771 ], [ 4692522.272066905163229, 2174684.077582897152752 ], [ 4692522.48281398229301, 2174683.57111159991473 ], [ 4692522.682691580615938, 2174683.060382208786905 ], [ 4692522.87160849198699, 2174682.545635697897524 ], [ 4692523.049478681758046, 2174682.027115690987557 ], [ 4692523.216221434064209, 2174681.505067997146398 ], [ 4692523.371760649606586, 2174680.979741185903549 ], [ 4692523.51602588314563, 2174680.451386552769691 ], [ 4692523.648951919749379, 2174679.920257494784892 ], [ 4692523.770478882826865, 2174679.386609858833253 ], [ 4692523.880552218295634, 2174678.850701944902539 ], [ 4692523.979122995398939, 2174678.312794289086014 ], [ 4692524.066147646866739, 2174677.773149577900767 ], [ 4692524.141588035970926, 2174677.232033228967339 ], [ 4692524.205412173643708, 2174676.689712380059063 ], [ 4692524.257592977024615, 2174676.146456618793309 ], [ 4692524.29810967668891, 2174675.602538101840764 ], [ 4692524.326947159133852, 2174675.058230474125594 ], [ 4692524.344095657579601, 2174674.513810039963573 ], [ 4692524.349551551043987, 2174673.969555602874607 ], [ 4692524.343317076563835, 2174673.425747855100781 ], [ 4692524.3254001326859, 2174672.882670001126826 ], [ 4692524.295814692042768, 2174672.340607338119298 ], [ 4692524.254580105654895, 2174671.79984775884077 ], [ 4692524.201721880584955, 2174671.260681936051697 ], [ 4692524.137271291576326, 2174670.723402456846088 ], [ 4692524.061264800839126, 2174670.188304958865047 ], [ 4692523.973744831979275, 2174669.655687876977026 ], [ 4692523.874758894555271, 2174669.12585241580382 ], [ 4692523.764359783381224, 2174668.599102856125683 ], [ 4692523.642605025321245, 2174668.075746711809188 ], [ 4692523.509556789882481, 2174667.556095066014677 ], [ 4692523.36528143286705, 2174667.040462553035468 ], [ 4692523.209848786704242, 2174666.529167347121984 ], [ 4692523.043331383727491, 2174666.022532374132425 ], [ 4692522.865804365836084, 2174665.520884781144559 ], [ 4692522.67734367121011, 2174665.024556597229093 ], [ 4692522.478025524877012, 2174664.533884848933667 ], [ 4692522.267924493178725, 2174664.049212630838156 ], [ 4692522.047112554311752, 2174663.570888507179916 ], [ 4692521.815662633627653, 2174663.099281426053494 ], [ 4692521.574731049127877, 2174662.636814922094345 ], [ 4692521.444056469015777, 2174662.396974970120937 ], [ 4692520.801077231764793, 2174661.310523238033056 ], [ 4692520.045765307731926, 2174660.037137304898351 ], [ 4692519.269729879684746, 2174658.58930042013526 ], [ 4692518.885848699137568, 2174657.90947999805212 ], [ 4692518.494380434975028, 2174657.238461423199624 ], [ 4692517.963260478340089, 2174656.355916765052825 ], [ 4692517.424822774715722, 2174655.484148563817143 ], [ 4692515.833866718225181, 2174652.933527695015073 ], [ 4692513.560200327076018, 2174649.080328131094575 ], [ 4692511.926828832365572, 2174646.291695051826537 ], [ 4692510.681224012747407, 2174644.145580144133419 ], [ 4692509.57156828045845, 2174642.211767029948533 ], [ 4692508.718692496418953, 2174640.705753318965435 ], [ 4692507.877049162983894, 2174639.196058853995055 ], [ 4692507.167178061790764, 2174637.898349529132247 ], [ 4692506.585764371789992, 2174636.813601493835449 ], [ 4692506.014881151728332, 2174635.723771697841585 ], [ 4692505.567770306020975, 2174634.848625200800598 ], [ 4692505.12992029171437, 2174633.968532911967486 ], [ 4692504.810041199438274, 2174633.305887441150844 ], [ 4692504.392404058016837, 2174632.415299995802343 ], [ 4692503.990515127778053, 2174631.518173501826823 ], [ 4692503.605204300023615, 2174630.608629491180182 ], [ 4692503.420773979276419, 2174630.152550654951483 ], [ 4692503.244347586296499, 2174629.700797289144248 ], [ 4692502.988354279659688, 2174629.009672271087766 ], [ 4692502.831513513810933, 2174628.557739275041968 ], [ 4692502.681011489592493, 2174628.100526027847081 ], [ 4692502.538734627887607, 2174627.641854605171829 ], [ 4692502.406262950971723, 2174627.176250866148621 ], [ 4692502.281211702153087, 2174626.710322446189821 ], [ 4692502.171485664322972, 2174626.240192247088999 ], [ 4692502.117925386875868, 2174626.004609426017851 ], [ 4692502.073294878937304, 2174625.783775502815843 ], [ 4692501.952412881888449, 2174625.072038249112666 ], [ 4692501.889906488358974, 2174624.598854160867631 ], [ 4692501.844518459402025, 2174624.135194691829383 ], [ 4692501.802280943840742, 2174623.417975278105587 ], [ 4692501.794912756420672, 2174622.954757764004171 ], [ 4692501.800301153212786, 2174622.481360990088433 ], [ 4692501.818552888929844, 2174622.006882247049361 ], [ 4692501.853092287667096, 2174621.530460506211966 ], [ 4692501.903130290098488, 2174621.060738539788872 ], [ 4692501.932064201682806, 2174620.83316103881225 ], [ 4692502.00551768578589, 2174620.359405043069273 ], [ 4692502.092150891199708, 2174619.885846591088921 ], [ 4692502.191408603452146, 2174619.430411957204342 ], [ 4692502.371467905119061, 2174618.734547913074493 ], [ 4692502.506644949316978, 2174618.291206180118024 ], [ 4692502.657027167268097, 2174617.84211176680401 ], [ 4692502.819932473823428, 2174617.39591900492087 ], [ 4692502.998863805085421, 2174616.952856338117272 ], [ 4692503.190397613681853, 2174616.520946410950273 ], [ 4692503.287653563544154, 2174616.313080185092986 ], [ 4692503.502574497833848, 2174615.884496231097728 ], [ 4692503.72990039922297, 2174615.460117407143116 ], [ 4692503.967257743701339, 2174615.050513756927103 ], [ 4692504.086565628647804, 2174614.853855881839991 ], [ 4692504.346795010380447, 2174614.449971105903387 ], [ 4692504.620411387644708, 2174614.049309638794512 ], [ 4692504.751695004291832, 2174613.867605865001678 ], [ 4692505.193006073124707, 2174613.295723340008408 ], [ 4692505.498152234591544, 2174612.92809868697077 ], [ 4692505.812259700149298, 2174612.574224562849849 ], [ 4692505.968305660411716, 2174612.405329872854054 ], [ 4692506.303426180966198, 2174612.061573504004627 ], [ 4692506.648953272029757, 2174611.725461427122355 ], [ 4692506.994005871005356, 2174611.41120391478762 ], [ 4692507.543459570035338, 2174610.947394314222038 ], [ 4692507.922587026841938, 2174610.653521506115794 ], [ 4692508.108437088318169, 2174610.511388874147087 ], [ 4692508.696364634670317, 2174610.101097843144089 ], [ 4692509.097223947755992, 2174609.841563800815493 ], [ 4692509.499775733798742, 2174609.599004507064819 ], [ 4692509.916151806712151, 2174609.362553883809596 ], [ 4692510.119951871223748, 2174609.251932979095727 ], [ 4692510.548210977576673, 2174609.033534946851432 ], [ 4692510.973101432435215, 2174608.833596191834658 ], [ 4692511.410815676674247, 2174608.641040227841586 ], [ 4692511.624599414877594, 2174608.551759853959084 ], [ 4692512.074293261393905, 2174608.377139737829566 ], [ 4692512.52997334767133, 2174608.213108563795686 ], [ 4692512.975851315073669, 2174608.067869356833398 ], [ 4692513.671018751338124, 2174607.867949605919421 ], [ 4692514.136727573350072, 2174607.750077487900853 ], [ 4692514.597675795666873, 2174607.647852018009871 ], [ 4692515.06262185703963, 2174607.556181626860052 ], [ 4692515.777403030544519, 2174607.439634739886969 ], [ 4692516.251093759201467, 2174607.379831715021282 ], [ 4692516.729323859326541, 2174607.327419140841812 ], [ 4692517.205607510171831, 2174607.291106062941253 ], [ 4692517.684577031992376, 2174607.262387547176331 ], [ 4692518.418306889943779, 2174607.242779436055571 ], [ 4692518.899007547646761, 2174607.241169440094382 ], [ 4692519.374583524651825, 2174607.251311465166509 ], [ 4692519.85695939976722, 2174607.27303164685145 ], [ 4692520.341491281986237, 2174607.301557803060859 ], [ 4692520.827075720764697, 2174607.340778774116188 ], [ 4692521.306472058407962, 2174607.387508693151176 ], [ 4692522.036374432966113, 2174607.47421021014452 ], [ 4692526.814134751446545, 2174608.158766895066947 ], [ 4692594.325527319684625, 2174622.644100691191852 ], [ 4692604.356163948774338, 2174625.199157033115625 ], [ 4692606.581263292580843, 2174625.777306186966598 ], [ 4692607.839425671845675, 2174626.1060571949929 ], [ 4692608.609813119284809, 2174626.279533778782934 ], [ 4692609.374936196953058, 2174626.440224763937294 ], [ 4692610.14229004457593, 2174626.589819369837642 ], [ 4692610.911711987107992, 2174626.728285604156554 ], [ 4692611.683039070107043, 2174626.855593256186694 ], [ 4692612.456107244826853, 2174626.971714235842228 ], [ 4692613.230751782655716, 2174627.076622955966741 ], [ 4692614.006807609461248, 2174627.170296079013497 ], [ 4692614.784108526073396, 2174627.252712013199925 ], [ 4692615.562487836927176, 2174627.323852141853422 ], [ 4692616.341778227128088, 2174627.383699330035597 ], [ 4692617.121811243705451, 2174627.432238958775997 ], [ 4692617.902417842298746, 2174627.469458672218025 ], [ 4692618.683428118005395, 2174627.495348221156746 ], [ 4692619.464671389199793, 2174627.509899569209665 ], [ 4692620.245975678786635, 2174627.513106529135257 ], [ 4692621.027168139815331, 2174627.504965601023287 ], [ 4692621.808074883185327, 2174627.485474960878491 ], [ 4692622.588520505465567, 2174627.454635067842901 ], [ 4692623.36832850985229, 2174627.412448605056852 ], [ 4692624.14732083119452, 2174627.358920004218817 ], [ 4692624.925317399203777, 2174627.294055889826268 ], [ 4692625.702136655338109, 2174627.217865251004696 ], [ 4692626.477594997733831, 2174627.130358669906855 ], [ 4692627.251506291329861, 2174627.031548826955259 ], [ 4692628.023681997321546, 2174626.921450438909233 ], [ 4692628.793930762447417, 2174626.800079956185073 ], [ 4692629.562057802453637, 2174626.667455624789 ], [ 4692630.327864879742265, 2174626.523597676772624 ], [ 4692631.091149627231061, 2174626.368527878075838 ], [ 4692631.851705434732139, 2174626.202269865199924 ], [ 4692632.609320594929159, 2174626.024848312139511 ], [ 4692633.363777624443173, 2174625.836289349943399 ], [ 4692634.114852610975504, 2174625.636620188131928 ], [ 4692634.862315110862255, 2174625.425869092810899 ], [ 4692635.60592623706907, 2174625.204064189922065 ], [ 4692636.34543885383755, 2174624.971234403084964 ], [ 4692637.0805957717821, 2174624.727407191880047 ], [ 4692637.811129032634199, 2174624.47260930808261 ], [ 4692638.536758532747626, 2174624.206864710897207 ], [ 4692639.257190988399088, 2174623.93019410315901 ], [ 4692639.972118251025677, 2174623.642612551804632 ], [ 4692640.681215756572783, 2174623.344128071796149 ], [ 4692641.384140827693045, 2174623.034738975111395 ], [ 4692642.079812145791948, 2174622.714762077201158 ], [ 4692642.54146412666887, 2174622.494085268117487 ], [ 4692644.970531871542335, 2174621.297584850806743 ], [ 4692646.767833740450442, 2174620.447071920149028 ], [ 4692647.912131627090275, 2174619.88593296892941 ], [ 4692649.271271950565279, 2174619.204212517943233 ], [ 4692652.608864801935852, 2174617.519692729227245 ], [ 4692655.733795111998916, 2174615.988002325873822 ], [ 4692658.19213683065027, 2174614.794638339895755 ], [ 4692660.204802443273365, 2174613.829081621952355 ], [ 4692661.995878882706165, 2174612.981956737115979 ], [ 4692663.56590676587075, 2174612.252458874136209 ], [ 4692664.914701757021248, 2174611.637853248044848 ], [ 4692666.040901528671384, 2174611.135523064993322 ], [ 4692667.399916088208556, 2174610.545691796112806 ], [ 4692668.536823071539402, 2174610.064360317774117 ], [ 4692669.678249498829246, 2174609.591996130067855 ], [ 4692670.824296803213656, 2174609.128965207841247 ], [ 4692671.974470903165638, 2174608.674480680841953 ], [ 4692673.128974390216172, 2174608.229228052776307 ], [ 4692674.287860943935812, 2174607.792612020857632 ], [ 4692675.451112285256386, 2174607.364486547186971 ], [ 4692676.617999359965324, 2174606.944529300089926 ], [ 4692678.024949319660664, 2174606.451636955142021 ], [ 4692679.193381018936634, 2174606.052518755197525 ], [ 4692680.106536274775863, 2174605.747617078013718 ], [ 4692683.71488797198981, 2174604.713067094795406 ], [ 4692686.627806950360537, 2174603.888783697038889 ], [ 4692689.070567452348769, 2174603.208553409203887 ], [ 4692691.287443958222866, 2174602.602751391008496 ], [ 4692693.279183474369347, 2174602.069733102805912 ], [ 4692695.300278491340578, 2174601.540599133819342 ], [ 4692696.343337149359286, 2174601.27134205494076 ], [ 4692696.87239099200815, 2174601.107500523794442 ], [ 4692697.387155344709754, 2174600.937699968926609 ], [ 4692697.898689700290561, 2174600.758519140072167 ], [ 4692698.406820178963244, 2174600.570019891951233 ], [ 4692698.911374110728502, 2174600.372266750782728 ], [ 4692699.412179091013968, 2174600.165327690076083 ], [ 4692699.909064100123942, 2174599.949274316895753 ], [ 4692700.40185933932662, 2174599.724181205034256 ], [ 4692700.890396218746901, 2174599.490126186981797 ], [ 4692701.374506614170969, 2174599.247190323192626 ], [ 4692701.854024329222739, 2174598.995458409190178 ], [ 4692702.328784269280732, 2174598.735017767176032 ], [ 4692702.798622058704495, 2174598.465959541033953 ], [ 4692703.263375391252339, 2174598.18837813520804 ], [ 4692703.722882892005146, 2174597.902370805852115 ], [ 4692704.176984515972435, 2174597.608038575854152 ], [ 4692704.625522024929523, 2174597.305485423188657 ], [ 4692705.068338041193783, 2174596.994818632025272 ], [ 4692705.50527723133564, 2174596.676149010192603 ], [ 4692705.936185172758996, 2174596.34959032619372 ], [ 4692706.360909476876259, 2174596.015260152984411 ], [ 4692706.779299039393663, 2174595.673278862144798 ], [ 4692707.191204329952598, 2174595.323770606890321 ], [ 4692707.596477616578341, 2174594.966862556058913 ], [ 4692707.994972143322229, 2174594.602685491088778 ], [ 4692708.386543435975909, 2174594.231373813934624 ], [ 4692708.771048272028565, 2174593.853064922150224 ], [ 4692709.148345178924501, 2174593.467900041956455 ], [ 4692709.518294090405107, 2174593.076023703906685 ], [ 4692709.880756661295891, 2174592.67758418712765 ], [ 4692710.235595939680934, 2174592.272733320016414 ], [ 4692710.582676853984594, 2174591.861626621801406 ], [ 4692710.921865570358932, 2174591.44442310417071 ], [ 4692711.253029805608094, 2174591.021285722032189 ], [ 4692711.576038492843509, 2174590.592381272930652 ], [ 4692711.890762332826853, 2174590.157880431041121 ], [ 4692712.197073118761182, 2174589.71795741096139 ], [ 4692712.49484355468303, 2174589.272790742106736 ], [ 4692712.783947636373341, 2174588.822563011199236 ], [ 4692713.064260328188539, 2174588.367460617795587 ], [ 4692713.335657203570008, 2174587.907674020156264 ], [ 4692713.598014108836651, 2174587.443398107774556 ], [ 4692713.851207681931555, 2174586.974831820931286 ], [ 4692714.095114174298942, 2174586.502178037073463 ], [ 4692714.329609670676291, 2174586.025644058827311 ], [ 4692714.554569518193603, 2174585.545440984889865 ], [ 4692714.76986769028008, 2174585.061784076970071 ], [ 4692714.975376554764807, 2174584.574892474804074 ], [ 4692715.170966057106853, 2174584.084988757036626 ], [ 4692715.356502659618855, 2174583.592299276962876 ], [ 4692715.531849311664701, 2174583.097053337842226 ], [ 4692715.696863427758217, 2174582.599482772871852 ], [ 4692715.851395601406693, 2174582.099824628792703 ], [ 4692715.995585433207452, 2174581.597297715954483 ], [ 4692716.12955282535404, 2174581.085416093003005 ], [ 4692716.758085179142654, 2174578.209720657207072 ], [ 4692716.798569991253316, 2174578.041786686051637 ], [ 4692716.994069990701973, 2174577.304234669078141 ], [ 4692717.181769189424813, 2174576.550093991216272 ], [ 4692717.358725978061557, 2174575.79512354079634 ], [ 4692717.526265461929142, 2174575.039456493221223 ], [ 4692717.736910953186452, 2174574.034174413885921 ], [ 4692717.985342410393059, 2174572.782526202034205 ], [ 4692718.414459158666432, 2174570.574230746831745 ], [ 4692719.005950875580311, 2174567.906497053802013 ], [ 4692719.556506535969675, 2174565.476489869877696 ], [ 4692720.007731786929071, 2174563.535531221888959 ], [ 4692720.413597929291427, 2174561.839518032968044 ], [ 4692720.772305629216135, 2174560.387764759827405 ], [ 4692721.080954139120877, 2174559.179485581815243 ], [ 4692721.335638839751482, 2174558.214260355103761 ], [ 4692721.598558174446225, 2174557.249553508125246 ], [ 4692721.868654111400247, 2174556.29387432616204 ], [ 4692722.150456354022026, 2174555.339662727899849 ], [ 4692722.366258394904435, 2174554.637006064876914 ], [ 4692722.669175243005157, 2174553.694633227773011 ], [ 4692722.986071190796793, 2174552.753889359068125 ], [ 4692723.310093829408288, 2174551.829530229791999 ], [ 4692723.645074027590454, 2174550.907806769013405 ], [ 4692723.990793100558221, 2174549.988957440014929 ], [ 4692724.347103674896061, 2174549.072946778032929 ], [ 4692724.713729898445308, 2174548.159985079895705 ], [ 4692725.091371607035398, 2174547.249682932160795 ], [ 4692725.478431512601674, 2174546.34178155194968 ], [ 4692725.875806514173746, 2174545.436748906038702 ], [ 4692726.282798145897686, 2174544.533753387164325 ], [ 4692726.698992102406919, 2174543.63281282922253 ], [ 4692727.123916931450367, 2174542.733830927871168 ], [ 4692727.557603426277637, 2174541.836651787161827 ], [ 4692728.110905966721475, 2174540.715591393876821 ], [ 4692728.674844650551677, 2174539.596173245925456 ], [ 4692729.47672338411212, 2174538.035410449840128 ], [ 4692730.170879911631346, 2174536.709537616930902 ], [ 4692730.75332051794976, 2174535.618598524015397 ], [ 4692731.345638647675514, 2174534.532291046809405 ], [ 4692731.949877032078803, 2174533.451076793950051 ], [ 4692732.56567486282438, 2174532.374142506159842 ], [ 4692733.060178124345839, 2174531.529327039141208 ], [ 4692733.571028229780495, 2174530.675322433933616 ], [ 4692734.084680357016623, 2174529.840529804117978 ], [ 4692734.476077907718718, 2174529.221109508071095 ], [ 4692735.01264351978898, 2174528.399198381230235 ], [ 4692735.42289022076875, 2174527.790274932049215 ], [ 4692735.844226360321045, 2174527.18718804884702 ], [ 4692736.276535113342106, 2174526.590492176823318 ], [ 4692736.718050883151591, 2174526.007801145780832 ], [ 4692737.174261946231127, 2174525.432231321930885 ], [ 4692737.47917062509805, 2174525.065158099867404 ], [ 4692737.792812159284949, 2174524.700920084957033 ], [ 4692738.112662715837359, 2174524.343458681832999 ], [ 4692738.443158246576786, 2174523.992873081937432 ], [ 4692738.782621551305056, 2174523.648652136791497 ], [ 4692739.122930845245719, 2174523.323979713022709 ], [ 4692739.472880797460675, 2174523.007389564067125 ], [ 4692739.834544473327696, 2174522.703108265995979 ], [ 4692740.201058357954025, 2174522.418484697118402 ], [ 4692740.577356588095427, 2174522.146119425073266 ], [ 4692740.961421396583319, 2174521.897628169041127 ], [ 4692741.35917885042727, 2174521.659388207830489 ], [ 4692741.762631323188543, 2174521.445127990096807 ], [ 4692742.187672164291143, 2174521.237617962993681 ], [ 4692742.391204663552344, 2174521.144490152131766 ], [ 4692742.819242252036929, 2174520.969803065992892 ], [ 4692743.264390690252185, 2174520.805014395155013 ], [ 4692743.477343989536166, 2174520.73199299396947 ], [ 4692743.921719350852072, 2174520.599291381891817 ], [ 4692744.375419897958636, 2174520.479308302979916 ], [ 4692744.837566490285099, 2174520.376159728039056 ], [ 4692745.300260675139725, 2174520.291119459085166 ], [ 4692745.525640219449997, 2174520.254885151982307 ], [ 4692745.998466288670897, 2174520.193109304178506 ], [ 4692746.463529380969703, 2174520.149132541846484 ], [ 4692746.939813494682312, 2174520.117428924888372 ], [ 4692747.170715419575572, 2174520.106743750162423 ], [ 4692747.651271507143974, 2174520.097229325212538 ], [ 4692748.121432552114129, 2174520.102766325231642 ], [ 4692748.597904769703746, 2174520.119971193838865 ], [ 4692749.073097358457744, 2174520.148135343100876 ], [ 4692749.792189857922494, 2174520.215455689933151 ], [ 4692750.518644087947905, 2174520.305196055211127 ], [ 4692750.990676469169557, 2174520.375544940121472 ], [ 4692751.710541808977723, 2174520.496967781800777 ], [ 4692752.189176117070019, 2174520.58722116984427 ], [ 4692752.91488791257143, 2174520.731967664789408 ], [ 4692754.387777900323272, 2174521.048565677832812 ], [ 4692760.821134950965643, 2174522.222952761221677 ], [ 4692761.807159332558513, 2174522.459994684904814 ], [ 4692761.807159332558513, 2174522.459994684904814 ], [ 4692764.860112346708775, 2174523.191180638968945 ], [ 4692764.860112346708775, 2174523.191180638968945 ], [ 4692766.396217343397439, 2174523.554933363106102 ], [ 4692766.396217343397439, 2174523.554933363106102 ], [ 4692768.963321392424405, 2174524.148995379917324 ], [ 4692768.963321392424405, 2174524.148995379917324 ], [ 4692771.031056838110089, 2174524.610832399223 ], [ 4692771.031056838110089, 2174524.610832399223 ], [ 4692773.523690522648394, 2174525.140893362928182 ], [ 4692773.523690522648394, 2174525.140893362928182 ], [ 4692775.721450852230191, 2174525.578988576773554 ], [ 4692775.721450852230191, 2174525.578988576773554 ], [ 4692778.20153583958745, 2174526.033958544023335 ], [ 4692778.20153583958745, 2174526.033958544023335 ], [ 4692780.474420825019479, 2174526.409042837098241 ], [ 4692780.474420825019479, 2174526.409042837098241 ], [ 4692782.963176025077701, 2174526.76767743518576 ], [ 4692782.963176025077701, 2174526.76767743518576 ], [ 4692785.292620341293514, 2174527.048862013965845 ], [ 4692785.292620341293514, 2174527.048862013965845 ], [ 4692791.507557841017842, 2174527.519417805597186 ], [ 4692797.739953427575529, 2174527.583574889693409 ], [ 4692803.963260781951249, 2174527.241059994790703 ], [ 4692803.963260781951249, 2174527.241059994790703 ], [ 4692806.297999939881265, 2174527.007889123167843 ], [ 4692806.297999939881265, 2174527.007889123167843 ], [ 4692808.793610610999167, 2174526.700564229860902 ], [ 4692808.793610610999167, 2174526.700564229860902 ], [ 4692811.073735440149903, 2174526.372349209152162 ], [ 4692811.073735440149903, 2174526.372349209152162 ], [ 4692813.562660912983119, 2174525.968530876096338 ], [ 4692813.562660912983119, 2174525.968530876096338 ], [ 4692815.768974180333316, 2174525.575771760195494 ], [ 4692815.768974180333316, 2174525.575771760195494 ], [ 4692818.271991500630975, 2174525.097136675845832 ], [ 4692818.271991500630975, 2174525.097136675845832 ], [ 4692820.348796173930168, 2174524.67796408617869 ], [ 4692820.348796173930168, 2174524.67796408617869 ], [ 4692822.927585616707802, 2174524.136874561198056 ], [ 4692822.927585616707802, 2174524.136874561198056 ], [ 4692824.470853306353092, 2174523.804821303114295 ], [ 4692824.470853306353092, 2174523.804821303114295 ], [ 4692827.538211624138057, 2174523.136638618074358 ], [ 4692858.513613018207252, 2174516.361434116028249 ], [ 4692863.546576796099544, 2174515.628704439848661 ], [ 4692865.027677299454808, 2174515.372638671193272 ], [ 4692866.505261496640742, 2174515.132357760798186 ], [ 4692867.491949780844152, 2174514.98196260817349 ], [ 4692868.482671527191997, 2174514.840540092904121 ], [ 4692869.218835986219347, 2174514.742951857857406 ], [ 4692869.948156967759132, 2174514.653146597091109 ], [ 4692870.929664357565343, 2174514.544861976057291 ], [ 4692871.913700612261891, 2174514.452511670067906 ], [ 4692872.640078888274729, 2174514.39720125682652 ], [ 4692873.367047471925616, 2174514.35356761701405 ], [ 4692874.344481130130589, 2174514.317361006978899 ], [ 4692874.830028278753161, 2174514.310314537025988 ], [ 4692875.320099347271025, 2174514.310726425144821 ], [ 4692875.800832933746278, 2174514.3189827199094 ], [ 4692876.533607979305089, 2174514.349138218909502 ], [ 4692877.00444143358618, 2174514.381767028011382 ], [ 4692877.7226234190166, 2174514.454302417114377 ], [ 4692878.197567163966596, 2174514.52109536388889 ], [ 4692878.43319358676672, 2174514.555761564988643 ], [ 4692878.894249671138823, 2174514.63860024092719 ], [ 4692879.598685687407851, 2174514.791819164063781 ], [ 4692880.048400682397187, 2174514.908795861061662 ], [ 4692880.503945639356971, 2174515.039840397890657 ], [ 4692880.96200801897794, 2174515.184314793907106 ], [ 4692881.180095055140555, 2174515.257664148230106 ], [ 4692881.632104601711035, 2174515.425955640152097 ], [ 4692881.854810451157391, 2174515.510476537980139 ], [ 4692882.287325607612729, 2174515.690370405092835 ], [ 4692882.942288246005774, 2174515.990928276907653 ], [ 4692883.370425396598876, 2174516.208533873781562 ], [ 4692883.58497588802129, 2174516.319274325855076 ], [ 4692883.783248323015869, 2174516.427933978848159 ], [ 4692884.406110525131226, 2174516.793630476109684 ], [ 4692884.809670419432223, 2174517.052668381016701 ], [ 4692885.00965838227421, 2174517.18279717490077 ], [ 4692885.394744566641748, 2174517.450658 ], [ 4692885.971909865736961, 2174517.883226825855672 ], [ 4692886.344808298163116, 2174518.186237527988851 ], [ 4692886.531392542645335, 2174518.339757376816124 ], [ 4692886.702701377682388, 2174518.487832142040133 ], [ 4692887.237069459632039, 2174518.977370055858046 ], [ 4692887.579907110892236, 2174519.312550647184253 ], [ 4692887.906747533939779, 2174519.651971402112395 ], [ 4692888.230773093178868, 2174520.00514431996271 ], [ 4692888.38489187322557, 2174520.179287238046527 ], [ 4692888.696299871429801, 2174520.548648880794644 ], [ 4692888.999931758269668, 2174520.926595532801002 ], [ 4692889.286817115731537, 2174521.305871422868222 ], [ 4692889.422559466212988, 2174521.49201486306265 ], [ 4692889.833366855978966, 2174522.088842270895839 ], [ 4692890.220600965432823, 2174522.699687710031867 ], [ 4692890.460806291550398, 2174523.106865603011101 ], [ 4692890.692785805091262, 2174523.520825251936913 ], [ 4692891.027065164409578, 2174524.16919249901548 ], [ 4692891.236124721355736, 2174524.600628256797791 ], [ 4692891.439020882360637, 2174525.04308965196833 ], [ 4692891.717433981597424, 2174525.709629375953227 ], [ 4692891.891690113581717, 2174526.160045077092946 ], [ 4692892.059182488359511, 2174526.619345922023058 ], [ 4692892.215856146067381, 2174527.075306558050215 ], [ 4692892.360469884239137, 2174527.530107174068689 ], [ 4692892.498244777321815, 2174527.991573341190815 ], [ 4692892.628817857243121, 2174528.457737228833139 ], [ 4692892.751524539664388, 2174528.924987617880106 ], [ 4692892.921335505321622, 2174529.642452753148973 ], [ 4692893.026843911036849, 2174530.123867363203317 ], [ 4692893.124772794544697, 2174530.600573678966612 ], [ 4692893.261862808838487, 2174531.328593160957098 ], [ 4692893.384221258573234, 2174532.04665577178821 ], [ 4692893.496520011685789, 2174532.769577288068831 ], [ 4692893.564317402429879, 2174533.247944712173194 ], [ 4692893.682810734026134, 2174534.220596148166806 ], [ 4692893.731005858629942, 2174534.704192601144314 ], [ 4692893.772338594309986, 2174535.192768199834973 ], [ 4692893.805267960764468, 2174535.672699035145342 ], [ 4692893.838398993015289, 2174536.405420192983001 ], [ 4692893.846935792826116, 2174536.883447030093521 ], [ 4692893.847454636357725, 2174537.116803929209709 ], [ 4692893.837661222554743, 2174537.598471233155578 ], [ 4692893.816267712973058, 2174538.08034187508747 ], [ 4692893.781116664409637, 2174538.549691347870976 ], [ 4692893.733995157293975, 2174539.023758530151099 ], [ 4692893.675356378778815, 2174539.497654166072607 ], [ 4692893.602174647152424, 2174539.971845504827797 ], [ 4692893.516620583832264, 2174540.434569341130555 ], [ 4692893.418973066844046, 2174540.900551096070558 ], [ 4692893.309130053967237, 2174541.369706500787288 ], [ 4692893.251815149560571, 2174541.59669106407091 ], [ 4692893.122605940327048, 2174542.062598042190075 ], [ 4692892.983618141151965, 2174542.513357080984861 ], [ 4692892.832735658623278, 2174542.965868317056447 ], [ 4692892.672430482693017, 2174543.413035553880036 ], [ 4692892.401938281953335, 2174544.091646635904908 ], [ 4692892.213850231841207, 2174544.531179784797132 ], [ 4692892.015262231230736, 2174544.962888692039996 ], [ 4692891.806345419958234, 2174545.393120105843991 ], [ 4692891.5847820462659, 2174545.821163901127875 ], [ 4692891.352110954001546, 2174546.24936090502888 ], [ 4692891.114802366122603, 2174546.666607041843235 ], [ 4692890.736567668616772, 2174547.29410861292854 ], [ 4692890.341285956092179, 2174547.902744574937969 ], [ 4692890.071157026104629, 2174548.302201613783836 ], [ 4692889.642178603447974, 2174548.902416639961302 ], [ 4692889.354392611421645, 2174549.290329083800316 ], [ 4692888.903427926823497, 2174549.874133725184947 ], [ 4692888.447153457440436, 2174550.439384872093797 ], [ 4692887.97848027665168, 2174551.000189455226064 ], [ 4692887.49840331543237, 2174551.556660655885935 ], [ 4692886.844508906826377, 2174552.296892519108951 ], [ 4692885.846181291155517, 2174553.404130831826478 ], [ 4692884.33669466432184, 2174555.061898279935122 ], [ 4692883.155980763956904, 2174556.3446658491157 ], [ 4692882.137578327208757, 2174557.43832561513409 ], [ 4692881.111128483898938, 2174558.525812255218625 ], [ 4692880.248474985361099, 2174559.425634977873415 ], [ 4692879.376778925769031, 2174560.319444335065782 ], [ 4692878.672224294394255, 2174561.028396216221154 ], [ 4692877.965690010227263, 2174561.725744490046054 ], [ 4692877.255621630698442, 2174562.410010753199458 ], [ 4692876.535909083671868, 2174563.085409940220416 ], [ 4692875.804618223570287, 2174563.750816584099084 ], [ 4692875.257815513759851, 2174564.23189869010821 ], [ 4692874.702210774645209, 2174564.706024299841374 ], [ 4692874.138434118591249, 2174565.172147077042609 ], [ 4692873.564322967082262, 2174565.630495747085661 ], [ 4692872.983362248167396, 2174566.081535070203245 ], [ 4692872.190626895055175, 2174566.671945013105869 ], [ 4692871.588064066134393, 2174567.105568625032902 ], [ 4692870.981899867765605, 2174567.527284905780107 ], [ 4692870.367674230597913, 2174567.94186844676733 ], [ 4692869.751366279087961, 2174568.344166094902903 ], [ 4692869.128387331031263, 2174568.74049083981663 ], [ 4692868.505401503294706, 2174569.124268744140863 ], [ 4692867.876171642914414, 2174569.501162800006568 ], [ 4692867.240608895197511, 2174569.870543824974447 ], [ 4692866.382912430912256, 2174570.355464791879058 ], [ 4692865.736054264008999, 2174570.709950176998973 ], [ 4692865.309781165793538, 2174570.936352776829153 ], [ 4692864.681784723885357, 2174571.263602976221591 ], [ 4692860.396427948959172, 2174573.322638664860278 ], [ 4692857.216188467107713, 2174574.83876190520823 ], [ 4692854.702275469899178, 2174576.025603924877942 ], [ 4692852.398196832276881, 2174577.100620259065181 ], [ 4692850.536522101610899, 2174577.95789982797578 ], [ 4692848.649550937116146, 2174578.814913480076939 ], [ 4692847.202212011441588, 2174579.469815672840923 ], [ 4692846.713607781566679, 2174579.713006314821541 ], [ 4692846.236356598325074, 2174579.960485876072198 ], [ 4692845.763301063328981, 2174580.215813830029219 ], [ 4692845.294573769904673, 2174580.478918659966439 ], [ 4692844.830305602401495, 2174580.749726213049144 ], [ 4692844.37062680721283, 2174581.028160594869405 ], [ 4692843.915666471235454, 2174581.314143097028136 ], [ 4692843.465552693232894, 2174581.607593055814505 ], [ 4692843.020412460900843, 2174581.908427235204726 ], [ 4692842.580371514894068, 2174582.216560329776257 ], [ 4692842.145554823800921, 2174582.531904655974358 ], [ 4692841.716085897758603, 2174582.854370090179145 ], [ 4692841.292087251320481, 2174583.183864476159215 ], [ 4692840.873680391348898, 2174583.520293031819165 ], [ 4692840.460985380224884, 2174583.863558677025139 ], [ 4692840.054121064022183, 2174584.213562184944749 ], [ 4692839.653205294162035, 2174584.570201917085797 ], [ 4692839.258354623802006, 2174584.933373811189085 ], [ 4692838.869684565812349, 2174585.302971397992224 ], [ 4692838.487308960407972, 2174585.678885866887867 ], [ 4692838.11134110018611, 2174586.061006077099591 ], [ 4692837.741892457939684, 2174586.44921807711944 ], [ 4692837.379073485732079, 2174586.843406072817743 ], [ 4692837.02299387473613, 2174587.243451157119125 ], [ 4692836.673761470243335, 2174587.649231934919953 ], [ 4692836.331483030691743, 2174588.060624978039414 ], [ 4692835.996264783665538, 2174588.477503713220358 ], [ 4692835.668210971169174, 2174588.899738973006606 ], [ 4692835.347425393760204, 2174589.327199262101203 ], [ 4692835.03401050157845, 2174589.759749790187925 ], [ 4692834.728067729622126, 2174590.197253375779837 ], [ 4692834.42969773709774, 2174590.639569654129446 ], [ 4692834.138999907299876, 2174591.086555427871644 ], [ 4692833.85607292316854, 2174591.538064843043685 ], [ 4692833.581015109084547, 2174591.993948582094163 ], [ 4692833.313923634588718, 2174592.454054235015064 ], [ 4692833.054895459674299, 2174592.918226416222751 ], [ 4692832.804026885889471, 2174593.386306372005492 ], [ 4692832.561414339579642, 2174593.85813210811466 ], [ 4692832.327153876423836, 2174594.333538128063083 ], [ 4692832.101341888308525, 2174594.812355840113014 ], [ 4692831.884075322188437, 2174595.294412973802537 ], [ 4692831.675451752729714, 2174595.77953382814303 ], [ 4692831.475569879636168, 2174596.26753934379667 ], [ 4692831.284530026838183, 2174596.758246831130236 ], [ 4692831.102434103377163, 2174597.251470542978495 ], [ 4692830.929387143813074, 2174597.74702146789059 ], [ 4692830.765497045591474, 2174598.244707190897316 ], [ 4692830.610875819809735, 2174598.74433254590258 ], [ 4692830.465642409399152, 2174599.24569143820554 ], [ 4692830.329113291576505, 2174599.751526019070297 ], [ 4692830.262875665910542, 2174600.025212089996785 ], [ 4692829.646588154137135, 2174603.234402895905077 ], [ 4692829.51013720780611, 2174603.830806607846171 ], [ 4692829.337787841446698, 2174604.581374270841479 ], [ 4692829.174716277047992, 2174605.339354463852942 ], [ 4692829.021308523602784, 2174606.098361257929355 ], [ 4692828.830411292612553, 2174607.108296839054674 ], [ 4692828.651737806387246, 2174608.117673777975142 ], [ 4692828.399897661991417, 2174609.621312426868826 ], [ 4692828.196998289786279, 2174610.822482171934098 ], [ 4692826.699536753818393, 2174618.45744506502524 ], [ 4692823.522224211134017, 2174631.636647160165012 ], [ 4692820.952897531911731, 2174640.749665603041649 ], [ 4692820.538097901269794, 2174642.178771893959492 ], [ 4692820.182846622541547, 2174643.366299544926733 ], [ 4692819.816767347976565, 2174644.550815130118281 ], [ 4692819.436493790708482, 2174645.732988120988011 ], [ 4692819.201625004410744, 2174646.43824829114601 ], [ 4692818.876546047627926, 2174647.379275347106159 ], [ 4692818.626470372080803, 2174648.074351523071527 ], [ 4692818.366222551092505, 2174648.774656033143401 ], [ 4692818.099435259588063, 2174649.458346764091402 ], [ 4692817.917079949751496, 2174649.912546916864812 ], [ 4692817.63543938845396, 2174650.581951479893178 ], [ 4692817.341181615367532, 2174651.247693251818419 ], [ 4692817.034084890037775, 2174651.910390365868807 ], [ 4692816.714256236329675, 2174652.570069227833301 ], [ 4692816.493129963986576, 2174653.006786903832108 ], [ 4692816.267923340201378, 2174653.442263685166836 ], [ 4692815.915269645862281, 2174654.095395247917622 ], [ 4692815.679083720780909, 2174654.519741948228329 ], [ 4692815.310299705713987, 2174655.160247908905149 ], [ 4692814.930462205782533, 2174655.796357448212802 ], [ 4692814.546771839261055, 2174656.414481959771365 ], [ 4692814.152419066056609, 2174657.029048094060272 ], [ 4692813.748112332075834, 2174657.639612967148423 ], [ 4692813.334232028573751, 2174658.246360077988356 ], [ 4692812.911514324136078, 2174658.849067790899426 ], [ 4692809.558475114405155, 2174663.494386919774115 ], [ 4692764.731327372603118, 2174718.489752846769989 ], [ 4692764.731327372603118, 2174718.489752846769989 ], [ 4692758.330302110873163, 2174726.72813294455409 ], [ 4692752.320708096958697, 2174735.256251777056605 ], [ 4692721.672441932372749, 2174780.979026750195771 ], [ 4692713.990735558792949, 2174791.578607430215925 ], [ 4692713.11191186029464, 2174792.772757113911211 ], [ 4692712.372383018955588, 2174793.761396255809814 ], [ 4692711.62581324391067, 2174794.744834085926414 ], [ 4692710.871755097061396, 2174795.72202640818432 ], [ 4692710.108987418934703, 2174796.692681911867112 ], [ 4692709.337661994621158, 2174797.656896635890007 ], [ 4692708.556446610949934, 2174798.613963760901242 ], [ 4692707.765606079250574, 2174799.56415709387511 ], [ 4692706.963884236291051, 2174800.506454351823777 ], [ 4692706.149857529439032, 2174801.441552503034472 ], [ 4692705.490799462422729, 2174802.183936186134815 ], [ 4692704.823789960704744, 2174802.921575170010328 ], [ 4692704.148055319674313, 2174803.654147224966437 ], [ 4692703.463554473593831, 2174804.382199428975582 ], [ 4692702.776243085972965, 2174805.099445809144527 ], [ 4692701.903237708844244, 2174805.990537204779685 ], [ 4692701.028513754718006, 2174806.861519520170987 ], [ 4692700.14153316617012, 2174807.723998188972473 ], [ 4692699.242680554278195, 2174808.577588131185621 ], [ 4692698.33264659717679, 2174809.421504066791385 ], [ 4692697.605933833867311, 2174810.080872741062194 ], [ 4692696.872368536889553, 2174810.734186802990735 ], [ 4692696.132491098716855, 2174811.381063849199563 ], [ 4692695.386726498603821, 2174812.021261875983328 ], [ 4692694.445152331143618, 2174812.813269499223679 ], [ 4692693.494559120386839, 2174813.595261175185442 ], [ 4692692.534686393104494, 2174814.367862216196954 ], [ 4692691.760810047388077, 2174814.978270226158202 ], [ 4692690.784808529540896, 2174815.734687169082463 ], [ 4692689.801379445940256, 2174816.481900855898857 ], [ 4692688.609668876044452, 2174817.368264310993254 ], [ 4692680.537004542537034, 2174823.257529471069574 ], [ 4692680.537004542537034, 2174823.257529471069574 ], [ 4692679.068094121292233, 2174824.215474247932434 ], [ 4692679.068094121292233, 2174824.215474247932434 ], [ 4692677.678171146661043, 2174825.114708717912436 ], [ 4692677.678171146661043, 2174825.114708717912436 ], [ 4692674.87986021488905, 2174826.915596407838166 ], [ 4692640.710525635629892, 2174848.866996205877513 ], [ 4692632.415181620977819, 2174853.820076028816402 ], [ 4692629.752647652290761, 2174855.403043400030583 ], [ 4692629.082890415564179, 2174855.825000025797635 ], [ 4692628.42335997428745, 2174856.256409810855985 ], [ 4692627.771290736272931, 2174856.699010727927089 ], [ 4692627.126873060129583, 2174857.152673569973558 ], [ 4692626.49029475171119, 2174857.61726605379954 ], [ 4692625.861742001958191, 2174858.092652874998748 ], [ 4692625.241398352198303, 2174858.578695068135858 ], [ 4692624.629444955848157, 2174859.075250933878124 ], [ 4692624.026060953736305, 2174859.582175498828292 ], [ 4692623.431422584690154, 2174860.099320576991886 ], [ 4692622.845703990198672, 2174860.626535255927593 ], [ 4692622.269076563417912, 2174861.163665357977152 ], [ 4692621.701709438115358, 2174861.710553948767483 ], [ 4692621.143768933601677, 2174862.26704090507701 ], [ 4692620.595418880693614, 2174862.832963373046368 ], [ 4692620.056820238009095, 2174863.408155561890453 ], [ 4692619.528131706640124, 2174863.992448890116066 ], [ 4692619.009508645161986, 2174864.585671815089881 ], [ 4692618.501104349270463, 2174865.187650340143591 ], [ 4692618.003068850375712, 2174865.798207264859229 ], [ 4692617.515549644827843, 2174866.417163040023297 ], [ 4692617.038691375404596, 2174867.044335091020912 ], [ 4692616.572635634802282, 2174867.679538321215659 ], [ 4692616.117521551437676, 2174868.322584944777191 ], [ 4692615.673485045321286, 2174868.973284326959401 ], [ 4692615.240659384988248, 2174869.631443346850574 ], [ 4692614.819174816831946, 2174870.296866109129041 ], [ 4692614.409158972091973, 2174870.96935407910496 ], [ 4692614.010736387223005, 2174871.648705904837698 ], [ 4692613.624028954654932, 2174872.334717568941414 ], [ 4692613.249155517667532, 2174873.027182161808014 ], [ 4692612.886232181452215, 2174873.725890119094402 ], [ 4692612.535372336395085, 2174874.43062891298905 ], [ 4692612.196686604060233, 2174875.141183030791581 ], [ 4692611.870282902382314, 2174875.857333891093731 ], [ 4692611.556266378611326, 2174876.578859842848033 ], [ 4692611.254739839583635, 2174877.305535935796797 ], [ 4692610.965803378261626, 2174878.03713371604681 ], [ 4692610.689554844982922, 2174878.773421056102961 ], [ 4692610.426089522428811, 2174879.514161449857056 ], [ 4692610.175657843239605, 2174880.258643523789942 ], [ 4692610.004417563788593, 2174880.796023975126445 ], [ 4692609.391221654601395, 2174883.809579073917121 ], [ 4692608.921338148415089, 2174886.093569801189005 ], [ 4692608.579855828545988, 2174890.625901168212295 ], [ 4692608.579855828545988, 2174890.625901168212295 ], [ 4692608.400161634199321, 2174892.016366933938116 ], [ 4692608.400161634199321, 2174892.016366933938116 ], [ 4692608.231683674268425, 2174893.473316582851112 ], [ 4692608.231683674268425, 2174893.473316582851112 ], [ 4692608.043983393348753, 2174895.276898310985416 ], [ 4692608.043983393348753, 2174895.276898310985416 ], [ 4692607.939951915293932, 2174896.356340284924954 ], [ 4692607.939951915293932, 2174896.356340284924954 ], [ 4692607.742571785114706, 2174898.48944792104885 ], [ 4692606.741185399703681, 2174909.463405578862876 ], [ 4692605.461873572319746, 2174920.009210079908371 ], [ 4692605.243229825980961, 2174921.73494681995362 ], [ 4692605.012158416211605, 2174923.467315145768225 ], [ 4692604.803811677731574, 2174924.938918197993189 ], [ 4692604.619716211222112, 2174926.165272424928844 ], [ 4692604.425880106166005, 2174927.374157323036343 ], [ 4692604.257479891180992, 2174928.352855674922466 ], [ 4692604.078394019976258, 2174929.315628916025162 ], [ 4692603.935304123908281, 2174930.034628351218998 ], [ 4692603.782440868206322, 2174930.753556287847459 ], [ 4692603.621465397067368, 2174931.471302980091423 ], [ 4692603.449642974883318, 2174932.187307993881404 ], [ 4692603.267098291777074, 2174932.902875090949237 ], [ 4692603.073347192257643, 2174933.617553181946278 ], [ 4692602.867973677814007, 2174934.330654937773943 ], [ 4692602.65136091504246, 2174935.033916607033461 ], [ 4692602.421981733292341, 2174935.730811233166605 ], [ 4692602.263533842749894, 2174936.193906527943909 ], [ 4692602.015300892293453, 2174936.878276025876403 ], [ 4692601.84156003408134, 2174937.330354272853583 ], [ 4692601.569204631261528, 2174938.012604826129973 ], [ 4692601.379649558104575, 2174938.461696399841458 ], [ 4692601.182467336766422, 2174938.911988581065089 ], [ 4692600.978520863689482, 2174939.361198069062084 ], [ 4692600.772044522687793, 2174939.800240959040821 ], [ 4692600.445955496281385, 2174940.461991738993675 ], [ 4692600.110955627635121, 2174941.104267830960453 ], [ 4692599.76191994920373, 2174941.741132957860827 ], [ 4692599.270165417343378, 2174942.586059716064483 ], [ 4692598.882690927945077, 2174943.212788328994066 ], [ 4692598.616829671896994, 2174943.628005430102348 ], [ 4692598.349395869299769, 2174944.03367805108428 ], [ 4692597.931791082955897, 2174944.642869165167212 ], [ 4692597.509491861797869, 2174945.230707115959376 ], [ 4692596.919310064986348, 2174946.010403402149677 ], [ 4692596.620302827097476, 2174946.391060392837971 ], [ 4692596.152159280143678, 2174946.962398844771087 ], [ 4692595.834111120551825, 2174947.338881404139102 ], [ 4692595.515996976755559, 2174947.705952387768775 ], [ 4692595.023169126361609, 2174948.255650878883898 ], [ 4692594.52831937558949, 2174948.785040838178247 ], [ 4692594.021450218744576, 2174949.30770789179951 ], [ 4692593.503302939236164, 2174949.8231470589526 ], [ 4692592.974655804224312, 2174950.330925301183015 ], [ 4692592.434939103201032, 2174950.829907039180398 ], [ 4692591.694503650069237, 2174951.487207206897438 ], [ 4692591.134442856535316, 2174951.965410207863897 ], [ 4692590.56374921835959, 2174952.43795761000365 ], [ 4692589.984465355053544, 2174952.903605380095541 ], [ 4692589.408426818437874, 2174953.352700682822615 ], [ 4692588.82538494002074, 2174953.79556677909568 ], [ 4692588.036391505971551, 2174954.37833831878379 ], [ 4692587.238247657194734, 2174954.950973033905029 ], [ 4692581.116695525124669, 2174959.211264571174979 ], [ 4692546.53838936239481, 2174980.678687956184149 ], [ 4692541.989051202312112, 2174983.028923712205142 ], [ 4692540.169461213052273, 2174984.046480911783874 ], [ 4692539.48569449223578, 2174984.449632111936808 ], [ 4692538.811000493355095, 2174984.864653734024614 ], [ 4692538.144197593443096, 2174985.292236426845193 ], [ 4692537.485519821755588, 2174985.732230205088854 ], [ 4692536.835198312997818, 2174986.184480655938387 ], [ 4692536.193461338058114, 2174986.648829094134271 ], [ 4692535.56053405534476, 2174987.125112538225949 ], [ 4692534.936638709157705, 2174987.613163927104324 ], [ 4692534.321994362398982, 2174988.112811896018684 ], [ 4692533.716816762462258, 2174988.623881087172776 ], [ 4692533.121318611316383, 2174989.146192078012973 ], [ 4692532.535708799026906, 2174989.679561409167945 ], [ 4692531.960193341597915, 2174990.223801977001131 ], [ 4692531.394974419847131, 2174990.77872237097472 ], [ 4692530.840250553563237, 2174991.344127763994038 ], [ 4692530.296216919086874, 2174991.919819554779679 ], [ 4692529.763064855709672, 2174992.505595347844064 ], [ 4692529.240982015617192, 2174993.101249211002141 ], [ 4692528.730152133852243, 2174993.706571585033089 ], [ 4692528.230754929594696, 2174994.321349644102156 ], [ 4692527.742966776713729, 2174994.945367022883147 ], [ 4692527.266959280706942, 2174995.578403811901808 ], [ 4692526.80290062725544, 2174996.220237200148404 ], [ 4692526.350954422727227, 2174996.870640830136836 ], [ 4692525.911280638538301, 2174997.529385461937636 ], [ 4692525.484034680761397, 2174998.196238467935473 ], [ 4692525.069368070922792, 2174998.870964266825467 ], [ 4692524.66742745693773, 2174999.553324257023633 ], [ 4692524.278355862013996, 2175000.243077129125595 ], [ 4692523.902291560545564, 2175000.9399783029221 ], [ 4692523.539368510246277, 2175001.643780733924359 ], [ 4692523.189716622233391, 2175002.35423422884196 ], [ 4692522.853460587561131, 2175003.071085940115154 ], [ 4692522.530721408315003, 2175003.794080538209528 ], [ 4692522.221615152433515, 2175004.522959587164223 ], [ 4692521.926253517158329, 2175005.257462221197784 ], [ 4692521.6447435002774, 2175005.997324971016496 ], [ 4692521.377188093960285, 2175006.742281456012279 ], [ 4692521.123684843070805, 2175007.492062736768275 ], [ 4692520.884327631443739, 2175008.246397335082293 ], [ 4692520.659205082803965, 2175009.00501070683822 ], [ 4692520.448401531204581, 2175009.767625886946917 ], [ 4692520.251996577717364, 2175010.533963046036661 ], [ 4692520.070065566338599, 2175011.303739447146654 ], [ 4692519.902679089456797, 2175012.076669076923281 ], [ 4692519.74990283511579, 2175012.85246312385425 ], [ 4692519.611798301339149, 2175013.63082965509966 ], [ 4692519.488422432914376, 2175014.411473135929555 ], [ 4692519.380000528879464, 2175015.192848500795662 ], [ 4692519.313905632123351, 2175015.731323041021824 ], [ 4692519.291501480154693, 2175016.037882839795202 ], [ 4692519.308394356630743, 2175018.849864757154137 ], [ 4692519.309431514702737, 2175019.514833921100944 ], [ 4692519.309431514702737, 2175019.514833921100944 ], [ 4692519.340300429612398, 2175020.607890355400741 ], [ 4692519.42940950486809, 2175021.697745773009956 ], [ 4692519.42940950486809, 2175021.697745773009956 ], [ 4692520.840931254439056, 2175033.787659924943 ], [ 4692524.03929082211107, 2175059.407400091178715 ], [ 4692525.317257801070809, 2175072.300034707877785 ], [ 4692525.478571786545217, 2175074.031270158942789 ], [ 4692525.627011964097619, 2175075.763846669811755 ], [ 4692525.723263663239777, 2175077.001287782099098 ], [ 4692525.809426063671708, 2175078.24001379776746 ], [ 4692525.882782117463648, 2175079.480129999108613 ], [ 4692525.940369394607842, 2175080.722928401082754 ], [ 4692525.9719662303105, 2175081.718165114987642 ], [ 4692525.987898102030158, 2175082.700509858783334 ], [ 4692525.987987659871578, 2175083.686591612175107 ], [ 4692525.97690605185926, 2175084.429505275096744 ], [ 4692525.95451320707798, 2175085.158216539770365 ], [ 4692525.921066577546299, 2175085.88817053521052 ], [ 4692525.876099713146687, 2175086.617135867942125 ], [ 4692525.795171605423093, 2175087.59448767406866 ], [ 4692525.719076655805111, 2175088.325648424215615 ], [ 4692525.62852047290653, 2175089.051678772084415 ], [ 4692525.523582212626934, 2175089.779301582835615 ], [ 4692525.403959288261831, 2175090.507015123963356 ], [ 4692525.270328068174422, 2175091.219174948055297 ], [ 4692525.121674218215048, 2175091.929815854877234 ], [ 4692524.896292173303664, 2175092.880672169849277 ], [ 4692524.706299010664225, 2175093.592426346149296 ], [ 4692524.573988746851683, 2175094.056798529811203 ], [ 4692524.358643039129674, 2175094.760720521211624 ], [ 4692524.130477398633957, 2175095.446786762215197 ], [ 4692523.886064440011978, 2175096.131693445146084 ], [ 4692523.712924413383007, 2175096.585505336988717 ], [ 4692523.534572556614876, 2175097.038152378052473 ], [ 4692523.248179333284497, 2175097.718872638884932 ], [ 4692523.049436492845416, 2175098.169892594218254 ], [ 4692522.847637704573572, 2175098.610756495967507 ], [ 4692522.532615597359836, 2175099.261258440092206 ], [ 4692522.202176400460303, 2175099.907595992088318 ], [ 4692521.856777928769588, 2175100.54880824778229 ], [ 4692521.494538326747715, 2175101.184348687063903 ], [ 4692521.113333402201533, 2175101.817579167895019 ], [ 4692520.857169231399894, 2175102.227632368914783 ], [ 4692520.454855179414153, 2175102.845210365951061 ], [ 4692520.045422323048115, 2175103.442262396216393 ], [ 4692519.622225355356932, 2175104.032127961982042 ], [ 4692519.03140028193593, 2175104.811125684063882 ], [ 4692518.569940171204507, 2175105.386039873119444 ], [ 4692518.261350213550031, 2175105.758013824932277 ], [ 4692517.780608909204602, 2175106.31606433680281 ], [ 4692517.295976042747498, 2175106.852987308055162 ], [ 4692516.797631178982556, 2175107.382677303161472 ], [ 4692516.286918101832271, 2175107.903757369145751 ], [ 4692515.762335249222815, 2175108.415304723195732 ], [ 4692515.221217820420861, 2175108.919881212990731 ], [ 4692514.862117812037468, 2175109.244563879910856 ], [ 4692514.306532100774348, 2175109.729442220181227 ], [ 4692513.750881023705006, 2175110.193506319075823 ], [ 4692513.183568332344294, 2175110.649080070201308 ], [ 4692512.604441916570067, 2175111.096450016833842 ], [ 4692512.215691582299769, 2175111.387313587125391 ], [ 4692511.618910319171846, 2175111.817978614941239 ], [ 4692511.009525409899652, 2175112.239722704980522 ], [ 4692510.598849889822304, 2175112.515856841113418 ], [ 4692510.191072677262127, 2175112.783499643206596 ], [ 4692509.566090513020754, 2175113.180580598767847 ], [ 4692508.945643517188728, 2175113.559766327030957 ], [ 4692508.317118423990905, 2175113.930990119930357 ], [ 4692507.681427315808833, 2175114.294344664085656 ], [ 4692507.038978835567832, 2175114.650315756909549 ], [ 4692506.390620326623321, 2175114.99920743284747 ], [ 4692505.736081990413368, 2175115.340994246769696 ], [ 4692504.854782276786864, 2175115.78909077681601 ], [ 4692498.535893941298127, 2175118.885935218073428 ], [ 4692486.127350801602006, 2175124.170583152212203 ], [ 4692480.407436298206449, 2175126.272721352055669 ], [ 4692478.017494884319603, 2175127.138855854980648 ], [ 4692476.087252891622484, 2175127.827544018160552 ], [ 4692474.852133776061237, 2175128.26244173804298 ], [ 4692474.351621146313846, 2175128.463937894906849 ], [ 4692473.628572434186935, 2175128.769916544202715 ], [ 4692472.911262273788452, 2175129.087498468812555 ], [ 4692472.199489204213023, 2175129.416773117147386 ], [ 4692471.493474802933633, 2175129.757648337166756 ], [ 4692470.793442443013191, 2175130.110027588903904 ], [ 4692470.099618473090231, 2175130.473810758907348 ], [ 4692469.412231860682368, 2175130.848893065936863 ], [ 4692468.731515134684741, 2175131.235166035126895 ], [ 4692468.057705079205334, 2175131.632516584824771 ], [ 4692467.391042610630393, 2175132.040827204007655 ], [ 4692466.731774398125708, 2175132.459976275917143 ], [ 4692466.08015279378742, 2175132.889837362803519 ], [ 4692465.436437508091331, 2175133.330280040856451 ], [ 4692464.800895928405225, 2175133.781169186811894 ], [ 4692464.173804881051183, 2175134.242365925107151 ], [ 4692463.555451373569667, 2175134.713727296795696 ], [ 4692462.946134765632451, 2175135.195107288192958 ], [ 4692462.346167450770736, 2175135.686357028782368 ], [ 4692461.755878015421331, 2175136.187326656188816 ], [ 4692461.1756123136729, 2175136.697865766938776 ], [ 4692460.605736816301942, 2175137.217826446983963 ], [ 4692460.046641862019897, 2175137.747064066119492 ], [ 4692459.498804314061999, 2175138.285379284992814 ], [ 4692459.174319364130497, 2175138.616453078109771 ], [ 4692457.49161939509213, 2175140.359599465038627 ], [ 4692456.569961305707693, 2175141.268379792105407 ], [ 4692455.84986886382103, 2175141.995730121154338 ], [ 4692454.962822901085019, 2175142.911105900071561 ], [ 4692453.914133546873927, 2175144.014080283232033 ], [ 4692451.695030405186117, 2175146.359484214801341 ], [ 4692449.617936654947698, 2175148.492874335963279 ], [ 4692447.87972442060709, 2175150.262330438010395 ], [ 4692446.308893027715385, 2175151.843246934004128 ], [ 4692445.081378049217165, 2175153.062560928054154 ], [ 4692444.02295243088156, 2175154.0985994390212 ], [ 4692443.135813758708537, 2175154.954287332948297 ], [ 4692442.242258501239121, 2175155.801778664812446 ], [ 4692441.340435259975493, 2175156.639857233967632 ], [ 4692440.612913932651281, 2175157.301300247199833 ], [ 4692439.876750922761858, 2175157.954275272786617 ], [ 4692439.132364075630903, 2175158.598051977809519 ], [ 4692438.377290860749781, 2175159.229527729097754 ], [ 4692437.607658798806369, 2175159.848034967202693 ], [ 4692437.01981935556978, 2175160.301831250078976 ], [ 4692436.631650218740106, 2175160.593042971100658 ], [ 4692436.033134986646473, 2175161.025961774867028 ], [ 4692435.638721795752645, 2175161.299108834005892 ], [ 4692435.23702703975141, 2175161.568228883203119 ], [ 4692434.831950770691037, 2175161.83089129300788 ], [ 4692434.210085647180676, 2175162.215622648131102 ], [ 4692433.573444942943752, 2175162.588197415228933 ], [ 4692433.144017436541617, 2175162.829843632876873 ], [ 4692432.718091948889196, 2175163.061639739200473 ], [ 4692432.075853830203414, 2175163.393581245094538 ], [ 4692431.423913061618805, 2175163.713484274223447 ], [ 4692430.761294866912067, 2175164.022084903903306 ], [ 4692430.318363522179425, 2175164.219554635230452 ], [ 4692429.640885153785348, 2175164.506832526996732 ], [ 4692428.952280120924115, 2175164.782137134112418 ], [ 4692428.498851818032563, 2175164.956160944886506 ], [ 4692427.804658778943121, 2175165.210362717974931 ], [ 4692427.108994304202497, 2175165.45065507106483 ], [ 4692426.642067809589207, 2175165.606628080829978 ], [ 4692421.658143487758934, 2175167.190407768823206 ], [ 4692358.092199671082199, 2175183.010901739820838 ], [ 4692358.092199671082199, 2175183.010901739820838 ], [ 4692355.885109441354871, 2175183.563036077190191 ], [ 4692355.885109441354871, 2175183.563036077190191 ], [ 4692355.853090132586658, 2175183.571089542936534 ], [ 4692351.409908149391413, 2175184.381089001893997 ], [ 4692350.640664979815483, 2175184.552257697097957 ], [ 4692349.878089958801866, 2175184.734234346076846 ], [ 4692349.118383410386741, 2175184.927903375122696 ], [ 4692348.361744808964431, 2175185.133214304223657 ], [ 4692347.608353064395487, 2175185.35011883219704 ], [ 4692346.858386787585914, 2175185.578565896023065 ], [ 4692346.112023266963661, 2175185.818501329980791 ], [ 4692345.36943949200213, 2175186.069868941791356 ], [ 4692344.630811631679535, 2175186.332609151024371 ], [ 4692343.896314838901162, 2175186.606659988872707 ], [ 4692343.166123579256237, 2175186.891956742852926 ], [ 4692342.440411272458732, 2175187.188432012218982 ], [ 4692341.719350934959948, 2175187.496015861164778 ], [ 4692341.003114000894129, 2175187.81463520694524 ], [ 4692340.291871534660459, 2175188.144215034786612 ], [ 4692339.585793312638998, 2175188.484676983207464 ], [ 4692338.88504846394062, 2175188.835940616205335 ], [ 4692338.189805014058948, 2175189.197922273073345 ], [ 4692337.500229640863836, 2175189.570536050014198 ], [ 4692336.816488769836724, 2175189.953693573828787 ], [ 4692336.138747460208833, 2175190.347303250804543 ], [ 4692335.467169757001102, 2175190.751271285116673 ], [ 4692334.801918840035796, 2175191.165501115843654 ], [ 4692334.143157094717026, 2175191.589893542230129 ], [ 4692333.491045735776424, 2175192.024346612859517 ], [ 4692332.845745431259274, 2175192.468755900859833 ], [ 4692332.207415793091059, 2175192.9230139660649 ], [ 4692331.576215795241296, 2175193.387010857928544 ], [ 4692330.952303512953222, 2175193.860633675940335 ], [ 4692330.335836569778621, 2175194.343766896054149 ], [ 4692329.726971907541156, 2175194.836291939020157 ], [ 4692329.125866052694619, 2175195.338087453041226 ], [ 4692328.532675206661224, 2175195.849029010161757 ], [ 4692327.947555382736027, 2175196.368989080190659 ], [ 4692327.370662367902696, 2175196.897836957126856 ], [ 4692326.802158612757921, 2175197.435432707890868 ], [ 4692326.243614467792213, 2175197.980235227849334 ], [ 4692326.043911568820477, 2175198.179163841996342 ], [ 4692325.847968173213303, 2175198.396109796129167 ], [ 4692323.903297441080213, 2175200.743581525981426 ], [ 4692322.581714019179344, 2175202.32622777717188 ], [ 4692322.265621625818312, 2175202.770287693943828 ], [ 4692320.154040682129562, 2175206.021571575198323 ], [ 4692320.154040682129562, 2175206.021571575198323 ], [ 4692319.938571999780834, 2175206.318049962166697 ], [ 4692319.938571999780834, 2175206.318049962166697 ], [ 4692318.853877386078238, 2175207.844241871032864 ], [ 4692318.853877386078238, 2175207.844241871032864 ], [ 4692317.972442853264511, 2175209.123233589809388 ], [ 4692317.972442853264511, 2175209.123233589809388 ], [ 4692316.898667922243476, 2175210.718082177918404 ], [ 4692316.898667922243476, 2175210.718082177918404 ], [ 4692316.263204227201641, 2175211.676817432045937 ], [ 4692316.263204227201641, 2175211.676817432045937 ], [ 4692315.013132642954588, 2175213.577717348001897 ], [ 4692272.150821531191468, 2175278.927044332958758 ], [ 4692272.150821531191468, 2175278.927044332958758 ], [ 4692270.319367698393762, 2175281.738951545208693 ], [ 4692270.319367698393762, 2175281.738951545208693 ], [ 4692269.719067711383104, 2175282.675644678063691 ], [ 4692266.51046307105571, 2175287.306586818769574 ], [ 4692265.307288370095193, 2175289.041316982824355 ], [ 4692265.009468230418861, 2175289.498041690792888 ], [ 4692264.722074188292027, 2175289.956241483800113 ], [ 4692264.442807506769896, 2175290.419437063857913 ], [ 4692264.171754831448197, 2175290.887483756057918 ], [ 4692263.909000344574451, 2175291.360236334148794 ], [ 4692263.654626404866576, 2175291.837547246832401 ], [ 4692263.408711707219481, 2175292.319267672020942 ], [ 4692263.17133301589638, 2175292.805247927084565 ], [ 4692262.942564372904599, 2175293.295336253941059 ], [ 4692262.72247679810971, 2175293.789380089845508 ], [ 4692262.511139145120978, 2175294.287225363776088 ], [ 4692262.308616919443011, 2175294.788716794922948 ], [ 4692262.114973334595561, 2175295.293698228895664 ], [ 4692261.930268611758947, 2175295.802012233994901 ], [ 4692261.754560616798699, 2175296.313500123098493 ], [ 4692261.587903767824173, 2175296.828002212103456 ], [ 4692261.430350014008582, 2175297.345358316786587 ], [ 4692261.281948617659509, 2175297.865406862925738 ], [ 4692261.142745833843946, 2175298.387985255103558 ], [ 4692261.012784739024937, 2175298.912930598016828 ], [ 4692260.892106196843088, 2175299.44007887179032 ], [ 4692260.780747478827834, 2175299.969265391118824 ], [ 4692260.678743655793369, 2175300.500324752181768 ], [ 4692260.586126181297004, 2175301.033090793062001 ], [ 4692260.502924051135778, 2175301.567397037986666 ], [ 4692260.429163054563105, 2175302.103076222818345 ], [ 4692260.364866165444255, 2175302.639960874803364 ], [ 4692260.310053559020162, 2175303.177882668096572 ], [ 4692260.264742081053555, 2175303.716672874987125 ], [ 4692260.228945634327829, 2175304.256162919104099 ], [ 4692260.202675526961684, 2175304.796183467842638 ], [ 4692260.185939621180296, 2175305.336565042845905 ], [ 4692260.178743214346468, 2175305.877137697767466 ], [ 4692260.181087926961482, 2175306.417731618974358 ], [ 4692260.192973054945469, 2175306.958176975138485 ], [ 4692260.214394561015069, 2175307.498303375206888 ], [ 4692260.2453453540802, 2175308.037940569221973 ], [ 4692260.285815271548927, 2175308.576918680220842 ], [ 4692260.335791558027267, 2175309.115067289210856 ], [ 4692260.395257755182683, 2175309.652216170914471 ], [ 4692260.464194757863879, 2175310.188195466995239 ], [ 4692260.542580250650644, 2175310.722835415042937 ], [ 4692260.63038909714669, 2175311.255966464988887 ], [ 4692260.72759298235178, 2175311.787418740801513 ], [ 4692260.834160136058927, 2175312.317023514769971 ], [ 4692260.950056537054479, 2175312.844611846841872 ], [ 4692261.075244282372296, 2175313.370014965068549 ], [ 4692261.209682758897543, 2175313.893064998090267 ], [ 4692261.3533283341676, 2175314.413594230078161 ], [ 4692261.506134226918221, 2175314.93143520411104 ], [ 4692261.668050434440374, 2175315.446421009954065 ], [ 4692261.839023905806243, 2175315.958385326899588 ], [ 4692262.018998496234417, 2175316.467162324115634 ], [ 4692262.20791494473815, 2175316.972586668096483 ], [ 4692262.40571081917733, 2175317.474493538960814 ], [ 4692262.612320478074253, 2175317.972718652803451 ], [ 4692262.827675110660493, 2175318.467098616063595 ], [ 4692263.051702939905226, 2175318.957470350898802 ], [ 4692263.28432865254581, 2175319.443671310786158 ], [ 4692263.525473844259977, 2175319.925539988093078 ], [ 4692263.775057100690901, 2175320.402915333863348 ], [ 4692264.032993456348777, 2175320.875636430922896 ], [ 4692264.299194437451661, 2175321.3435437111184 ], [ 4692264.57356886100024, 2175321.806478179991245 ], [ 4692264.85602181404829, 2175322.264280860777944 ], [ 4692265.146454762667418, 2175322.716793818864971 ], [ 4692265.444766242988408, 2175323.163860050961375 ], [ 4692265.750851229764521, 2175323.6053223060444 ], [ 4692266.064600750803947, 2175324.041024337057024 ], [ 4692266.385902850888669, 2175324.470810542814434 ], [ 4692266.714641815051436, 2175324.894525419920683 ], [ 4692267.050698164850473, 2175325.312013870105147 ], [ 4692267.393948965705931, 2175325.723121492192149 ], [ 4692267.744267594069242, 2175326.127693494781852 ], [ 4692268.101523464545608, 2175326.525575878098607 ], [ 4692268.465582643635571, 2175326.916614091955125 ], [ 4692268.836306956596673, 2175327.300653911195695 ], [ 4692269.213554797694087, 2175327.677540495060384 ], [ 4692269.597180533222854, 2175328.047119053080678 ], [ 4692269.987035121768713, 2175328.40923365810886 ], [ 4692270.38296517636627, 2175328.763727582059801 ], [ 4692270.784814098849893, 2175329.110443408135325 ], [ 4692271.192421518266201, 2175329.449221561197191 ], [ 4692271.605623379349709, 2175329.779901346191764 ], [ 4692272.024252726696432, 2175330.10231935698539 ], [ 4692272.448139161802828, 2175330.416309760883451 ], [ 4692272.877109669148922, 2175330.721703146118671 ], [ 4692273.310988754965365, 2175331.018326641060412 ], [ 4692273.749599163420498, 2175331.306002229917794 ], [ 4692274.19276190828532, 2175331.584546763915569 ], [ 4692274.640298053622246, 2175331.853770850226283 ], [ 4692275.092028653249145, 2175332.113476986065507 ], [ 4692275.547776393592358, 2175332.363459702115506 ], [ 4692276.007880011573434, 2175332.603770493995398 ], [ 4692276.683053901419044, 2175332.937581477221102 ], [ 4692282.113200752995908, 2175335.594527458772063 ], [ 4692282.113200752995908, 2175335.594527458772063 ], [ 4692284.035764954984188, 2175336.606247852090746 ], [ 4692284.035764954984188, 2175336.606247852090746 ], [ 4692285.563031941652298, 2175337.37876654881984 ], [ 4692285.563031941652298, 2175337.37876654881984 ], [ 4692288.571928887628019, 2175338.864560752175748 ], [ 4692322.966582388617098, 2175355.711747589055449 ], [ 4692322.966582388617098, 2175355.711747589055449 ], [ 4692325.84693896304816, 2175357.119549089111388 ], [ 4692325.84693896304816, 2175357.119549089111388 ], [ 4692327.297001184895635, 2175357.823675117921084 ], [ 4692327.297001184895635, 2175357.823675117921084 ], [ 4692329.723359634168446, 2175358.986518837977201 ], [ 4692329.723359634168446, 2175358.986518837977201 ], [ 4692331.681310665793717, 2175359.906403137836605 ], [ 4692331.681310665793717, 2175359.906403137836605 ], [ 4692334.047497726045549, 2175360.988568339962512 ], [ 4692334.047497726045549, 2175360.988568339962512 ], [ 4692336.14016608055681, 2175361.913352409843355 ], [ 4692336.14016608055681, 2175361.913352409843355 ], [ 4692338.51039831340313, 2175362.917453921865672 ], [ 4692338.51039831340313, 2175362.917453921865672 ], [ 4692340.691816044040024, 2175363.795681457035244 ], [ 4692340.691816044040024, 2175363.795681457035244 ], [ 4692343.091975936666131, 2175364.705158506985754 ], [ 4692343.091975936666131, 2175364.705158506985754 ], [ 4692345.350503954105079, 2175365.501806593034416 ], [ 4692345.350503954105079, 2175365.501806593034416 ], [ 4692347.627467984333634, 2175366.244121726136655 ], [ 4692347.627467984333634, 2175366.244121726136655 ], [ 4692350.085481240414083, 2175366.983098628930748 ], [ 4692350.085481240414083, 2175366.983098628930748 ], [ 4692352.350904230028391, 2175367.613753535784781 ], [ 4692352.350904230028391, 2175367.613753535784781 ], [ 4692354.842754799872637, 2175368.259432580787688 ], [ 4692354.842754799872637, 2175368.259432580787688 ], [ 4692357.066087388433516, 2175368.799134972970933 ], [ 4692357.066087388433516, 2175368.799134972970933 ], [ 4692359.602234841324389, 2175369.380408364813775 ], [ 4692359.602234841324389, 2175369.380408364813775 ], [ 4692361.715686746872962, 2175369.842014610767365 ], [ 4692361.715686746872962, 2175369.842014610767365 ], [ 4692364.348678563721478, 2175370.39588737487793 ], [ 4692364.348678563721478, 2175370.39588737487793 ], [ 4692365.927815646864474, 2175370.719615926966071 ], [ 4692365.927815646864474, 2175370.719615926966071 ], [ 4692369.070129548199475, 2175371.355400500819087 ], [ 4692395.363584408536553, 2175376.651942308060825 ], [ 4692406.214187148027122, 2175379.150552697945386 ], [ 4692407.9184311889112, 2175379.555586200207472 ], [ 4692409.378719584085047, 2175379.914946746081114 ], [ 4692410.58668318670243, 2175380.223177244886756 ], [ 4692411.793840597383678, 2175380.543257927056402 ], [ 4692412.747243996709585, 2175380.806742358952761 ], [ 4692413.698489483445883, 2175381.080521157942712 ], [ 4692414.631610110402107, 2175381.362428310792893 ], [ 4692415.577063330449164, 2175381.662098661996424 ], [ 4692416.26961967907846, 2175381.893482861109078 ], [ 4692416.960632911883295, 2175382.136683790944517 ], [ 4692417.649252448230982, 2175382.390082574915141 ], [ 4692418.104735381901264, 2175382.566965897101909 ], [ 4692418.55786959361285, 2175382.747958067804575 ], [ 4692419.228496082127094, 2175383.03331861179322 ], [ 4692419.89528417494148, 2175383.335986250080168 ], [ 4692420.324101579375565, 2175383.543494037818164 ], [ 4692420.753405312076211, 2175383.760623930953443 ], [ 4692421.180655837990344, 2175383.986187974922359 ], [ 4692421.602158709429204, 2175384.21819562278688 ], [ 4692422.236100709065795, 2175384.590464076027274 ], [ 4692422.645255111157894, 2175384.842012634966522 ], [ 4692423.261668808758259, 2175385.24109201785177 ], [ 4692423.656365520320833, 2175385.513357629999518 ], [ 4692424.051130147650838, 2175385.793443899136037 ], [ 4692424.441937454976141, 2175386.083774766884744 ], [ 4692424.828449685126543, 2175386.378852486144751 ], [ 4692425.396467038430274, 2175386.837998029775918 ], [ 4692425.759582923725247, 2175387.146609298884869 ], [ 4692426.120787237770855, 2175387.464677087031305 ], [ 4692426.475677981041372, 2175387.788369790185243 ], [ 4692427.001890420913696, 2175388.292904487811029 ], [ 4692427.511373174376786, 2175388.810607322026044 ], [ 4692428.011772204190493, 2175389.346533414907753 ], [ 4692428.329107969067991, 2175389.703779121860862 ], [ 4692428.641396752558649, 2175390.067977374885231 ], [ 4692429.101349221542478, 2175390.632272760849446 ], [ 4692429.5494050597772, 2175391.215965367853642 ], [ 4692429.834929025731981, 2175391.603908703196794 ], [ 4692430.109285929240286, 2175391.994405678007752 ], [ 4692430.378801885992289, 2175392.392695509828627 ], [ 4692430.642422395758331, 2175392.797340128105134 ], [ 4692430.897888185456395, 2175393.204805502202362 ], [ 4692431.270765112712979, 2175393.837967201136053 ], [ 4692431.505939711816609, 2175394.256450586020947 ], [ 4692431.851314529776573, 2175394.906033082865179 ], [ 4692432.064743561670184, 2175395.332598580978811 ], [ 4692432.271848210133612, 2175395.770251754205674 ], [ 4692432.472904676571488, 2175396.209985990077257 ], [ 4692432.760393155738711, 2175396.887809488922358 ], [ 4692432.939453471451998, 2175397.334872344974428 ], [ 4692433.107075311243534, 2175397.781584937125444 ], [ 4692433.268066426739097, 2175398.234605772886425 ], [ 4692433.421768664382398, 2175398.692279473878443 ], [ 4692433.567243290133774, 2175399.151758238207549 ], [ 4692433.770714005455375, 2175399.854405334219337 ], [ 4692433.953080902807415, 2175400.56045153690502 ], [ 4692434.060798860155046, 2175401.024218808859587 ], [ 4692434.161375159397721, 2175401.494381047785282 ], [ 4692434.253795576281846, 2175401.966441318858415 ], [ 4692434.336653053760529, 2175402.444708998780698 ], [ 4692434.413172125816345, 2175402.923483185935766 ], [ 4692434.508317842148244, 2175403.645018101204187 ], [ 4692434.585306511260569, 2175404.375063639134169 ], [ 4692434.623627431690693, 2175404.850188844837248 ], [ 4692434.652013642713428, 2175405.333129784092307 ], [ 4692434.674173237755895, 2175405.818085306789726 ], [ 4692434.685904143378139, 2175406.30458914488554 ], [ 4692434.689244916662574, 2175406.784908536821604 ], [ 4692434.677415899001062, 2175407.518924145959318 ], [ 4692434.658033636398613, 2175407.996165425051004 ], [ 4692434.630258364602923, 2175408.476053712889552 ], [ 4692434.591812917031348, 2175408.959485522005707 ], [ 4692434.547188632190228, 2175409.4417754271999 ], [ 4692434.459353285841644, 2175410.173895103856921 ], [ 4692434.392455225810409, 2175410.6516263182275 ], [ 4692434.316049586981535, 2175411.123344602994621 ], [ 4692434.230975854210556, 2175411.597209847997874 ], [ 4692434.137831729836762, 2175412.069798799231648 ], [ 4692434.033786636777222, 2175412.54446476791054 ], [ 4692433.923845172859728, 2175413.017293897923082 ], [ 4692433.74014746863395, 2175413.722151554189622 ], [ 4692433.537134412676096, 2175414.428012379910797 ], [ 4692433.393994976766407, 2175414.88479798194021 ], [ 4692433.242729601450264, 2175415.340900192968547 ], [ 4692432.996417907066643, 2175416.02902808599174 ], [ 4692432.822385052219033, 2175416.483829934149981 ], [ 4692432.643207160755992, 2175416.930346890818328 ], [ 4692432.354952448047698, 2175417.606086490210146 ], [ 4692432.157437010668218, 2175418.041381195187569 ], [ 4692431.951139139011502, 2175418.477460550144315 ], [ 4692431.73720380011946, 2175418.91187531594187 ], [ 4692431.516870462335646, 2175419.342280919197947 ], [ 4692431.16866516135633, 2175419.987250016070902 ], [ 4692430.805979712866247, 2175420.620485641993582 ], [ 4692430.426952716894448, 2175421.249293495900929 ], [ 4692430.039076109416783, 2175421.858775277156383 ], [ 4692429.635822316631675, 2175422.463627533987164 ], [ 4692429.218603655695915, 2175423.062355706002563 ], [ 4692428.786124008707702, 2175423.654514521826059 ], [ 4692428.336860683746636, 2175424.243076108861715 ], [ 4692428.031162651255727, 2175424.631992809008807 ], [ 4692427.725283504463732, 2175425.012004867196083 ], [ 4692427.251928615383804, 2175425.582205273211002 ], [ 4692426.777211944572628, 2175426.134411795064807 ], [ 4692426.292511911131442, 2175426.682166988961399 ], [ 4692425.799536389298737, 2175427.225054596085101 ], [ 4692425.129147347062826, 2175427.944522220175713 ], [ 4692424.448318680748343, 2175428.65838387189433 ], [ 4692423.412063983269036, 2175429.725948853883892 ], [ 4692421.499865184538066, 2175431.677434691227973 ], [ 4692419.929516761563718, 2175433.26393171120435 ], [ 4692418.702973160892725, 2175434.488948167767376 ], [ 4692417.469652587547898, 2175435.704777908045799 ], [ 4692416.405194484628737, 2175436.737073700875044 ], [ 4692415.511714226566255, 2175437.589439002797008 ], [ 4692414.792496998794377, 2175438.264211236964911 ], [ 4692413.88344182819128, 2175439.099375967867672 ], [ 4692413.148517304100096, 2175439.75842276820913 ], [ 4692412.592136131599545, 2175440.246359544806182 ], [ 4692412.029719815589488, 2175440.729216631036252 ], [ 4692411.461004413664341, 2175441.205974659882486 ], [ 4692410.88568149972707, 2175441.675545764155686 ], [ 4692410.307655235752463, 2175442.131723418831825 ], [ 4692409.721247161738575, 2175442.578794811852276 ], [ 4692409.137574654072523, 2175443.004680234007537 ], [ 4692408.542092352174222, 2175443.420031862799078 ], [ 4692408.140963952057064, 2175443.688328914809972 ], [ 4692407.736084637232125, 2175443.949593169149011 ], [ 4692407.108013737946749, 2175444.331961787771434 ], [ 4692406.68389383610338, 2175444.579193228855729 ], [ 4692406.261296832934022, 2175444.816538256127387 ], [ 4692405.839062652550638, 2175445.042533863801509 ], [ 4692405.410249307751656, 2175445.263273589778692 ], [ 4692404.976334232836962, 2175445.4779999749735 ], [ 4692404.540694365277886, 2175445.685144507791847 ], [ 4692403.86900684889406, 2175445.98440454993397 ], [ 4692403.417125288397074, 2175446.176112032029778 ], [ 4692402.968697853386402, 2175446.358487273100764 ], [ 4692402.280386311933398, 2175446.622623578179628 ], [ 4692401.59771554172039, 2175446.865736469160765 ], [ 4692401.13899995945394, 2175447.018145184032619 ], [ 4692400.439326898194849, 2175447.239866042044014 ], [ 4692399.733860841020942, 2175447.446130787022412 ], [ 4692399.026410077698529, 2175447.636709201149642 ], [ 4692398.31096812710166, 2175447.815344063099474 ], [ 4692397.589216285385191, 2175447.982253196183592 ], [ 4692396.876760489307344, 2175448.133431143127382 ], [ 4692391.248426591046154, 2175449.239473902154714 ], [ 4692356.100274348631501, 2175454.127728074789047 ], [ 4692356.100274348631501, 2175454.127728074789047 ], [ 4692352.27489042468369, 2175454.657053887844086 ], [ 4692352.27489042468369, 2175454.657053887844086 ], [ 4692350.36883791629225, 2175454.916775378864259 ], [ 4692350.36883791629225, 2175454.916775378864259 ], [ 4692347.193516964092851, 2175455.336057573091239 ], [ 4692347.193516964092851, 2175455.336057573091239 ], [ 4692344.659856501035392, 2175455.654605842195451 ], [ 4692344.659856501035392, 2175455.654605842195451 ], [ 4692341.621210726909339, 2175456.011094850953668 ], [ 4692341.621210726909339, 2175456.011094850953668 ], [ 4692338.968318223953247, 2175456.294506160076708 ], [ 4692338.968318223953247, 2175456.294506160076708 ], [ 4692335.991781922988594, 2175456.575124076101929 ], [ 4692335.991781922988594, 2175456.575124076101929 ], [ 4692333.2916224822402, 2175456.790236962027848 ], [ 4692333.2916224822402, 2175456.790236962027848 ], [ 4692330.352920030243695, 2175456.975406365003437 ], [ 4692330.352920030243695, 2175456.975406365003437 ], [ 4692327.630704715847969, 2175457.096037310082465 ], [ 4692327.630704715847969, 2175457.096037310082465 ], [ 4692318.75716919451952, 2175457.114745260681957 ], [ 4692309.901167957112193, 2175456.556870074942708 ], [ 4692309.901167957112193, 2175456.556870074942708 ], [ 4692307.191313196904957, 2175456.271046195179224 ], [ 4692307.191313196904957, 2175456.271046195179224 ], [ 4692304.269293065182865, 2175455.907648248132318 ], [ 4692304.269293065182865, 2175455.907648248132318 ], [ 4692301.587194642983377, 2175455.528857247903943 ], [ 4692301.587194642983377, 2175455.528857247903943 ], [ 4692298.633210501633584, 2175455.067888185847551 ], [ 4692298.633210501633584, 2175455.067888185847551 ], [ 4692296.00244181510061, 2175454.623797154985368 ], [ 4692296.00244181510061, 2175454.623797154985368 ], [ 4692292.991073320619762, 2175454.08332311315462 ], [ 4692292.991073320619762, 2175454.08332311315462 ], [ 4692290.481451508589089, 2175453.611405215226114 ], [ 4692290.481451508589089, 2175453.611405215226114 ], [ 4692287.337475971318781, 2175452.999948923941702 ], [ 4692287.337475971318781, 2175452.999948923941702 ], [ 4692285.45072764903307, 2175452.624885779805481 ], [ 4692285.45072764903307, 2175452.624885779805481 ], [ 4692281.664577301591635, 2175451.864088058937341 ], [ 4692236.631721865385771, 2175442.782728826161474 ], [ 4692226.09768710937351, 2175440.346382971853018 ], [ 4692225.325432797893882, 2175440.187778506893665 ], [ 4692224.554348733276129, 2175440.04197399597615 ], [ 4692223.781079916283488, 2175439.908277874812484 ], [ 4692223.005817334167659, 2175439.786723129916936 ], [ 4692222.228752148337662, 2175439.677340031135827 ], [ 4692221.450076502747834, 2175439.580156174022704 ], [ 4692220.669983028434217, 2175439.495195703115314 ], [ 4692219.888664556667209, 2175439.422480000182986 ], [ 4692219.106314671225846, 2175439.362027659080923 ], [ 4692218.323127393610775, 2175439.313854043837637 ], [ 4692217.539297142997384, 2175439.277971637900919 ], [ 4692216.755018446594477, 2175439.254389786161482 ], [ 4692215.970486709848046, 2175439.243115487042814 ], [ 4692215.185897557996213, 2175439.24415185302496 ], [ 4692214.401446717791259, 2175439.25749963382259 ], [ 4692213.617330522276461, 2175439.283156433142722 ], [ 4692212.833745672367513, 2175439.321116941981018 ], [ 4692212.050889206118882, 2175439.371372723951936 ], [ 4692211.268958365544677, 2175439.433912423904985 ], [ 4692210.488151081837714, 2175439.508721906226128 ], [ 4692209.708665468730032, 2175439.595783651806414 ], [ 4692208.930700233206153, 2175439.695077617187053 ], [ 4692208.154454574920237, 2175439.806580333039165 ], [ 4692207.38012795522809, 2175439.930265617091209 ], [ 4692206.60792104806751, 2175440.066104480996728 ], [ 4692205.838034709915519, 2175440.214064291212708 ], [ 4692205.070670734159648, 2175440.374110177159309 ], [ 4692204.306032138876617, 2175440.546203766949475 ], [ 4692203.544322549365461, 2175440.73030360089615 ], [ 4692202.785746959038079, 2175440.926365478895605 ], [ 4692202.030511806719005, 2175441.134341909084469 ], [ 4692201.278824938461185, 2175441.354182365816087 ], [ 4692200.530896108597517, 2175441.585833332035691 ], [ 4692199.786937248893082, 2175441.829238038975745 ], [ 4692199.048143701627851, 2175442.083998100832105 ], [ 4692198.523845390416682, 2175442.272629563231021 ], [ 4692195.291866439394653, 2175443.803503482136875 ], [ 4692193.646699728444219, 2175444.581013143993914 ], [ 4692190.471582223661244, 2175446.582511119078845 ], [ 4692190.471582223661244, 2175446.582511119078845 ], [ 4692189.667739215306938, 2175447.026021727826446 ], [ 4692189.667739215306938, 2175447.026021727826446 ], [ 4692188.040121035650373, 2175447.954186548944563 ], [ 4692188.040121035650373, 2175447.954186548944563 ], [ 4692186.701530260033906, 2175448.743978389073163 ], [ 4692186.701530260033906, 2175448.743978389073163 ], [ 4692185.055940484628081, 2175449.739663848187774 ], [ 4692185.055940484628081, 2175449.739663848187774 ], [ 4692184.075962333008647, 2175450.342552088201046 ], [ 4692184.075962333008647, 2175450.342552088201046 ], [ 4692182.142459213733673, 2175451.541926887817681 ], [ 4692179.593496409244835, 2175453.127430189866573 ], [ 4692173.087133146822453, 2175456.792145103216171 ], [ 4692171.356729237362742, 2175457.755562516860664 ], [ 4692169.840450634248555, 2175458.588838777970523 ], [ 4692168.538802269846201, 2175459.293487031944096 ], [ 4692167.45238290168345, 2175459.870447104796767 ], [ 4692166.579931502230465, 2175460.321096621919423 ], [ 4692165.702638815157115, 2175460.761638254858553 ], [ 4692164.594501879997551, 2175461.297647478990257 ], [ 4692163.926683117635548, 2175461.609149909112602 ], [ 4692163.027814037166536, 2175462.015949060209095 ], [ 4692162.119620459154248, 2175462.408179301768541 ], [ 4692161.434587665833533, 2175462.693062664940953 ], [ 4692160.509022631682456, 2175463.061189303174615 ], [ 4692159.818172018043697, 2175463.323086014017463 ], [ 4692159.126112471334636, 2175463.573402895126492 ], [ 4692158.66244428511709, 2175463.736260522156954 ], [ 4692157.970712780952454, 2175463.968075676821172 ], [ 4692157.274345650337636, 2175464.190118229947984 ], [ 4692156.573875933885574, 2175464.40201064478606 ], [ 4692155.867277187295258, 2175464.602804352063686 ], [ 4692155.157467452809215, 2175464.794061385095119 ], [ 4692154.198506093584001, 2175465.031407550908625 ], [ 4692153.475569384172559, 2175465.197227767203003 ], [ 4692152.754197626374662, 2175465.349670637864619 ], [ 4692152.027864325791597, 2175465.491492094006389 ], [ 4692151.312355413101614, 2175465.618580958805978 ], [ 4692150.592767346650362, 2175465.734940282069147 ], [ 4692149.869713774882257, 2175465.840439437888563 ], [ 4692149.143187620677054, 2175465.935058404225856 ], [ 4692148.415264584124088, 2175466.018539493903518 ], [ 4692147.43435125797987, 2175466.110670341178775 ], [ 4692146.696310128085315, 2175466.167331573087722 ], [ 4692145.954549440182745, 2175466.212877053767443 ], [ 4692145.217853902839124, 2175466.245538422837853 ], [ 4692144.483248077332973, 2175466.265631758142263 ], [ 4692143.992478859610856, 2175466.274144392926246 ], [ 4692143.263247913680971, 2175466.275673010852188 ], [ 4692142.532323589548469, 2175466.266109358053654 ], [ 4692141.800412772223353, 2175466.245474870782346 ], [ 4692141.066635121591389, 2175466.212455196771771 ], [ 4692140.330446008592844, 2175466.168240630067885 ], [ 4692139.592469956725836, 2175466.112825242802501 ], [ 4692138.853233071044087, 2175466.046225748956203 ], [ 4692138.119896044954658, 2175465.96804558718577 ], [ 4692137.384680459275842, 2175465.878702539019287 ], [ 4692136.649186481721699, 2175465.778308676090091 ], [ 4692135.928506384603679, 2175465.668171537108719 ], [ 4692135.20730291493237, 2175465.547303379978985 ], [ 4692134.486795286647975, 2175465.415983344893903 ], [ 4692133.765752821229398, 2175465.272839007899165 ], [ 4692133.045869441702962, 2175465.120661336928606 ], [ 4692132.083246666938066, 2175464.89871791889891 ], [ 4692131.362563545815647, 2175464.721217480953783 ], [ 4692130.64254589099437, 2175464.533808880019933 ], [ 4692129.696158409118652, 2175464.270514280069619 ], [ 4692128.750462057068944, 2175463.990596711169928 ], [ 4692127.805969877168536, 2175463.694732679054141 ], [ 4692126.878847503103316, 2175463.387931991834193 ], [ 4692125.953654791228473, 2175463.067272346001118 ], [ 4692125.030600405298173, 2175462.733870692085475 ], [ 4692124.109536929056048, 2175462.38883367786184 ], [ 4692123.190340344794095, 2175462.033222633879632 ], [ 4692115.912648720666766, 2175459.136652566026896 ], [ 4692107.316971175372601, 2175455.197011440992355 ], [ 4692107.316971175372601, 2175455.197011440992355 ], [ 4692104.824865331873298, 2175454.057751633226871 ], [ 4692104.824865331873298, 2175454.057751633226871 ], [ 4692103.567814937792718, 2175453.487539031077176 ], [ 4692103.567814937792718, 2175453.487539031077176 ], [ 4692102.564404119737446, 2175453.036988731008023 ], [ 4692097.342222818173468, 2175450.445560588967055 ], [ 4692096.390134764835238, 2175450.029728430788964 ], [ 4692095.440390573814511, 2175449.630586953833699 ], [ 4692094.485175344161689, 2175449.244719841051847 ], [ 4692093.524674486368895, 2175448.8722018818371 ], [ 4692092.55907444935292, 2175448.513105385936797 ], [ 4692091.588562648743391, 2175448.1674998649396 ], [ 4692090.613327456638217, 2175447.835452370811254 ], [ 4692089.633558078669012, 2175447.517026974819601 ], [ 4692088.6494444841519, 2175447.212285447865725 ], [ 4692087.661177608184516, 2175446.921286726836115 ], [ 4692086.668949118815362, 2175446.644086997024715 ], [ 4692085.672951232641935, 2175446.380739567801356 ], [ 4692084.673376919701695, 2175446.13129545096308 ], [ 4692083.670419915579259, 2175445.895802468061447 ], [ 4692082.6642741933465, 2175445.674305684864521 ], [ 4692081.655134378932416, 2175445.466847753152251 ], [ 4692080.643195707350969, 2175445.273468188941479 ], [ 4692079.628653551451862, 2175445.094203575979918 ], [ 4692078.611703652888536, 2175444.929087903816253 ], [ 4692077.592541972175241, 2175444.778152071870863 ], [ 4692076.571364666335285, 2175444.641424387227744 ], [ 4692075.548368122428656, 2175444.518929976969957 ], [ 4692074.523748463019729, 2175444.410690839868039 ], [ 4692073.497701699845493, 2175444.316726342774928 ], [ 4692072.470423800870776, 2175444.237052725162357 ], [ 4692071.442110287025571, 2175444.171683044172823 ], [ 4692070.412950447760522, 2175444.120626995805651 ], [ 4692069.35939502902329, 2175444.083059635944664 ], [ 4692068.31243288423866, 2175444.122495783027261 ], [ 4692061.773239101283252, 2175444.652985814027488 ], [ 4692061.773239101283252, 2175444.652985814027488 ], [ 4692059.640508527867496, 2175444.807458842173219 ], [ 4692059.640508527867496, 2175444.807458842173219 ], [ 4692057.680408612824976, 2175444.983422932215035 ], [ 4692057.680408612824976, 2175444.983422932215035 ], [ 4692055.458043535239995, 2175445.215780924074352 ], [ 4692055.458043535239995, 2175445.215780924074352 ], [ 4692053.614112924784422, 2175445.430436163209379 ], [ 4692053.614112924784422, 2175445.430436163209379 ], [ 4692051.326902109198272, 2175445.717082915827632 ], [ 4692051.326902109198272, 2175445.717082915827632 ], [ 4692049.958312439732254, 2175445.896750647109002 ], [ 4692049.958312439732254, 2175445.896750647109002 ], [ 4692047.242515124380589, 2175446.26137270219624 ], [ 4691984.604134247638285, 2175454.733438500203192 ], [ 4691968.832786598242819, 2175456.556287303101271 ], [ 4691966.866855722852051, 2175456.771719512995332 ], [ 4691965.14849862921983, 2175456.947593660093844 ], [ 4691963.676828436553478, 2175457.086200166959316 ], [ 4691962.451537654735148, 2175457.190983002074063 ], [ 4691961.225884385406971, 2175457.283985715825111 ], [ 4691960.246269927360117, 2175457.348191681783646 ], [ 4691959.266105356626213, 2175457.401836674194783 ], [ 4691958.285057184286416, 2175457.443186901044101 ], [ 4691957.549613761715591, 2175457.46428374806419 ], [ 4691956.563772673718631, 2175457.481502944137901 ], [ 4691955.8247279105708, 2175457.484461890999228 ], [ 4691955.082977375015616, 2175457.479667754843831 ], [ 4691954.339635118842125, 2175457.4671142809093 ], [ 4691953.595517323352396, 2175457.446825989056379 ], [ 4691952.59905297588557, 2175457.407126422040164 ], [ 4691951.606960450299084, 2175457.353350148070604 ], [ 4691950.87323403172195, 2175457.305209604091942 ], [ 4691949.885807236656547, 2175457.228701870888472 ], [ 4691948.897907097823918, 2175457.139210881199688 ], [ 4691947.924925399944186, 2175457.037868363782763 ], [ 4691946.951710233464837, 2175456.924318473786116 ], [ 4691945.978571020066738, 2175456.798942375928164 ], [ 4691945.005500825121999, 2175456.662150193937123 ], [ 4691944.032469732686877, 2175456.514421722851694 ], [ 4691937.251157281920314, 2175455.412573516834527 ], [ 4691902.398914327844977, 2175447.853839010000229 ], [ 4691891.201911561191082, 2175445.027997808065265 ], [ 4691890.445064794272184, 2175444.83700554817915 ], [ 4691889.67847793456167, 2175444.656368968077004 ], [ 4691888.908418172970414, 2175444.488731922116131 ], [ 4691888.135612677782774, 2175444.334261911921203 ], [ 4691887.360286980867386, 2175444.193004163913429 ], [ 4691886.582667429931462, 2175444.06499998178333 ], [ 4691885.80298088118434, 2175443.950286683160812 ], [ 4691885.021454988978803, 2175443.848898073192686 ], [ 4691884.238318040966988, 2175443.760863764211535 ], [ 4691883.453798786737025, 2175443.68620973220095 ], [ 4691882.668126587755978, 2175443.624957977794111 ], [ 4691881.881531216204166, 2175443.57712660683319 ], [ 4691881.094242736697197, 2175443.542729779146612 ], [ 4691880.306491653434932, 2175443.521777944173664 ], [ 4691879.518508860841393, 2175443.514277460984886 ], [ 4691878.730525164864957, 2175443.520230677910149 ], [ 4691877.942771754227579, 2175443.53963646478951 ], [ 4691877.155480080284178, 2175443.572489464189857 ], [ 4691876.368881665170193, 2175443.618780461139977 ], [ 4691875.583207773044705, 2175443.678496147040278 ], [ 4691874.798690101131797, 2175443.751619836781174 ], [ 4691874.015560148283839, 2175443.838130271993577 ], [ 4691873.234049421735108, 2175443.938002837821841 ], [ 4691872.454389382153749, 2175444.051208585035056 ], [ 4691871.676811357960105, 2175444.177714955061674 ], [ 4691870.901546738110483, 2175444.317485333885998 ], [ 4691870.128826772794127, 2175444.470479140989482 ], [ 4691869.358882395550609, 2175444.636651852168143 ], [ 4691868.591944743879139, 2175444.815955325961113 ], [ 4691867.828244926407933, 2175445.008337128907442 ], [ 4691867.068013872019947, 2175445.213740947190672 ], [ 4691866.311482419259846, 2175445.432106518186629 ], [ 4691865.558881813660264, 2175445.663369745947421 ], [ 4691864.810442988760769, 2175445.907462121918797 ], [ 4691864.066397426649928, 2175446.164311682805419 ], [ 4691863.326976797543466, 2175446.433841825928539 ], [ 4691862.592413078993559, 2175446.715972204227 ], [ 4691861.862938945181668, 2175447.010618207976222 ], [ 4691861.138787726871669, 2175447.317691013216972 ], [ 4691860.42019375320524, 2175447.637097487226129 ], [ 4691859.707396710291505, 2175447.968737914226949 ], [ 4691859.002646015956998, 2175448.3115204279311 ], [ 4691858.730342760682106, 2175448.44790457887575 ], [ 4691855.929292242974043, 2175450.24594207899645 ], [ 4691854.17959628533572, 2175451.363283485174179 ], [ 4691849.846914682537317, 2175454.912112349178642 ], [ 4691849.846914682537317, 2175454.912112349178642 ], [ 4691849.562695317901671, 2175455.127476401161402 ], [ 4691849.562695317901671, 2175455.127476401161402 ], [ 4691848.400975001975894, 2175456.022737849969417 ], [ 4691848.400975001975894, 2175456.022737849969417 ], [ 4691846.977410298772156, 2175457.145948391873389 ], [ 4691846.977410298772156, 2175457.145948391873389 ], [ 4691846.131201012991369, 2175457.82414270285517 ], [ 4691846.131201012991369, 2175457.82414270285517 ], [ 4691844.464706856757402, 2175459.170212544035167 ], [ 4691832.059857378713787, 2175469.215981878805906 ], [ 4691824.465453129261732, 2175474.933798382990062 ], [ 4691823.271028513088822, 2175475.819573129992932 ], [ 4691822.270640108734369, 2175476.549518061801791 ], [ 4691821.263583721593022, 2175477.271185903809965 ], [ 4691820.453030706383288, 2175477.840680037159473 ], [ 4691819.636260977014899, 2175478.402836805209517 ], [ 4691818.812784471549094, 2175478.95609785290435 ], [ 4691817.980326615273952, 2175479.498671664856374 ], [ 4691817.137498158030212, 2175480.029717945028096 ], [ 4691816.51058482285589, 2175480.40920480992645 ], [ 4691816.089673055335879, 2175480.658320385031402 ], [ 4691815.459185275249183, 2175481.017491715960205 ], [ 4691814.821641687303782, 2175481.365169210825115 ], [ 4691814.174297979101539, 2175481.700898696202785 ], [ 4691813.741595108993351, 2175481.915211197920144 ], [ 4691813.077324273064733, 2175482.226980446837842 ], [ 4691812.408893573097885, 2175482.521174326073378 ], [ 4691811.730402454733849, 2175482.802463822066784 ], [ 4691811.056700164452195, 2175483.063287440221757 ], [ 4691810.373760097660124, 2175483.311489096842706 ], [ 4691809.682666327804327, 2175483.546935155056417 ], [ 4691809.217944673262537, 2175483.695100728888065 ], [ 4691808.750780264846981, 2175483.839074799790978 ], [ 4691808.038331655785441, 2175484.04325743811205 ], [ 4691807.5608154181391, 2175484.172851634211838 ], [ 4691807.088546700775623, 2175484.295167474076152 ], [ 4691806.368434454314411, 2175484.469993335194886 ], [ 4691805.657991593703628, 2175484.629264099989086 ], [ 4691804.942138560116291, 2175484.778563204221427 ], [ 4691798.866456243209541, 2175485.959005230106413 ], [ 4691783.644361002370715, 2175488.154363161884248 ], [ 4691776.786676879040897, 2175488.732050780206919 ], [ 4691774.500366024672985, 2175488.914190561976284 ], [ 4691772.450301338918507, 2175489.067110766191036 ], [ 4691770.373422865755856, 2175489.210831242147833 ], [ 4691769.299999207258224, 2175489.285790842026472 ], [ 4691768.752771056257188, 2175489.355372678954154 ], [ 4691768.223041693679988, 2175489.431133401114494 ], [ 4691767.694597433321178, 2175489.515132696833462 ], [ 4691767.167569524608552, 2175489.607349519152194 ], [ 4691766.642089695669711, 2175489.70776115404442 ], [ 4691766.118289065547287, 2175489.816342053003609 ], [ 4691765.596298557706177, 2175489.933065387886018 ], [ 4691765.076249731704593, 2175490.057901803869754 ], [ 4691764.558273257687688, 2175490.190819624811411 ], [ 4691764.04249991197139, 2175490.331785602029413 ], [ 4691763.529060628265142, 2175490.480763948056847 ], [ 4691763.01808596868068, 2175490.637716780882329 ], [ 4691762.50970627553761, 2175490.802604107186198 ], [ 4691762.004051756113768, 2175490.975383897777647 ], [ 4691761.501253021880984, 2175491.156011871993542 ], [ 4691761.001439808867872, 2175491.344441238790751 ], [ 4691760.504742148332298, 2175491.540623669978231 ], [ 4691760.011290226131678, 2175491.744507933035493 ], [ 4691759.521213510073721, 2175491.95604078611359 ], [ 4691759.034641690552235, 2175492.175166986882687 ], [ 4691758.55170476064086, 2175492.401828721165657 ], [ 4691758.072532226331532, 2175492.635965784080327 ], [ 4691757.597253666259348, 2175492.87751598097384 ], [ 4691757.125999193638563, 2175493.126414463855326 ], [ 4691756.658898238092661, 2175493.382593900896609 ], [ 4691756.196080799214542, 2175493.645985112991184 ], [ 4691755.73767742421478, 2175493.916515811812133 ], [ 4691755.283818085677922, 2175494.194111399818212 ], [ 4691754.834633604623377, 2175494.478695151861757 ], [ 4691754.39025504514575, 2175494.770187363028526 ], [ 4691753.950814119540155, 2175495.068506022915244 ], [ 4691753.516442744992673, 2175495.373566330876201 ], [ 4691753.087273946963251, 2175495.685281143989414 ], [ 4691752.66344131808728, 2175496.003560217097402 ], [ 4691752.245079206302762, 2175496.328311061020941 ], [ 4691751.832323117181659, 2175496.659438540227711 ], [ 4691751.425310155376792, 2175496.996844780165702 ], [ 4691751.024178550578654, 2175497.340429097879678 ], [ 4691750.629068239592016, 2175497.690088462084532 ], [ 4691750.240121030248702, 2175498.045717150904238 ], [ 4691749.857480886392295, 2175498.407207091804594 ], [ 4691749.481294201686978, 2175498.774447880219668 ], [ 4691749.111710112541914, 2175499.14732712181285 ], [ 4691748.748881477862597, 2175499.525730228051543 ], [ 4691748.392964102327824, 2175499.909540770109743 ], [ 4691748.044118101708591, 2175500.29864152520895 ], [ 4691747.702508392743766, 2175500.692914018873125 ], [ 4691747.368305112235248, 2175501.092239472083747 ], [ 4691747.041684155352414, 2175501.496499566826969 ], [ 4691746.722828690893948, 2175501.905576933175325 ], [ 4691746.411269868724048, 2175502.320233133155853 ], [ 4691746.108905957080424, 2175502.740497120190412 ], [ 4691744.580866580829024, 2175504.953655409161001 ], [ 4691744.320066806860268, 2175505.30606729676947 ], [ 4691743.863375511020422, 2175505.926453686784953 ], [ 4691743.412247342988849, 2175506.55523363687098 ], [ 4691742.823781893588603, 2175507.39746507210657 ], [ 4691742.246715712361038, 2175508.244422902818769 ], [ 4691741.539866517297924, 2175509.302882514894009 ], [ 4691740.009568510577083, 2175511.606182597111911 ], [ 4691738.163317181169987, 2175514.270320171955973 ], [ 4691736.731664770282805, 2175516.318977224174887 ], [ 4691735.578126447275281, 2175517.95368178980425 ], [ 4691734.560258398763835, 2175519.380215174052864 ], [ 4691733.679311792366207, 2175520.599436820019037 ], [ 4691732.938285144977272, 2175521.611903155222535 ], [ 4691732.047056778334081, 2175522.809033145196736 ], [ 4691731.295578580349684, 2175523.797956576105207 ], [ 4691730.684793417342007, 2175524.587145011872053 ], [ 4691730.074040768668056, 2175525.358272549230605 ], [ 4691729.610401639714837, 2175525.932906857226044 ], [ 4691728.987483016215265, 2175526.685246421024203 ], [ 4691728.505043760873377, 2175527.254105664789677 ], [ 4691727.858991489745677, 2175527.989113363903016 ], [ 4691727.366299671120942, 2175528.531828592997044 ], [ 4691727.031743291765451, 2175528.888173141982406 ], [ 4691726.694493589922786, 2175529.240952074993402 ], [ 4691726.172805901616812, 2175529.764112011995167 ], [ 4691725.827009824104607, 2175530.099283761810511 ], [ 4691725.287944683805108, 2175530.599909279961139 ], [ 4691724.929714892990887, 2175530.917458720039576 ], [ 4691724.56296659912914, 2175531.232297249138355 ], [ 4691724.191912356764078, 2175531.54084900720045 ], [ 4691723.619269638322294, 2175531.99597221519798 ], [ 4691723.029669287614524, 2175532.440524375066161 ], [ 4691722.638916323892772, 2175532.724631528835744 ], [ 4691722.034358260221779, 2175533.146003364119679 ], [ 4691721.429977723397315, 2175533.546165862120688 ], [ 4691721.021346523426473, 2175533.804466804955155 ], [ 4691720.395612978376448, 2175534.18806275492534 ], [ 4691719.760656625032425, 2175534.5582081140019 ], [ 4691719.120175731368363, 2175534.913759105838835 ], [ 4691718.469248143024743, 2175535.259802132844925 ], [ 4691717.809551628306508, 2175535.596179916057736 ], [ 4691717.155308621935546, 2175535.91527658700943 ], [ 4691711.369825224392116, 2175538.633058106061071 ], [ 4691699.961240123957396, 2175542.883583593182266 ], [ 4691698.802888048812747, 2175543.303439503069967 ], [ 4691697.640717085450888, 2175543.713185844011605 ], [ 4691696.474535604007542, 2175544.112266349140555 ], [ 4691695.304209368303418, 2175544.500858690124005 ], [ 4691694.129816071130335, 2175544.879094630945474 ], [ 4691692.951891087926924, 2175545.246997669804841 ], [ 4691691.531874004751444, 2175545.675202140118927 ], [ 4691690.345625206828117, 2175546.021356991026551 ], [ 4691681.290172870270908, 2175548.573553877882659 ], [ 4691674.604689927771688, 2175550.143112963996828 ], [ 4691652.312538292258978, 2175555.063510334119201 ], [ 4691650.37666697986424, 2175555.479727894999087 ], [ 4691648.683242036029696, 2175555.833036618772894 ], [ 4691647.232142301276326, 2175556.125229484867305 ], [ 4691645.780136724933982, 2175556.405229488853365 ], [ 4691644.570025792345405, 2175556.626893999055028 ], [ 4691643.357900286093354, 2175556.835941161029041 ], [ 4691642.388130467385054, 2175556.992075936868787 ], [ 4691641.415785625576973, 2175557.136140405200422 ], [ 4691640.440919480286539, 2175557.267840009182692 ], [ 4691639.709489640779793, 2175557.355414697900414 ], [ 4691638.974897755309939, 2175557.433300040196627 ], [ 4691638.238801608793437, 2175557.50012752879411 ], [ 4691637.497706537134945, 2175557.553277219180018 ], [ 4691637.013567126356065, 2175557.58090765401721 ], [ 4691636.275659538805485, 2175557.60926921479404 ], [ 4691635.796817876398563, 2175557.617562687024474 ], [ 4691635.312026770785451, 2175557.616765081882477 ], [ 4691634.825862019322813, 2175557.610460598021746 ], [ 4691634.337606156244874, 2175557.595059391111135 ], [ 4691633.849906857125461, 2175557.574271786026657 ], [ 4691633.120115973986685, 2175557.526373980101198 ], [ 4691632.387794764712453, 2175557.462442459072918 ], [ 4691631.669126214459538, 2175557.382604994811118 ], [ 4691630.948037454858422, 2175557.287340934854001 ], [ 4691630.226436447352171, 2175557.177173108793795 ], [ 4691629.504165703430772, 2175557.050675014033914 ], [ 4691628.777884878218174, 2175556.907654069829732 ], [ 4691628.294160641729832, 2175556.805228393059224 ], [ 4691627.818450653925538, 2175556.698671834077686 ], [ 4691627.098428575322032, 2175556.525682848878205 ], [ 4691626.39415976870805, 2175556.343113392125815 ], [ 4691625.689673017710447, 2175556.149041654076427 ], [ 4691620.636661378666759, 2175554.680739209055901 ], [ 4691581.84027590136975, 2175540.939694668166339 ], [ 4691581.84027590136975, 2175540.939694668166339 ], [ 4691580.311706783249974, 2175540.399458954110742 ], [ 4691572.297372709959745, 2175537.367742478847504 ], [ 4691571.554880036041141, 2175537.118947985116392 ], [ 4691570.815653657540679, 2175536.881196037866175 ], [ 4691570.073596006259322, 2175536.652441998012364 ], [ 4691569.328816668130457, 2175536.432719679083675 ], [ 4691568.581425749696791, 2175536.22206190507859 ], [ 4691567.83153397962451, 2175536.020500023849308 ], [ 4691567.079252366907895, 2175535.828063968103379 ], [ 4691566.324692117981613, 2175535.644782351795584 ], [ 4691565.567965235561132, 2175535.470682917162776 ], [ 4691564.809183783829212, 2175535.305791207123548 ], [ 4691564.048460287041962, 2175535.150132528040558 ], [ 4691563.285907862707973, 2175535.003729864954948 ], [ 4691562.521639477461576, 2175534.866605436895043 ], [ 4691561.755768910981715, 2175534.738780193030834 ], [ 4691560.988410269841552, 2175534.620273495092988 ], [ 4691560.219677686691284, 2175534.511103341821581 ], [ 4691559.449685820378363, 2175534.411286822054535 ], [ 4691558.678549760021269, 2175534.32083939993754 ], [ 4691557.906384992413223, 2175534.239775429945439 ], [ 4691557.133307102136314, 2175534.168107557110488 ], [ 4691556.359432244673371, 2175534.105847762897611 ], [ 4691555.584876879118383, 2175534.053006095811725 ], [ 4691554.809757850132883, 2175534.00959193892777 ], [ 4691554.034192542545497, 2175533.975612927228212 ], [ 4691553.258298619650304, 2175533.951075681950897 ], [ 4691552.482194277457893, 2175533.935985459946096 ], [ 4691551.705998232588172, 2175533.930346395820379 ], [ 4691550.929829626344144, 2175533.934161248151213 ], [ 4691550.153808424249291, 2175533.947431883774698 ], [ 4691549.378055089153349, 2175533.970158486161381 ], [ 4691548.60269074421376, 2175534.002340463921428 ], [ 4691547.82783739361912, 2175534.043975852895528 ], [ 4691547.053617886267602, 2175534.095061666797847 ], [ 4691546.280156191438437, 2175534.155593685805798 ], [ 4691545.505745381116867, 2175534.225732277147472 ], [ 4691545.219833685085177, 2175534.256486319936812 ], [ 4691542.21184846945107, 2175534.779169039800763 ], [ 4691540.431527604348958, 2175535.082447465974838 ], [ 4691536.66329675540328, 2175536.090597575996071 ], [ 4691536.66329675540328, 2175536.090597575996071 ], [ 4691536.320125887170434, 2175536.166335154790431 ], [ 4691536.320125887170434, 2175536.166335154790431 ], [ 4691534.534899012185633, 2175536.579551379196346 ], [ 4691534.534899012185633, 2175536.579551379196346 ], [ 4691532.517740307375789, 2175537.080227604135871 ], [ 4691532.517740307375789, 2175537.080227604135871 ], [ 4691530.848139237612486, 2175537.517160201910883 ], [ 4691530.848139237612486, 2175537.517160201910883 ], [ 4691528.782463807612658, 2175538.078765762038529 ], [ 4691528.782463807612658, 2175538.078765762038529 ], [ 4691527.548060181550682, 2175538.422779627144337 ], [ 4691527.548060181550682, 2175538.422779627144337 ], [ 4691525.102778255939484, 2175539.112603322137147 ], [ 4691470.699099748395383, 2175554.522110728081316 ], [ 4691470.699099748395383, 2175554.522110728081316 ], [ 4691465.51456344127655, 2175556.13868064340204 ], [ 4691460.421957497484982, 2175558.024967926088721 ], [ 4691455.435302760452032, 2175560.175779294688255 ], [ 4691450.568328370340168, 2175562.585193186067045 ], [ 4691445.110185987316072, 2175565.467966747935861 ], [ 4691430.281930728815496, 2175572.912191023118794 ], [ 4691428.506649293005466, 2175573.790585313923657 ], [ 4691427.172916560433805, 2175574.438905803952366 ], [ 4691426.059124819934368, 2175574.97001296794042 ], [ 4691424.715950145386159, 2175575.595365125220269 ], [ 4691423.592285555787385, 2175576.105255793780088 ], [ 4691422.689593469724059, 2175576.504375748801976 ], [ 4691421.782944725826383, 2175576.896292840130627 ], [ 4691420.871884460560977, 2175577.279316450003535 ], [ 4691419.955857140943408, 2175577.653647429775447 ], [ 4691419.034607025794685, 2175578.018713340163231 ], [ 4691418.107908134348691, 2175578.373969066888094 ], [ 4691417.174551285803318, 2175578.718491624109447 ], [ 4691416.234410587698221, 2175579.052505143918097 ], [ 4691415.293608861975372, 2175579.37252757512033 ], [ 4691414.595090634189546, 2175579.601466942112893 ], [ 4691413.650954875163734, 2175579.898394626099616 ], [ 4691412.701643181964755, 2175580.182680539786816 ], [ 4691411.761515395715833, 2175580.449126545805484 ], [ 4691410.816059115342796, 2175580.702690912876278 ], [ 4691409.864809068851173, 2175580.94345238385722 ], [ 4691409.150848276913166, 2175581.114828284829855 ], [ 4691407.947906799614429, 2175581.384839700069278 ], [ 4691407.224939420819283, 2175581.536238589789718 ], [ 4691406.497402708977461, 2175581.680753081105649 ], [ 4691405.766773582436144, 2175581.818083025049418 ], [ 4691405.032983264885843, 2175581.948285537771881 ], [ 4691404.29716946836561, 2175582.071192887146026 ], [ 4691403.316569403745234, 2175582.221825818996876 ], [ 4691402.580859850160778, 2175582.326466197147965 ], [ 4691401.850759118795395, 2175582.423147142864764 ], [ 4691400.866820959374309, 2175582.542085572145879 ], [ 4691399.880404618568718, 2175582.648818990215659 ], [ 4691398.905930073931813, 2175582.741800837218761 ], [ 4691397.929010769352317, 2175582.823614251799881 ], [ 4691396.950012544170022, 2175582.894702844787389 ], [ 4691395.969046466983855, 2175582.95561817381531 ], [ 4691389.760686023160815, 2175583.280249217059463 ], [ 4691389.760686023160815, 2175583.280249217059463 ], [ 4691388.534649553708732, 2175583.245508005842566 ], [ 4691388.534649553708732, 2175583.245508005842566 ], [ 4691386.747832113876939, 2175583.17913618311286 ], [ 4691386.747832113876939, 2175583.17913618311286 ], [ 4691384.499767331406474, 2175583.075846125837415 ], [ 4691384.499767331406474, 2175583.075846125837415 ], [ 4691383.148580846376717, 2175583.005831207148731 ], [ 4691383.148580846376717, 2175583.005831207148731 ], [ 4691380.426160335540771, 2175582.8567671100609 ], [ 4691367.740897939540446, 2175582.149774046149105 ], [ 4691367.351368507370353, 2175589.138927558902651 ] ] } }
]
}
