{"type": "FeatureCollection", "name": "Predios_Intervenidos_Visor", "crs": {"type": "name", "properties": {"name": "urn:ogc:def:crs:OGC:1.3:CRS84"}}, "features": [{"type": "Feature", "properties": {"Proyecto": "Granada 0+900", "Municipio": "El Santuario", "sector": "R", "Matricula": null, "terreno_co": "056970001000000070241000000000", "Propietari": null, "ABS": null, "Area_Total": 0.0, "Area_Req": 0.0, "Area_Rem": 0.0, "AreaSobran": 0.0, "Shape_Leng": 863.799874647, "Shape_Area": 33103.9327041}, "geometry": {"type": "Polygon", "coordinates": [[[-75.241918949, 6.127105874], [-75.241942956, 6.127020729], [-75.241942825, 6.126989286], [-75.24194262, 6.126940085], [-75.241978285, 6.126893997], [-75.242002379, 6.126824988], [-75.242025896, 6.126780887], [-75.242037449, 6.126759222], [-75.242054444, 6.126727353], [-75.242090614, 6.126659525], [-75.242113467, 6.12663646], [-75.242141684, 6.126524366], [-75.242154938, 6.126491822], [-75.242188535, 6.126409323], [-75.242324244, 6.126278116], [-75.242506005, 6.126184042], [-75.242757913, 6.126058092], [-75.242789366, 6.126039929], [-75.242814404, 6.126051313], [-75.242817063, 6.126052396], [-75.242940632, 6.126097113], [-75.242946759, 6.126098732], [-75.242947923, 6.126098913], [-75.243123725, 6.1261233], [-75.243126782, 6.126123592], [-75.243224125, 6.126128734], [-75.243240115, 6.126129578], [-75.24324217, 6.12612963], [-75.243244389, 6.126129552], [-75.243384194, 6.126120353], [-75.243387859, 6.126119923], [-75.243539979, 6.126094129], [-75.243543795, 6.126093246], [-75.243666994, 6.126057559], [-75.243669688, 6.126056662], [-75.243777325, 6.126015208], [-75.243780732, 6.126013689], [-75.243884496, 6.125960856], [-75.243886311, 6.125959865], [-75.243888113, 6.125958742], [-75.243946755, 6.125919736], [-75.243948688, 6.125918356], [-75.243998728, 6.125880104], [-75.244000139, 6.125878969], [-75.244001647, 6.125877617], [-75.244048791, 6.125832916], [-75.244049971, 6.125831743], [-75.244121349, 6.12575754], [-75.244177249, 6.125699666], [-75.244243766, 6.125628203], [-75.244317458, 6.125550442], [-75.244324114, 6.125547341], [-75.244395944, 6.125513881], [-75.244405947, 6.125512823], [-75.244481759, 6.125504804], [-75.244547299, 6.12552407], [-75.244594198, 6.125574155], [-75.244623957, 6.125630056], [-75.244643895, 6.125742199], [-75.244651362, 6.125860134], [-75.244650405, 6.125969048], [-75.24464731, 6.126084298], [-75.244647297, 6.126085421], [-75.244647355, 6.12608731], [-75.24465355, 6.126197107], [-75.244654068, 6.126201498], [-75.24465456, 6.126203793], [-75.244677172, 6.126294857], [-75.244678524, 6.126299145], [-75.244680398, 6.12630323], [-75.244682763, 6.126307053], [-75.244714758, 6.126352223], [-75.244739032, 6.126386492], [-75.244741677, 6.126389797], [-75.24474469, 6.126392771], [-75.244748029, 6.126395372], [-75.244835053, 6.126455303], [-75.244824744, 6.126570783], [-75.244814622, 6.126684164], [-75.244800812, 6.12681163], [-75.244788569, 6.126885255], [-75.244655943, 6.126895979], [-75.244534116, 6.126916827], [-75.244426082, 6.126948982], [-75.244228297, 6.126955193], [-75.244033423, 6.126958144], [-75.243955203, 6.126959328], [-75.243902251, 6.126968091], [-75.243846651, 6.126977293], [-75.243806997, 6.126983855], [-75.243791754, 6.126986311], [-75.243622473, 6.127013591], [-75.243583738, 6.127019833], [-75.243433269, 6.127044082], [-75.243422868, 6.127045757], [-75.243400453, 6.127038802], [-75.243368542, 6.1270289], [-75.243308776, 6.127038569], [-75.243265295, 6.127045602], [-75.243217514, 6.127053331], [-75.243190744, 6.127057662], [-75.243180779, 6.127059273], [-75.24309204, 6.127057827], [-75.242605318, 6.127049893], [-75.242526616, 6.12704861], [-75.242504974, 6.127045525], [-75.242070766, 6.127063032], [-75.241935909, 6.127101088], [-75.241918949, 6.127105874]]]}}, {"type": "Feature", "properties": {"Proyecto": "Granada 0+900", "Municipio": "El Santuario", "sector": "R", "Matricula": null, "terreno_co": "056970001000000070270000000000", "Propietari": null, "ABS": null, "Area_Total": 0.0, "Area_Req": 0.0, "Area_Rem": 0.0, "AreaSobran": 0.0, "Shape_Leng": 1110.09716115, "Shape_Area": 31261.687996}, "geometry": {"type": "MultiPolygon", "coordinates": [[[[-75.23816743, 6.127361182], [-75.238168296, 6.127360838], [-75.238194454, 6.127373678], [-75.238261978, 6.127417243], [-75.238317962, 6.127450438], [-75.238335468, 6.127459288], [-75.238404746, 6.127494313], [-75.238476614, 6.127529686], [-75.23850323, 6.127542785], [-75.238529965, 6.127555943], [-75.238574991, 6.1275822], [-75.238599844, 6.127594508], [-75.238615321, 6.127602174], [-75.238722054, 6.127642615], [-75.238743586, 6.127650773], [-75.23875551, 6.127655291], [-75.238795324, 6.127671283], [-75.238819647, 6.127681053], [-75.238866016, 6.127693286], [-75.238889293, 6.127699426], [-75.238967658, 6.127717468], [-75.238982802, 6.127720955], [-75.239036858, 6.127732495], [-75.239095524, 6.127745019], [-75.239127711, 6.127750993], [-75.239255187, 6.127785035], [-75.239269978, 6.127787667], [-75.239313552, 6.127788604], [-75.239315965, 6.127800948], [-75.239376479, 6.128110535], [-75.239400467, 6.128245256], [-75.239401661, 6.12827616], [-75.239405533, 6.128376389], [-75.23937791, 6.128487876], [-75.239359162, 6.128513596], [-75.239287113, 6.128612439], [-75.239287117, 6.128614124], [-75.239276374, 6.128627172], [-75.239272816, 6.128631493], [-75.239163814, 6.12874151], [-75.23910331, 6.128787443], [-75.239058303, 6.128821612], [-75.238991114, 6.128860836], [-75.238907758, 6.12891166], [-75.238868035, 6.128945734], [-75.238826561, 6.128981309], [-75.23876622, 6.129032156], [-75.238739947, 6.129058022], [-75.238726677, 6.129071086], [-75.238658595, 6.129147565], [-75.238632245, 6.129161412], [-75.238574796, 6.129191601], [-75.23856109, 6.129202004], [-75.238521734, 6.129231874], [-75.238514575, 6.129241483], [-75.238504535, 6.129248762], [-75.238426935, 6.129286189], [-75.238383728, 6.129289763], [-75.238380276, 6.129289202], [-75.238356358, 6.12928406], [-75.238356153, 6.129283062], [-75.238352216, 6.129263831], [-75.238348439, 6.129253491], [-75.238346278, 6.129165292], [-75.238337358, 6.129051296], [-75.238334864, 6.129037631], [-75.238314029, 6.128923434], [-75.238313198, 6.128918877], [-75.238292705, 6.128781189], [-75.23829003, 6.128758105], [-75.23828792, 6.128739882], [-75.238282791, 6.128695615], [-75.238279912, 6.128670764], [-75.238271303, 6.128596447], [-75.2382605, 6.128510924], [-75.238259812, 6.128505471], [-75.238257463, 6.128492979], [-75.238256791, 6.128489405], [-75.238251162, 6.128459465], [-75.238240195, 6.128426952], [-75.238233342, 6.128408564], [-75.23822719, 6.128392058], [-75.238211616, 6.128359071], [-75.238206858, 6.128346947], [-75.238192726, 6.128310941], [-75.23818535, 6.128292149], [-75.238160953, 6.128242054], [-75.238156733, 6.128232493], [-75.238139605, 6.128193683], [-75.238123973, 6.128158265], [-75.238108007, 6.12810902], [-75.238102675, 6.128092572], [-75.238093553, 6.128064433], [-75.238092622, 6.128061563], [-75.23808252, 6.128025336], [-75.238076503, 6.128003758], [-75.238065139, 6.127913349], [-75.238063163, 6.127905101], [-75.238061455, 6.127897974], [-75.238059461, 6.127889652], [-75.238048823, 6.12786926], [-75.238042402, 6.127846232], [-75.238041579, 6.127834237], [-75.238041116, 6.127827491], [-75.238041768, 6.127789876], [-75.238033898, 6.12769969], [-75.238032928, 6.127688568], [-75.238033526, 6.12768686], [-75.238054928, 6.127625744], [-75.238061641, 6.127607559], [-75.238065309, 6.127597623], [-75.238070158, 6.127584489], [-75.238081349, 6.127530747], [-75.238098356, 6.127432224], [-75.238100776, 6.127416217], [-75.238109062, 6.127398939], [-75.238110877, 6.127395154], [-75.238128252, 6.127379863], [-75.238132312, 6.127377583], [-75.238147335, 6.127369147], [-75.23816743, 6.127361182]]], [[[-75.239490486, 6.129520258], [-75.23934962, 6.129582889], [-75.239335179, 6.129590729], [-75.239286942, 6.129508738], [-75.239240611, 6.129419685], [-75.239173627, 6.129300963], [-75.23914127, 6.129267144], [-75.239101322, 6.129243062], [-75.239049586, 6.129229512], [-75.23902964, 6.129230607], [-75.23896293, 6.129239757], [-75.238904337, 6.129255015], [-75.238880676, 6.129266165], [-75.238833869, 6.12929384], [-75.238737431, 6.129363992], [-75.238637657, 6.129437668], [-75.238585171, 6.129465361], [-75.238532005, 6.129474455], [-75.238498028, 6.129468115], [-75.238487741, 6.129452103], [-75.238499015, 6.129434876], [-75.238508281, 6.129420717], [-75.238529347, 6.129395993], [-75.2385492, 6.129372692], [-75.238560901, 6.129358958], [-75.238569237, 6.129355167], [-75.238641386, 6.12925847], [-75.23868174, 6.129214427], [-75.23878464, 6.129102124], [-75.238891553, 6.129016244], [-75.239053001, 6.128916234], [-75.239055822, 6.128914296], [-75.239092395, 6.128886531], [-75.239209522, 6.12879761], [-75.239211027, 6.128796402], [-75.239213343, 6.128794259], [-75.239326343, 6.128680208], [-75.239327605, 6.128678935], [-75.239329726, 6.128676599], [-75.239331142, 6.128674784], [-75.239333689, 6.128671287], [-75.239359433, 6.128640018], [-75.239359425, 6.12863598], [-75.239440476, 6.128524785], [-75.239442975, 6.128520848], [-75.239444947, 6.12851662], [-75.239446359, 6.128512173], [-75.239455963, 6.128473408], [-75.239470983, 6.128476134], [-75.239541223, 6.128496334], [-75.239605132, 6.128514713], [-75.240002441, 6.128628974], [-75.240025893, 6.128635718], [-75.240074601, 6.128649726], [-75.240120098, 6.12866281], [-75.240155951, 6.128673121], [-75.240240603, 6.128697466], [-75.240317369, 6.128769222], [-75.240293172, 6.128808955], [-75.240123633, 6.12908734], [-75.240038759, 6.129149546], [-75.239940894, 6.129220508], [-75.239906659, 6.129245332], [-75.239674575, 6.129413618], [-75.239490486, 6.129520258]]]]}}, {"type": "Feature", "properties": {"Proyecto": "Granada 0+900", "Municipio": "El Santuario", "sector": "R", "Matricula": null, "terreno_co": "056970001000000200321000000000", "Propietari": null, "ABS": null, "Area_Total": 0.0, "Area_Req": 0.0, "Area_Rem": 0.0, "AreaSobran": 0.0, "Shape_Leng": 395.389261218, "Shape_Area": 7396.07800758}, "geometry": {"type": "Polygon", "coordinates": [[[-75.242802656, 6.127264105], [-75.242738055, 6.12725002], [-75.24268412, 6.127214356], [-75.242629495, 6.12712932], [-75.24260848, 6.127060278], [-75.242605318, 6.127049893], [-75.24309204, 6.127057827], [-75.243180779, 6.127059273], [-75.243190744, 6.127057662], [-75.243217514, 6.127053331], [-75.243265295, 6.127045602], [-75.243308776, 6.127038569], [-75.243368542, 6.1270289], [-75.243400453, 6.127038802], [-75.243422868, 6.127045757], [-75.243433269, 6.127044082], [-75.243583738, 6.127019833], [-75.243622473, 6.127013591], [-75.243791754, 6.126986311], [-75.243806997, 6.126983855], [-75.243846651, 6.126977293], [-75.243890564, 6.126970025], [-75.243890714, 6.126976366], [-75.243889907, 6.127011641], [-75.24388968, 6.12702156], [-75.243889057, 6.127026828], [-75.243884351, 6.127066667], [-75.24385996, 6.127216137], [-75.24385667, 6.12732051], [-75.243854402, 6.127392435], [-75.243851028, 6.127403812], [-75.243793585, 6.1275975], [-75.243739839, 6.127690249], [-75.243707806, 6.127785998], [-75.243704905, 6.12779282], [-75.243592647, 6.12776048], [-75.243352456, 6.127691285], [-75.243140726, 6.127506741], [-75.243025686, 6.127435443], [-75.242960844, 6.127363935], [-75.242921058, 6.127281555], [-75.24288157, 6.127270953], [-75.242802656, 6.127264105]]]}}, {"type": "Feature", "properties": {"Proyecto": "Granada 0+900", "Municipio": "El Santuario", "sector": "R", "Matricula": null, "terreno_co": "056970001000000070238000000000", "Propietari": null, "ABS": null, "Area_Total": 0.0, "Area_Req": 0.0, "Area_Rem": 0.0, "AreaSobran": 0.0, "Shape_Leng": 565.201057105, "Shape_Area": 16914.304233}, "geometry": {"type": "Polygon", "coordinates": [[[-75.244993385, 6.126403981], [-75.244974997, 6.126406688], [-75.244965175, 6.126408135], [-75.244926451, 6.126408297], [-75.244876186, 6.126392717], [-75.244840914, 6.126361281], [-75.244810711, 6.12634131], [-75.244781912, 6.126314154], [-75.244764674, 6.126284857], [-75.244761689, 6.126279784], [-75.244736298, 6.126210264], [-75.244735578, 6.126198826], [-75.244733406, 6.126164331], [-75.244731648, 6.126136412], [-75.244730153, 6.12611267], [-75.24473227, 6.126047569], [-75.244734741, 6.125971527], [-75.244738414, 6.125858536], [-75.244737901, 6.125840785], [-75.244735059, 6.125742267], [-75.244718741, 6.125684476], [-75.244712868, 6.125663676], [-75.244700848, 6.125621103], [-75.244694174, 6.125605658], [-75.244664837, 6.125537765], [-75.244658124, 6.125522226], [-75.244625673, 6.125479294], [-75.244615368, 6.125472612], [-75.244585875, 6.125461337], [-75.244581625, 6.125459094], [-75.244577116, 6.125457435], [-75.244495262, 6.125433373], [-75.244490669, 6.125432343], [-75.244485982, 6.125431919], [-75.24448128, 6.125432108], [-75.24438236, 6.125442571], [-75.244376502, 6.125443686], [-75.244370909, 6.125445748], [-75.24433124, 6.125464227], [-75.24427355, 6.125331431], [-75.244262787, 6.125306657], [-75.244249481, 6.125276029], [-75.244285757, 6.125249863], [-75.244318622, 6.125220296], [-75.244344321, 6.125192194], [-75.2443636, 6.125172015], [-75.244380739, 6.125154717], [-75.244384352, 6.125149852], [-75.244394166, 6.125142469], [-75.24441433, 6.1251273], [-75.244445755, 6.125096303], [-75.244467865, 6.125067499], [-75.244489265, 6.125040133], [-75.244500799, 6.125023755], [-75.244512079, 6.125007737], [-75.244527466, 6.124990813], [-75.244552136, 6.124949993], [-75.24456119, 6.124935011], [-75.244568845, 6.124922344], [-75.244569405, 6.124919648], [-75.244569988, 6.124916841], [-75.244570318, 6.124915694], [-75.244571537, 6.12491146], [-75.244573158, 6.124905829], [-75.24462168, 6.124912882], [-75.244730604, 6.124928716], [-75.244740999, 6.124932569], [-75.244856885, 6.124949687], [-75.244877217, 6.12495269], [-75.245071803, 6.12498143], [-75.245095633, 6.124985089], [-75.245121674, 6.124989087], [-75.245244745, 6.125007982], [-75.24534438, 6.125023302], [-75.245404887, 6.125032604], [-75.245476529, 6.12504362], [-75.245564077, 6.125055488], [-75.24564565, 6.125066546], [-75.245687275, 6.125073085], [-75.245773616, 6.125089749], [-75.24581311, 6.125101787], [-75.245831821, 6.1251175], [-75.245851283, 6.125141105], [-75.245860643, 6.125152506], [-75.24586714, 6.12516042], [-75.245877608, 6.125186867], [-75.245880187, 6.125193383], [-75.245908132, 6.125290747], [-75.245910024, 6.125297338], [-75.245913638, 6.125331311], [-75.245916742, 6.125360476], [-75.245916896, 6.125397358], [-75.245917009, 6.125424359], [-75.245916016, 6.125430292], [-75.24590842, 6.125475711], [-75.24590658, 6.125486715], [-75.245905115, 6.125495471], [-75.245890787, 6.125526425], [-75.245883982, 6.125541129], [-75.245877971, 6.125553154], [-75.24583728, 6.125594828], [-75.245830261, 6.125602018], [-75.245801345, 6.125623598], [-75.245791644, 6.125630838], [-75.245698718, 6.125700188], [-75.245657895, 6.125729321], [-75.245537842, 6.125814992], [-75.245533985, 6.125818559], [-75.245496161, 6.125853541], [-75.245467958, 6.125879625], [-75.245461877, 6.125885249], [-75.2454555, 6.125891148], [-75.245376966, 6.125963781], [-75.245375679, 6.125964972], [-75.245311857, 6.126041905], [-75.2452732, 6.126088502], [-75.245254376, 6.126111193], [-75.245247064, 6.126122241], [-75.245203125, 6.126188629], [-75.245193114, 6.126203755], [-75.245167525, 6.126242418], [-75.245166721, 6.126243634], [-75.245150115, 6.126266205], [-75.24509256, 6.126344436], [-75.245075418, 6.126361016], [-75.245040381, 6.126385569], [-75.245021728, 6.126393663], [-75.245008047, 6.1263996], [-75.245000294, 6.126402964], [-75.244993385, 6.126403981]]]}}, {"type": "Feature", "properties": {"Proyecto": "Granada 0+900", "Municipio": "El Santuario", "sector": "R", "Matricula": null, "terreno_co": "056970001000000200014000000000", "Propietari": null, "ABS": null, "Area_Total": 0.0, "Area_Req": 0.0, "Area_Rem": 0.0, "AreaSobran": 0.0, "Shape_Leng": 452.631847062, "Shape_Area": 5486.06558786}, "geometry": {"type": "Polygon", "coordinates": [[[-75.239595105, 6.129685127], [-75.239562828, 6.129701531], [-75.239516588, 6.129725032], [-75.239466953, 6.129709022], [-75.239434519, 6.129693084], [-75.239392615, 6.129659515], [-75.239355609, 6.129614853], [-75.239335179, 6.129590729], [-75.23934962, 6.129582889], [-75.239490486, 6.129520258], [-75.239674575, 6.129413618], [-75.239906659, 6.129245332], [-75.239940894, 6.129220508], [-75.240038759, 6.129149546], [-75.240123633, 6.12908734], [-75.240293172, 6.128808955], [-75.240317369, 6.128769222], [-75.240341567, 6.12872949], [-75.240419256, 6.128628211], [-75.240495009, 6.128529458], [-75.240584827, 6.128412368], [-75.240589702, 6.128420323], [-75.240614957, 6.128449485], [-75.240619252, 6.128454442], [-75.240726317, 6.128578066], [-75.240727546, 6.128579601], [-75.240635801, 6.128662022], [-75.24059324, 6.128713417], [-75.240612822, 6.128808713], [-75.240497966, 6.128977468], [-75.240400529, 6.129193027], [-75.240309533, 6.129398827], [-75.2402901, 6.129423242], [-75.240265434, 6.129450915], [-75.240250438, 6.129494453], [-75.240116184, 6.129490446], [-75.240019283, 6.129474902], [-75.239955457, 6.129457711], [-75.239868986, 6.129537535], [-75.239685864, 6.129637444], [-75.239663126, 6.129649391], [-75.239595105, 6.129685127]]]}}, {"type": "Feature", "properties": {"Proyecto": "Granada 0+900", "Municipio": "El Santuario", "sector": "R", "Matricula": null, "terreno_co": "056970001000000200013000000000", "Propietari": null, "ABS": null, "Area_Total": 0.0, "Area_Req": 0.0, "Area_Rem": 0.0, "AreaSobran": 0.0, "Shape_Leng": 364.64840113, "Shape_Area": 6212.48947499}, "geometry": {"type": "Polygon", "coordinates": [[[-75.242434466, 6.128308829], [-75.242447766, 6.128288578], [-75.242476092, 6.128245448], [-75.24255398, 6.128110874], [-75.242777202, 6.128316222], [-75.243112862, 6.128554082], [-75.243370309, 6.128666656], [-75.243422099, 6.128676193], [-75.243440445, 6.128689933], [-75.243454061, 6.128700131], [-75.243467834, 6.128710446], [-75.24348025, 6.128713081], [-75.243478532, 6.128717301], [-75.243439394, 6.128810284], [-75.243426724, 6.128840387], [-75.24338622, 6.128936615], [-75.243372546, 6.128967761], [-75.243359064, 6.128998468], [-75.243329389, 6.129066056], [-75.243329277, 6.12906628], [-75.243296448, 6.129132096], [-75.243281189, 6.129162686], [-75.243263012, 6.129199126], [-75.243223263, 6.129273525], [-75.24321348, 6.129289999], [-75.243199864, 6.129312929], [-75.243199189, 6.129313816], [-75.243199165, 6.129313842], [-75.243198366, 6.129314596], [-75.24319824, 6.129314698], [-75.243197435, 6.129315229], [-75.24319737, 6.129315264], [-75.243196369, 6.129315709], [-75.243196317, 6.129315727], [-75.243195217, 6.129316011], [-75.243195169, 6.12931602], [-75.243194208, 6.129316104], [-75.243194029, 6.129316102], [-75.243192916, 6.129316004], [-75.243192769, 6.129315979], [-75.243191839, 6.129315729], [-75.243191791, 6.12931571], [-75.243190758, 6.129315242], [-75.243190713, 6.129315216], [-75.2431898, 6.129314604], [-75.243189743, 6.129314559], [-75.243189041, 6.129313897], [-75.243188941, 6.129313781], [-75.243188279, 6.129312893], [-75.243188256, 6.129312857], [-75.243187748, 6.129311873], [-75.243176145, 6.129290156], [-75.243167966, 6.129274848], [-75.243160359, 6.129262222], [-75.243146382, 6.129242783], [-75.243140766, 6.129235673], [-75.243110231, 6.129201037], [-75.243090607, 6.129181691], [-75.24307732, 6.129168544], [-75.24304996, 6.129142942], [-75.24301591, 6.129113602], [-75.242971908, 6.129077108], [-75.242923419, 6.129036892], [-75.242911005, 6.129026596], [-75.242833727, 6.128955793], [-75.242823882, 6.12894637], [-75.242818093, 6.128940831], [-75.242789826, 6.128907938], [-75.242784783, 6.128902071], [-75.242767814, 6.128879061], [-75.242714853, 6.128797884], [-75.242699598, 6.128774502], [-75.242689359, 6.128758807], [-75.242629275, 6.128651094], [-75.242607648, 6.128612322], [-75.242607143, 6.1286115], [-75.242584262, 6.12857427], [-75.2425731, 6.128553709], [-75.24256169, 6.128532694], [-75.242528764, 6.128462842], [-75.242508284, 6.128419393], [-75.242504754, 6.128411904], [-75.242485492, 6.12837726], [-75.242477931, 6.12836366], [-75.242446281, 6.128322408], [-75.242434466, 6.128308829]]]}}, {"type": "Feature", "properties": {"Proyecto": "Granada 0+900", "Municipio": "El Santuario", "sector": "R", "Matricula": null, "terreno_co": "056970001000000200282000000000", "Propietari": null, "ABS": null, "Area_Total": 0.0, "Area_Req": 0.0, "Area_Rem": 0.0, "AreaSobran": 0.0, "Shape_Leng": 410.163562335, "Shape_Area": 9455.44465215}, "geometry": {"type": "Polygon", "coordinates": [[[-75.244802879, 6.127653027], [-75.244720568, 6.12763423], [-75.244648011, 6.127661332], [-75.244623175, 6.127667178], [-75.244604099, 6.127678743], [-75.244573417, 6.127676536], [-75.244557904, 6.127682583], [-75.244505331, 6.127676856], [-75.244276262, 6.127629865], [-75.243894953, 6.127440988], [-75.243851028, 6.127403812], [-75.243854402, 6.127392435], [-75.24385667, 6.12732051], [-75.24385996, 6.127216137], [-75.243884351, 6.127066667], [-75.243889057, 6.127026828], [-75.243902146, 6.127021799], [-75.243964475, 6.127020298], [-75.243983538, 6.127019839], [-75.244016511, 6.127019665], [-75.244406174, 6.127017601], [-75.244503698, 6.127017085], [-75.244505495, 6.127017075], [-75.244842158, 6.127015226], [-75.244868807, 6.127014899], [-75.245018818, 6.127013052], [-75.245122574, 6.127011776], [-75.2451441, 6.127011567], [-75.245171627, 6.127011301], [-75.245126199, 6.127477705], [-75.245064965, 6.127740355], [-75.24497523, 6.127709728], [-75.244921612, 6.127692726], [-75.244879476, 6.12767759], [-75.244841174, 6.127664351], [-75.244802879, 6.127653027]]]}}, {"type": "Feature", "properties": {"Proyecto": "Granada 0+900", "Municipio": "El Santuario", "sector": "R", "Matricula": null, "terreno_co": "056970001000000200032000000000", "Propietari": null, "ABS": null, "Area_Total": 0.0, "Area_Req": 0.0, "Area_Rem": 0.0, "AreaSobran": 0.0, "Shape_Leng": 771.94090506, "Shape_Area": 25706.4261006}, "geometry": {"type": "Polygon", "coordinates": [[[-75.238484921, 6.129557492], [-75.238491311, 6.129564994], [-75.23850848, 6.129585149], [-75.238535791, 6.129634955], [-75.238567375, 6.129680602], [-75.238603894, 6.129724474], [-75.238650785, 6.129816526], [-75.238667997, 6.129840478], [-75.238688596, 6.129858109], [-75.238728398, 6.129874793], [-75.238801625, 6.12990549], [-75.238937475, 6.129922149], [-75.2389892, 6.129916481], [-75.239010112, 6.129914189], [-75.239052136, 6.129902529], [-75.239110772, 6.129919124], [-75.23913285, 6.129925373], [-75.23915749, 6.129932347], [-75.239166202, 6.129934813], [-75.239154859, 6.129939772], [-75.239108347, 6.129964491], [-75.239077967, 6.129987947], [-75.239034134, 6.13003986], [-75.239033365, 6.130040771], [-75.239017924, 6.130064164], [-75.238997751, 6.130098942], [-75.238995577, 6.13010668], [-75.238993603, 6.130113703], [-75.238985806, 6.130141957], [-75.238980156, 6.130179169], [-75.238979939, 6.130183288], [-75.238979932, 6.130183411], [-75.238979858, 6.130184801], [-75.238979829, 6.130185353], [-75.238979818, 6.130185557], [-75.238979749, 6.130186866], [-75.23897862, 6.130208216], [-75.238979582, 6.130227013], [-75.238984319, 6.130244223], [-75.238997788, 6.130293155], [-75.239002666, 6.130310875], [-75.239021756, 6.130365457], [-75.239031251, 6.130392606], [-75.239045327, 6.130426559], [-75.239049075, 6.130435597], [-75.239005245, 6.130475157], [-75.238984387, 6.130517834], [-75.238841066, 6.130773076], [-75.238616166, 6.131190371], [-75.238550939, 6.13135472], [-75.238442575, 6.131467342], [-75.238417117, 6.131502395], [-75.23841643, 6.131503341], [-75.238362358, 6.131462775], [-75.238318112, 6.13142958], [-75.238277285, 6.13138429], [-75.238229456, 6.131379704], [-75.238159594, 6.131372357], [-75.238076107, 6.131294209], [-75.23802767, 6.131300552], [-75.23797558, 6.131306034], [-75.237926379, 6.131316289], [-75.237859914, 6.131314174], [-75.237803503, 6.131315366], [-75.237784844, 6.131312095], [-75.23777865, 6.131288673], [-75.237763868, 6.131275506], [-75.237755256, 6.131267835], [-75.237733092, 6.131255366], [-75.237696642, 6.131256714], [-75.237660762, 6.131251481], [-75.237641624, 6.131247972], [-75.237612887, 6.131244382], [-75.237648087, 6.131065355], [-75.237674723, 6.130929888], [-75.237699669, 6.130803017], [-75.23768068, 6.130736903], [-75.237587481, 6.130412412], [-75.237564213, 6.130331399], [-75.23754858, 6.13027697], [-75.237530387, 6.13021364], [-75.237500606, 6.130141136], [-75.237483295, 6.130098989], [-75.237431331, 6.129910605], [-75.237429897, 6.129905407], [-75.237426162, 6.129869532], [-75.237424832, 6.129861926], [-75.23740902, 6.129771505], [-75.237397707, 6.129750647], [-75.237357226, 6.129676014], [-75.237311528, 6.129567691], [-75.237288944, 6.129514156], [-75.237257421, 6.129493542], [-75.237252786, 6.129483237], [-75.237272907, 6.129477299], [-75.237302735, 6.129473337], [-75.237302802, 6.129473332], [-75.237332825, 6.129473031], [-75.237362728, 6.129476386], [-75.237366408, 6.129477057], [-75.237379004, 6.129479797], [-75.237411208, 6.129490077], [-75.237411261, 6.129490097], [-75.237441755, 6.129504683], [-75.23744181, 6.129504715], [-75.237470075, 6.129523373], [-75.237476252, 6.129528481], [-75.237527645, 6.129570986], [-75.237597753, 6.129644386], [-75.237664385, 6.129708911], [-75.237668811, 6.129713197], [-75.237731566, 6.129765534], [-75.237761741, 6.129790701], [-75.237819532, 6.129816874], [-75.237832032, 6.129821671], [-75.237835607, 6.129822717], [-75.237895645, 6.129840288], [-75.237901177, 6.129841907], [-75.237933153, 6.129848743], [-75.23793827, 6.129849835], [-75.2379383, 6.129849838], [-75.237958562, 6.129851073], [-75.238041332, 6.129850553], [-75.23805318, 6.129850478], [-75.238063057, 6.129850415], [-75.238085528, 6.12984392], [-75.238123013, 6.129833084], [-75.238166452, 6.129809577], [-75.238198337, 6.129792324], [-75.238207208, 6.129783938], [-75.238233385, 6.129759195], [-75.238276078, 6.129718839], [-75.238324498, 6.129673071], [-75.238339017, 6.129655936], [-75.23837359, 6.129615132], [-75.238438922, 6.129522444], [-75.238449532, 6.129525502], [-75.238484921, 6.129557492]]]}}, {"type": "Feature", "properties": {"Proyecto": "Granada 0+900", "Municipio": "El Santuario", "sector": "R", "Matricula": null, "terreno_co": "056970001000000200012000000000", "Propietari": null, "ABS": null, "Area_Total": 0.0, "Area_Req": 0.0, "Area_Rem": 0.0, "AreaSobran": 0.0, "Shape_Leng": 599.016693814, "Shape_Area": 12340.8179253}, "geometry": {"type": "MultiPolygon", "coordinates": [[[[-75.242816851, 6.12730036], [-75.242802656, 6.127264105], [-75.24288157, 6.127270953], [-75.242921058, 6.127281555], [-75.242960844, 6.127363935], [-75.243025686, 6.127435443], [-75.243140726, 6.127506741], [-75.243352456, 6.127691285], [-75.243592647, 6.12776048], [-75.243704905, 6.12779282], [-75.24370547, 6.127792982], [-75.243702643, 6.127798142], [-75.243687263, 6.12783431], [-75.243614208, 6.128006116], [-75.243566266, 6.128117057], [-75.243556202, 6.128140347], [-75.243541327, 6.128173937], [-75.243540809, 6.128175105], [-75.243540482, 6.128177326], [-75.243538044, 6.128187117], [-75.243537168, 6.128199864], [-75.243535603, 6.128222607], [-75.243536863, 6.128239295], [-75.243540083, 6.128258142], [-75.243543605, 6.128271996], [-75.243550891, 6.128299481], [-75.243571474, 6.1283628], [-75.243577596, 6.128397467], [-75.243577716, 6.128426178], [-75.243576726, 6.128439245], [-75.24357606, 6.128448042], [-75.24357545, 6.128456096], [-75.24357314, 6.128475247], [-75.243556581, 6.128517188], [-75.243534138, 6.128580687], [-75.24348025, 6.128713081], [-75.243467834, 6.128710446], [-75.243454061, 6.128700131], [-75.243440445, 6.128689933], [-75.243422099, 6.128676193], [-75.243370309, 6.128666656], [-75.243112862, 6.128554082], [-75.242777202, 6.128316222], [-75.24255398, 6.128110874], [-75.242608578, 6.128029555], [-75.242699029, 6.127707604], [-75.242717904, 6.127648187], [-75.242757543, 6.127523603], [-75.242780909, 6.127394303], [-75.242805505, 6.127331033], [-75.242816851, 6.12730036]]], [[[-75.243594202, 6.128359589], [-75.243593599, 6.128356446], [-75.24367506, 6.128443125], [-75.243816696, 6.128586091], [-75.243907547, 6.128702824], [-75.24389664, 6.128712141], [-75.243895394, 6.128713833], [-75.243889091, 6.128722396], [-75.24386418, 6.12875624], [-75.243796507, 6.128848181], [-75.24379374, 6.12885194], [-75.243791571, 6.128854888], [-75.243787891, 6.128859112], [-75.243783655, 6.128863974], [-75.243777243, 6.128859443], [-75.243763013, 6.128849391], [-75.243749139, 6.128839704], [-75.243678051, 6.12879007], [-75.243668313, 6.128783272], [-75.243667242, 6.128782563], [-75.243622906, 6.128753246], [-75.243610782, 6.12874523], [-75.243594642, 6.128735389], [-75.243586236, 6.128730264], [-75.243531581, 6.12869694], [-75.243529406, 6.128695558], [-75.243529367, 6.128695528], [-75.243527474, 6.128693851], [-75.243527399, 6.128693774], [-75.243525842, 6.128691853], [-75.243525814, 6.128691812], [-75.243524546, 6.128689623], [-75.243524531, 6.128689594], [-75.243523651, 6.12868732], [-75.24352361, 6.128687177], [-75.243523094, 6.128684692], [-75.243523087, 6.128684636], [-75.24352297, 6.128682115], [-75.243523252, 6.128681239], [-75.243526193, 6.128672208], [-75.243534679, 6.128647049], [-75.243540555, 6.128629963], [-75.243553919, 6.128591104], [-75.243559192, 6.128575771], [-75.243571209, 6.128540829], [-75.24359027, 6.128485406], [-75.243591453, 6.128481058], [-75.243595854, 6.128464886], [-75.243596946, 6.128460874], [-75.243598883, 6.128443332], [-75.243600131, 6.128432027], [-75.243599767, 6.128422909], [-75.243599596, 6.12841863], [-75.243599464, 6.128387048], [-75.24359875, 6.128383321], [-75.243597224, 6.128375353], [-75.243595754, 6.128367687], [-75.243594202, 6.128359589]]]]}}, {"type": "Feature", "properties": {"Proyecto": "Granada 0+900", "Municipio": "El Santuario", "sector": "R", "Matricula": null, "terreno_co": "056970001000000200031000000000", "Propietari": null, "ABS": null, "Area_Total": 0.0, "Area_Req": 0.0, "Area_Rem": 0.0, "AreaSobran": 0.0, "Shape_Leng": 291.296029423, "Shape_Area": 4815.0300496}, "geometry": {"type": "Polygon", "coordinates": [[[-75.239480102, 6.129743384], [-75.239469391, 6.129748729], [-75.239468771, 6.129749038], [-75.239457591, 6.129756862], [-75.239448522, 6.129763208], [-75.239401323, 6.129796236], [-75.239379628, 6.129811419], [-75.239365937, 6.12982464], [-75.239342498, 6.129843824], [-75.239313138, 6.129864088], [-75.239313064, 6.129864136], [-75.239306418, 6.129868575], [-75.239305194, 6.129868902], [-75.239289629, 6.129877581], [-75.239270024, 6.12988783], [-75.23925269, 6.129896893], [-75.239221518, 6.129910569], [-75.239210282, 6.129915498], [-75.239181106, 6.129928297], [-75.239166202, 6.129934813], [-75.23915749, 6.129932347], [-75.23913285, 6.129925373], [-75.239110772, 6.129919124], [-75.239052136, 6.129902529], [-75.239010112, 6.129914189], [-75.2389892, 6.129916481], [-75.238937475, 6.129922149], [-75.238801625, 6.12990549], [-75.238728398, 6.129874793], [-75.238688596, 6.129858109], [-75.238667997, 6.129840478], [-75.238650785, 6.129816526], [-75.238603894, 6.129724474], [-75.238567375, 6.129680602], [-75.238535791, 6.129634955], [-75.23850848, 6.129585149], [-75.238491311, 6.129564994], [-75.238484921, 6.129557492], [-75.238449532, 6.129525502], [-75.238438922, 6.129522444], [-75.238451739, 6.129501661], [-75.238464344, 6.129504786], [-75.238500318, 6.129519421], [-75.238536411, 6.129520985], [-75.238588875, 6.129506504], [-75.238626153, 6.12948672], [-75.238688409, 6.129449641], [-75.238778568, 6.129372424], [-75.238817523, 6.12934556], [-75.238902652, 6.129300479], [-75.238952648, 6.129288529], [-75.238983849, 6.129281073], [-75.239025341, 6.129281655], [-75.239056765, 6.129286463], [-75.239091066, 6.129301858], [-75.239119833, 6.129321634], [-75.239133812, 6.129338419], [-75.239170411, 6.129406096], [-75.239232481, 6.129512062], [-75.239266527, 6.129563779], [-75.23930553, 6.129609099], [-75.239347084, 6.129655509], [-75.239359652, 6.129673069], [-75.23938611, 6.129702644], [-75.239404378, 6.129717088], [-75.239415615, 6.129723298], [-75.239440091, 6.129733582], [-75.23947175, 6.129741681], [-75.239480102, 6.129743384]]]}}, {"type": "Feature", "properties": {"Proyecto": "Granada 0+900", "Municipio": "El Santuario", "sector": "R", "Matricula": null, "terreno_co": "056970001000000200287000000000", "Propietari": null, "ABS": null, "Area_Total": 0.0, "Area_Req": 0.0, "Area_Rem": 0.0, "AreaSobran": 0.0, "Shape_Leng": 418.333751368, "Shape_Area": 9386.18889772}, "geometry": {"type": "Polygon", "coordinates": [[[-75.24272646, 6.128949506], [-75.242721616, 6.128960624], [-75.242701317, 6.128986841], [-75.24267508, 6.129024837], [-75.242639306, 6.129076225], [-75.242581469, 6.129171856], [-75.242542892, 6.129288129], [-75.24253281, 6.129312464], [-75.242532674, 6.129312445], [-75.24247508, 6.12930417], [-75.242319119, 6.12928176], [-75.242204642, 6.129265311], [-75.242195903, 6.129263691], [-75.241949443, 6.129214906], [-75.241917537, 6.129206218], [-75.241802652, 6.129172243], [-75.241778299, 6.129167218], [-75.241693552, 6.12914973], [-75.241612727, 6.129157655], [-75.241601795, 6.129158727], [-75.24152529, 6.129188751], [-75.241481256, 6.129186163], [-75.241479708, 6.12918555], [-75.241483712, 6.129103285], [-75.241484913, 6.129078608], [-75.241586869, 6.129014901], [-75.241677551, 6.12893202], [-75.241729653, 6.128844768], [-75.241743898, 6.128711589], [-75.241762058, 6.128672068], [-75.241764503, 6.128673578], [-75.241829572, 6.128695888], [-75.241886378, 6.128716468], [-75.241919906, 6.128601039], [-75.241933107, 6.128555589], [-75.241971164, 6.12850997], [-75.24204227, 6.128446367], [-75.242066031, 6.128425112], [-75.242203148, 6.128521958], [-75.242264756, 6.128465816], [-75.242351842, 6.128386457], [-75.242417857, 6.128331048], [-75.242425293, 6.128339594], [-75.242455218, 6.128378598], [-75.242480628, 6.128424302], [-75.242491678, 6.128447744], [-75.242527794, 6.128524362], [-75.242537506, 6.128544968], [-75.242560795, 6.128587863], [-75.242584261, 6.128626048], [-75.242594177, 6.128643823], [-75.242666151, 6.128772853], [-75.242745545, 6.128894546], [-75.242751726, 6.128902927], [-75.242754675, 6.128906925], [-75.24272646, 6.128949506]]]}}, {"type": "Feature", "properties": {"Proyecto": "Granada 0+900", "Municipio": "El Santuario", "sector": "R", "Matricula": null, "terreno_co": "056970001000000070409000000000", "Propietari": null, "ABS": null, "Area_Total": 0.0, "Area_Req": 0.0, "Area_Rem": 0.0, "AreaSobran": 0.0, "Shape_Leng": 548.100413235, "Shape_Area": 7252.31265172}, "geometry": {"type": "Polygon", "coordinates": [[[-75.243902251, 6.126968091], [-75.243955203, 6.126959328], [-75.244033423, 6.126958144], [-75.244228297, 6.126955193], [-75.244426082, 6.126948982], [-75.244534116, 6.126916827], [-75.244655943, 6.126895979], [-75.244788569, 6.126885255], [-75.244800812, 6.12681163], [-75.244814622, 6.126684164], [-75.244824744, 6.126570783], [-75.244835053, 6.126455303], [-75.244837599, 6.126456905], [-75.244843386, 6.126459569], [-75.244889759, 6.126476039], [-75.244907373, 6.126482294], [-75.244911853, 6.126483567], [-75.244916458, 6.126484252], [-75.244921113, 6.126484339], [-75.244972737, 6.126481969], [-75.244977506, 6.126481431], [-75.244981912, 6.126480344], [-75.245042073, 6.12646143], [-75.245043746, 6.126460859], [-75.245049676, 6.126458032], [-75.245108567, 6.126422476], [-75.245113245, 6.126419114], [-75.245116643, 6.126415833], [-75.245171609, 6.126355308], [-75.245172647, 6.126354113], [-75.24517347, 6.126353085], [-75.245231247, 6.126278191], [-75.245232233, 6.12627685], [-75.245294255, 6.126188302], [-75.24529489, 6.126187363], [-75.245349101, 6.126104558], [-75.245352288, 6.126099691], [-75.245369941, 6.126078037], [-75.245416233, 6.126021256], [-75.245425639, 6.126011942], [-75.245488796, 6.125949398], [-75.245505579, 6.125936833], [-75.24552574, 6.125921738], [-75.245570463, 6.126187614], [-75.245591771, 6.126424397], [-75.245620337, 6.126681487], [-75.245498828, 6.126772838], [-75.245400121, 6.126847045], [-75.245389296, 6.126855184], [-75.245345103, 6.126888408], [-75.245265186, 6.126961266], [-75.245226673, 6.126996377], [-75.245223027, 6.126999701], [-75.245218557, 6.12700091], [-75.245181039, 6.127011056], [-75.245171639, 6.127011173], [-75.245171627, 6.127011301], [-75.2451441, 6.127011567], [-75.245122574, 6.127011776], [-75.245018818, 6.127013052], [-75.244868807, 6.127014899], [-75.244842158, 6.127015226], [-75.244505495, 6.127017075], [-75.244503698, 6.127017085], [-75.244406174, 6.127017601], [-75.244016511, 6.127019665], [-75.243983538, 6.127019839], [-75.243964475, 6.127020298], [-75.243902146, 6.127021799], [-75.243889057, 6.127026828], [-75.24388968, 6.12702156], [-75.243889841, 6.127014521], [-75.243890714, 6.126976366], [-75.243890564, 6.126970025], [-75.243902251, 6.126968091]]]}}, {"type": "Feature", "properties": {"Proyecto": "Granada 0+900", "Municipio": "El Santuario", "sector": "R", "Matricula": null, "terreno_co": "056970001000000070237000000000", "Propietari": null, "ABS": null, "Area_Total": 0.0, "Area_Req": 0.0, "Area_Rem": 0.0, "AreaSobran": 0.0, "Shape_Leng": 825.996684719, "Shape_Area": 21792.3733985}, "geometry": {"type": "MultiPolygon", "coordinates": [[[[-75.246981409, 6.125451074], [-75.246997294, 6.125450132], [-75.247008511, 6.125449468], [-75.247025199, 6.125448478], [-75.247040378, 6.125448718], [-75.247041065, 6.125448729], [-75.247077953, 6.125449312], [-75.247082289, 6.125449381], [-75.247091284, 6.125449523], [-75.247091387, 6.125449525], [-75.247092362, 6.12544954], [-75.247092507, 6.125449542], [-75.247104586, 6.125449733], [-75.247105088, 6.125444073], [-75.24710663, 6.125426678], [-75.247106742, 6.125425409], [-75.247107005, 6.125422446], [-75.247138505, 6.125425242], [-75.247179565, 6.125428887], [-75.247180988, 6.125429013], [-75.247223996, 6.125432831], [-75.247223992, 6.125432872], [-75.247224914, 6.125432954], [-75.247224839, 6.125433823], [-75.247208512, 6.125623625], [-75.24721635, 6.125950665], [-75.247088921, 6.12603674], [-75.247065041, 6.126055363], [-75.247033844, 6.126079693], [-75.246961796, 6.126135883], [-75.246955473, 6.126140814], [-75.246953037, 6.126142714], [-75.246943857, 6.126149873], [-75.246934979, 6.126156796], [-75.246928311, 6.126161998], [-75.24692638, 6.126163503], [-75.246895707, 6.126192018], [-75.246872262, 6.126213812], [-75.24687123, 6.126214631], [-75.246870713, 6.12621504], [-75.246835488, 6.126242919], [-75.246819892, 6.126255263], [-75.24681684, 6.126257678], [-75.246813735, 6.126260137], [-75.24679893, 6.126271854], [-75.246797532, 6.126272961], [-75.246794204, 6.126275595], [-75.24679158, 6.126277672], [-75.246783077, 6.126284401], [-75.246782063, 6.126285204], [-75.246779151, 6.126287815], [-75.246776014, 6.12629063], [-75.246743843, 6.126298717], [-75.246728727, 6.126290818], [-75.246402412, 6.125984705], [-75.246390493, 6.125973525], [-75.24635042, 6.125935933], [-75.246124294, 6.125712471], [-75.246173668, 6.125684249], [-75.246204701, 6.125665866], [-75.246242821, 6.125643284], [-75.246264791, 6.125633998], [-75.246380029, 6.125585285], [-75.246511186, 6.125536171], [-75.246512493, 6.125535682], [-75.24661273, 6.125496979], [-75.246798733, 6.125461896], [-75.246805138, 6.125461525], [-75.246808275, 6.125461339], [-75.246856919, 6.125458455], [-75.246886592, 6.125456696], [-75.246979343, 6.125451197], [-75.246981409, 6.125451074]]], [[[-75.24590527, 6.125638968], [-75.245915801, 6.125635682], [-75.245915834, 6.125635675], [-75.245926727, 6.125634166], [-75.245937694, 6.125634454], [-75.245937754, 6.125634461], [-75.245948534, 6.125636543], [-75.245948584, 6.125636557], [-75.245958875, 6.125640378], [-75.245958925, 6.1256404], [-75.245968467, 6.125645865], [-75.245968497, 6.125645885], [-75.245977045, 6.125652866], [-75.245991427, 6.125665665], [-75.246058087, 6.125724505], [-75.246104753, 6.125771148], [-75.246297865, 6.125962827], [-75.246367656, 6.126034723], [-75.24640216, 6.126070267], [-75.24644666, 6.126122377], [-75.246493767, 6.12617451], [-75.246510028, 6.126192507], [-75.246615662, 6.12630093], [-75.24668759, 6.12635207], [-75.246728936, 6.126366843], [-75.246780084, 6.126385118], [-75.246754516, 6.126674817], [-75.246570141, 6.127133761], [-75.246542428, 6.127178342], [-75.246411677, 6.12711172], [-75.246016507, 6.126933927], [-75.245734969, 6.126776593], [-75.245620337, 6.126681487], [-75.245591771, 6.126424397], [-75.245570463, 6.126187614], [-75.24552574, 6.125921738], [-75.245589822, 6.125873761], [-75.245618025, 6.125852646], [-75.245697078, 6.125793461], [-75.24590527, 6.125638968]]]]}}, {"type": "Feature", "properties": {"Proyecto": "Granada 0+900", "Municipio": "El Santuario", "sector": "R", "Matricula": null, "terreno_co": "6972001000002000163", "Propietari": null, "ABS": null, "Area_Total": 0.0, "Area_Req": 0.0, "Area_Rem": 0.0, "AreaSobran": 0.0, "Shape_Leng": 0.0, "Shape_Area": 12815.5277934}, "geometry": {"type": "Polygon", "coordinates": [[[-75.240504088, 6.129392279], [-75.240565739, 6.129390566], [-75.240948959, 6.12937821], [-75.241032838, 6.129661174], [-75.241042856, 6.129694952], [-75.241065763, 6.12977213], [-75.241135171, 6.129892935], [-75.241161647, 6.129924757], [-75.241279076, 6.13007406], [-75.241287866, 6.130103877], [-75.241296411, 6.130132867], [-75.241247695, 6.130211148], [-75.241092517, 6.13034014], [-75.241041563, 6.130307655], [-75.241026961, 6.130302918], [-75.240990963, 6.130291239], [-75.240956516, 6.130292391], [-75.240924923, 6.130293448], [-75.240848595, 6.130309107], [-75.240778448, 6.130320621], [-75.240711368, 6.1303187], [-75.240657661, 6.130297128], [-75.240577036, 6.130235331], [-75.240536321, 6.130199102], [-75.240519137, 6.130183812], [-75.240478857, 6.130168407], [-75.240412792, 6.130158221], [-75.240388069, 6.130158275], [-75.24034778, 6.130158362], [-75.240275359, 6.130164036], [-75.240252859, 6.130165798], [-75.240229522, 6.130165849], [-75.240155858, 6.130166008], [-75.240137767, 6.130161976], [-75.24011456, 6.130156803], [-75.24005978, 6.130115606], [-75.240026017, 6.130075344], [-75.239996668, 6.130040345], [-75.239950525, 6.129987056], [-75.239892743, 6.129941664], [-75.23983894, 6.129905658], [-75.239769543, 6.129865171], [-75.239683736, 6.129822257], [-75.239622569, 6.129794065], [-75.239554018, 6.12976507], [-75.239516666, 6.129750784], [-75.239480102, 6.129743384], [-75.239500724, 6.129733095], [-75.239595105, 6.129685127], [-75.239614974, 6.129674688], [-75.239663126, 6.129649391], [-75.239685864, 6.129637444], [-75.239868986, 6.129537535], [-75.239955457, 6.129457711], [-75.240019283, 6.129474902], [-75.240116184, 6.129490446], [-75.240250438, 6.129494453], [-75.240265434, 6.129450915], [-75.24027941, 6.129435235], [-75.2402901, 6.129423242], [-75.240309533, 6.129398827], [-75.240387214, 6.129396322], [-75.240504088, 6.129392279]]]}}, {"type": "Feature", "properties": {"Proyecto": "Granada 0+900", "Municipio": "El Santuario", "sector": "R", "Matricula": null, "terreno_co": "6972001000002000016", "Propietari": null, "ABS": null, "Area_Total": 0.0, "Area_Req": 0.0, "Area_Rem": 0.0, "AreaSobran": 0.0, "Shape_Leng": 0.0, "Shape_Area": 16729.4670107}, "geometry": {"type": "Polygon", "coordinates": [[[-75.240309533, 6.129398827], [-75.240400529, 6.129193027], [-75.240497966, 6.128977468], [-75.240612822, 6.128808713], [-75.240594487, 6.128719489], [-75.24059324, 6.128713417], [-75.240635801, 6.128662022], [-75.240686461, 6.12861651], [-75.240727546, 6.128579601], [-75.24082621, 6.128490963], [-75.240988714, 6.128418043], [-75.241109295, 6.128438516], [-75.241237296, 6.128231228], [-75.241336142, 6.12813261], [-75.24134813, 6.12812065], [-75.241388114, 6.128109134], [-75.2414252, 6.128098452], [-75.241520031, 6.128137931], [-75.241521199, 6.128138417], [-75.241574471, 6.128199857], [-75.24153249, 6.128294383], [-75.241426736, 6.128480895], [-75.241433805, 6.128571802], [-75.241743898, 6.128711589], [-75.24174332, 6.128716995], [-75.241729653, 6.128844768], [-75.241677551, 6.12893202], [-75.241586869, 6.129014901], [-75.241484913, 6.129078608], [-75.241483712, 6.129103285], [-75.241479708, 6.12918555], [-75.241477255, 6.129235935], [-75.241475972, 6.1292623], [-75.24142445, 6.129356144], [-75.241340491, 6.129564306], [-75.24132358, 6.129687619], [-75.241417508, 6.129659216], [-75.241561922, 6.129736351], [-75.241606526, 6.129759272], [-75.24163183, 6.129771502], [-75.241689303, 6.129799418], [-75.241704884, 6.129820913], [-75.241715963, 6.12984564], [-75.241704289, 6.129877347], [-75.241623651, 6.129986124], [-75.241618504, 6.129993069], [-75.241553323, 6.130021916], [-75.241467434, 6.130075094], [-75.241444735, 6.130089149], [-75.241247695, 6.130211148], [-75.241296411, 6.130132867], [-75.241287866, 6.130103877], [-75.241283627, 6.130089499], [-75.241279076, 6.13007406], [-75.241235535, 6.1300187], [-75.241161647, 6.129924757], [-75.241135171, 6.129892935], [-75.241065763, 6.12977213], [-75.241042858, 6.129694951], [-75.241032838, 6.129661174], [-75.241009421, 6.129582179], [-75.240948959, 6.12937821], [-75.240838488, 6.129381226], [-75.240309533, 6.129398827]]]}}, {"type": "Feature", "properties": {"Proyecto": "Granada 0+900", "Municipio": "El Santuario", "sector": "R", "Matricula": null, "terreno_co": "6972001000002000015", "Propietari": null, "ABS": null, "Area_Total": 0.0, "Area_Req": 0.0, "Area_Rem": 0.0, "AreaSobran": 0.0, "Shape_Leng": 0.0, "Shape_Area": 16246.7609324}, "geometry": {"type": "Polygon", "coordinates": [[[-75.241620802, 6.130113438], [-75.241594617, 6.130081075], [-75.24157922, 6.130062046], [-75.241553323, 6.130021916], [-75.241618504, 6.129993069], [-75.241623651, 6.129986124], [-75.241659035, 6.129938362], [-75.24167069, 6.12992263], [-75.241704289, 6.129877347], [-75.241715963, 6.12984564], [-75.241704884, 6.129820913], [-75.241689303, 6.129799418], [-75.24163183, 6.129771502], [-75.241606526, 6.129759272], [-75.241561922, 6.129736351], [-75.241417508, 6.129659216], [-75.24132358, 6.129687619], [-75.241340491, 6.129564306], [-75.24142445, 6.129356144], [-75.241430331, 6.129345432], [-75.241475972, 6.1292623], [-75.241477255, 6.129235935], [-75.241477901, 6.129222664], [-75.241478164, 6.129217259], [-75.241479708, 6.12918555], [-75.241481256, 6.129186163], [-75.24152529, 6.129188751], [-75.241601795, 6.129158727], [-75.241612727, 6.129157655], [-75.241693552, 6.12914973], [-75.241778299, 6.129167218], [-75.241802652, 6.129172243], [-75.241917537, 6.129206218], [-75.241949443, 6.129214906], [-75.241944431, 6.129233211], [-75.241934129, 6.129437957], [-75.242174065, 6.129466669], [-75.242195903, 6.129263691], [-75.242204642, 6.129265311], [-75.242319119, 6.12928176], [-75.242371328, 6.129289261], [-75.24247508, 6.12930417], [-75.242482427, 6.129305225], [-75.242532674, 6.129312445], [-75.24253281, 6.129312464], [-75.242532793, 6.129312504], [-75.242509748, 6.129368126], [-75.242507978, 6.129372053], [-75.242452828, 6.129494345], [-75.242390822, 6.129631839], [-75.242368371, 6.129751087], [-75.242391673, 6.129835689], [-75.242406232, 6.12988731], [-75.242422727, 6.129909523], [-75.242423347, 6.129910358], [-75.24242665, 6.129910819], [-75.242432278, 6.129911604], [-75.242438914, 6.129912486], [-75.242439181, 6.129912522], [-75.242441081, 6.129912775], [-75.242483536, 6.129918418], [-75.242483697, 6.12991844], [-75.242487644, 6.129918113], [-75.24253189, 6.129914447], [-75.242531945, 6.129914443], [-75.242567074, 6.129911533], [-75.242597759, 6.129914613], [-75.242602922, 6.129919842], [-75.242626995, 6.129944214], [-75.242627026, 6.129944245], [-75.242671886, 6.129989664], [-75.242687881, 6.130004388], [-75.242689651, 6.130005843], [-75.242682349, 6.130029953], [-75.242675921, 6.130045251], [-75.242663413, 6.130075015], [-75.242643983, 6.130109001], [-75.242628799, 6.130131953], [-75.242590247, 6.130185383], [-75.242572335, 6.130214338], [-75.242566752, 6.130223362], [-75.242552257, 6.130246794], [-75.242530448, 6.13029091], [-75.242517225, 6.130330205], [-75.242512671, 6.13033878], [-75.242489713, 6.130382001], [-75.242462446, 6.130416408], [-75.242460268, 6.130419158], [-75.242450846, 6.130433609], [-75.242440296, 6.130444256], [-75.242420275, 6.130469385], [-75.242409869, 6.130496226], [-75.242406124, 6.130515383], [-75.242405996, 6.130517476], [-75.242405231, 6.130529951], [-75.242405319, 6.13055104], [-75.242403279, 6.130570381], [-75.24240228, 6.130579845], [-75.242401235, 6.130603932], [-75.242400072, 6.130612866], [-75.24239481, 6.13065327], [-75.24239475, 6.130653725], [-75.242389573, 6.130673367], [-75.242371656, 6.130733258], [-75.242370573, 6.13073563], [-75.242363128, 6.130751956], [-75.24236141, 6.130755046], [-75.242335131, 6.13080232], [-75.2423223, 6.130821036], [-75.242292799, 6.130854656], [-75.242270224, 6.130872382], [-75.242258488, 6.130881598], [-75.242229887, 6.130901816], [-75.242209831, 6.130907642], [-75.242185922, 6.130906785], [-75.242163775, 6.13090526], [-75.242153983, 6.130899617], [-75.242142524, 6.130893012], [-75.24206787, 6.130845224], [-75.24205754, 6.130838612], [-75.242037784, 6.130825966], [-75.241958815, 6.13077352], [-75.241926664, 6.130752168], [-75.241920326, 6.130748754], [-75.24187887, 6.130726428], [-75.241830444, 6.130700347], [-75.241793213, 6.130680296], [-75.241788349, 6.130677729], [-75.241763247, 6.130664475], [-75.241725208, 6.130644392], [-75.241697741, 6.130631591], [-75.241665427, 6.130616531], [-75.241694111, 6.130571922], [-75.241792932, 6.130418237], [-75.241758984, 6.130302775], [-75.241671958, 6.130176663], [-75.241620802, 6.130113438]]]}}, {"type": "Feature", "properties": {"Proyecto": "San Antonio de Prado", "Municipio": "Medellin", "sector": "U", "Matricula": null, "terreno_co": "050010080000400000041", "Propietari": null, "ABS": null, "Area_Total": 0.0, "Area_Req": 0.0, "Area_Rem": 0.0, "AreaSobran": 0.0, "Shape_Leng": 316.284567056, "Shape_Area": 4802.27397134}, "geometry": {"type": "Polygon", "coordinates": [[[-75.663841542, 6.189998218], [-75.663871873, 6.189938501], [-75.663881906, 6.189944944], [-75.663920447, 6.189955958], [-75.663955684, 6.189957604], [-75.664009316, 6.189956579], [-75.664074123, 6.189954254], [-75.664179128, 6.189951413], [-75.664255238, 6.189941171], [-75.664260283, 6.189940039], [-75.664309651, 6.18993049], [-75.664346717, 6.189923319], [-75.664343488, 6.189949199], [-75.664337809, 6.189994731], [-75.6643209, 6.190119041], [-75.664318084, 6.190169892], [-75.664322225, 6.190210451], [-75.664352543, 6.190287414], [-75.664411277, 6.190380072], [-75.664452241, 6.190429937], [-75.664451158, 6.190431239], [-75.664440309, 6.190444187], [-75.664436119, 6.190448511], [-75.664429121, 6.190455718], [-75.664427087, 6.19045781], [-75.664425161, 6.190459938], [-75.66442396, 6.190461259], [-75.664420051, 6.190465563], [-75.6644163, 6.190469698], [-75.664414262, 6.190471941], [-75.664408659, 6.190477082], [-75.664406401, 6.190479153], [-75.664403991, 6.190481368], [-75.664401773, 6.190483412], [-75.664399213, 6.190485763], [-75.664382424, 6.190495711], [-75.664367289, 6.1905099], [-75.664366824, 6.190510332], [-75.664366494, 6.190510685], [-75.664365705, 6.190511527], [-75.664363492, 6.19051388], [-75.664363132, 6.190514253], [-75.66436131, 6.1905162], [-75.664357412, 6.190520329], [-75.664353064, 6.190524966], [-75.664345808, 6.190532429], [-75.664339759, 6.190538668], [-75.664333882, 6.19054364], [-75.664330374, 6.190546607], [-75.664327293, 6.190549217], [-75.664324628, 6.190551467], [-75.66432247, 6.190553237], [-75.664318476, 6.190556511], [-75.664313476, 6.190560614], [-75.664311938, 6.19056188], [-75.664309034, 6.190564259], [-75.66430718, 6.190565508], [-75.664304297, 6.190567442], [-75.664300227, 6.190570193], [-75.664295068, 6.190573667], [-75.66429208, 6.190575674], [-75.664290794, 6.190576302], [-75.664285304, 6.190579046], [-75.664280488, 6.190581444], [-75.664275578, 6.190583883], [-75.664275208, 6.190584049], [-75.664271213, 6.19058584], [-75.664267492, 6.190587508], [-75.664261836, 6.190590036], [-75.664257247, 6.190592089], [-75.664256953, 6.19059218], [-75.66425107, 6.190593879], [-75.664246061, 6.190595332], [-75.664238468, 6.190597541], [-75.664220151, 6.190602997], [-75.664201834, 6.190607076], [-75.664181676, 6.190613907], [-75.664180206, 6.19061456], [-75.664179781, 6.190614749], [-75.664179411, 6.19061492], [-75.66417916, 6.190615033], [-75.664177937, 6.190615573], [-75.664175679, 6.190616574], [-75.664164274, 6.190621649], [-75.664162695, 6.190622357], [-75.664145949, 6.190629854], [-75.664138595, 6.190633617], [-75.664137241, 6.190634298], [-75.664134539, 6.190635688], [-75.664128993, 6.190638524], [-75.664117805, 6.190644371], [-75.664115437, 6.190645607], [-75.664112496, 6.190647144], [-75.664110659, 6.190648103], [-75.664100974, 6.190652925], [-75.664094162, 6.190656306], [-75.664093026, 6.190656964], [-75.664089666, 6.190658919], [-75.664086918, 6.19066052], [-75.664084958, 6.190661661], [-75.664078393, 6.190665467], [-75.664077671, 6.19066589], [-75.664076379, 6.190666751], [-75.664061172, 6.190676854], [-75.664045129, 6.190685978], [-75.664036738, 6.190690263], [-75.664036472, 6.190690401], [-75.664033266, 6.190692034], [-75.664028173, 6.190694639], [-75.664026728, 6.190695536], [-75.664011209, 6.19070514], [-75.663999532, 6.190713452], [-75.663995395, 6.190716391], [-75.663995171, 6.190716554], [-75.66399274, 6.190718803], [-75.663988107, 6.190723117], [-75.663983889, 6.190727036], [-75.663981407, 6.190729347], [-75.663980796, 6.19073], [-75.663976634, 6.190734432], [-75.663973383, 6.19073789], [-75.66396916, 6.190742396], [-75.663968103, 6.190743525], [-75.663965743, 6.190746995], [-75.663962708, 6.190751474], [-75.663959605, 6.190756047], [-75.663956625, 6.190760442], [-75.663956379, 6.19076085], [-75.663953788, 6.1907651], [-75.663950165, 6.190771067], [-75.66394678, 6.190776635], [-75.663946056, 6.190777825], [-75.663943953, 6.190781796], [-75.663941624, 6.19078621], [-75.663938427, 6.190792267], [-75.663936861, 6.190795215], [-75.663936352, 6.190796437], [-75.663933804, 6.190802551], [-75.663931917, 6.19080707], [-75.663929314, 6.19081331], [-75.66392904, 6.190813981], [-75.663927375, 6.190817463], [-75.663925464, 6.190821469], [-75.663921876, 6.190828982], [-75.663920303, 6.190832286], [-75.66392014, 6.190832593], [-75.663916467, 6.190839356], [-75.663913815, 6.19084424], [-75.66391169, 6.190848153], [-75.663911112, 6.190849211], [-75.663901003, 6.190865224], [-75.663889983, 6.190881229], [-75.663877601, 6.190895394], [-75.663863371, 6.190908652], [-75.663854409, 6.190916497], [-75.663854284, 6.19091661], [-75.663853977, 6.190916879], [-75.663850865, 6.190919603], [-75.663819105, 6.190787004], [-75.66382473, 6.190664278], [-75.663824729, 6.190658171], [-75.663838827, 6.190615228], [-75.663861975, 6.190583585], [-75.663870434, 6.190529335], [-75.663867596, 6.190440061], [-75.663835964, 6.190382436], [-75.663813377, 6.190333846], [-75.663798679, 6.190264915], [-75.663776087, 6.190188074], [-75.6638043, 6.190110095], [-75.663841542, 6.189998218]]]}}, {"type": "Feature", "properties": {"Proyecto": "San Antonio de Prado", "Municipio": "Medellin", "sector": "U", "Matricula": null, "terreno_co": "050010008800400000238", "Propietari": null, "ABS": null, "Area_Total": 0.0, "Area_Req": 0.0, "Area_Rem": 0.0, "AreaSobran": 0.0, "Shape_Leng": 250.904437145, "Shape_Area": 2360.06425393}, "geometry": {"type": "Polygon", "coordinates": [[[-75.664573348, 6.189767634], [-75.664584075, 6.18975628], [-75.664624158, 6.18976568], [-75.6648337, 6.189695167], [-75.665018842, 6.18973321], [-75.665038516, 6.189748694], [-75.665030811, 6.189752321], [-75.665019997, 6.189756786], [-75.665018088, 6.189757569], [-75.665016671, 6.189758157], [-75.665012029, 6.189760074], [-75.665002902, 6.189763424], [-75.664985926, 6.189769633], [-75.664977332, 6.189769823], [-75.664969348, 6.189769982], [-75.664966286, 6.189770049], [-75.664959859, 6.189770971], [-75.664957234, 6.189771344], [-75.66495051, 6.189772312], [-75.664948071, 6.189772665], [-75.664947466, 6.189772756], [-75.664941551, 6.189774373], [-75.664935588, 6.189775994], [-75.664932726, 6.189776782], [-75.664929149, 6.189777757], [-75.664926945, 6.189778744], [-75.664924282, 6.189779927], [-75.664911736, 6.189785508], [-75.664895691, 6.189796009], [-75.664887489, 6.189803904], [-75.664881927, 6.189809257], [-75.664878051, 6.189813621], [-75.664874409, 6.189817757], [-75.664872744, 6.189819625], [-75.664869312, 6.1898235], [-75.664868165, 6.189824799], [-75.664867733, 6.189825177], [-75.664862137, 6.18983007], [-75.664853037, 6.189838055], [-75.664836076, 6.18984718], [-75.664835366, 6.189847549], [-75.664832309, 6.189849146], [-75.664831456, 6.189849591], [-75.664828801, 6.189850975], [-75.664827085, 6.189851883], [-75.664824212, 6.18985338], [-75.664820746, 6.189855189], [-75.664817765, 6.189856745], [-75.664814676, 6.189858711], [-75.664809535, 6.189861973], [-75.664801247, 6.189867253], [-75.664799861, 6.189868459], [-75.664787031, 6.189879592], [-75.664783384, 6.189884822], [-75.66478215, 6.189886589], [-75.664779849, 6.189889889], [-75.664778113, 6.189892372], [-75.664775756, 6.189895751], [-75.664775549, 6.189896052], [-75.664774126, 6.189900773], [-75.664773113, 6.189904112], [-75.664771788, 6.189908521], [-75.664770029, 6.189914329], [-75.664768093, 6.189917235], [-75.664758995, 6.189930824], [-75.664746147, 6.189945458], [-75.664740286, 6.189953727], [-75.664739889, 6.189954299], [-75.664739484, 6.189954867], [-75.664738243, 6.189956604], [-75.664735805, 6.189960055], [-75.664735131, 6.189961008], [-75.664730775, 6.189970629], [-75.664726851, 6.189979318], [-75.664723283, 6.189991567], [-75.664720857, 6.189999915], [-75.664717061, 6.190009134], [-75.664716711, 6.190009983], [-75.664711238, 6.190015854], [-75.664706256, 6.190021176], [-75.664701935, 6.190025814], [-75.664698051, 6.190029975], [-75.664694657, 6.190033609], [-75.66469079, 6.190037741], [-75.664687616, 6.190041151], [-75.664686497, 6.190042354], [-75.664683357, 6.19004572], [-75.664680628, 6.190048631], [-75.66467619, 6.190053396], [-75.664673946, 6.190055787], [-75.664669586, 6.190060465], [-75.664667718, 6.190062473], [-75.664663452, 6.19006703], [-75.66462749, 6.190105558], [-75.664625042, 6.190108177], [-75.664623191, 6.190110162], [-75.664617302, 6.190116461], [-75.664615384, 6.190118526], [-75.66461124, 6.190122964], [-75.664585412, 6.190150626], [-75.664583566, 6.190152604], [-75.664579016, 6.190157478], [-75.664576315, 6.190160373], [-75.664575591, 6.190160915], [-75.664571899, 6.19016371], [-75.664561187, 6.190171792], [-75.664547887, 6.190185936], [-75.664547423, 6.190186422], [-75.664546346, 6.190188728], [-75.664545552, 6.190190418], [-75.664545109, 6.190191366], [-75.664543953, 6.190193854], [-75.664543312, 6.190195221], [-75.664543014, 6.190195852], [-75.664538232, 6.190206098], [-75.664535837, 6.190209568], [-75.664527198, 6.190222111], [-75.664525262, 6.190225011], [-75.664522336, 6.190229387], [-75.66452042, 6.190232244], [-75.664518774, 6.190234698], [-75.66451619, 6.190238574], [-75.664515426, 6.190239942], [-75.66451373, 6.190242977], [-75.664512124, 6.190245863], [-75.664509018, 6.190251414], [-75.664507309, 6.190254479], [-75.664506991, 6.190255042], [-75.664505231, 6.190260425], [-75.664504124, 6.190263829], [-75.664503115, 6.190266912], [-75.664501008, 6.190273358], [-75.66450097, 6.19027351], [-75.664500159, 6.19027679], [-75.664499376, 6.19027997], [-75.664497695, 6.190286811], [-75.664496899, 6.190290044], [-75.664496384, 6.190292123], [-75.664496272, 6.190293192], [-75.664495376, 6.190301209], [-75.664494169, 6.190312047], [-75.664490061, 6.190332674], [-75.664488384, 6.190339442], [-75.664487353, 6.190343596], [-75.664486792, 6.190345878], [-75.664486563, 6.190346803], [-75.664485306, 6.190351894], [-75.664484593, 6.190354118], [-75.664479091, 6.190371279], [-75.664471588, 6.190392276], [-75.664471455, 6.190392631], [-75.664468992, 6.190399124], [-75.664464053, 6.190412118], [-75.664463594, 6.190413338], [-75.664463166, 6.190413959], [-75.664460789, 6.190417425], [-75.66445763, 6.190422053], [-75.664454487, 6.190426646], [-75.664452241, 6.190429937], [-75.664411277, 6.190380072], [-75.664352543, 6.190287414], [-75.664322225, 6.190210451], [-75.664318084, 6.190169892], [-75.6643209, 6.190119041], [-75.664337809, 6.189994731], [-75.664343488, 6.189949199], [-75.664346717, 6.189923319], [-75.664394711, 6.189907306], [-75.664426281, 6.189892856], [-75.664454692, 6.189875923], [-75.664457936, 6.189873302], [-75.664491983, 6.18984578], [-75.664494765, 6.189843587], [-75.664500012, 6.189839469], [-75.664503372, 6.189836828], [-75.664505061, 6.189835228], [-75.664509965, 6.189830562], [-75.664512646, 6.18982801], [-75.664517469, 6.189823428], [-75.66452207, 6.189819058], [-75.664523531, 6.189817675], [-75.664532445, 6.1898092], [-75.664532904, 6.18980877], [-75.664536824, 6.189804853], [-75.664538142, 6.189803533], [-75.664542443, 6.189799236], [-75.664543336, 6.18979835], [-75.664544257, 6.189797428], [-75.6645462, 6.189795487], [-75.664554802, 6.189786895], [-75.664556433, 6.189785257], [-75.664561001, 6.189780701], [-75.664561164, 6.18978053], [-75.664565727, 6.189775703], [-75.664570575, 6.189770567], [-75.664573348, 6.189767634]]]}}, {"type": "Feature", "properties": {"Proyecto": "Mi Casita Venecia", "Municipio": "Venecia", "sector": "R", "Matricula": null, "terreno_co": "058610001000000010094000000000", "Propietari": null, "ABS": null, "Area_Total": 0.0, "Area_Req": 0.0, "Area_Rem": 0.0, "AreaSobran": 0.0, "Shape_Leng": 101.512283648, "Shape_Area": 449.18628156}, "geometry": {"type": "Polygon", "coordinates": [[[-75.749979184, 5.961595667], [-75.750015796, 5.961593722], [-75.750059527, 5.961595067], [-75.750091512, 5.961593493], [-75.750107253, 5.961591202], [-75.750134405, 5.961585171], [-75.750147909, 5.961584595], [-75.75016183, 5.961584002], [-75.750181972, 5.961565091], [-75.750197473, 5.961550538], [-75.750204967, 5.961563418], [-75.750213912, 5.961578792], [-75.750214628, 5.961579864], [-75.75021493, 5.961580317], [-75.750216078, 5.961582035], [-75.750216743, 5.961583029], [-75.750217407, 5.961584024], [-75.750218555, 5.961585743], [-75.750218856, 5.961586194], [-75.750222178, 5.961591169], [-75.750224291, 5.961594333], [-75.750227979, 5.961599854], [-75.750228223, 5.961600219], [-75.750236125, 5.961612048], [-75.750239049, 5.961616426], [-75.750270956, 5.961647812], [-75.750273929, 5.961714293], [-75.750269579, 5.961732917], [-75.750263509, 5.961758902], [-75.75018158, 5.961782135], [-75.750159355, 5.961767552], [-75.750100825, 5.961729146], [-75.750063499, 5.961701082], [-75.750019151, 5.961668091], [-75.749991206, 5.961647302], [-75.74997278, 5.961634746], [-75.74992826, 5.961604409], [-75.749925507, 5.961603504], [-75.74991568, 5.96160027], [-75.749933686, 5.96159768], [-75.749968993, 5.961596177], [-75.749971975, 5.96159605], [-75.749979184, 5.961595667]]]}}, {"type": "Feature", "properties": {"Proyecto": "Mi Casita Venecia", "Municipio": "Venecia", "sector": "R", "Matricula": null, "terreno_co": "058610002000000020261000000000", "Propietari": null, "ABS": null, "Area_Total": 0.0, "Area_Req": 0.0, "Area_Rem": 0.0, "AreaSobran": 0.0, "Shape_Leng": 1635.86225319, "Shape_Area": 39419.8431669}, "geometry": {"type": "MultiPolygon", "coordinates": [[[[-75.750684841, 5.961524304], [-75.750661283, 5.961523878], [-75.750619575, 5.961524621], [-75.750579063, 5.961524661], [-75.750534962, 5.961518809], [-75.750507057, 5.961511558], [-75.750461591, 5.961491291], [-75.750413816, 5.961465166], [-75.750371725, 5.96144383], [-75.750340057, 5.961427179], [-75.750376958, 5.961391473], [-75.750358094, 5.961362262], [-75.750325557, 5.961383183], [-75.750298698, 5.961407333], [-75.750266152, 5.961440695], [-75.750231463, 5.961482763], [-75.75022819, 5.961484279], [-75.750211925, 5.961491815], [-75.750204879, 5.961495989], [-75.750199065, 5.961471301], [-75.750190338, 5.961454895], [-75.750169681, 5.961416063], [-75.7501669, 5.961404897], [-75.750162925, 5.961388934], [-75.750161301, 5.961382418], [-75.750180713, 5.961352739], [-75.750267119, 5.961298478], [-75.750294566, 5.961290375], [-75.750308448, 5.961286277], [-75.750314894, 5.961265292], [-75.750315245, 5.961264149], [-75.750312302, 5.961259082], [-75.750316806, 5.961259069], [-75.750319879, 5.961249065], [-75.75030189, 5.961212087], [-75.750277222, 5.961174714], [-75.750244352, 5.961155251], [-75.750240011, 5.961152681], [-75.750191917, 5.961124563], [-75.750192807, 5.961084464], [-75.750241214, 5.960993783], [-75.750244595, 5.960988699], [-75.750284947, 5.960928018], [-75.750237564, 5.960912055], [-75.750180369, 5.960873152], [-75.750061142, 5.960368821], [-75.749932646, 5.960057832], [-75.749640615, 5.959222151], [-75.749319722, 5.958320554], [-75.749098483, 5.9576712], [-75.748913543, 5.957140543], [-75.748914035, 5.957139625], [-75.748936377, 5.957152662], [-75.74897833, 5.957177145], [-75.749254561, 5.957314515], [-75.749520964, 5.957381843], [-75.749614933, 5.957506041], [-75.749734719, 5.95757635], [-75.749931085, 5.957670183], [-75.750090863, 5.957737252], [-75.750111628, 5.957743178], [-75.7501073, 5.957748393], [-75.750081577, 5.957779398], [-75.750050684, 5.957891594], [-75.750046327, 5.958010715], [-75.750081611, 5.958221467], [-75.750159303, 5.958477807], [-75.749936559, 5.958439642], [-75.749972237, 5.958621977], [-75.750028278, 5.958922428], [-75.7500657, 5.959154385], [-75.75010326, 5.959329311], [-75.750159998, 5.959447281], [-75.750243285, 5.959569113], [-75.750334123, 5.959717578], [-75.750371829, 5.959831703], [-75.750383068, 5.959973727], [-75.750418813, 5.960057776], [-75.75047265, 5.960102852], [-75.750549696, 5.960119977], [-75.750566697, 5.960123756], [-75.75060146, 5.960131483], [-75.750628604, 5.960137517], [-75.750721788, 5.960158228], [-75.75090685, 5.960175509], [-75.751044839, 5.960175841], [-75.751031942, 5.960600177], [-75.751027846, 5.960708583], [-75.750892734, 5.96074295], [-75.75094944, 5.961282387], [-75.750987575, 5.961313543], [-75.750999086, 5.961322947], [-75.751010748, 5.961329811], [-75.750938212, 5.961389205], [-75.750932263, 5.961394076], [-75.750921663, 5.961407332], [-75.75090115, 5.961430862], [-75.750864279, 5.961461102], [-75.750830427, 5.961486363], [-75.750788264, 5.961506115], [-75.750762133, 5.961514126], [-75.750721494, 5.961519139], [-75.750684841, 5.961524304]]], [[[-75.750599209, 5.962233163], [-75.750558569, 5.962189319], [-75.750541968, 5.962179915], [-75.750510428, 5.962162048], [-75.750482783, 5.962154266], [-75.750435094, 5.96214084], [-75.75041119, 5.962122842], [-75.750405289, 5.962103687], [-75.750404172, 5.962069006], [-75.75040426, 5.962031926], [-75.75042118, 5.961960208], [-75.750428462, 5.96190403], [-75.750425049, 5.961847802], [-75.750423378, 5.961843644], [-75.750414309, 5.961821082], [-75.750386723, 5.961827416], [-75.750342403, 5.96184035], [-75.750324911, 5.96184475], [-75.750320175, 5.961840778], [-75.750307511, 5.96183016], [-75.750306357, 5.961795879], [-75.750305383, 5.96173863], [-75.750312467, 5.961706402], [-75.750308112, 5.961663736], [-75.75030751, 5.961657833], [-75.75030628, 5.961629114], [-75.750294959, 5.961604594], [-75.750292952, 5.961600248], [-75.750285295, 5.961583664], [-75.75025627, 5.961552026], [-75.750238398, 5.961534499], [-75.750254228, 5.961529108], [-75.750268346, 5.961524301], [-75.750310264, 5.961515449], [-75.750337273, 5.961517001], [-75.750354951, 5.961520519], [-75.750366618, 5.96152388], [-75.750419293, 5.961549189], [-75.750460575, 5.961561703], [-75.750494313, 5.96156873], [-75.750522186, 5.961574923], [-75.750561327, 5.96158187], [-75.750637116, 5.96158958], [-75.750656562, 5.961593113], [-75.750692006, 5.96159302], [-75.750701844, 5.961592542], [-75.750705506, 5.961593569], [-75.75070898, 5.961600028], [-75.750719899, 5.961617769], [-75.750725976, 5.961627641], [-75.750729795, 5.961633846], [-75.750931049, 5.961649654], [-75.750986332, 5.961653996], [-75.751010176, 5.961628852], [-75.751022861, 5.961729376], [-75.751041646, 5.961765295], [-75.751055604, 5.961828559], [-75.751056194, 5.961946971], [-75.751060295, 5.961945542], [-75.751069758, 5.961943012], [-75.751086762, 5.961938295], [-75.751101184, 5.961936586], [-75.751136435, 5.961927784], [-75.751150628, 5.961921581], [-75.751171993, 5.961917506], [-75.751185318, 5.961913638], [-75.751189311, 5.961929422], [-75.751184434, 5.961943317], [-75.751174941, 5.961960524], [-75.751168579, 5.961982067], [-75.751164852, 5.962003228], [-75.751159569, 5.962027002], [-75.751153184, 5.962050348], [-75.751145339, 5.962068685], [-75.751138173, 5.962088001], [-75.751137709, 5.962088986], [-75.751135306, 5.962094091], [-75.751130066, 5.962105225], [-75.751115546, 5.962114885], [-75.751099001, 5.962121923], [-75.751095921, 5.962123232], [-75.751093536, 5.962123911], [-75.751077719, 5.962128411], [-75.751058837, 5.96213261], [-75.751037207, 5.96213525], [-75.751017942, 5.96213695], [-75.750995096, 5.96213708], [-75.750990112, 5.96213721], [-75.75097863, 5.962137748], [-75.750925557, 5.96214023], [-75.750904896, 5.962142882], [-75.750887141, 5.962145571], [-75.750867977, 5.962150183], [-75.750847251, 5.962157963], [-75.750843831, 5.962160846], [-75.750816275, 5.962184089], [-75.750807589, 5.962191416], [-75.75079336, 5.962203418], [-75.75077224, 5.962221232], [-75.750748183, 5.962241524], [-75.75073107, 5.962234576], [-75.750716586, 5.962229415], [-75.750698509, 5.96222381], [-75.750639025, 5.962241475], [-75.750608235, 5.962250619], [-75.750599209, 5.962233163]]]]}}, {"type": "Feature", "properties": {"Proyecto": "Mi Casita Venecia", "Municipio": "Venecia", "sector": "R", "Matricula": null, "terreno_co": "058610001000000010084000000000", "Propietari": null, "ABS": null, "Area_Total": 0.0, "Area_Req": 0.0, "Area_Rem": 0.0, "AreaSobran": 0.0, "Shape_Leng": 497.423876536, "Shape_Area": 11091.524532}, "geometry": {"type": "Polygon", "coordinates": [[[-75.749890521, 5.961540708], [-75.749887349, 5.961540626], [-75.749885596, 5.961539575], [-75.749878751, 5.961535474], [-75.749872959, 5.961532003], [-75.749880731, 5.961513572], [-75.749889064, 5.961480498], [-75.7498811, 5.961466146], [-75.749862317, 5.961432292], [-75.749830613, 5.961402361], [-75.749802401, 5.96136991], [-75.749755257, 5.961344182], [-75.749553915, 5.96130474], [-75.74953359, 5.961242423], [-75.749526947, 5.961242121], [-75.749475175, 5.961239762], [-75.749462625, 5.96123919], [-75.749426026, 5.961267531], [-75.749412909, 5.961277119], [-75.749407829, 5.961280829], [-75.749291086, 5.9612624], [-75.749213042, 5.961250078], [-75.749099522, 5.9612206], [-75.749074959, 5.960780103], [-75.749074925, 5.960607224], [-75.749074863, 5.960285576], [-75.749149434, 5.960291163], [-75.749304469, 5.960312352], [-75.749419731, 5.96036186], [-75.749585907, 5.960473939], [-75.74981065, 5.960601282], [-75.749929646, 5.96068296], [-75.750039024, 5.960802473], [-75.750094619, 5.960876171], [-75.750125069, 5.960916537], [-75.750180369, 5.960873152], [-75.750237564, 5.960912055], [-75.750213606, 5.960951437], [-75.75017865, 5.961008896], [-75.75014556, 5.961079907], [-75.75013958, 5.961087828], [-75.750126519, 5.961105129], [-75.750130308, 5.961128998], [-75.750175572, 5.96118116], [-75.750228369, 5.961191521], [-75.750251872, 5.961199169], [-75.750255743, 5.961219151], [-75.750249842, 5.961239832], [-75.7502395, 5.96125655], [-75.750207351, 5.961273432], [-75.750142703, 5.961285342], [-75.750142592, 5.96128537], [-75.750118889, 5.961315199], [-75.750096383, 5.961358708], [-75.750102536, 5.961402519], [-75.750121021, 5.961427826], [-75.750148577, 5.961458421], [-75.750178512, 5.961511191], [-75.750175292, 5.961513941], [-75.750168972, 5.961519335], [-75.750157365, 5.961524296], [-75.750151108, 5.961526969], [-75.750144193, 5.961529925], [-75.750106835, 5.961548503], [-75.750086068, 5.961551615], [-75.75004917, 5.961550553], [-75.750041168, 5.961550113], [-75.750016452, 5.961548754], [-75.749968476, 5.961545851], [-75.749926693, 5.961541641], [-75.749890521, 5.961540708]]]}}, {"type": "Feature", "properties": {"Proyecto": "Concordia Majagual", "Municipio": "Betulia", "sector": "R", "Matricula": null, "terreno_co": "056420004000000080039000000000", "Propietari": null, "ABS": null, "Area_Total": 0.0, "Area_Req": 0.0, "Area_Rem": 0.0, "AreaSobran": 0.0, "Shape_Leng": 0.0, "Shape_Area": 126750.286252}, "geometry": {"type": "Polygon", "coordinates": [[[-75.954331138, 6.043779027], [-75.954304104, 6.043727883], [-75.954381204, 6.043688], [-75.954412109, 6.043655671], [-75.954458815, 6.04357317], [-75.954518738, 6.043453163], [-75.954585893, 6.043344287], [-75.954634497, 6.04319482], [-75.95466043, 6.04312686], [-75.954762688, 6.043024175], [-75.95487289, 6.04291666], [-75.954941675, 6.042814159], [-75.954981503, 6.042728652], [-75.955021652, 6.042639355], [-75.955067424, 6.042457145], [-75.955092889, 6.042263296], [-75.955159153, 6.042083245], [-75.955197016, 6.041979809], [-75.955229172, 6.04188405], [-75.955246293, 6.041815159], [-75.955258429, 6.041701794], [-75.955277973, 6.041631476], [-75.955330124, 6.041548213], [-75.955469184, 6.041403442], [-75.955473533, 6.041407722], [-75.955555727, 6.04148856], [-75.955716171, 6.041601927], [-75.955926968, 6.041741077], [-75.95604183, 6.041808835], [-75.9561593, 6.041824083], [-75.956241378, 6.041814927], [-75.956380146, 6.041751536], [-75.956504899, 6.041624436], [-75.956643856, 6.041469066], [-75.956771408, 6.041356123], [-75.956796746, 6.041417023], [-75.956846073, 6.04150769], [-75.956878419, 6.04160115], [-75.95687543, 6.041678973], [-75.956852554, 6.041796377], [-75.956828677, 6.041910906], [-75.956970541, 6.0420447], [-75.957200424, 6.042326766], [-75.957655863, 6.042885586], [-75.957828881, 6.043076802], [-75.95782295, 6.043163743], [-75.957819291, 6.043217348], [-75.957851948, 6.04331759], [-75.957884782, 6.043350102], [-75.957989686, 6.043357927], [-75.958238938, 6.043376522], [-75.95849284, 6.043405534], [-75.958833921, 6.043524379], [-75.958835988, 6.043525098], [-75.95897175, 6.043591578], [-75.959026936, 6.043628272], [-75.959126348, 6.043700239], [-75.959198862, 6.043730002], [-75.959212029, 6.043735407], [-75.959279593, 6.043762063], [-75.959540159, 6.043793541], [-75.959550858, 6.043794833], [-75.959620794, 6.043840389], [-75.959726095, 6.043980727], [-75.959914744, 6.044173059], [-75.960129138, 6.044329952], [-75.960225075, 6.044400157], [-75.960302327, 6.044450535], [-75.960524897, 6.044595681], [-75.960719461, 6.0447666], [-75.960768273, 6.044809482], [-75.960819538, 6.044884222], [-75.960877572, 6.044968831], [-75.960855226, 6.045093991], [-75.960844917, 6.045235789], [-75.960847369, 6.045347724], [-75.960838937, 6.045416511], [-75.960693949, 6.045386027], [-75.960491692, 6.04540661], [-75.960332383, 6.045452281], [-75.96022767, 6.045435781], [-75.960036324, 6.045392275], [-75.959948583, 6.045404828], [-75.959859723, 6.045432166], [-75.959776113, 6.045471102], [-75.959733378, 6.045517076], [-75.959609684, 6.04564103], [-75.959541781, 6.045715699], [-75.959487276, 6.045775635], [-75.959463299, 6.045790383], [-75.959375033, 6.045824168], [-75.959253227, 6.045829373], [-75.959023936, 6.045746885], [-75.958806167, 6.045723313], [-75.958626923, 6.045697629], [-75.958404813, 6.045710356], [-75.958111103, 6.045740068], [-75.957678896, 6.045784607], [-75.957370759, 6.045788064], [-75.957220197, 6.045767064], [-75.957083859, 6.045714927], [-75.956956978, 6.045634062], [-75.956731647, 6.04540528], [-75.956699843, 6.045373064], [-75.9566046, 6.04527659], [-75.956501653, 6.04520999], [-75.956434655, 6.045176742], [-75.956310376, 6.045158043], [-75.956271543, 6.045153081], [-75.956164598, 6.045139418], [-75.956061809, 6.04511825], [-75.955961327, 6.045073164], [-75.955817626, 6.044963661], [-75.95574917, 6.044923724], [-75.955698973, 6.044913855], [-75.955614394, 6.044908408], [-75.955515441, 6.044891532], [-75.955437933, 6.0448588], [-75.955341656, 6.044780892], [-75.955307459, 6.044736125], [-75.95518915, 6.044652336], [-75.955117357, 6.044614324], [-75.954985872, 6.044583692], [-75.954895085, 6.044579222], [-75.954715964, 6.044589407], [-75.954536903, 6.04461633], [-75.954390209, 6.044608706], [-75.954237224, 6.044578626], [-75.954072633, 6.044506499], [-75.953965412, 6.044447567], [-75.953854711, 6.044409068], [-75.953813775, 6.044406726], [-75.953716873, 6.044415883], [-75.953626592, 6.044406802], [-75.953460318, 6.044363387], [-75.953528854, 6.044284428], [-75.953537905, 6.044274002], [-75.953628872, 6.044275712], [-75.953663101, 6.044276356], [-75.953766216, 6.044227436], [-75.95384641, 6.04418939], [-75.953891431, 6.04418406], [-75.954016038, 6.04416931], [-75.954168948, 6.044140932], [-75.95431914, 6.044132059], [-75.954444194, 6.044092638], [-75.954527545, 6.044061717], [-75.954481188, 6.044008608], [-75.954454229, 6.043977725], [-75.95436811, 6.043838711], [-75.954356707, 6.043820304], [-75.954331138, 6.043779027]]]}}, {"type": "Feature", "properties": {"Proyecto": "Tamesis la Oculta", "Municipio": "Tamesis", "sector": "R", "Matricula": null, "terreno_co": "057890002000000040147000000000", "Propietari": null, "ABS": null, "Area_Total": 0.0, "Area_Req": 0.0, "Area_Rem": 0.0, "AreaSobran": 0.0, "Shape_Leng": 0.0, "Shape_Area": 104648.505957}, "geometry": {"type": "Polygon", "coordinates": [[[-75.688016275, 5.731436554], [-75.688144177, 5.731300772], [-75.68829651, 5.731139055], [-75.688315098, 5.731119322], [-75.688384744, 5.731045386], [-75.688425225, 5.73100241], [-75.688463486, 5.730961794], [-75.688532498, 5.730894123], [-75.688607115, 5.730820957], [-75.688646797, 5.730782046], [-75.688685059, 5.730744529], [-75.688723711, 5.730707379], [-75.688758951, 5.730673507], [-75.688831, 5.730604256], [-75.688912552, 5.730525872], [-75.688971425, 5.730469285], [-75.689015209, 5.7304272], [-75.689124405, 5.730405008], [-75.689172412, 5.730395252], [-75.689351993, 5.730387029], [-75.68945648, 5.730382245], [-75.689498004, 5.730380343], [-75.689521518, 5.730379267], [-75.689656342, 5.730088505], [-75.689681353, 5.730034565], [-75.689685797, 5.730025489], [-75.689690294, 5.730016302], [-75.689701577, 5.729993257], [-75.689728193, 5.729938818], [-75.689807975, 5.729775632], [-75.689879178, 5.729659829], [-75.689936698, 5.729564624], [-75.690003396, 5.729436349], [-75.690084287, 5.729276629], [-75.690081022, 5.729252581], [-75.69010322, 5.729252828], [-75.690111946, 5.729251218], [-75.690281557, 5.729219924], [-75.690327743, 5.729205325], [-75.690336656, 5.729202508], [-75.690459506, 5.729116269], [-75.69051792, 5.729064205], [-75.690589497, 5.729016319], [-75.690641637, 5.728963566], [-75.690735676, 5.728879792], [-75.690763757, 5.728867304], [-75.690835898, 5.728821419], [-75.690852467, 5.728810954], [-75.690866673, 5.728803556], [-75.690951563, 5.728753123], [-75.69116844, 5.728643377], [-75.691459104, 5.728501543], [-75.691789496, 5.728348952], [-75.691986872, 5.728259378], [-75.692039309, 5.728230038], [-75.69207331, 5.728311906], [-75.692135508, 5.728539321], [-75.692185867, 5.728686425], [-75.692230746, 5.728887132], [-75.692241555, 5.729002513], [-75.692278096, 5.729156618], [-75.692343292, 5.729310588], [-75.692393589, 5.729436373], [-75.692426633, 5.729514368], [-75.692415494, 5.729583306], [-75.692396768, 5.729663761], [-75.692324712, 5.729778911], [-75.692218479, 5.729938231], [-75.691912758, 5.730424665], [-75.691666293, 5.730836589], [-75.6915598, 5.730940419], [-75.691428399, 5.731029058], [-75.691281833, 5.731142644], [-75.691108023, 5.731283563], [-75.690998188, 5.731356378], [-75.69089894, 5.73137598], [-75.690721163, 5.73135194], [-75.690579762, 5.73134495], [-75.690448039, 5.731364704], [-75.690415444, 5.731408172], [-75.690395653, 5.731440268], [-75.689270706, 5.732117726], [-75.688487773, 5.732603018], [-75.688443147, 5.73265589], [-75.688171011, 5.732525281], [-75.688107021, 5.732494569], [-75.688069782, 5.732476697], [-75.688111506, 5.732207413], [-75.68816356, 5.732061909], [-75.688252934, 5.731812086], [-75.687957207, 5.731499262], [-75.687957383, 5.731499074], [-75.688016275, 5.731436554]]]}}, {"type": "Feature", "properties": {"Proyecto": "Tamesis la Oculta", "Municipio": "Tamesis", "sector": "R", "Matricula": null, "terreno_co": "057890002000000010202000000000", "Propietari": null, "ABS": null, "Area_Total": 0.0, "Area_Req": 0.0, "Area_Rem": 0.0, "AreaSobran": 0.0, "Shape_Leng": 0.0, "Shape_Area": 58140.3005109}, "geometry": {"type": "Polygon", "coordinates": [[[-75.685622053, 5.730703156], [-75.685696437, 5.73058368], [-75.685779812, 5.730499063], [-75.685825238, 5.730473424], [-75.685881217, 5.730461444], [-75.685953823, 5.730452532], [-75.686030845, 5.730454976], [-75.686051506, 5.730460558], [-75.686183419, 5.730500368], [-75.686451592, 5.730606772], [-75.686562478, 5.730632056], [-75.686664336, 5.730640761], [-75.686720489, 5.730633721], [-75.686782905, 5.730596171], [-75.686839142, 5.730529151], [-75.686953409, 5.730406378], [-75.687098144, 5.730256518], [-75.687173454, 5.73018098], [-75.687266993, 5.730159671], [-75.687398837, 5.730174606], [-75.687560645, 5.730178287], [-75.687690163, 5.730163544], [-75.687836061, 5.730100671], [-75.688016825, 5.730011735], [-75.688166877, 5.729938687], [-75.688266819, 5.729891115], [-75.688437418, 5.729853119], [-75.688686075, 5.729843755], [-75.688904299, 5.729834343], [-75.689057168, 5.72979297], [-75.689098423, 5.729755553], [-75.689144104, 5.729724988], [-75.689194039, 5.729682127], [-75.689194123, 5.72968201], [-75.68919415, 5.729681972], [-75.689205853, 5.729665222], [-75.689236861, 5.729614058], [-75.689276858, 5.729563068], [-75.689309839, 5.729521265], [-75.689332484, 5.729487419], [-75.689362242, 5.72944173], [-75.689372981, 5.729416154], [-75.689413786, 5.729314768], [-75.689436258, 5.729285063], [-75.689493783, 5.729233998], [-75.689567837, 5.729184782], [-75.68964924, 5.729161204], [-75.689804461, 5.729193148], [-75.689884853, 5.729210836], [-75.68992058, 5.729223461], [-75.689981832, 5.729247367], [-75.690007285, 5.729250565], [-75.690081024, 5.729252583], [-75.690084287, 5.729276629], [-75.689936698, 5.729564624], [-75.689807975, 5.729775632], [-75.689728193, 5.729938818], [-75.689701577, 5.729993257], [-75.689690294, 5.730016302], [-75.689685797, 5.730025489], [-75.689681353, 5.730034565], [-75.689656342, 5.730088505], [-75.689521518, 5.730379267], [-75.689498004, 5.730380343], [-75.68945648, 5.730382245], [-75.689351993, 5.730387029], [-75.689172412, 5.730395252], [-75.689124405, 5.730405008], [-75.689015209, 5.7304272], [-75.688971425, 5.730469285], [-75.688912552, 5.730525872], [-75.688831, 5.730604256], [-75.688758951, 5.730673507], [-75.688723711, 5.730707379], [-75.688685059, 5.730744529], [-75.688646797, 5.730782046], [-75.688607115, 5.730820957], [-75.688532498, 5.730894123], [-75.688463486, 5.730961794], [-75.688425225, 5.73100241], [-75.688384744, 5.731045386], [-75.688315098, 5.731119322], [-75.68829651, 5.731139055], [-75.688144177, 5.731300772], [-75.688016275, 5.731436554], [-75.687957383, 5.731499074], [-75.687957207, 5.731499262], [-75.687900836, 5.731554284], [-75.687786448, 5.731665939], [-75.687652041, 5.731652337], [-75.687451068, 5.731631999], [-75.687004877, 5.731586645], [-75.686573758, 5.731543857], [-75.686302806, 5.731519789], [-75.685880182, 5.731477914], [-75.685826755, 5.731461952], [-75.685780965, 5.731448273], [-75.68562308, 5.731401105], [-75.685129161, 5.731236141], [-75.685248965, 5.731155128], [-75.685314098, 5.731109846], [-75.685377771, 5.731043357], [-75.685449028, 5.730966283], [-75.685515828, 5.730857391], [-75.685622053, 5.730703156]]]}}, {"type": "Feature", "properties": {"Proyecto": "Tamesis la Oculta", "Municipio": "Tamesis", "sector": "R", "Matricula": null, "terreno_co": "057890002000000010153000000000", "Propietari": null, "ABS": null, "Area_Total": 0.0, "Area_Req": 0.0, "Area_Rem": 0.0, "AreaSobran": 0.0, "Shape_Leng": 0.0, "Shape_Area": 52692.0201711}, "geometry": {"type": "Polygon", "coordinates": [[[-75.68292945, 5.73056997], [-75.682912864, 5.730103166], [-75.682941988, 5.7295884], [-75.683095026, 5.729668332], [-75.683270943, 5.729732891], [-75.683516192, 5.7299569], [-75.683678468, 5.730095638], [-75.683732903, 5.73009405], [-75.683974872, 5.730041712], [-75.684201206, 5.730033616], [-75.684254294, 5.730233169], [-75.684562162, 5.730179688], [-75.684843877, 5.730166941], [-75.684978337, 5.73014892], [-75.685044371, 5.73014007], [-75.685468625, 5.730715872], [-75.685476255, 5.730726228], [-75.68541167, 5.730822969], [-75.685331719, 5.730936332], [-75.685231599, 5.731029396], [-75.685059728, 5.731143975], [-75.684832669, 5.7312948], [-75.684759166, 5.731351676], [-75.684711166, 5.731408983], [-75.684669367, 5.731480108], [-75.684649765, 5.731539302], [-75.68463905, 5.731558136], [-75.68461992, 5.731630965], [-75.684609263, 5.731677553], [-75.684603589, 5.731703587], [-75.684601806, 5.731724667], [-75.684595689, 5.731987858], [-75.684601014, 5.732074099], [-75.684602334, 5.732085598], [-75.684602385, 5.732095728], [-75.684597151, 5.732118347], [-75.684580335, 5.732150091], [-75.684553157, 5.732201396], [-75.684547989, 5.732204331], [-75.684514839, 5.732221795], [-75.684409345, 5.732268185], [-75.684278334, 5.732304105], [-75.683545275, 5.732098676], [-75.683459371, 5.732074602], [-75.683305175, 5.73203139], [-75.68304723, 5.731931404], [-75.682969732, 5.731370868], [-75.682969632, 5.731330181], [-75.682968556, 5.73089321], [-75.68292945, 5.73056997]]]}}, {"type": "Feature", "properties": {"Proyecto": "Tamesis la Oculta", "Municipio": "Tamesis", "sector": "R", "Matricula": null, "terreno_co": "057890002000000010212000000000", "Propietari": null, "ABS": null, "Area_Total": 0.0, "Area_Req": 0.0, "Area_Rem": 0.0, "AreaSobran": 0.0, "Shape_Leng": 0.0, "Shape_Area": 72489.348384}, "geometry": {"type": "Polygon", "coordinates": [[[-75.684764889, 5.731474811], [-75.685129166, 5.731236137], [-75.68562308, 5.731401105], [-75.685780965, 5.731448273], [-75.685826755, 5.731461952], [-75.685880182, 5.731477914], [-75.686302806, 5.731519789], [-75.686573758, 5.731543857], [-75.687004877, 5.731586645], [-75.687451068, 5.731631999], [-75.687652041, 5.731652337], [-75.687786448, 5.731665939], [-75.687443493, 5.731978959], [-75.68742103, 5.732028185], [-75.687346024, 5.732199372], [-75.687289701, 5.732267804], [-75.687278943, 5.732275437], [-75.687206549, 5.732326806], [-75.686903745, 5.732541664], [-75.686670112, 5.732755071], [-75.686410172, 5.732914825], [-75.686336753, 5.732959947], [-75.686002169, 5.73312689], [-75.685949609, 5.733153116], [-75.685913821, 5.733193322], [-75.685842711, 5.733273213], [-75.68578882, 5.733538538], [-75.685784355, 5.733560515], [-75.68571919, 5.733668456], [-75.68555293, 5.733860587], [-75.685552281, 5.73391236], [-75.685548583, 5.734207433], [-75.685271155, 5.735232755], [-75.685266315, 5.735235361], [-75.685230481, 5.735248074], [-75.685206001, 5.735253102], [-75.685176329, 5.735259664], [-75.685175524, 5.735195263], [-75.685169403, 5.735137191], [-75.685161271, 5.73510071], [-75.685148603, 5.735075096], [-75.68503824, 5.734810491], [-75.68495479, 5.734633726], [-75.684943567, 5.734605816], [-75.684853896, 5.73441437], [-75.684817996, 5.734349475], [-75.684801422, 5.7343023], [-75.684766932, 5.734233276], [-75.684728565, 5.734151694], [-75.684701979, 5.73408135], [-75.684616023, 5.733903933], [-75.684581491, 5.733776864], [-75.684578699, 5.733731296], [-75.684577985, 5.733626602], [-75.684573304, 5.733561644], [-75.684562841, 5.733486007], [-75.684543921, 5.73340427], [-75.684528999, 5.733364602], [-75.684510496, 5.733334061], [-75.684493264, 5.733308423], [-75.684435533, 5.733237786], [-75.684368106, 5.733135054], [-75.684309408, 5.73303407], [-75.684302406, 5.733000098], [-75.684296941, 5.732965145], [-75.684289195, 5.73289048], [-75.684290931, 5.732828147], [-75.68429482, 5.73266519], [-75.684305961, 5.73256788], [-75.684309465, 5.732498726], [-75.684319543, 5.73243136], [-75.684372305, 5.732383718], [-75.684411362, 5.732368923], [-75.684469645, 5.73234425], [-75.684547782, 5.732304734], [-75.684588725, 5.732278777], [-75.684632777, 5.732247244], [-75.684668838, 5.732190876], [-75.684681332, 5.732146858], [-75.684687028, 5.732097239], [-75.684677576, 5.731907996], [-75.68466792, 5.731803125], [-75.684676275, 5.731678445], [-75.684682258, 5.731633467], [-75.684764889, 5.731474811]]]}}, {"type": "Feature", "properties": {"Proyecto": "Tamesis la Oculta", "Municipio": "Tamesis", "sector": "R", "Matricula": null, "terreno_co": "057890002000000010154000000000", "Propietari": null, "ABS": null, "Area_Total": 0.0, "Area_Req": 0.0, "Area_Rem": 0.0, "AreaSobran": 0.0, "Shape_Leng": 0.0, "Shape_Area": 613208.184765}, "geometry": {"type": "Polygon", "coordinates": [[[-75.681811135, 5.737109626], [-75.681486539, 5.737007247], [-75.681448025, 5.73700059], [-75.68145188, 5.736953817], [-75.681394514, 5.736811687], [-75.681394515, 5.736450052], [-75.681421197, 5.735599022], [-75.681491564, 5.735012784], [-75.681517515, 5.734275253], [-75.681588377, 5.733485497], [-75.681635587, 5.732450655], [-75.681678993, 5.731612537], [-75.681808927, 5.730672087], [-75.681879126, 5.730193529], [-75.68192602, 5.729338172], [-75.681960749, 5.728858824], [-75.681965246, 5.728796695], [-75.682080254, 5.727204111], [-75.682114115, 5.727205166], [-75.682135236, 5.727212015], [-75.682168332, 5.727224829], [-75.682193346, 5.727231499], [-75.68221718, 5.72724083], [-75.682479294, 5.727313501], [-75.682557754, 5.727322936], [-75.682631201, 5.727336507], [-75.68285301, 5.727352406], [-75.682916778, 5.727353394], [-75.682962676, 5.727361714], [-75.683008929, 5.727377833], [-75.683047394, 5.72739431], [-75.683238835, 5.72745719], [-75.683307946, 5.72747582], [-75.683449504, 5.727513979], [-75.68362377, 5.727542476], [-75.683674324, 5.727538859], [-75.68375024, 5.727521054], [-75.683792356, 5.727503494], [-75.683838186, 5.727481857], [-75.683965295, 5.727417419], [-75.684036369, 5.727378993], [-75.684085104, 5.727360827], [-75.684224349, 5.727308921], [-75.684225895, 5.727256223], [-75.684239685, 5.72678622], [-75.684251848, 5.726371689], [-75.684253954, 5.726299911], [-75.684281443, 5.725605401], [-75.684288866, 5.725497897], [-75.684327162, 5.725500961], [-75.684378954, 5.725495984], [-75.684453632, 5.725479539], [-75.684494924, 5.725472438], [-75.684543943, 5.725463681], [-75.684774353, 5.725440105], [-75.684808423, 5.72543955], [-75.684862722, 5.725438664], [-75.684906964, 5.725439244], [-75.684947611, 5.725446501], [-75.684983244, 5.725457897], [-75.68501443, 5.725493202], [-75.68505181, 5.72553552], [-75.685083142, 5.725566652], [-75.685105093, 5.7255917], [-75.685121379, 5.725606585], [-75.685261738, 5.72569004], [-75.685304749, 5.725720637], [-75.68534682, 5.725759092], [-75.685399687, 5.725806173], [-75.685454149, 5.725859692], [-75.685505955, 5.725912031], [-75.685577764, 5.725975177], [-75.685659176, 5.726036061], [-75.685750108, 5.726104063], [-75.685771356, 5.726113355], [-75.685793069, 5.726122848], [-75.685833706, 5.726140617], [-75.68589353, 5.726169141], [-75.685962261, 5.72619335], [-75.686029634, 5.726216318], [-75.686200592, 5.726229332], [-75.686355249, 5.72622412], [-75.686416142, 5.726222068], [-75.686485162, 5.726224119], [-75.686550762, 5.726236746], [-75.686607279, 5.726249791], [-75.686826737, 5.726299663], [-75.687116816, 5.726386683], [-75.687270258, 5.72641483], [-75.687322288, 5.726415052], [-75.687370128, 5.726408954], [-75.687425161, 5.7263895], [-75.687483613, 5.726359468], [-75.687538231, 5.726330915], [-75.687594265, 5.726304902], [-75.687617042, 5.726292562], [-75.687783363, 5.726202453], [-75.68789667, 5.726149067], [-75.687978481, 5.726117965], [-75.688046375, 5.726095318], [-75.688133563, 5.726096535], [-75.688229606, 5.726120796], [-75.688277098, 5.726135556], [-75.688331315, 5.726155217], [-75.688395032, 5.726183564], [-75.68845338, 5.726208246], [-75.688531374, 5.726235939], [-75.688643518, 5.726265527], [-75.688745937, 5.726292548], [-75.688822217, 5.7263112], [-75.688867673, 5.726317535], [-75.688878496, 5.726319045], [-75.688931357, 5.726337467], [-75.689092645, 5.726366554], [-75.689100067, 5.726367146], [-75.689197193, 5.726374884], [-75.689321061, 5.726384753], [-75.689352089, 5.726380727], [-75.689373974, 5.726375817], [-75.689408539, 5.726363813], [-75.689428889, 5.726353763], [-75.689472122, 5.726332243], [-75.689497485, 5.726318055], [-75.689516537, 5.726308064], [-75.689569857, 5.72627957], [-75.689628131, 5.726245639], [-75.689673723, 5.7262188], [-75.689801833, 5.726147801], [-75.689858334, 5.72610353], [-75.689903333, 5.726063693], [-75.689918108, 5.726049035], [-75.689968029, 5.725999507], [-75.690023404, 5.725930537], [-75.690060558, 5.725889756], [-75.690104148, 5.725876036], [-75.690167976, 5.725878323], [-75.690234875, 5.725890891], [-75.690359944, 5.725924244], [-75.690423662, 5.725952588], [-75.690615204, 5.726008286], [-75.690667488, 5.726023489], [-75.690752793, 5.726040425], [-75.690867829, 5.726053393], [-75.690873194, 5.726053743], [-75.690950005, 5.726058749], [-75.691020916, 5.726073739], [-75.691199378, 5.726137211], [-75.691252359, 5.726158232], [-75.69144044, 5.726232988], [-75.691466423, 5.726242], [-75.691596367, 5.726287071], [-75.691678966, 5.726330182], [-75.691747704, 5.726383049], [-75.691830666, 5.726462618], [-75.691855451, 5.726492746], [-75.691888318, 5.726529018], [-75.69193948, 5.726595715], [-75.692020619, 5.726692302], [-75.69208381, 5.726737606], [-75.692139978, 5.726771507], [-75.692192898, 5.726791228], [-75.692270588, 5.726783763], [-75.692309759, 5.726775877], [-75.692320844, 5.726773645], [-75.692307335, 5.72687387], [-75.692189177, 5.72714111], [-75.692082397, 5.727378183], [-75.692053498, 5.727444625], [-75.692009886, 5.72757498], [-75.692010386, 5.727752917], [-75.692021094, 5.727995399], [-75.692022725, 5.72804541], [-75.691950085, 5.728119612], [-75.691702335, 5.72825029], [-75.691497708, 5.728328936], [-75.691351061, 5.728397318], [-75.691253066, 5.728455323], [-75.691051192, 5.728605215], [-75.691005518, 5.728635216], [-75.690902254, 5.728678733], [-75.690862554, 5.728704518], [-75.690828093, 5.728728758], [-75.690771628, 5.728765239], [-75.690726244, 5.728786915], [-75.690686944, 5.728812548], [-75.690647489, 5.728832793], [-75.690578865, 5.72888681], [-75.690546382, 5.728923585], [-75.690512188, 5.728965248], [-75.690474967, 5.729003217], [-75.690442236, 5.729030125], [-75.690418498, 5.729052466], [-75.690393638, 5.729081396], [-75.690358663, 5.729112838], [-75.690311983, 5.729130523], [-75.690262744, 5.729150794], [-75.69020312, 5.729166472], [-75.690076865, 5.72917256], [-75.690033955, 5.729163789], [-75.689982337, 5.72914911], [-75.689929959, 5.729135375], [-75.689927187, 5.729134578], [-75.689827474, 5.729097602], [-75.68965885, 5.729072549], [-75.68952858, 5.729087655], [-75.689411228, 5.729152169], [-75.689315824, 5.729305181], [-75.689305445, 5.729338828], [-75.689281607, 5.729388738], [-75.689247277, 5.729434758], [-75.689216722, 5.729480861], [-75.689184491, 5.729526744], [-75.68914378, 5.729579673], [-75.689117584, 5.729609027], [-75.689037359, 5.729679861], [-75.688931482, 5.729728949], [-75.688806851, 5.729732169], [-75.688696544, 5.729733915], [-75.688464444, 5.729728828], [-75.688276871, 5.729765229], [-75.688167878, 5.729811689], [-75.687897416, 5.72995271], [-75.687751055, 5.730029755], [-75.687637464, 5.730069407], [-75.687590758, 5.73008372], [-75.687569049, 5.730088618], [-75.687509132, 5.730088011], [-75.687491283, 5.730085848], [-75.687373982, 5.730079234], [-75.687254652, 5.730059882], [-75.687198953, 5.730062592], [-75.687162116, 5.7300709], [-75.687113969, 5.730093098], [-75.687049291, 5.730136551], [-75.687014687, 5.730167874], [-75.686802639, 5.730394489], [-75.686763483, 5.730441119], [-75.686720748, 5.730503842], [-75.686707145, 5.730515056], [-75.686693747, 5.730531242], [-75.686683834, 5.730534438], [-75.6866815, 5.73053519], [-75.686661899, 5.730540075], [-75.686638509, 5.730539854], [-75.686580717, 5.730535142], [-75.686336151, 5.730455173], [-75.686138253, 5.730385415], [-75.685953312, 5.730338579], [-75.685820809, 5.73035412], [-75.68569482, 5.730427486], [-75.685533365, 5.730623976], [-75.685476255, 5.730726228], [-75.685468625, 5.730715872], [-75.685044371, 5.73014007], [-75.684978337, 5.73014892], [-75.684843877, 5.730166941], [-75.684562162, 5.730179688], [-75.684254294, 5.730233169], [-75.684201206, 5.730033616], [-75.683974872, 5.730041712], [-75.683732903, 5.73009405], [-75.683678468, 5.730095638], [-75.683516192, 5.7299569], [-75.683270943, 5.729732891], [-75.683095026, 5.729668332], [-75.682941988, 5.7295884], [-75.682912864, 5.730103166], [-75.68292945, 5.73056997], [-75.682968556, 5.73089321], [-75.682969632, 5.731330181], [-75.682969732, 5.731370868], [-75.68304723, 5.731931404], [-75.683305175, 5.73203139], [-75.683459371, 5.732074602], [-75.683545275, 5.732098676], [-75.684278334, 5.732304105], [-75.684216759, 5.732377643], [-75.684188701, 5.73264837], [-75.684200615, 5.732897701], [-75.684237869, 5.733062661], [-75.684297221, 5.733180277], [-75.684405537, 5.733333892], [-75.684443767, 5.733382193], [-75.684462207, 5.733419239], [-75.684469365, 5.733459684], [-75.684470849, 5.733584713], [-75.684471308, 5.733749137], [-75.684531487, 5.733922363], [-75.684663657, 5.734223937], [-75.684761274, 5.734403435], [-75.684762928, 5.734407125], [-75.684786735, 5.734419306], [-75.684774205, 5.734435105], [-75.684793471, 5.73448651], [-75.684801756, 5.734504448], [-75.684985734, 5.734918676], [-75.685048036, 5.735059934], [-75.685091193, 5.735152611], [-75.685094102, 5.735160507], [-75.685109318, 5.735259871], [-75.685083007, 5.735257872], [-75.685079406, 5.735257596], [-75.685045574, 5.735257189], [-75.684947209, 5.735267555], [-75.684917185, 5.73527935], [-75.684891704, 5.735290937], [-75.684810424, 5.735333737], [-75.684783347, 5.735338885], [-75.684744032, 5.735346547], [-75.684668555, 5.735359772], [-75.684637676, 5.735367047], [-75.684598626, 5.735380558], [-75.684568632, 5.735393005], [-75.684545776, 5.735405123], [-75.684526402, 5.735422292], [-75.684476688, 5.735487095], [-75.684453776, 5.735512243], [-75.684426055, 5.735531749], [-75.684397299, 5.735542834], [-75.684375296, 5.735545144], [-75.684355888, 5.735547335], [-75.684266159, 5.735533206], [-75.684229378, 5.735539449], [-75.684196611, 5.735548114], [-75.68415777, 5.735566175], [-75.684128161, 5.73558707], [-75.684105427, 5.735616117], [-75.684091515, 5.735653228], [-75.684082651, 5.735715508], [-75.684070532, 5.735848931], [-75.684061633, 5.735881905], [-75.684053793, 5.735909618], [-75.684036758, 5.735963808], [-75.684012352, 5.736027451], [-75.683998736, 5.736071061], [-75.683986477, 5.736115911], [-75.683978051, 5.736159284], [-75.683952031, 5.736329445], [-75.683935059, 5.736344153], [-75.683891006, 5.736402828], [-75.683888471, 5.736406207], [-75.683822423, 5.736497809], [-75.683749309, 5.736626415], [-75.683733051, 5.736655012], [-75.683677956, 5.736751922], [-75.683625004, 5.736845531], [-75.683583607, 5.736907347], [-75.683546097, 5.736940327], [-75.683515899, 5.736962552], [-75.683441931, 5.736994596], [-75.68336206, 5.737011278], [-75.683338819, 5.737014947], [-75.683283666, 5.737031801], [-75.683232528, 5.73703113], [-75.6832173, 5.73703093], [-75.683171461, 5.737023911], [-75.683103969, 5.736998342], [-75.68304143, 5.736967337], [-75.682989569, 5.736942356], [-75.682958067, 5.736935982], [-75.682930636, 5.736933329], [-75.682878723, 5.736935705], [-75.682836252, 5.736945466], [-75.682791303, 5.736957944], [-75.682678586, 5.737024327], [-75.682624382, 5.737061979], [-75.682607927, 5.737071851], [-75.682589994, 5.737077883], [-75.682550178, 5.737088824], [-75.682482811, 5.737094513], [-75.682386477, 5.737092409], [-75.682208855, 5.737104447], [-75.682151396, 5.737099262], [-75.682099603, 5.737104238], [-75.682014304, 5.737115958], [-75.681962574, 5.737120059], [-75.681953079, 5.737120812], [-75.681936555, 5.737122122], [-75.681907415, 5.73711958], [-75.681897383, 5.737118705], [-75.681811135, 5.737109626]]]}}, {"type": "Feature", "properties": {"Proyecto": "Tamesis la Oculta", "Municipio": "Tamesis", "sector": "R", "Matricula": null, "terreno_co": "057890002000000010048000000000", "Propietari": null, "ABS": null, "Area_Total": 0.0, "Area_Req": 0.0, "Area_Rem": 0.0, "AreaSobran": 0.0, "Shape_Leng": 0.0, "Shape_Area": 31519.7343675}, "geometry": {"type": "Polygon", "coordinates": [[[-75.683332322, 5.737339399], [-75.683103969, 5.736998342], [-75.683171461, 5.737023911], [-75.6832173, 5.73703093], [-75.683232528, 5.73703113], [-75.683283666, 5.737031801], [-75.683338819, 5.737014947], [-75.68336206, 5.737011278], [-75.683441931, 5.736994596], [-75.683515899, 5.736962552], [-75.683546097, 5.736940327], [-75.683583607, 5.736907347], [-75.683625004, 5.736845531], [-75.683677956, 5.736751922], [-75.683733051, 5.736655012], [-75.683749309, 5.736626415], [-75.683822423, 5.736497809], [-75.683888471, 5.736406207], [-75.683891006, 5.736402828], [-75.683935059, 5.736344153], [-75.683952031, 5.736329445], [-75.683978051, 5.736159284], [-75.683986477, 5.736115911], [-75.683998736, 5.736071061], [-75.684012352, 5.736027451], [-75.684036758, 5.735963808], [-75.684053793, 5.735909618], [-75.684061633, 5.735881905], [-75.684070532, 5.735848931], [-75.684082651, 5.735715508], [-75.684091515, 5.735653228], [-75.684105427, 5.735616117], [-75.684128161, 5.73558707], [-75.68415777, 5.735566175], [-75.684196611, 5.735548114], [-75.684229378, 5.735539449], [-75.684266159, 5.735533206], [-75.684355888, 5.735547335], [-75.684375296, 5.735545144], [-75.684397299, 5.735542834], [-75.684426055, 5.735531749], [-75.684453776, 5.735512243], [-75.684476688, 5.735487095], [-75.684526402, 5.735422292], [-75.684545776, 5.735405123], [-75.684568632, 5.735393005], [-75.684598626, 5.735380558], [-75.684637676, 5.735367047], [-75.684668555, 5.735359772], [-75.684744032, 5.735346547], [-75.684783347, 5.735338885], [-75.684810424, 5.735333737], [-75.684891704, 5.735290937], [-75.684917185, 5.73527935], [-75.684947209, 5.735267555], [-75.685045574, 5.735257189], [-75.685079406, 5.735257596], [-75.685083006, 5.73525788], [-75.685097106, 5.735258992], [-75.685109318, 5.735259871], [-75.685110725, 5.735269056], [-75.685082096, 5.735392565], [-75.685054708, 5.73549854], [-75.685047479, 5.735557491], [-75.685047536, 5.735562723], [-75.685047653, 5.735573675], [-75.685048654, 5.735579487], [-75.68504818, 5.735617733], [-75.685049045, 5.735648207], [-75.685049978, 5.735679615], [-75.685051656, 5.735702897], [-75.685052703, 5.735717449], [-75.685054518, 5.73573137], [-75.685067381, 5.735779066], [-75.685091316, 5.735856602], [-75.685103531, 5.735886439], [-75.685141753, 5.736070722], [-75.685160597, 5.736267638], [-75.685156864, 5.736383422], [-75.685145199, 5.736563835], [-75.685143806, 5.736591063], [-75.685139609, 5.736617795], [-75.685135782, 5.736642403], [-75.685135074, 5.736647014], [-75.685128762, 5.736666124], [-75.685118237, 5.736697991], [-75.685105702, 5.736735467], [-75.68507805, 5.736767424], [-75.685061281, 5.736779401], [-75.685009346, 5.736798407], [-75.68492651, 5.736817343], [-75.684819009, 5.736837572], [-75.684749301, 5.736866937], [-75.684680342, 5.736895983], [-75.684614305, 5.736937459], [-75.684564849, 5.736998099], [-75.684532612, 5.737050856], [-75.684504998, 5.737097658], [-75.684496077, 5.737122397], [-75.684490075, 5.737133712], [-75.684387809, 5.737306367], [-75.684324914, 5.737403801], [-75.684264066, 5.737533087], [-75.684244527, 5.737564782], [-75.684240197, 5.737574535], [-75.684203137, 5.737628814], [-75.684168676, 5.737672799], [-75.684118083, 5.737723074], [-75.684105832, 5.737737341], [-75.684012322, 5.737838936], [-75.683962493, 5.737896785], [-75.683916275, 5.737923652], [-75.683870681, 5.737954261], [-75.683855803, 5.737940881], [-75.683854872, 5.737939815], [-75.683791174, 5.737866621], [-75.683332322, 5.737339399]]]}}, {"type": "Feature", "properties": {"Proyecto": "Tamesis la Oculta", "Municipio": "Tamesis", "sector": "R", "Matricula": null, "terreno_co": "057890002000000010047000000000", "Propietari": null, "ABS": null, "Area_Total": 0.0, "Area_Req": 0.0, "Area_Rem": 0.0, "AreaSobran": 0.0, "Shape_Leng": 0.0, "Shape_Area": 21378.5104392}, "geometry": {"type": "Polygon", "coordinates": [[[-75.682840692, 5.738590472], [-75.68275293, 5.738435034], [-75.682583247, 5.738173556], [-75.682188106, 5.737758518], [-75.6819396, 5.737267731], [-75.681907415, 5.73711958], [-75.681936555, 5.737122122], [-75.681953079, 5.737120812], [-75.681962574, 5.737120059], [-75.682014304, 5.737115958], [-75.682099603, 5.737104238], [-75.682151396, 5.737099262], [-75.682208855, 5.737104447], [-75.682386477, 5.737092409], [-75.682482811, 5.737094513], [-75.682550178, 5.737088824], [-75.682589994, 5.737077883], [-75.682607927, 5.737071851], [-75.682624382, 5.737061979], [-75.682678586, 5.737024327], [-75.682791303, 5.736957944], [-75.682836252, 5.736945466], [-75.682878723, 5.736935705], [-75.682930636, 5.736933329], [-75.682958067, 5.736935982], [-75.682989569, 5.736942356], [-75.68304143, 5.736967337], [-75.683103969, 5.736998342], [-75.683332322, 5.737339399], [-75.683791174, 5.737866621], [-75.683854875, 5.737939814], [-75.683855803, 5.737940881], [-75.683870681, 5.737954261], [-75.683811446, 5.737971284], [-75.683610091, 5.738005292], [-75.683503269, 5.738059165], [-75.683444474, 5.73819486], [-75.683409382, 5.738282392], [-75.683347181, 5.738384038], [-75.683311402, 5.738431568], [-75.683274819, 5.738467679], [-75.683232965, 5.738485322], [-75.68316386, 5.738490123], [-75.683094765, 5.738490309], [-75.683033056, 5.738513227], [-75.682963183, 5.738542159], [-75.682922938, 5.73857991], [-75.682889644, 5.738600962], [-75.682845077, 5.738605374], [-75.682840692, 5.738590472]]]}}, {"type": "Feature", "properties": {"Proyecto": "Tamesis la Oculta", "Municipio": "Tamesis", "sector": "R", "Matricula": null, "terreno_co": "057890002000000010061000000000", "Propietari": null, "ABS": null, "Area_Total": 0.0, "Area_Req": 0.0, "Area_Rem": 0.0, "AreaSobran": 0.0, "Shape_Leng": 0.0, "Shape_Area": 19891.2635301}, "geometry": {"type": "Polygon", "coordinates": [[[-75.681858115, 5.738597824], [-75.68169792, 5.738535009], [-75.681664185, 5.738521781], [-75.681637624, 5.738516451], [-75.681377687, 5.738424809], [-75.681352486, 5.738417561], [-75.681288713, 5.738384225], [-75.681124046, 5.738298151], [-75.681123964, 5.738298108], [-75.681100177, 5.738286984], [-75.681001927, 5.738245133], [-75.68091854, 5.738209613], [-75.681046142, 5.737966206], [-75.68123762, 5.737630626], [-75.68139823, 5.737358396], [-75.681430567, 5.737212475], [-75.681448025, 5.73700059], [-75.681486539, 5.737007247], [-75.681811135, 5.737109626], [-75.681897383, 5.737118705], [-75.681907415, 5.73711958], [-75.6819396, 5.737267731], [-75.682188106, 5.737758518], [-75.682583247, 5.738173556], [-75.68275293, 5.738435034], [-75.682840695, 5.738590471], [-75.682845077, 5.738605374], [-75.682818987, 5.738607927], [-75.682800776, 5.738609754], [-75.682783292, 5.738611485], [-75.682774704, 5.738612335], [-75.682726476, 5.738607324], [-75.682609457, 5.738586336], [-75.682459629, 5.738566266], [-75.68244352, 5.738565513], [-75.682310738, 5.738580475], [-75.682266033, 5.738604618], [-75.682228846, 5.738616097], [-75.682113132, 5.73868139], [-75.682085356, 5.738670906], [-75.681981981, 5.738637899], [-75.681878759, 5.738604942], [-75.681858115, 5.738597824]]]}}, {"type": "Feature", "properties": {"Proyecto": "Tamesis la Oculta", "Municipio": "Tamesis", "sector": "R", "Matricula": null, "terreno_co": "057890002000000010028000000000", "Propietari": null, "ABS": null, "Area_Total": 0.0, "Area_Req": 0.0, "Area_Rem": 0.0, "AreaSobran": 0.0, "Shape_Leng": 0.0, "Shape_Area": 19318.99}, "geometry": {"type": "Polygon", "coordinates": [[[-75.680707026, 5.739564694], [-75.680667747, 5.739527768], [-75.680624312, 5.739482617], [-75.680591188, 5.73944154], [-75.680549849, 5.739404624], [-75.680498143, 5.739351264], [-75.680460599, 5.739324326], [-75.680434963, 5.739311127], [-75.680397296, 5.739296842], [-75.680207177, 5.739267665], [-75.680184081, 5.739265832], [-75.680140578, 5.739257081], [-75.679945041, 5.739212285], [-75.679986241, 5.739131564], [-75.680086106, 5.738935904], [-75.680166858, 5.738777688], [-75.680187369, 5.738737227], [-75.680244963, 5.738623612], [-75.680378143, 5.738360887], [-75.680441675, 5.738246703], [-75.680544477, 5.738061937], [-75.68054504, 5.738060926], [-75.680561689, 5.738048352], [-75.680704302, 5.738119007], [-75.680737185, 5.738131044], [-75.680894847, 5.738199521], [-75.68091854, 5.738209613], [-75.681001927, 5.738245133], [-75.681100177, 5.738286984], [-75.681123964, 5.738298108], [-75.681124046, 5.738298151], [-75.681288713, 5.738384225], [-75.681352486, 5.738417561], [-75.681377687, 5.738424809], [-75.681637624, 5.738516451], [-75.681664185, 5.738521781], [-75.68169792, 5.738535009], [-75.681858115, 5.738597824], [-75.681878759, 5.738604942], [-75.681981981, 5.738637899], [-75.682085356, 5.738670906], [-75.682113132, 5.73868139], [-75.682007512, 5.738759872], [-75.682006454, 5.738761078], [-75.682005518, 5.738762257], [-75.681976565, 5.738782414], [-75.681947473, 5.738802745], [-75.68193061, 5.738811898], [-75.681912075, 5.73882506], [-75.681909806, 5.738826908], [-75.68190846, 5.738826666], [-75.681893617, 5.738823997], [-75.681859813, 5.738815983], [-75.681846923, 5.738812928], [-75.6818285, 5.738808559], [-75.681826098, 5.738807989], [-75.68182276, 5.738807518], [-75.681792988, 5.738808534], [-75.68171538, 5.738825069], [-75.681581084, 5.738865835], [-75.681525511, 5.738894383], [-75.681510379, 5.738910565], [-75.681490114, 5.738938539], [-75.681450984, 5.739017478], [-75.68143797, 5.739079325], [-75.681423768, 5.739191662], [-75.681418283, 5.739293873], [-75.681412373, 5.739346754], [-75.681386733, 5.739402951], [-75.681358407, 5.73945115], [-75.68131775, 5.73949305], [-75.681250087, 5.739527997], [-75.681194505, 5.739542601], [-75.681099838, 5.739547588], [-75.681052321, 5.739546354], [-75.681019054, 5.739549555], [-75.681010547, 5.739551233], [-75.680958034, 5.739561591], [-75.680916758, 5.739563507], [-75.680866511, 5.73956889], [-75.680740052, 5.739620707], [-75.680707026, 5.739564694]]]}}, {"type": "Feature", "properties": {"Proyecto": "Tamesis la Oculta", "Municipio": "Tamesis", "sector": "R", "Matricula": null, "terreno_co": "057890002000000010138000000000", "Propietari": null, "ABS": null, "Area_Total": 0.0, "Area_Req": 0.0, "Area_Rem": 0.0, "AreaSobran": 0.0, "Shape_Leng": 0.0, "Shape_Area": 568593.29}, "geometry": {"type": "Polygon", "coordinates": [[[-75.678841948, 5.748264519], [-75.678788484, 5.748216742], [-75.678731144, 5.748171586], [-75.678647834, 5.74812268], [-75.678580158, 5.74808538], [-75.67830454, 5.747984289], [-75.678226515, 5.747952246], [-75.678029827, 5.747814321], [-75.677932716, 5.747733656], [-75.677822947, 5.747594586], [-75.677703595, 5.747481561], [-75.677614307, 5.747407999], [-75.677594095, 5.747389921], [-75.677590075, 5.747383558], [-75.677581004, 5.747369203], [-75.677571153, 5.747347819], [-75.677499976, 5.747265056], [-75.677467189, 5.747202868], [-75.67743312, 5.747143286], [-75.677401696, 5.747092786], [-75.677371636, 5.747053972], [-75.677339034, 5.74702427], [-75.677209056, 5.746982126], [-75.677132454, 5.746972166], [-75.67707661, 5.746962088], [-75.677035002, 5.746946081], [-75.676993355, 5.746922926], [-75.676965326, 5.746899046], [-75.676891979, 5.746776663], [-75.676863722, 5.7467125], [-75.676858682, 5.746701996], [-75.676840091, 5.746663253], [-75.676837921, 5.746658968], [-75.676833456, 5.74665015], [-75.676826362, 5.746636139], [-75.676826195, 5.74663581], [-75.676825001, 5.746633451], [-75.676806014, 5.746602372], [-75.676764567, 5.746561872], [-75.676748668, 5.746553509], [-75.676747913, 5.746553113], [-75.676727858, 5.746542564], [-75.676720575, 5.746539047], [-75.676715369, 5.746536533], [-75.676679595, 5.746519255], [-75.676627553, 5.746488159], [-75.676592814, 5.746462499], [-75.676562421, 5.746432648], [-75.676525443, 5.746395712], [-75.676422738, 5.74632581], [-75.676416826, 5.746321786], [-75.676382221, 5.746310914], [-75.676341704, 5.746307154], [-75.676296571, 5.746301905], [-75.676267607, 5.746290196], [-75.676245258, 5.746274188], [-75.676210465, 5.746247393], [-75.676174483, 5.746231465], [-75.67614805, 5.746228464], [-75.67613564, 5.746227056], [-75.676053526, 5.746220723], [-75.67600564, 5.746217314], [-75.675927062, 5.746213658], [-75.67588722, 5.746200191], [-75.675844653, 5.74617718], [-75.675760305, 5.74608787], [-75.675728995, 5.746050665], [-75.67570006, 5.746015623], [-75.675682111, 5.74598461], [-75.675677577, 5.745969262], [-75.675673989, 5.745957114], [-75.675666815, 5.745853884], [-75.675663471, 5.745807382], [-75.6756557, 5.745763365], [-75.675613787, 5.745646426], [-75.675545907, 5.7455091], [-75.675528068, 5.745456457], [-75.675511013, 5.745396379], [-75.675503844, 5.745371719], [-75.675489963, 5.745323973], [-75.675478602, 5.745276143], [-75.67545593, 5.745229422], [-75.675440735, 5.74519657], [-75.675430427, 5.745158934], [-75.675426489, 5.745099939], [-75.675429569, 5.745066196], [-75.675435459, 5.745001634], [-75.675457008, 5.744869152], [-75.675487763, 5.74472713], [-75.675500804, 5.744678707], [-75.675504315, 5.744656916], [-75.675506125, 5.744635204], [-75.675500784, 5.744582535], [-75.675493741, 5.744541899], [-75.675489614, 5.74450283], [-75.675500438, 5.744422909], [-75.67549508, 5.744417885], [-75.675474703, 5.744383573], [-75.675459616, 5.744352994], [-75.675438564, 5.744304488], [-75.675421669, 5.744271717], [-75.6754004, 5.74424257], [-75.675374002, 5.744225049], [-75.675340936, 5.744210689], [-75.675312837, 5.744193248], [-75.675294266, 5.744173078], [-75.675269437, 5.744104834], [-75.67526512, 5.744073741], [-75.675259292, 5.744034753], [-75.675249442, 5.744006769], [-75.675233031, 5.74398422], [-75.675199696, 5.743964182], [-75.675196836, 5.743962997], [-75.675080307, 5.74391467], [-75.675056312, 5.743899879], [-75.675035151, 5.743873003], [-75.675010508, 5.743832634], [-75.674980145, 5.743767501], [-75.674966138, 5.74373573], [-75.674963989, 5.743727736], [-75.674956477, 5.743699771], [-75.67494193, 5.743656645], [-75.674923252, 5.743634203], [-75.674901091, 5.74362217], [-75.67487868, 5.743617131], [-75.67485515, 5.743611839], [-75.674814387, 5.743604782], [-75.67480617, 5.743586937], [-75.674928621, 5.742012538], [-75.674951589, 5.741699624], [-75.674955733, 5.741669253], [-75.674960994, 5.741630699], [-75.674970044, 5.741564374], [-75.674975193, 5.741526642], [-75.674983624, 5.741465814], [-75.675023859, 5.741175487], [-75.675024033, 5.741163512], [-75.675025594, 5.741056471], [-75.675026864, 5.741035355], [-75.675056359, 5.740745175], [-75.67506133, 5.740696259], [-75.675130567, 5.740323638], [-75.675241876, 5.739414737], [-75.675240453, 5.739169525], [-75.675267261, 5.739020273], [-75.675250152, 5.739019997], [-75.675280917, 5.73892881], [-75.675323305, 5.738626447], [-75.675348441, 5.738415699], [-75.675368889, 5.738244257], [-75.675371649, 5.738222412], [-75.67537705, 5.738179382], [-75.675395071, 5.73803582], [-75.675418047, 5.737893693], [-75.675441637, 5.737747784], [-75.675456109, 5.737655738], [-75.675456608, 5.737645036], [-75.675469377, 5.73737173], [-75.675473887, 5.737325362], [-75.675490063, 5.737194388], [-75.675519861, 5.736953118], [-75.675563943, 5.736770166], [-75.675572737, 5.736733667], [-75.675573171, 5.736729573], [-75.675595341, 5.736521263], [-75.67559802, 5.736496085], [-75.675599161, 5.736485369], [-75.67561999, 5.736312799], [-75.675644197, 5.736112258], [-75.675677575, 5.735833799], [-75.675690324, 5.735750884], [-75.675714785, 5.73559178], [-75.675714711, 5.735583225], [-75.675710417, 5.735092487], [-75.675733611, 5.735105733], [-75.675751103, 5.735115144], [-75.675768513, 5.73512285], [-75.675792752, 5.735130801], [-75.675812808, 5.735134397], [-75.67583092, 5.735132966], [-75.675850437, 5.735125207], [-75.67586693, 5.735113609], [-75.675883261, 5.735098605], [-75.675906666, 5.735065053], [-75.675919516, 5.735048507], [-75.675952584, 5.735027015], [-75.675973046, 5.735015228], [-75.675992994, 5.735004604], [-75.676013563, 5.734995088], [-75.676016333, 5.734994173], [-75.676033701, 5.734988438], [-75.676052866, 5.734985249], [-75.676071572, 5.734984357], [-75.676080047, 5.7349832], [-75.67618705, 5.734950208], [-75.676209927, 5.734947601], [-75.676239946, 5.734945854], [-75.676269966, 5.734944105], [-75.676314194, 5.73494668], [-75.676360654, 5.73496237], [-75.676366684, 5.734967829], [-75.676382246, 5.734981913], [-75.67639465, 5.735003805], [-75.676414993, 5.735044195], [-75.676440044, 5.7350795], [-75.676457897, 5.735093065], [-75.676475826, 5.73510402], [-75.676499595, 5.735115796], [-75.67651892, 5.735123529], [-75.676551188, 5.735134243], [-75.676599525, 5.735152599], [-75.676711284, 5.735208664], [-75.676756402, 5.735248461], [-75.676788501, 5.735287884], [-75.676819299, 5.735327269], [-75.676871279, 5.735377705], [-75.676910594, 5.735415377], [-75.676951435, 5.735445262], [-75.67698164, 5.735459833], [-75.677017183, 5.735469989], [-75.677085736, 5.735510458], [-75.677147833, 5.735571624], [-75.677178984, 5.735598622], [-75.677198829, 5.735610938], [-75.677230577, 5.73561707], [-75.677262029, 5.735610794], [-75.677297147, 5.735590266], [-75.677333864, 5.735559345], [-75.677353264, 5.73554163], [-75.677371959, 5.735525852], [-75.677407281, 5.735498153], [-75.677436985, 5.73548465], [-75.677448795, 5.735481726], [-75.677467116, 5.735478988], [-75.677521202, 5.735478582], [-75.677577336, 5.735474973], [-75.677648868, 5.735479637], [-75.677718762, 5.735495999], [-75.677912894, 5.735587711], [-75.677921668, 5.735592784], [-75.677993648, 5.735634403], [-75.677929416, 5.735922104], [-75.677876636, 5.736168323], [-75.677828315, 5.736374053], [-75.677808317, 5.736459202], [-75.677756449, 5.736676236], [-75.677688326, 5.736932596], [-75.677634854, 5.737091139], [-75.67760649, 5.737175246], [-75.677529348, 5.737380862], [-75.677497379, 5.737555142], [-75.677434031, 5.737800143], [-75.677349543, 5.738071039], [-75.677314102, 5.738186782], [-75.677292817, 5.738302084], [-75.677248288, 5.738409653], [-75.677209226, 5.738469609], [-75.677037498, 5.738687859], [-75.677001106, 5.738768022], [-75.676875485, 5.739044733], [-75.676776066, 5.739260345], [-75.67675254, 5.739311367], [-75.67673362, 5.739357809], [-75.676590964, 5.739766792], [-75.676569719, 5.739826218], [-75.676440086, 5.740216714], [-75.676411978, 5.740301383], [-75.676372942, 5.740418976], [-75.676743021, 5.740493802], [-75.676801761, 5.740505679], [-75.677145322, 5.74058928], [-75.677409855, 5.740656911], [-75.677615636, 5.740705887], [-75.677916923, 5.740764131], [-75.678178352, 5.74082645], [-75.678208091, 5.740834482], [-75.67844279, 5.740889018], [-75.678467623, 5.74089479], [-75.679447997, 5.741071511], [-75.679247805, 5.740099693], [-75.679219068, 5.739638482], [-75.679249812, 5.739279893], [-75.679341955, 5.739049111], [-75.679347171, 5.739047802], [-75.679390916, 5.739046259], [-75.679448613, 5.739052769], [-75.679628384, 5.739116239], [-75.67988996, 5.739199666], [-75.679945041, 5.739212285], [-75.680140578, 5.739257081], [-75.680184081, 5.739265832], [-75.680207177, 5.739267665], [-75.680397296, 5.739296842], [-75.680434963, 5.739311127], [-75.680460599, 5.739324326], [-75.680498143, 5.739351264], [-75.680549849, 5.739404624], [-75.680591188, 5.73944154], [-75.680624312, 5.739482617], [-75.680667747, 5.739527768], [-75.680707026, 5.739564694], [-75.680740052, 5.739620707], [-75.680692184, 5.739651014], [-75.680654826, 5.739705706], [-75.680662205, 5.739868222], [-75.680438097, 5.739990825], [-75.680231814, 5.74012447], [-75.680431627, 5.740737727], [-75.680468095, 5.740849655], [-75.680556199, 5.741032773], [-75.681047847, 5.741011721], [-75.681050424, 5.741044081], [-75.681057206, 5.741129269], [-75.681078118, 5.741328055], [-75.681076143, 5.741350404], [-75.68106989, 5.741421204], [-75.68106086, 5.741446739], [-75.681034509, 5.7414972], [-75.681017827, 5.741519999], [-75.680996864, 5.741545552], [-75.680956653, 5.741594573], [-75.68090696, 5.741670548], [-75.680896168, 5.741690802], [-75.680868734, 5.741785588], [-75.680867588, 5.741846274], [-75.680873453, 5.741868638], [-75.680902292, 5.741938369], [-75.680988851, 5.742073988], [-75.681047215, 5.742187757], [-75.681078726, 5.74224918], [-75.681088219, 5.742318091], [-75.681085243, 5.742345647], [-75.681058292, 5.742406736], [-75.68099195, 5.742492612], [-75.680929355, 5.742540206], [-75.680829955, 5.742625328], [-75.680718083, 5.742762263], [-75.680674669, 5.7428348], [-75.680628786, 5.742947949], [-75.68056214, 5.743157365], [-75.680506757, 5.743357982], [-75.680481182, 5.743427129], [-75.680459655, 5.743509009], [-75.680457105, 5.743589627], [-75.680463307, 5.743643786], [-75.680486575, 5.743714485], [-75.680512857, 5.74375891], [-75.680522676, 5.743769667], [-75.680593882, 5.743838167], [-75.680657044, 5.743880348], [-75.68073391, 5.743922412], [-75.68081284, 5.743970024], [-75.680847211, 5.743999779], [-75.680861884, 5.744020625], [-75.680870156, 5.744048166], [-75.680874151, 5.744061464], [-75.680876287, 5.744070761], [-75.680879917, 5.74411633], [-75.680876729, 5.744171912], [-75.680845422, 5.744238066], [-75.680811843, 5.744274193], [-75.680732354, 5.744326083], [-75.680697791, 5.744348646], [-75.680680852, 5.744359253], [-75.680357684, 5.744578765], [-75.680057816, 5.744835191], [-75.680011824, 5.744894397], [-75.679957242, 5.745018692], [-75.679956184, 5.745065574], [-75.679970498, 5.745143882], [-75.680004717, 5.745220598], [-75.680024762, 5.745255825], [-75.680130313, 5.745429571], [-75.680217069, 5.745594246], [-75.680255462, 5.745721178], [-75.680277136, 5.745950114], [-75.680273165, 5.746033293], [-75.680242133, 5.746282634], [-75.680217784, 5.746385819], [-75.680178438, 5.746491827], [-75.680156346, 5.746532467], [-75.680078996, 5.746695026], [-75.680019147, 5.746820807], [-75.680001744, 5.74685391], [-75.679952506, 5.746930411], [-75.679902475, 5.74699003], [-75.679881614, 5.747005295], [-75.67980755, 5.747037888], [-75.679667696, 5.747082174], [-75.679589369, 5.747125574], [-75.679551026, 5.747152513], [-75.679455066, 5.747238407], [-75.679417381, 5.747294347], [-75.679369021, 5.747391306], [-75.679339887, 5.747476459], [-75.679335818, 5.747544601], [-75.679330241, 5.747593183], [-75.679330157, 5.74759689], [-75.679330574, 5.747599314], [-75.679335729, 5.747665223], [-75.67933954, 5.747690072], [-75.67935872, 5.747785651], [-75.679371366, 5.747826366], [-75.679373286, 5.747830897], [-75.679431233, 5.74797326], [-75.67950872, 5.748066622], [-75.679519252, 5.748079312], [-75.67952566, 5.748090006], [-75.67952727, 5.748093086], [-75.679536798, 5.748111312], [-75.679542664, 5.748123346], [-75.679555352, 5.748151134], [-75.67955585, 5.748152262], [-75.679560437, 5.748162411], [-75.679567351, 5.74818385], [-75.679574372, 5.748205492], [-75.679585459, 5.748226618], [-75.679587114, 5.748230376], [-75.679587146, 5.748230375], [-75.679587334, 5.748230364], [-75.67965727, 5.748377821], [-75.679668837, 5.748397669], [-75.67968398, 5.748431504], [-75.679690072, 5.74845003], [-75.67969818, 5.748475173], [-75.679705692, 5.748498266], [-75.679711951, 5.748517524], [-75.679714741, 5.748525948], [-75.679714776, 5.748526055], [-75.679706552, 5.748526705], [-75.679697247, 5.748527718], [-75.679643961, 5.748533495], [-75.679499838, 5.748513524], [-75.679235486, 5.748454601], [-75.679129671, 5.74844091], [-75.679084854, 5.748430768], [-75.678992458, 5.748381264], [-75.678841948, 5.748264519]]]}}, {"type": "Feature", "properties": {"Proyecto": "Tamesis la Oculta", "Municipio": "Tamesis", "sector": "R", "Matricula": null, "terreno_co": "057890002000000010210000000000", "Propietari": null, "ABS": null, "Area_Total": 0.0, "Area_Req": 0.0, "Area_Rem": 0.0, "AreaSobran": 0.0, "Shape_Leng": 0.0, "Shape_Area": 105021.2}, "geometry": {"type": "Polygon", "coordinates": [[[-75.677836704, 5.750280837], [-75.677776819, 5.750280104], [-75.677684255, 5.750310019], [-75.677541408, 5.750364546], [-75.677470525, 5.750370524], [-75.677443563, 5.750367079], [-75.67741927, 5.750357489], [-75.677325749, 5.750294175], [-75.677217604, 5.750113298], [-75.677169573, 5.750014897], [-75.677068116, 5.749938648], [-75.676972466, 5.74988917], [-75.676929707, 5.749867605], [-75.676895604, 5.749841805], [-75.676872757, 5.749808331], [-75.676850968, 5.749704035], [-75.67682711, 5.749589846], [-75.676815754, 5.749535495], [-75.676775566, 5.749284793], [-75.676760116, 5.749239845], [-75.676728882, 5.74918621], [-75.676696052, 5.749154515], [-75.676625124, 5.749113327], [-75.676528964, 5.749097621], [-75.676383093, 5.74909155], [-75.676335977, 5.749086716], [-75.676179496, 5.74906099], [-75.676109889, 5.749053577], [-75.675972225, 5.749045251], [-75.675962132, 5.749043913], [-75.675924913, 5.749037572], [-75.675846474, 5.749024208], [-75.675777198, 5.74899978], [-75.675737491, 5.748985778], [-75.675680874, 5.748955511], [-75.675659943, 5.748939285], [-75.675649607, 5.748931272], [-75.675629194, 5.748899823], [-75.675620064, 5.748877706], [-75.67561014, 5.748853663], [-75.675607213, 5.748811606], [-75.675645689, 5.748529425], [-75.675645969, 5.748526489], [-75.675649809, 5.748486217], [-75.675652192, 5.748461242], [-75.675672724, 5.748288986], [-75.675708474, 5.748093726], [-75.675722185, 5.748051207], [-75.675748986, 5.748001105], [-75.675792886, 5.747946407], [-75.675864799, 5.747881572], [-75.675988425, 5.747786811], [-75.676048806, 5.747739017], [-75.67607866, 5.747682161], [-75.676085123, 5.747655955], [-75.676088623, 5.747592109], [-75.676072178, 5.747529147], [-75.676032239, 5.747473565], [-75.676011829, 5.747458508], [-75.675925906, 5.747424692], [-75.675872769, 5.747414036], [-75.67567021, 5.747387817], [-75.675561289, 5.747374728], [-75.675471466, 5.747359672], [-75.675406401, 5.747317762], [-75.675394742, 5.747247001], [-75.675402212, 5.747185753], [-75.675425183, 5.74708069], [-75.675535796, 5.746916823], [-75.675735836, 5.746902904], [-75.675931291, 5.746580032], [-75.675992535, 5.746478863], [-75.67614805, 5.746228464], [-75.676174483, 5.746231465], [-75.676210465, 5.746247393], [-75.676245258, 5.746274188], [-75.676267607, 5.746290196], [-75.676296571, 5.746301905], [-75.676341704, 5.746307154], [-75.676382221, 5.746310914], [-75.676416826, 5.746321786], [-75.676422738, 5.74632581], [-75.676525443, 5.746395712], [-75.676562421, 5.746432648], [-75.676592814, 5.746462499], [-75.676627553, 5.746488159], [-75.676679595, 5.746519255], [-75.676715369, 5.746536533], [-75.676720575, 5.746539047], [-75.676727858, 5.746542564], [-75.676747913, 5.746553113], [-75.676748668, 5.746553509], [-75.676764567, 5.746561872], [-75.676806014, 5.746602372], [-75.676825001, 5.746633451], [-75.676826195, 5.74663581], [-75.676826362, 5.746636139], [-75.676833456, 5.74665015], [-75.676837921, 5.746658968], [-75.676840091, 5.746663253], [-75.676858682, 5.746701996], [-75.676863722, 5.7467125], [-75.676891979, 5.746776663], [-75.676965326, 5.746899046], [-75.676993355, 5.746922926], [-75.677035002, 5.746946081], [-75.67707661, 5.746962088], [-75.677132454, 5.746972166], [-75.677209056, 5.746982126], [-75.677339034, 5.74702427], [-75.677371636, 5.747053972], [-75.677401696, 5.747092786], [-75.67743312, 5.747143286], [-75.677467189, 5.747202868], [-75.677499976, 5.747265056], [-75.677571153, 5.747347819], [-75.677581004, 5.747369204], [-75.677590075, 5.747383558], [-75.677594095, 5.747389921], [-75.677614307, 5.747407999], [-75.677703595, 5.747481561], [-75.677822947, 5.747594586], [-75.677932716, 5.747733656], [-75.678029827, 5.747814321], [-75.678226515, 5.747952246], [-75.67830454, 5.747984289], [-75.678580158, 5.74808538], [-75.678647834, 5.74812268], [-75.678731144, 5.748171586], [-75.678788484, 5.748216742], [-75.678841948, 5.748264519], [-75.678992458, 5.748381264], [-75.679084854, 5.748430768], [-75.679129671, 5.74844091], [-75.679235486, 5.748454601], [-75.679499838, 5.748513524], [-75.679643961, 5.748533495], [-75.679697246, 5.748527714], [-75.679706552, 5.748526705], [-75.679714672, 5.748526063], [-75.679714776, 5.748526055], [-75.679716666, 5.74853176], [-75.679722522, 5.748533959], [-75.679725044, 5.748550949], [-75.679721891, 5.748585411], [-75.679717436, 5.748620837], [-75.679713138, 5.748634879], [-75.679705651, 5.748653679], [-75.679694372, 5.748681549], [-75.679664306, 5.748721202], [-75.679651334, 5.748738215], [-75.679625304, 5.748763789], [-75.67960145, 5.748786729], [-75.679577854, 5.748801911], [-75.679569794, 5.748807101], [-75.679436823, 5.748859079], [-75.679147601, 5.748985077], [-75.679074793, 5.749041373], [-75.6789881, 5.749154228], [-75.678918194, 5.749323607], [-75.678779447, 5.749550188], [-75.678667757, 5.749697938], [-75.678477603, 5.750009386], [-75.678388691, 5.750109222], [-75.67827683, 5.750299939], [-75.678253259, 5.750340126], [-75.678196243, 5.750408768], [-75.678161669, 5.750426988], [-75.678127293, 5.750429954], [-75.678103045, 5.750423791], [-75.678035794, 5.750385173], [-75.677940561, 5.750309035], [-75.677895986, 5.750286639], [-75.677877372, 5.750284817], [-75.677836704, 5.750280837]]]}}, {"type": "Feature", "properties": {"Proyecto": "Tamesis la Oculta", "Municipio": "Tamesis", "sector": "R", "Matricula": null, "terreno_co": "057890002000000010213000000000", "Propietari": null, "ABS": null, "Area_Total": 0.0, "Area_Req": 0.0, "Area_Rem": 0.0, "AreaSobran": 0.0, "Shape_Leng": 0.0, "Shape_Area": 71284.14}, "geometry": {"type": "Polygon", "coordinates": [[[-75.677349218, 5.752004274], [-75.677317389, 5.751996658], [-75.677153439, 5.752026828], [-75.677145222, 5.752026175], [-75.677092434, 5.752021977], [-75.677030088, 5.752009336], [-75.676996493, 5.751997846], [-75.676880598, 5.751958206], [-75.676680475, 5.751900868], [-75.676576539, 5.751875468], [-75.676290874, 5.751859033], [-75.676281853, 5.751859494], [-75.676126563, 5.751829394], [-75.67600819, 5.751797274], [-75.6764973, 5.750532899], [-75.676544212, 5.750437355], [-75.676769533, 5.749762335], [-75.676795596, 5.749743676], [-75.676819716, 5.749791381], [-75.676853525, 5.749858636], [-75.676893148, 5.74989306], [-75.676937152, 5.749914542], [-75.676954613, 5.749919864], [-75.677028507, 5.749961016], [-75.677072444, 5.749997313], [-75.677129869, 5.750039244], [-75.677170172, 5.750106098], [-75.677241256, 5.750251311], [-75.677317993, 5.750367809], [-75.67741176, 5.75042686], [-75.677514924, 5.750430397], [-75.677638998, 5.750397522], [-75.677757283, 5.750343618], [-75.677854653, 5.750324211], [-75.677875837, 5.750325624], [-75.677906406, 5.750336195], [-75.677939597, 5.75035613], [-75.677979709, 5.750386384], [-75.678032065, 5.75043403], [-75.67809993, 5.750469773], [-75.678174557, 5.750472553], [-75.678246033, 5.750415551], [-75.678347162, 5.750289706], [-75.678520112, 5.750018868], [-75.678531356, 5.75000126], [-75.678757054, 5.749630931], [-75.678858446, 5.749511137], [-75.678900119, 5.749470363], [-75.67893818, 5.749418836], [-75.678960684, 5.749354198], [-75.679007021, 5.749273947], [-75.679042674, 5.749215252], [-75.679075952, 5.749161346], [-75.67911518, 5.74910025], [-75.679154415, 5.749041544], [-75.679193717, 5.749006755], [-75.679239055, 5.748995865], [-75.67926416, 5.749007753], [-75.679260645, 5.74903168], [-75.679203566, 5.749113156], [-75.679144185, 5.74922573], [-75.67908007, 5.749352667], [-75.679052927, 5.749466346], [-75.679029434, 5.749603933], [-75.67899749, 5.74970806], [-75.678991232, 5.749722798], [-75.678970423, 5.749782493], [-75.678964392, 5.749826539], [-75.678965058, 5.749856328], [-75.678974019, 5.749902323], [-75.678989755, 5.749930504], [-75.679073675, 5.750054636], [-75.679173303, 5.750245688], [-75.679221414, 5.75037231], [-75.679248021, 5.75049421], [-75.679261892, 5.750581516], [-75.679266759, 5.750610504], [-75.67927646, 5.750668285], [-75.679281702, 5.750856026], [-75.679265731, 5.751034555], [-75.679235076, 5.7511234], [-75.67917653, 5.75122793], [-75.679133021, 5.751381118], [-75.679107059, 5.751480143], [-75.679090822, 5.751542071], [-75.679073812, 5.751640923], [-75.679073771, 5.751641235], [-75.679067264, 5.751690617], [-75.679041391, 5.751759655], [-75.679019806, 5.751808929], [-75.678973887, 5.751844497], [-75.678970282, 5.751846604], [-75.678970155, 5.751846678], [-75.67896403, 5.751850253], [-75.678965495, 5.751852187], [-75.678965735, 5.751852287], [-75.678962696, 5.751856145], [-75.678857239, 5.751948394], [-75.678803561, 5.751980611], [-75.678746233, 5.752018528], [-75.678726209, 5.752039732], [-75.678671185, 5.752094053], [-75.678571603, 5.752183113], [-75.678523698, 5.752223809], [-75.678457108, 5.752280378], [-75.678290062, 5.752470012], [-75.678282441, 5.7524903], [-75.678274682, 5.752512845], [-75.678246911, 5.752544148], [-75.678195746, 5.752587093], [-75.678144325, 5.752620042], [-75.678134703, 5.752608919], [-75.678084341, 5.752550669], [-75.678059247, 5.752524576], [-75.678024005, 5.752487091], [-75.677997939, 5.752466448], [-75.677982925, 5.75244964], [-75.67795233, 5.752430972], [-75.677924363, 5.752418136], [-75.677857435, 5.752398375], [-75.677756164, 5.752385306], [-75.677599653, 5.752354358], [-75.67755209, 5.752317594], [-75.677503033, 5.752246401], [-75.677444008, 5.752133033], [-75.677430911, 5.752111017], [-75.677420402, 5.752088334], [-75.677413617, 5.752077296], [-75.677400106, 5.752055314], [-75.67738704, 5.752039145], [-75.677379842, 5.75202814], [-75.677349218, 5.752004274]]]}}, {"type": "Feature", "properties": {"Proyecto": "Tamesis la Oculta", "Municipio": "Tamesis", "sector": "R", "Matricula": null, "terreno_co": "057890002000000010211000000000", "Propietari": null, "ABS": null, "Area_Total": 0.0, "Area_Req": 0.0, "Area_Rem": 0.0, "AreaSobran": 0.0, "Shape_Leng": 0.0, "Shape_Area": 156505.99}, "geometry": {"type": "MultiPolygon", "coordinates": [[[[-75.67422351, 5.752791132], [-75.674394191, 5.752529147], [-75.674429274, 5.752470471], [-75.674464157, 5.752412132], [-75.674515495, 5.752326273], [-75.674633597, 5.752144624], [-75.674767292, 5.751920952], [-75.674783609, 5.751893653], [-75.674835427, 5.751821678], [-75.674860808, 5.751786425], [-75.675155612, 5.751316719], [-75.675179986, 5.751357861], [-75.675222626, 5.751413655], [-75.675297045, 5.751489565], [-75.675366288, 5.751534939], [-75.675408798, 5.751552692], [-75.675539751, 5.751602155], [-75.675615473, 5.751632704], [-75.675666131, 5.751656423], [-75.675852673, 5.751743765], [-75.675946806, 5.751780618], [-75.67600819, 5.751797274], [-75.676126563, 5.751829394], [-75.676281853, 5.751859494], [-75.676290874, 5.751859033], [-75.676576539, 5.751875468], [-75.676680475, 5.751900868], [-75.676880598, 5.751958206], [-75.676996493, 5.751997846], [-75.677030088, 5.752009336], [-75.677092434, 5.752021977], [-75.677145222, 5.752026175], [-75.677153439, 5.752026828], [-75.677317389, 5.751996658], [-75.677349218, 5.752004274], [-75.677379842, 5.75202814], [-75.67738704, 5.752039145], [-75.677400106, 5.752055314], [-75.677413617, 5.752077296], [-75.677420402, 5.752088334], [-75.677430911, 5.752111017], [-75.677444008, 5.752133033], [-75.677503033, 5.752246401], [-75.67755209, 5.752317594], [-75.677599653, 5.752354358], [-75.677756164, 5.752385306], [-75.677857435, 5.752398375], [-75.677924363, 5.752418136], [-75.67795233, 5.752430972], [-75.677982925, 5.75244964], [-75.677997939, 5.752466448], [-75.678024005, 5.752487091], [-75.678059247, 5.752524576], [-75.678084341, 5.752550669], [-75.678134706, 5.752608917], [-75.678144325, 5.752620042], [-75.678069895, 5.752667735], [-75.678032207, 5.752678721], [-75.677990878, 5.752678619], [-75.677614019, 5.752664108], [-75.677144895, 5.752694123], [-75.676887302, 5.752798882], [-75.67665138, 5.752968156], [-75.67644062, 5.753169645], [-75.676262255, 5.753428444], [-75.676094756, 5.753730262], [-75.675973409, 5.753884863], [-75.675862756, 5.754021499], [-75.675731104, 5.754333978], [-75.675585325, 5.754718248], [-75.675450184, 5.7549166], [-75.67536473, 5.754854844], [-75.675189338, 5.754714348], [-75.675011937, 5.754552215], [-75.674790289, 5.754384866], [-75.674619874, 5.754271722], [-75.674587883, 5.754251578], [-75.674570894, 5.754239916], [-75.674422564, 5.754138106], [-75.67437295, 5.754092453], [-75.674220167, 5.753951866], [-75.673973015, 5.753750289], [-75.673954328, 5.753736454], [-75.673831085, 5.753645223], [-75.673731317, 5.753568799], [-75.673704814, 5.753545696], [-75.673697744, 5.753540051], [-75.673755899, 5.75345738], [-75.673871174, 5.753293508], [-75.673881383, 5.75327809], [-75.67389775, 5.753253369], [-75.673945444, 5.753181329], [-75.673984421, 5.753122461], [-75.67402146, 5.753066516], [-75.674053073, 5.753023429], [-75.674070942, 5.752999076], [-75.67422351, 5.752791132]]], [[[-75.67736347, 5.752725798], [-75.677646355, 5.752699892], [-75.677936535, 5.752720603], [-75.678104855, 5.752712957], [-75.678179057, 5.752661209], [-75.678215304, 5.752704316], [-75.678254626, 5.752774913], [-75.678261352, 5.752817108], [-75.678255082, 5.752855478], [-75.678236485, 5.752893269], [-75.678206151, 5.75292073], [-75.678175124, 5.752943195], [-75.678169973, 5.752946925], [-75.678129283, 5.752978344], [-75.678043508, 5.753067196], [-75.677991573, 5.753174698], [-75.677974471, 5.753247565], [-75.677969628, 5.753308669], [-75.677972584, 5.753372326], [-75.677980736, 5.753437253], [-75.677997903, 5.753490434], [-75.678029437, 5.753560426], [-75.678112246, 5.75373792], [-75.678151579, 5.753822226], [-75.678245554, 5.754150458], [-75.678249603, 5.754172061], [-75.678256257, 5.754207575], [-75.678258123, 5.754233086], [-75.678263288, 5.754303696], [-75.678256366, 5.754455774], [-75.678236293, 5.754576739], [-75.678210831, 5.75466265], [-75.67811798, 5.754990645], [-75.678098003, 5.755217499], [-75.677933247, 5.755369739], [-75.677898652, 5.755401894], [-75.677672184, 5.755661346], [-75.677604111, 5.755739335], [-75.677603026, 5.755740577], [-75.677531596, 5.755822411], [-75.677232493, 5.756165079], [-75.677010764, 5.755990042], [-75.675715397, 5.755099027], [-75.675670581, 5.755068199], [-75.675640246, 5.755047335], [-75.67550353, 5.754992586], [-75.675557502, 5.754906878], [-75.675575562, 5.754872806], [-75.67562175, 5.754798391], [-75.675668751, 5.754714926], [-75.675693739, 5.754661067], [-75.675733241, 5.754568765], [-75.675780247, 5.754470261], [-75.675820336, 5.754376528], [-75.675882662, 5.754264175], [-75.67590954, 5.754191538], [-75.675961857, 5.754059855], [-75.676072745, 5.753961002], [-75.676092095, 5.753913626], [-75.676138627, 5.753855715], [-75.676226989, 5.753625854], [-75.676369547, 5.753370743], [-75.676555154, 5.753140624], [-75.676823092, 5.752892337], [-75.67704846, 5.752791255], [-75.67736347, 5.752725798]]]]}}, {"type": "Feature", "properties": {"Proyecto": "Tamesis la Oculta", "Municipio": "Tamesis", "sector": "R", "Matricula": null, "terreno_co": "057890002000000010031000000000", "Propietari": null, "ABS": null, "Area_Total": 0.0, "Area_Req": 0.0, "Area_Rem": 0.0, "AreaSobran": 0.0, "Shape_Leng": 0.0, "Shape_Area": 120201.38}, "geometry": {"type": "Polygon", "coordinates": [[[-75.674818398, 5.759754871], [-75.67499299, 5.759259187], [-75.675014721, 5.759201901], [-75.675052426, 5.759111809], [-75.675068023, 5.759068084], [-75.675085637, 5.759002193], [-75.675089393, 5.758988141], [-75.675100724, 5.758882373], [-75.67511312, 5.758841803], [-75.675123199, 5.758808815], [-75.675135443, 5.75876874], [-75.675139561, 5.758757912], [-75.67512804, 5.758692281], [-75.675127798, 5.75866545], [-75.675142449, 5.758633162], [-75.675154842, 5.758552099], [-75.6751732, 5.758501914], [-75.675187211, 5.758478738], [-75.675231699, 5.75841857], [-75.67530005, 5.758351652], [-75.675350777, 5.758303474], [-75.675418683, 5.758253232], [-75.675468637, 5.758225416], [-75.675548496, 5.758191003], [-75.675642186, 5.758157945], [-75.67570806, 5.758127073], [-75.675770327, 5.75808593], [-75.675806574, 5.758049422], [-75.675837274, 5.757998196], [-75.675868987, 5.757838428], [-75.675940597, 5.757860775], [-75.676002515, 5.757877266], [-75.676327137, 5.757955229], [-75.676529857, 5.758009674], [-75.676604948, 5.75789742], [-75.676776411, 5.757881523], [-75.677023642, 5.757913116], [-75.677210063, 5.75797358], [-75.677357196, 5.758073617], [-75.677497678, 5.758223145], [-75.677642495, 5.758375959], [-75.677745506, 5.758495252], [-75.679458754, 5.758908182], [-75.679583856, 5.758929802], [-75.679953, 5.758993599], [-75.680180103, 5.759032847], [-75.680128592, 5.760454272], [-75.678751871, 5.760726273], [-75.678184016, 5.760606294], [-75.677977421, 5.760553411], [-75.677760402, 5.76049786], [-75.677383571, 5.760401401], [-75.677301257, 5.760380331], [-75.677287141, 5.760376718], [-75.677199102, 5.760354182], [-75.676615176, 5.760204711], [-75.676454324, 5.760163538], [-75.676066062, 5.760064151], [-75.675782667, 5.760005225], [-75.675689167, 5.759985783], [-75.674860182, 5.759813408], [-75.674831284, 5.759788805], [-75.674818398, 5.759754871]], [[-75.679155689, 5.75911763], [-75.679050843, 5.759110989], [-75.678696259, 5.759115572], [-75.678420485, 5.759123522], [-75.67844639, 5.75942121], [-75.678553903, 5.759442432], [-75.678736634, 5.759463444], [-75.678854862, 5.759473874], [-75.679087398, 5.759459828], [-75.679155689, 5.75911763]]]}}, {"type": "Feature", "properties": {"Proyecto": "Tamesis la Oculta", "Municipio": "Tamesis", "sector": "R", "Matricula": null, "terreno_co": "057890002000000010032000000000", "Propietari": null, "ABS": null, "Area_Total": 0.0, "Area_Req": 0.0, "Area_Rem": 0.0, "AreaSobran": 0.0, "Shape_Leng": 0.0, "Shape_Area": 7716.69}, "geometry": {"type": "Polygon", "coordinates": [[[-75.674731111, 5.759933559], [-75.674818397, 5.759754871], [-75.674831284, 5.759788805], [-75.674860182, 5.759813408], [-75.675689167, 5.759985783], [-75.675434851, 5.760441631], [-75.675163594, 5.760644661], [-75.674925774, 5.760665318], [-75.674763706, 5.760681717], [-75.674667133, 5.760705565], [-75.674662331, 5.760456257], [-75.674662297, 5.760452974], [-75.674660962, 5.760327572], [-75.674655374, 5.760246866], [-75.674671941, 5.760217725], [-75.674684902, 5.76012195], [-75.674691997, 5.760071822], [-75.674705355, 5.760024701], [-75.674721182, 5.759968656], [-75.674731111, 5.759933559]]]}}, {"type": "Feature", "properties": {"Proyecto": "Tamesis la Oculta", "Municipio": "Tamesis", "sector": "R", "Matricula": null, "terreno_co": "057890002000000010113000000000", "Propietari": null, "ABS": null, "Area_Total": 0.0, "Area_Req": 0.0, "Area_Rem": 0.0, "AreaSobran": 0.0, "Shape_Leng": 0.0, "Shape_Area": 87474.23}, "geometry": {"type": "Polygon", "coordinates": [[[-75.671482432, 5.766797477], [-75.671834568, 5.766677431], [-75.671876865, 5.766663319], [-75.672104172, 5.76657352], [-75.672183801, 5.766547583], [-75.672246809, 5.766527061], [-75.67253126, 5.766434411], [-75.672910428, 5.766292696], [-75.673114265, 5.766218072], [-75.673405935, 5.766103628], [-75.673581664, 5.766042773], [-75.675483143, 5.765309806], [-75.675749824, 5.765620155], [-75.675782946, 5.765677487], [-75.675948792, 5.765964555], [-75.676179583, 5.766280959], [-75.676242676, 5.766367206], [-75.676321769, 5.766451617], [-75.676322808, 5.766452726], [-75.676337786, 5.766466083], [-75.676347333, 5.766474598], [-75.67640704, 5.766503146], [-75.676487667, 5.766544061], [-75.676540524, 5.766572432], [-75.676597508, 5.766627378], [-75.676614714, 5.766644738], [-75.676672268, 5.766700556], [-75.676703308, 5.766744793], [-75.676743415, 5.766819889], [-75.676765389, 5.766869586], [-75.676793097, 5.766901803], [-75.676764415, 5.76691017], [-75.676218383, 5.767091913], [-75.675708048, 5.767298027], [-75.675670214, 5.767313307], [-75.675386912, 5.767066557], [-75.675247281, 5.767088474], [-75.675100387, 5.767074536], [-75.674964108, 5.767013932], [-75.674766777, 5.766896098], [-75.674355291, 5.767047928], [-75.674095349, 5.766812215], [-75.674059113, 5.766804681], [-75.673958393, 5.766783739], [-75.673913523, 5.766784352], [-75.673865729, 5.766792555], [-75.673814301, 5.766806117], [-75.673747438, 5.766836046], [-75.673569859, 5.766912394], [-75.673513696, 5.766949604], [-75.673406209, 5.767019729], [-75.673373908, 5.767039135], [-75.673371178, 5.767040776], [-75.673324077, 5.767073793], [-75.673278157, 5.767105982], [-75.673236058, 5.767132038], [-75.673197941, 5.767149297], [-75.673162474, 5.767163538], [-75.673123188, 5.767180304], [-75.673068197, 5.767200358], [-75.67301058, 5.767220959], [-75.672992702, 5.767224727], [-75.672974027, 5.767230354], [-75.672937738, 5.767244266], [-75.672910256, 5.767254035], [-75.672853725, 5.767277915], [-75.672840489, 5.767283507], [-75.67279051, 5.76731091], [-75.672784569, 5.767314995], [-75.6727571, 5.767342987], [-75.672736349, 5.76737502], [-75.672731662, 5.767393781], [-75.67271075, 5.767477472], [-75.67270555, 5.76749828], [-75.67270066, 5.767538447], [-75.67269832, 5.767560338], [-75.672697078, 5.76757385], [-75.672695555, 5.76759041], [-75.6726878, 5.767628026], [-75.672676653, 5.767654059], [-75.672650012, 5.767693689], [-75.672586976, 5.767745424], [-75.672535989, 5.767771074], [-75.672292591, 5.767802573], [-75.672249884, 5.767815048], [-75.672192532, 5.767840166], [-75.672130933, 5.767870063], [-75.67211655, 5.767876956], [-75.672005934, 5.767929966], [-75.671970543, 5.767959233], [-75.671934778, 5.767997586], [-75.671919601, 5.768016604], [-75.671899918, 5.768046545], [-75.671846471, 5.768127845], [-75.671829831, 5.768163542], [-75.671825949, 5.768171868], [-75.67180868, 5.768208915], [-75.671772302, 5.7683606], [-75.67176349, 5.768391586], [-75.671755789, 5.768418669], [-75.671740382, 5.768454379], [-75.671697612, 5.768553506], [-75.671688491, 5.768566545], [-75.671688415, 5.768566655], [-75.671681745, 5.768576189], [-75.671642055, 5.768609334], [-75.671602082, 5.768636045], [-75.671598368, 5.768629413], [-75.671511238, 5.768516696], [-75.671371076, 5.768332767], [-75.671352514, 5.768309385], [-75.671247194, 5.768168404], [-75.671170882, 5.768066256], [-75.671152163, 5.768040163], [-75.670977264, 5.767819299], [-75.670753367, 5.767518828], [-75.670530104, 5.767229198], [-75.670491291, 5.767153527], [-75.670506561, 5.76714823], [-75.670669088, 5.767091851], [-75.670675895, 5.767089562], [-75.67067685, 5.767089241], [-75.6708926, 5.767016699], [-75.670924799, 5.767005872], [-75.670962342, 5.766993249], [-75.671240514, 5.766889925], [-75.671272621, 5.766876469], [-75.67142778, 5.766818054], [-75.671482432, 5.766797477]]]}}, {"type": "Feature", "properties": {"Proyecto": "Tamesis la Oculta", "Municipio": "Tamesis", "sector": "R", "Matricula": null, "terreno_co": "057890002000000010057000000000", "Propietari": null, "ABS": null, "Area_Total": 0.0, "Area_Req": 0.0, "Area_Rem": 0.0, "AreaSobran": 0.0, "Shape_Leng": 0.0, "Shape_Area": 49523.63}, "geometry": {"type": "Polygon", "coordinates": [[[-75.674054617, 5.768310682], [-75.673937234, 5.768100919], [-75.673854117, 5.767963147], [-75.673856337, 5.767962313], [-75.673783387, 5.767806908], [-75.673637927, 5.767551504], [-75.673419099, 5.767251501], [-75.673395149, 5.767217516], [-75.673324077, 5.767073793], [-75.673371178, 5.767040776], [-75.673373908, 5.767039135], [-75.673406209, 5.767019729], [-75.673513696, 5.766949604], [-75.673569859, 5.766912394], [-75.673747438, 5.766836046], [-75.673814301, 5.766806117], [-75.673865729, 5.766792555], [-75.673913523, 5.766784352], [-75.673958393, 5.766783739], [-75.674059113, 5.766804681], [-75.674095349, 5.766812215], [-75.674355291, 5.767047928], [-75.674766777, 5.766896098], [-75.674964108, 5.767013932], [-75.675100387, 5.767074536], [-75.675247281, 5.767088474], [-75.675386912, 5.767066557], [-75.675670214, 5.767313307], [-75.675708048, 5.767298027], [-75.676218383, 5.767091913], [-75.676764415, 5.76691017], [-75.676793097, 5.766901803], [-75.676839869, 5.76710636], [-75.676911178, 5.767343789], [-75.676970456, 5.767495439], [-75.677015195, 5.767643416], [-75.677055014, 5.767707482], [-75.677067918, 5.767716166], [-75.677049705, 5.767723515], [-75.675796164, 5.768229314], [-75.675666988, 5.768147165], [-75.675555963, 5.768151065], [-75.675334091, 5.768223438], [-75.674694308, 5.768567329], [-75.67469404, 5.768567472], [-75.674332453, 5.768761829], [-75.674305902, 5.768719202], [-75.674244274, 5.768606127], [-75.674221177, 5.768565343], [-75.674054617, 5.768310682]]]}}, {"type": "Feature", "properties": {"Proyecto": "Tamesis la Oculta", "Municipio": "Tamesis", "sector": "R", "Matricula": null, "terreno_co": "057890002000000010024000000000", "Propietari": null, "ABS": null, "Area_Total": 0.0, "Area_Req": 0.0, "Area_Rem": 0.0, "AreaSobran": 0.0, "Shape_Leng": 0.0, "Shape_Area": 35.4007915773}, "geometry": {"type": "Polygon", "coordinates": [[[-75.666294018, 5.772212996], [-75.666273996, 5.772047296], [-75.66626422, 5.771966398], [-75.666075782, 5.771017464], [-75.666040404, 5.770839307], [-75.666067146, 5.770832294], [-75.666086667, 5.770825715], [-75.666122109, 5.770812759], [-75.666164441, 5.770793961], [-75.666187469, 5.770785358], [-75.666206679, 5.770773356], [-75.666227798, 5.770763057], [-75.666249229, 5.770758175], [-75.666258736, 5.770757617], [-75.666269071, 5.770757012], [-75.666292731, 5.77075925], [-75.6663166, 5.770765104], [-75.666342377, 5.770772653], [-75.666366245, 5.770778498], [-75.666386615, 5.770786367], [-75.666405076, 5.770792542], [-75.666417912, 5.770795413], [-75.666431123, 5.770789199], [-75.666453778, 5.77078968], [-75.666473671, 5.770789422], [-75.666493462, 5.770787356], [-75.666535584, 5.770780356], [-75.666550531, 5.770777586], [-75.666557066, 5.770776376], [-75.666580354, 5.770772284], [-75.666598452, 5.77077213], [-75.666617651, 5.770775541], [-75.66663993, 5.770785107], [-75.666660456, 5.77079569], [-75.666676259, 5.770802915], [-75.666698064, 5.770804361], [-75.666723632, 5.770808294], [-75.666741886, 5.770810853], [-75.666782202, 5.770819369], [-75.666803414, 5.770826274], [-75.66682203, 5.770835152], [-75.666841628, 5.770850397], [-75.666859957, 5.770864654], [-75.666876185, 5.770879113], [-75.666892414, 5.770893572], [-75.666912306, 5.770908718], [-75.666930975, 5.770918501], [-75.666949435, 5.770924666], [-75.666970387, 5.77092706], [-75.666995323, 5.770935565], [-75.667017334, 5.770940619], [-75.667034093, 5.770948706], [-75.66705277, 5.770958489], [-75.667067829, 5.770968479], [-75.667082199, 5.770982138], [-75.667094931, 5.770998614], [-75.667104954, 5.771015245], [-75.66711508, 5.771033684], [-75.667124303, 5.771052176], [-75.667131783, 5.771071676], [-75.667138247, 5.77108943], [-75.66714662, 5.771108877], [-75.667157546, 5.771125456], [-75.667174625, 5.771138959], [-75.667190533, 5.771147993], [-75.66723085, 5.771156501], [-75.667252765, 5.771159755], [-75.667270427, 5.771167781], [-75.667283636, 5.771176972], [-75.667290951, 5.771193768], [-75.667291209, 5.771213693], [-75.667287014, 5.771234783], [-75.667280797, 5.771252368], [-75.667271933, 5.771271014], [-75.667260214, 5.771287112], [-75.667251287, 5.771304853], [-75.667241789, 5.771328073], [-75.66723584, 5.77135017], [-75.667235412, 5.771373764], [-75.667240183, 5.771393428], [-75.667239539, 5.771413406], [-75.667241654, 5.771434121], [-75.667246632, 5.771457403], [-75.667251352, 5.771476155], [-75.667252432, 5.771479083], [-75.667258883, 5.771496559], [-75.667267256, 5.771516007], [-75.66728009, 5.77153429], [-75.667292657, 5.771548053], [-75.667308782, 5.771560704], [-75.667326661, 5.771572347], [-75.667347186, 5.771582921], [-75.667367765, 5.771594407], [-75.667368144, 5.771594538], [-75.667388083, 5.771601373], [-75.667405745, 5.771609399], [-75.667424943, 5.771612809], [-75.667449558, 5.77161589], [-75.667461376, 5.771616881], [-75.667468663, 5.771617492], [-75.667488711, 5.771619938], [-75.667512528, 5.771624888], [-75.667553217, 5.771639724], [-75.667569975, 5.771647802], [-75.667590606, 5.771660193], [-75.667609542, 5.771674487], [-75.667625771, 5.771688946], [-75.667640247, 5.771704413], [-75.667657431, 5.771719716], [-75.667674406, 5.771731411], [-75.667678729, 5.771734015], [-75.66770606, 5.771748743], [-75.66771085, 5.771751027], [-75.667730048, 5.771754428], [-75.667749091, 5.771755127], [-75.66776915, 5.771757581], [-75.667793974, 5.771764278], [-75.667817155, 5.771773792], [-75.667834921, 5.771783626], [-75.667851844, 5.771794416], [-75.667866321, 5.771809884], [-75.667874538, 5.771826628], [-75.667898069, 5.771852217], [-75.668004472, 5.771909559], [-75.668012498, 5.77191098], [-75.668032548, 5.771913434], [-75.668051703, 5.771915931], [-75.668069687, 5.771913969], [-75.668090268, 5.771910042], [-75.668114563, 5.771907716], [-75.668137164, 5.771907293], [-75.668157162, 5.771908843], [-75.668184693, 5.771915384], [-75.668202251, 5.771921602], [-75.668225485, 5.771932028], [-75.668240863, 5.771947435], [-75.668265263, 5.771967412], [-75.668288389, 5.771986344], [-75.668318885, 5.772012654], [-75.66833586, 5.772024348], [-75.668358296, 5.772036625], [-75.668375004, 5.772043799], [-75.66839251, 5.772049123], [-75.66840847, 5.772059061], [-75.668426931, 5.772065227], [-75.668445184, 5.772067785], [-75.668449793, 5.772067515], [-75.668465026, 5.772066624], [-75.668468189, 5.772066437], [-75.668483965, 5.772065512], [-75.668505344, 5.772059726], [-75.668542592, 5.772031252], [-75.668556864, 5.772012294], [-75.668569391, 5.771994334], [-75.668579262, 5.771977436], [-75.668592579, 5.771957627], [-75.668605158, 5.771940572], [-75.668615081, 5.771924587], [-75.668621185, 5.771905192], [-75.668625649, 5.771888615], [-75.668623004, 5.771874271], [-75.668610221, 5.771856891], [-75.668593888, 5.771840624], [-75.668577866, 5.771829781], [-75.668562644, 5.771817079], [-75.66854822, 5.771802515], [-75.668536444, 5.771786892], [-75.668529077, 5.771769201], [-75.66852967, 5.771748319], [-75.668533917, 5.771728134], [-75.668540125, 5.771710549], [-75.668555361, 5.771692434], [-75.668569102, 5.771679839], [-75.668581786, 5.771664593], [-75.66859176, 5.771649511], [-75.668601735, 5.771634421], [-75.668605088, 5.771614288], [-75.668603919, 5.771594415], [-75.66859089, 5.771526293], [-75.668591536, 5.771506315], [-75.668595886, 5.77148793], [-75.668601514, 5.771460408], [-75.668611126, 5.771439007], [-75.668621848, 5.771421151], [-75.668648003, 5.771388799], [-75.668658673, 5.77137005], [-75.668666635, 5.771351455], [-75.668672852, 5.77133387], [-75.668675138, 5.771311077], [-75.668669568, 5.771293272], [-75.668656681, 5.771274092], [-75.668643908, 5.771256714], [-75.668635227, 5.771245816], [-75.668632183, 5.771241994], [-75.668622108, 5.771224459], [-75.668612626, 5.771186042], [-75.668612421, 5.771167021], [-75.66861263, 5.771155224], [-75.668622822, 5.771143751], [-75.668639582, 5.771136415], [-75.66865768, 5.771136261], [-75.668660424, 5.771137202], [-75.668677989, 5.771143228], [-75.668693907, 5.77115227], [-75.668712784, 5.771165661], [-75.66872541, 5.771180328], [-75.668737126, 5.771195047], [-75.668747999, 5.771210731], [-75.668763481, 5.771227946], [-75.668780613, 5.771242352], [-75.668821623, 5.771262605], [-75.668840614, 5.771262399], [-75.668855682, 5.771256985], [-75.668870274, 5.771243434], [-75.668882688, 5.771223676], [-75.668891604, 5.771205935], [-75.668908379, 5.771167781], [-75.668915489, 5.771150144], [-75.668925152, 5.771129638], [-75.668937149, 5.771118059], [-75.66894426, 5.771100422], [-75.668957898, 5.771086028], [-75.66897525, 5.771073225], [-75.668992706, 5.77106223], [-75.669011274, 5.7710548], [-75.669032703, 5.771049918], [-75.66905074, 5.771048859], [-75.669057775, 5.771048768], [-75.669070633, 5.771048601], [-75.669088835, 5.771050245], [-75.669108033, 5.771053657], [-75.669129203, 5.771059667], [-75.669147767, 5.771067641], [-75.669168293, 5.771078215], [-75.669184306, 5.771089066], [-75.669197731, 5.771101872], [-75.669210454, 5.771118347], [-75.669220425, 5.771134075], [-75.669230447, 5.771150707], [-75.669239775, 5.771171006], [-75.669250804, 5.771189394], [-75.669265124, 5.77120215], [-75.669282735, 5.771209271], [-75.669301786, 5.77120997], [-75.669333138, 5.771204505], [-75.669350853, 5.771198031], [-75.669369429, 5.771190592], [-75.669386191, 5.771183266], [-75.669407466, 5.77117567], [-75.669425295, 5.771171005], [-75.669445925, 5.771167982], [-75.669467677, 5.771168516], [-75.669486668, 5.771168309], [-75.669504653, 5.771166346], [-75.669522429, 5.771160776], [-75.669540995, 5.771153337], [-75.669556594, 5.771141551], [-75.669570397, 5.771129861], [-75.66958308, 5.771114614], [-75.669598202, 5.771094692], [-75.669612578, 5.771077533], [-75.669616551, 5.771073897], [-75.669626328, 5.771064947], [-75.669643785, 5.771053953], [-75.669657526, 5.771041366], [-75.669675086, 5.771032179], [-75.669692698, 5.771023897], [-75.669708401, 5.77101391], [-75.669724164, 5.771004829], [-75.669743313, 5.770991921], [-75.669759815, 5.770980074], [-75.669777271, 5.77096908], [-75.669793937, 5.770959945], [-75.669815047, 5.770949646], [-75.669831714, 5.770940512], [-75.66985304, 5.770933822], [-75.669870972, 5.770930955], [-75.669890815, 5.770929792], [-75.669910811, 5.770931342], [-75.669930966, 5.770935596], [-75.669948627, 5.770943622], [-75.669966402, 5.770953457], [-75.669985705, 5.770958666], [-75.670005867, 5.770962929], [-75.670025917, 5.770965373], [-75.670047668, 5.770965916], [-75.670065704, 5.770964858], [-75.670083689, 5.770962895], [-75.670102473, 5.770959073], [-75.670124649, 5.770951425], [-75.670145022, 5.770943891], [-75.670167034, 5.770933531], [-75.670187198, 5.77092238], [-75.670205662, 5.770913142], [-75.670223066, 5.770901244], [-75.670239619, 5.770890301], [-75.670255434, 5.770882123], [-75.670268066, 5.770865971], [-75.670275022, 5.770845622], [-75.670279268, 5.770825437], [-75.670283722, 5.770808859], [-75.670297256, 5.770792657], [-75.670306865, 5.770786659], [-75.670319589, 5.770787721], [-75.670333171, 5.770803241], [-75.670344045, 5.770818917], [-75.670352472, 5.770823864], [-75.670362288, 5.770821475], [-75.67036238, 5.770821336], [-75.670364061, 5.770818794], [-75.670372263, 5.770806384], [-75.670380017, 5.770784183], [-75.67038527, 5.770765745], [-75.670392277, 5.7707463], [-75.670405759, 5.770729193], [-75.670423216, 5.770718197], [-75.67043595, 5.770703855], [-75.670446464, 5.770682393], [-75.670452673, 5.770664807], [-75.670460478, 5.770643501], [-75.670467112, 5.770617735], [-75.670474762, 5.770593726], [-75.67048586, 5.770551382], [-75.670492651, 5.77052832], [-75.67050248, 5.770495112], [-75.670514947, 5.770476259], [-75.670528741, 5.770464568], [-75.670548106, 5.770455278], [-75.670564607, 5.770443431], [-75.670576396, 5.770428235], [-75.670585946, 5.770405931], [-75.6705912, 5.770387493], [-75.670594553, 5.770367351], [-75.670594286, 5.770347426], [-75.67059212, 5.770325805], [-75.670589643, 5.770283347], [-75.670590279, 5.770263371], [-75.670593892, 5.770247749], [-75.670605775, 5.770234363], [-75.670619838, 5.770227202], [-75.670642388, 5.770225873], [-75.670664139, 5.770226407], [-75.670682174, 5.770225358], [-75.670699942, 5.770219779], [-75.670708005, 5.770218398], [-75.670717035, 5.770202464], [-75.670719581, 5.770184182], [-75.670719167, 5.770161553], [-75.670717894, 5.770139872], [-75.670717533, 5.770102735], [-75.670718014, 5.770080046], [-75.670721419, 5.770060807], [-75.670732244, 5.770044771], [-75.670732695, 5.770044509], [-75.670748002, 5.770035687], [-75.670765987, 5.770033726], [-75.670785827, 5.770032562], [-75.670805615, 5.770030494], [-75.67082864, 5.770021893], [-75.670844346, 5.770011909], [-75.67085438, 5.770003409], [-75.670861591, 5.769997302], [-75.670873158, 5.769981934], [-75.670875866, 5.769978337], [-75.670887699, 5.769964047], [-75.670905371, 5.769941257], [-75.670920015, 5.769928615], [-75.670937313, 5.769914912], [-75.67094063, 5.769913221], [-75.670941389, 5.769912467], [-75.670978563, 5.769875476], [-75.670994905, 5.769860922], [-75.671018837, 5.769836859], [-75.671052371, 5.769806795], [-75.671089778, 5.769781035], [-75.671111479, 5.76976526], [-75.671143263, 5.769736204], [-75.671177334, 5.769684356], [-75.671230635, 5.769528053], [-75.671243208, 5.769497905], [-75.671277412, 5.769466909], [-75.671468738, 5.769349642], [-75.671665543, 5.769225554], [-75.671804753, 5.769137782], [-75.67191843, 5.769341699], [-75.672002908, 5.769493237], [-75.672126596, 5.769673568], [-75.672178012, 5.769748531], [-75.672334163, 5.770048466], [-75.672340101, 5.770059881], [-75.672518257, 5.77018024], [-75.672744244, 5.770297993], [-75.672862364, 5.770268962], [-75.673237936, 5.770081359], [-75.673727983, 5.76984321], [-75.673975029, 5.769806643], [-75.674021463, 5.769759875], [-75.673978249, 5.769677483], [-75.673884902, 5.769598822], [-75.673773563, 5.769491509], [-75.67366956, 5.769445164], [-75.673576173, 5.76935215], [-75.673583195, 5.769301907], [-75.673669309, 5.769209411], [-75.673840395, 5.769053648], [-75.674332453, 5.768761829], [-75.67469404, 5.768567472], [-75.674694308, 5.768567329], [-75.675334091, 5.768223438], [-75.675555963, 5.768151065], [-75.675666988, 5.768147165], [-75.675796164, 5.768229314], [-75.677049702, 5.767723513], [-75.677067916, 5.767716164], [-75.677137474, 5.767762974], [-75.677235534, 5.767809528], [-75.67728727, 5.767823372], [-75.677445907, 5.767887845], [-75.677514685, 5.767929317], [-75.67757037, 5.767989921], [-75.677606921, 5.76806541], [-75.677582821, 5.768327603], [-75.677539512, 5.768551583], [-75.677507685, 5.768783185], [-75.677441372, 5.76897853], [-75.677403971, 5.769265635], [-75.67741965, 5.769407176], [-75.677454545, 5.769588843], [-75.677518073, 5.769762777], [-75.677543937, 5.770130062], [-75.677565505, 5.770312088], [-75.677479282, 5.77033994], [-75.677239945, 5.770411536], [-75.677022334, 5.770492144], [-75.676813497, 5.770569503], [-75.676274361, 5.770752728], [-75.676240084, 5.770765004], [-75.676026173, 5.770841614], [-75.67598022, 5.77086063], [-75.675904539, 5.770891596], [-75.675561302, 5.771032037], [-75.675253481, 5.77115342], [-75.675196818, 5.771174867], [-75.674985014, 5.771267052], [-75.674924541, 5.771285109], [-75.674466679, 5.771440672], [-75.674438875, 5.771460428], [-75.673970209, 5.771635348], [-75.6734045, 5.771836897], [-75.672853777, 5.772033105], [-75.671930655, 5.772390855], [-75.671909509, 5.772399577], [-75.671011172, 5.772770119], [-75.670502845, 5.772975352], [-75.670480798, 5.772985046], [-75.670353564, 5.773040992], [-75.670348329, 5.773042647], [-75.670310893, 5.773054474], [-75.670194692, 5.773103154], [-75.670117863, 5.773135339], [-75.670071923, 5.773152909], [-75.66990006, 5.773222209], [-75.669882319, 5.773229312], [-75.669848552, 5.773242828], [-75.669662269, 5.773321749], [-75.669616615, 5.773347273], [-75.6694566, 5.773414442], [-75.669428025, 5.773425138], [-75.669206455, 5.773501909], [-75.669168417, 5.773518059], [-75.669100776, 5.773543213], [-75.669099489, 5.773543693], [-75.66900589, 5.773578497], [-75.66894991, 5.773600977], [-75.668938191, 5.773605874], [-75.667449649, 5.77421969], [-75.667324781, 5.774267821], [-75.667268102, 5.774291519], [-75.667068468, 5.774378306], [-75.666702357, 5.774532141], [-75.666630396, 5.774562379], [-75.666568131, 5.774075768], [-75.66656622, 5.774038301], [-75.666553094, 5.773923495], [-75.666538955, 5.773799828], [-75.666481611, 5.773450948], [-75.666433228, 5.773098337], [-75.666423233, 5.773041251], [-75.666406964, 5.772945876], [-75.666386587, 5.772826431], [-75.666351583, 5.772593916], [-75.666294018, 5.772212996]]]}}, {"type": "Feature", "properties": {"Proyecto": "Puente Gabino", "Municipio": "Santo Domingo", "sector": "R", "Matricula": null, "terreno_co": "056900004000000010063000000000", "Propietari": null, "ABS": null, "Area_Total": 0.0, "Area_Req": 0.0, "Area_Rem": 0.0, "AreaSobran": 0.0, "Shape_Leng": 0.0, "Shape_Area": 392795.900546}, "geometry": {"type": "Polygon", "coordinates": [[[-75.201251171, 6.56716535], [-75.201202721, 6.566993601], [-75.201274881, 6.567004339], [-75.20161172, 6.567081432], [-75.201873313, 6.567141303], [-75.202140321, 6.567167084], [-75.202225299, 6.5671808], [-75.202233115, 6.567255873], [-75.201972199, 6.567951939], [-75.201881494, 6.568220537], [-75.201875659, 6.568327421], [-75.201907373, 6.568388059], [-75.20199071, 6.56848158], [-75.202141691, 6.568564895], [-75.20229737, 6.568675105], [-75.202320751, 6.56878112], [-75.202306433, 6.568878042], [-75.202312007, 6.568941062], [-75.202342988, 6.569013229], [-75.202344001, 6.569093952], [-75.202333597, 6.569178024], [-75.202340857, 6.56932844], [-75.202367493, 6.569490572], [-75.202393217, 6.569605044], [-75.202423262, 6.569880169], [-75.202406814, 6.570035518], [-75.20235612, 6.57021267], [-75.202317619, 6.570296427], [-75.202250212, 6.570384284], [-75.202185751, 6.570431387], [-75.202082101, 6.570487076], [-75.201841715, 6.570595473], [-75.201638202, 6.570690686], [-75.201472342, 6.570773483], [-75.201358831, 6.570792907], [-75.201191753, 6.570809743], [-75.201088807, 6.570844673], [-75.201000437, 6.570868784], [-75.200935969, 6.570912813], [-75.200790881, 6.57099861], [-75.200649452, 6.571022894], [-75.200568005, 6.571046221], [-75.200489593, 6.571077827], [-75.200406666, 6.571101326], [-75.200323257, 6.571110816], [-75.200218367, 6.571139592], [-75.200161203, 6.571181271], [-75.200096289, 6.571206099], [-75.200002525, 6.571224084], [-75.199936554, 6.571278883], [-75.199884087, 6.571290714], [-75.199772077, 6.571314005], [-75.199713757, 6.571343741], [-75.199479981, 6.570932351], [-75.199525742, 6.570903546], [-75.199607116, 6.570842627], [-75.199715613, 6.570761402], [-75.1999517, 6.570579397], [-75.200327634, 6.570335957], [-75.200760503, 6.570050595], [-75.200918612, 6.56994467], [-75.201091446, 6.569806043], [-75.201165111, 6.569692447], [-75.201219354, 6.569518737], [-75.2012291, 6.569316552], [-75.201224582, 6.569147987], [-75.201203083, 6.56865003], [-75.201193558, 6.568367335], [-75.201195382, 6.568008611], [-75.201191102, 6.567816973], [-75.201206799, 6.567724427], [-75.201235858, 6.567553088], [-75.20125649, 6.567431443], [-75.201265444, 6.567291339], [-75.201251171, 6.56716535]]]}}, {"type": "Feature", "properties": {"Proyecto": "Puente Gabino", "Municipio": "Santa Rosa de Osos", "sector": "R", "Matricula": null, "terreno_co": "056860004000000020028000000000", "Propietari": null, "ABS": null, "Area_Total": 0.0, "Area_Req": 0.0, "Area_Rem": 0.0, "AreaSobran": 0.0, "Shape_Leng": 0.0, "Shape_Area": 14016.8109142}, "geometry": {"type": "Polygon", "coordinates": [[[-75.199975488, 6.571762966], [-75.199998812, 6.571749], [-75.199998644, 6.571749155], [-75.199998668, 6.57174918], [-75.199998688, 6.571749209], [-75.199998702, 6.57174924], [-75.199998712, 6.571749274], [-75.200023181, 6.571742944], [-75.200072215, 6.571730279], [-75.200080097, 6.571728242], [-75.200164938, 6.57170632], [-75.200164933, 6.571706285], [-75.200164934, 6.571706249], [-75.200164941, 6.571706214], [-75.200164953, 6.57170618], [-75.20016497, 6.571706149], [-75.200164991, 6.571706121], [-75.200165158, 6.571706272], [-75.200165369, 6.571706191], [-75.200173016, 6.571703136], [-75.200255225, 6.57167032], [-75.20025893, 6.571668839], [-75.200261984, 6.571667457], [-75.200261969, 6.571667538], [-75.200261984, 6.57166762], [-75.200262028, 6.571667691], [-75.200262056, 6.571667716], [-75.200262087, 6.571667737], [-75.200262122, 6.571667751], [-75.200262158, 6.57166776], [-75.200262195, 6.571667763], [-75.200262228, 6.571667761], [-75.200262261, 6.571667754], [-75.200262292, 6.571667742], [-75.200262321, 6.571667725], [-75.200262347, 6.571667705], [-75.200262373, 6.571667677], [-75.200262393, 6.571667645], [-75.200262409, 6.57166761], [-75.200262418, 6.571667573], [-75.200262421, 6.571667535], [-75.200262417, 6.571667498], [-75.200262407, 6.571667461], [-75.200262392, 6.571667426], [-75.20027571, 6.571659946], [-75.200290812, 6.571651463], [-75.200291009, 6.571651352], [-75.200291235, 6.571651354], [-75.200316707, 6.571651779], [-75.200322147, 6.571651869], [-75.200339531, 6.571652157], [-75.200340901, 6.57165218], [-75.200347078, 6.571652284], [-75.200352864, 6.571652705], [-75.200353016, 6.571652537], [-75.200353183, 6.571652384], [-75.200353335, 6.571652217], [-75.200353359, 6.571652243], [-75.200353379, 6.571652272], [-75.200353394, 6.571652304], [-75.200353404, 6.571652338], [-75.200409927, 6.571639936], [-75.200497017, 6.571620833], [-75.200554916, 6.57160813], [-75.200557136, 6.571607646], [-75.200557315, 6.571607508], [-75.200583708, 6.571588706], [-75.200592785, 6.571582237], [-75.200595007, 6.571580658], [-75.20060103, 6.57157636], [-75.200601244, 6.571576292], [-75.200700778, 6.571548138], [-75.2007068, 6.571546442], [-75.200707506, 6.57154624], [-75.2007087, 6.571545911], [-75.200708915, 6.571545836], [-75.200709136, 6.571545791], [-75.200727865, 6.571541585], [-75.200765192, 6.571533203], [-75.200771935, 6.571531692], [-75.200772129, 6.571531577], [-75.20078364, 6.571524631], [-75.200783684, 6.57152461], [-75.200783818, 6.57152453], [-75.200785468, 6.571523535], [-75.200785663, 6.571523417], [-75.200785886, 6.571523382], [-75.200786702, 6.571523259], [-75.200788069, 6.571523054], [-75.200878884, 6.571509318], [-75.200879107, 6.571509282], [-75.200879322, 6.571509215], [-75.200957143, 6.571486082], [-75.200957358, 6.571486014], [-75.200957569, 6.571485932], [-75.200962461, 6.571483943], [-75.201012787, 6.571463507], [-75.201015048, 6.571462587], [-75.201015259, 6.571462503], [-75.20101545, 6.571462384], [-75.201022849, 6.571457587], [-75.201049406, 6.571440364], [-75.201055949, 6.571436124], [-75.201057891, 6.571434866], [-75.201058081, 6.571434743], [-75.201058306, 6.571434735], [-75.201059007, 6.571434678], [-75.201064282, 6.571434256], [-75.201067752, 6.571433982], [-75.201073335, 6.571433545], [-75.201078746, 6.571433113], [-75.201078971, 6.571433103], [-75.20107919, 6.571433051], [-75.20108051, 6.571432715], [-75.20114727, 6.571415761], [-75.201154984, 6.571413791], [-75.201164771, 6.571411291], [-75.201166303, 6.571410891], [-75.201188881, 6.571404717], [-75.201219494, 6.571396336], [-75.20125814, 6.571385756], [-75.201258355, 6.571385687], [-75.201258579, 6.571385657], [-75.201366789, 6.571373096], [-75.201367012, 6.571373067], [-75.201367212, 6.571372961], [-75.201378407, 6.571367116], [-75.201513735, 6.571296441], [-75.20151372, 6.57129641], [-75.201513711, 6.571296376], [-75.201513707, 6.571296342], [-75.201513709, 6.571296307], [-75.201513716, 6.571296273], [-75.201513728, 6.57129624], [-75.201513745, 6.57129621], [-75.201513766, 6.571296183], [-75.201513934, 6.571296334], [-75.201514132, 6.571296226], [-75.201554872, 6.571274456], [-75.201571787, 6.571265417], [-75.201690192, 6.571202146], [-75.201754996, 6.57116756], [-75.201766628, 6.571161297], [-75.201767015, 6.571161146], [-75.201767246, 6.571161054], [-75.201820195, 6.571140087], [-75.201860907, 6.571123966], [-75.201926685, 6.571097919], [-75.201926896, 6.571097837], [-75.201927063, 6.571097684], [-75.201927216, 6.571097517], [-75.202005088, 6.571020963], [-75.20202248, 6.571003872], [-75.202023403, 6.57100296], [-75.202023558, 6.571002795], [-75.202023726, 6.571002641], [-75.202023917, 6.571002522], [-75.202024492, 6.571002146], [-75.202055576, 6.570981867], [-75.202102973, 6.570950948], [-75.202104723, 6.570949809], [-75.202104914, 6.570949687], [-75.202105094, 6.570949551], [-75.202105674, 6.570949128], [-75.202252764, 6.57084204], [-75.202252944, 6.570841903], [-75.202253156, 6.570841824], [-75.202301341, 6.570823263], [-75.202303113, 6.570822581], [-75.202303325, 6.570822499], [-75.202303491, 6.570822346], [-75.202304028, 6.570821875], [-75.202352914, 6.570778937], [-75.202427688, 6.570713229], [-75.202428583, 6.570712449], [-75.202428754, 6.570712301], [-75.20242894, 6.570712171], [-75.202429426, 6.570711815], [-75.202459112, 6.570690109], [-75.202482159, 6.570673258], [-75.202483067, 6.570672594], [-75.202483246, 6.570672457], [-75.202483409, 6.570672303], [-75.202483771, 6.570671979], [-75.202509795, 6.570648687], [-75.202510572, 6.570647991], [-75.202510737, 6.570647837], [-75.20251089, 6.570647672], [-75.202511241, 6.570647275], [-75.202590677, 6.570557353], [-75.202608719, 6.570536932], [-75.202609321, 6.570536248], [-75.202609472, 6.57053608], [-75.202609624, 6.570535913], [-75.202609887, 6.570535609], [-75.202616875, 6.570527554], [-75.202633389, 6.570508523], [-75.202634277, 6.570507509], [-75.202634426, 6.570507339], [-75.202634625, 6.570507233], [-75.202634988, 6.57050706], [-75.202676608, 6.570487304], [-75.202677788, 6.570486744], [-75.202677989, 6.570486639], [-75.202678141, 6.570486473], [-75.202678426, 6.570486147], [-75.202732357, 6.570424303], [-75.202782491, 6.570366812], [-75.202782645, 6.570366646], [-75.202782758, 6.57036645], [-75.202797541, 6.570341123], [-75.202862584, 6.57022968], [-75.202863775, 6.570227639], [-75.202863889, 6.570227444], [-75.202863971, 6.570227233], [-75.202864147, 6.570226794], [-75.202886975, 6.57016943], [-75.202887063, 6.570169213], [-75.202887145, 6.570169003], [-75.202887143, 6.570168777], [-75.202886972, 6.57015008], [-75.20288681, 6.570132458], [-75.202886473, 6.570095457], [-75.202886421, 6.570095238], [-75.202885437, 6.570091299], [-75.202879618, 6.570067957], [-75.202877189, 6.570058213], [-75.202869336, 6.570026721], [-75.202869284, 6.570026502], [-75.202869267, 6.570026278], [-75.202869188, 6.570025168], [-75.202867289, 6.570001041], [-75.202865476, 6.569977807], [-75.202864911, 6.569970566], [-75.202864248, 6.569962202], [-75.202864196, 6.569961982], [-75.202863602, 6.569959615], [-75.202843092, 6.569878006], [-75.20283683, 6.569853085], [-75.202834238, 6.569842784], [-75.202834187, 6.569842564], [-75.202834161, 6.569842341], [-75.202831932, 6.569819209], [-75.202829573, 6.569794703], [-75.202824559, 6.56974268], [-75.202824514, 6.569742459], [-75.20282399, 6.569739935], [-75.2028113, 6.569678747], [-75.202808867, 6.569667009], [-75.202808042, 6.569663039], [-75.202801968, 6.569633744], [-75.202801922, 6.569633524], [-75.202801834, 6.569633316], [-75.202798921, 6.569626706], [-75.202797636, 6.56962378], [-75.202797545, 6.569623574], [-75.20279609, 6.569605898], [-75.202795544, 6.569599418], [-75.202795531, 6.569599193], [-75.202795564, 6.569598969], [-75.202797248, 6.5695867], [-75.202798409, 6.569578252], [-75.202798561, 6.569578086], [-75.202806167, 6.569569129], [-75.202808026, 6.569566943], [-75.20280951, 6.569565193], [-75.202809658, 6.569565024], [-75.202809873, 6.569565096], [-75.202820013, 6.569568502], [-75.202833228, 6.56957294], [-75.202833452, 6.569572951], [-75.202834114, 6.569572996], [-75.202863445, 6.569574978], [-75.202875456, 6.569575787], [-75.202891679, 6.569576883], [-75.202893116, 6.569576839], [-75.202894972, 6.569576781], [-75.202906176, 6.56957643], [-75.202907414, 6.569576392], [-75.2029152, 6.569576149], [-75.202915426, 6.569576143], [-75.202915646, 6.569576192], [-75.202916834, 6.569576471], [-75.202924744, 6.569578327], [-75.202932353, 6.56958011], [-75.202940607, 6.569582045], [-75.202940825, 6.569582103], [-75.202943676, 6.569582876], [-75.202963263, 6.569588111], [-75.202963341, 6.569588133], [-75.202965802, 6.569588797], [-75.202969911, 6.569589898], [-75.202970297, 6.569590041], [-75.202970999, 6.569590301], [-75.202988685, 6.569596859], [-75.20298952, 6.569597168], [-75.202989731, 6.569597246], [-75.202989922, 6.569597366], [-75.202990048, 6.569597449], [-75.202997099, 6.569602034], [-75.203005484, 6.569607482], [-75.203014315, 6.569613221], [-75.203014394, 6.569613432], [-75.203015084, 6.569615272], [-75.203020248, 6.569629031], [-75.203032823, 6.569662534], [-75.2030504, 6.569709368], [-75.203050679, 6.56971011], [-75.203050759, 6.569710321], [-75.203050981, 6.569710364], [-75.203067082, 6.569713565], [-75.20307517, 6.569715173], [-75.203075377, 6.569715262], [-75.203075883, 6.56971549], [-75.20316555, 6.569755733], [-75.203166878, 6.569756327], [-75.203167085, 6.569756418], [-75.203167252, 6.569756571], [-75.203167687, 6.569756943], [-75.203185569, 6.569772276], [-75.20318751, 6.56977394], [-75.203187677, 6.569774093], [-75.203187842, 6.569774246], [-75.203188456, 6.569774785], [-75.203199285, 6.569784309], [-75.203202211, 6.569786878], [-75.203202378, 6.569787031], [-75.203202486, 6.569787229], [-75.203214864, 6.569810285], [-75.203214972, 6.569810483], [-75.203215021, 6.569810703], [-75.203217489, 6.569821508], [-75.203220793, 6.569835978], [-75.203220965, 6.569836123], [-75.203234324, 6.569847224], [-75.203242673, 6.569854149], [-75.203242841, 6.569854301], [-75.203243039, 6.569854408], [-75.20324724, 6.569856656], [-75.203257496, 6.569862146], [-75.20325769, 6.569862263], [-75.203263824, 6.569865929], [-75.203269526, 6.569869338], [-75.203269898, 6.569869583], [-75.203279372, 6.569876061], [-75.203287759, 6.569881787], [-75.203287947, 6.569881916], [-75.20328809, 6.569882091], [-75.203288608, 6.569882731], [-75.203290237, 6.569884745], [-75.203294348, 6.569889826], [-75.203294492, 6.569890001], [-75.203294707, 6.56989006], [-75.203306156, 6.569893185], [-75.203311891, 6.56989475], [-75.203312075, 6.569894883], [-75.203313865, 6.569896131], [-75.203320718, 6.569900922], [-75.203320832, 6.569901118], [-75.203326781, 6.569911177], [-75.203326895, 6.569911372], [-75.203327011, 6.569911567], [-75.203333363, 6.569922129], [-75.203333876, 6.56992298], [-75.203333992, 6.569923174], [-75.20334285, 6.569934386], [-75.203342961, 6.569934583], [-75.203343251, 6.569935099], [-75.20335058, 6.569948132], [-75.203350905, 6.569948712], [-75.203351017, 6.569948909], [-75.203351172, 6.569949074], [-75.203351425, 6.56994935], [-75.203357904, 6.56995643], [-75.203358478, 6.569957055], [-75.203358633, 6.569957219], [-75.203358812, 6.569957357], [-75.203358885, 6.569957411], [-75.203365151, 6.56996206], [-75.203365469, 6.56996229], [-75.203365646, 6.569962428], [-75.203365848, 6.569962532], [-75.203377344, 6.56996819], [-75.203377895, 6.569968459], [-75.203378096, 6.569968562], [-75.203378277, 6.569968698], [-75.203384398, 6.569973137], [-75.20338504, 6.569973602], [-75.203388582, 6.569976175], [-75.203388796, 6.569976095], [-75.203409366, 6.569969157], [-75.203435309, 6.569960401], [-75.203441432, 6.569958336], [-75.20344134, 6.569958544], [-75.203441212, 6.569958822], [-75.203440969, 6.569959353], [-75.203427379, 6.569988872], [-75.203427345, 6.56998886], [-75.20342731, 6.569988853], [-75.203427275, 6.569988852], [-75.20342724, 6.569988856], [-75.203427206, 6.569988866], [-75.203427173, 6.569988881], [-75.203427144, 6.5699889], [-75.203427118, 6.569988924], [-75.203427286, 6.569989076], [-75.203427163, 6.569989267], [-75.203420655, 6.569999403], [-75.203391887, 6.57004421], [-75.203381493, 6.570058846], [-75.203363887, 6.570084359], [-75.203340562, 6.570111404], [-75.203294432, 6.57016489], [-75.20324467, 6.570220976], [-75.203177417, 6.570282812], [-75.203124073, 6.57033635], [-75.203039228, 6.570419721], [-75.2029766, 6.570478659], [-75.202938252, 6.570517064], [-75.202910588, 6.57054477], [-75.202890743, 6.570566653], [-75.202866613, 6.570593261], [-75.202814478, 6.570630023], [-75.202781897, 6.570650193], [-75.202722993, 6.570685352], [-75.202696969, 6.57069966], [-75.202665124, 6.570717387], [-75.202629418, 6.570735973], [-75.202617197, 6.570742334], [-75.20258185, 6.570760378], [-75.202569806, 6.570766526], [-75.202555468, 6.570773571], [-75.202530624, 6.570787308], [-75.202504364, 6.570798973], [-75.202477166, 6.570813853], [-75.202470771, 6.570817854], [-75.20245372, 6.570828523], [-75.202436012, 6.570838643], [-75.202427149, 6.570844652], [-75.202417705, 6.570851055], [-75.20240055, 6.570859841], [-75.202375953, 6.570872147], [-75.202345517, 6.570883219], [-75.202312, 6.57090105], [-75.202281876, 6.570916627], [-75.202234074, 6.57094204], [-75.202206389, 6.570957052], [-75.202169462, 6.570978078], [-75.20213993, 6.570999623], [-75.202128757, 6.571007774], [-75.202109033, 6.571020174], [-75.202093606, 6.571029874], [-75.202066777, 6.571052538], [-75.202066327, 6.571052975], [-75.202062356, 6.571056836], [-75.202047353, 6.571071422], [-75.202001031, 6.571104865], [-75.201949157, 6.571148071], [-75.201918645, 6.571174249], [-75.201875399, 6.571205223], [-75.201851527, 6.571224656], [-75.201785074, 6.571278766], [-75.201725158, 6.571322274], [-75.201691001, 6.57135017], [-75.201641092, 6.571387443], [-75.201595791, 6.571422473], [-75.201561578, 6.571457206], [-75.201519663, 6.57149097], [-75.201490192, 6.571519509], [-75.201449205, 6.5715495], [-75.20141846, 6.571574224], [-75.201387383, 6.571600002], [-75.201338339, 6.571636809], [-75.201312815, 6.571659888], [-75.201287517, 6.571679549], [-75.201232803, 6.571715556], [-75.201212905, 6.571733017], [-75.20118551, 6.571753023], [-75.201156394, 6.571774734], [-75.201131561, 6.571792646], [-75.201121705, 6.571796957], [-75.201099086, 6.571806851], [-75.201072321, 6.571832161], [-75.20106591, 6.571838222], [-75.201037255, 6.571863785], [-75.201026092, 6.571874938], [-75.200991889, 6.571909106], [-75.200954068, 6.571939322], [-75.200928389, 6.571957122], [-75.200910021, 6.571969855], [-75.200906957, 6.571971867], [-75.20090069, 6.571975983], [-75.200888116, 6.57198424], [-75.200884977, 6.571986302], [-75.200822576, 6.572027283], [-75.200741256, 6.572072902], [-75.200735086, 6.572076364], [-75.200674723, 6.572102199], [-75.200626007, 6.57212816], [-75.200623375, 6.572129562], [-75.200623099, 6.572129709], [-75.20061975, 6.572131495], [-75.200600213, 6.572140607], [-75.200579785, 6.572150134], [-75.200535353, 6.572180886], [-75.200488065, 6.57219908], [-75.200451049, 6.572216727], [-75.200418439, 6.572235529], [-75.200375706, 6.572256207], [-75.200330287, 6.572278029], [-75.200327642, 6.572273636], [-75.20027396, 6.572184465], [-75.200271631, 6.572180635], [-75.20023845, 6.572126076], [-75.200227136, 6.572109993], [-75.20021793, 6.572096905], [-75.200199024, 6.572069993], [-75.200178246, 6.572032739], [-75.200172898, 6.57202315], [-75.200154421, 6.571990371], [-75.200067317, 6.571879451], [-75.200043011, 6.571850797], [-75.200021531, 6.571823659], [-75.200000445, 6.571794496], [-75.199998168, 6.57179162], [-75.199975488, 6.571762966]]]}}, {"type": "Feature", "properties": {"Proyecto": "Puente Cisneros", "Municipio": "Cisneros", "sector": "R", "Matricula": "038-7348", "terreno_co": "051900099000099990001400000000", "Propietari": null, "ABS": null, "Area_Total": 0.0, "Area_Req": 335.72, "Area_Rem": 0.0, "AreaSobran": 0.0, "Shape_Leng": 0.0, "Shape_Area": 0.0}, "geometry": {"type": "Polygon", "coordinates": [[[-75.077952953, 6.538005127], [-75.077933848, 6.538000893], [-75.077879426, 6.537988826], [-75.077689268, 6.53794443], [-75.077355922, 6.537859282], [-75.077279016, 6.537841126], [-75.077195188, 6.537821338], [-75.077147388, 6.537810054], [-75.076991083, 6.537773155], [-75.076957506, 6.537768141], [-75.076916001, 6.537761943], [-75.076894309, 6.537760234], [-75.076820873, 6.537754449], [-75.076745298, 6.53775398], [-75.076720506, 6.537753825], [-75.076700321, 6.537753701], [-75.076694406, 6.537753664], [-75.076683348, 6.537753595], [-75.076633422, 6.537759295], [-75.07662972, 6.537759717], [-75.076602869, 6.537764759], [-75.076519732, 6.53778037], [-75.076419284, 6.53779923], [-75.076412035, 6.53780323], [-75.076404452, 6.537806804], [-75.076376389, 6.537820032], [-75.076365686, 6.537823359], [-75.076354013, 6.537826988], [-75.076351175, 6.537827712], [-75.076248334, 6.537853919], [-75.076230554, 6.537857685], [-75.076129578, 6.537873944], [-75.076101496, 6.537878465], [-75.076099249, 6.537878827], [-75.076061323, 6.537884934], [-75.075989501, 6.537901479], [-75.075978932, 6.537903649], [-75.075947591, 6.537907076], [-75.07591578, 6.53790832], [-75.07589576, 6.537909103], [-75.075882231, 6.537909632], [-75.075848954, 6.537910933], [-75.075841053, 6.537911104], [-75.07582416, 6.537910542], [-75.075727153, 6.537903676], [-75.075686408, 6.537900792], [-75.075663627, 6.537898012], [-75.075598319, 6.53788653], [-75.075590228, 6.537884955], [-75.075500976, 6.537865885], [-75.075488006, 6.537862187], [-75.075471765, 6.537857557], [-75.075466101, 6.53785542], [-75.075465024, 6.537855013], [-75.075348028, 6.53780871], [-75.07533141, 6.537801348], [-75.07530815, 6.537789902], [-75.075263021, 6.537767696], [-75.075212616, 6.537742894], [-75.075203893, 6.537738364], [-75.075147598, 6.537707554], [-75.075131963, 6.537698997], [-75.075126687, 6.537696009], [-75.075055782, 6.537653942], [-75.075049096, 6.537649976], [-75.075015567, 6.537631448], [-75.074974171, 6.537608574], [-75.074912501, 6.537574497], [-75.074888708, 6.537560993], [-75.074842834, 6.537534956], [-75.07476423, 6.537492995], [-75.074750032, 6.537485416], [-75.074738276, 6.53747914], [-75.074691489, 6.537457396], [-75.07468107, 6.537452553], [-75.074662294, 6.537444177], [-75.074617687, 6.537429917], [-75.074565419, 6.537421933], [-75.074545806, 6.537418937], [-75.074537, 6.537418484], [-75.074510651, 6.537417128], [-75.07449241, 6.537416189], [-75.074475258, 6.537415306], [-75.074470733, 6.537415838], [-75.074467921, 6.537416168], [-75.074440747, 6.537419358], [-75.074428699, 6.537420773], [-75.074393533, 6.537428959], [-75.074377601, 6.537432668], [-75.074373478, 6.537433628], [-75.074330928, 6.537447392], [-75.074326221, 6.537449259], [-75.074288199, 6.537459615], [-75.074277429, 6.537460603], [-75.074270979, 6.537462646], [-75.07426928, 6.537463184], [-75.074257299, 6.537466978], [-75.074210482, 6.537481806], [-75.074062146, 6.537538904], [-75.073953601, 6.537580686], [-75.073903568, 6.537599946], [-75.073875627, 6.537609532], [-75.073704828, 6.537668125], [-75.073645934, 6.53767299], [-75.073566986, 6.537679511], [-75.0735486, 6.537680278], [-75.073450889, 6.537680372], [-75.073411534, 6.537676938], [-75.073392185, 6.537672642], [-75.073250024, 6.537634471], [-75.073233618, 6.53762939], [-75.073086775, 6.53757772], [-75.072731628, 6.537461394], [-75.072613993, 6.537421506], [-75.072581513, 6.537407572], [-75.072425329, 6.537328359], [-75.072311197, 6.537263525], [-75.072245823, 6.53722639], [-75.072200868, 6.537200853], [-75.072168808, 6.537178697], [-75.072014629, 6.537051151], [-75.072011644, 6.537048622], [-75.071912116, 6.53696273], [-75.071788315, 6.536896153], [-75.071698134, 6.536867528], [-75.071536849, 6.536859113], [-75.071429066, 6.536855509], [-75.071273762, 6.536860282], [-75.071247414, 6.536861093], [-75.071238204, 6.536861176], [-75.071111323, 6.536858658], [-75.070924626, 6.536866997], [-75.070623319, 6.536880466], [-75.070613368, 6.536880692], [-75.070561392, 6.536880724], [-75.070399095, 6.536880825], [-75.070376758, 6.536879724], [-75.070225223, 6.536864717], [-75.070208241, 6.536862381], [-75.070179553, 6.536855362], [-75.07011853, 6.536836125], [-75.070109166, 6.536832947], [-75.070072248, 6.536815582], [-75.070055038, 6.536805358], [-75.069963056, 6.53675071], [-75.069944191, 6.53673818], [-75.069832454, 6.536655612], [-75.069799092, 6.536630959], [-75.069788118, 6.536622312], [-75.069777469, 6.536612361], [-75.069770527, 6.536605875], [-75.069640172, 6.53647036], [-75.069636429, 6.536466374], [-75.069520916, 6.536340325], [-75.069516762, 6.536335792], [-75.069506074, 6.536326418], [-75.069495129, 6.536317571], [-75.069494831, 6.536317329], [-75.069494744, 6.536317259], [-75.069404398, 6.536244231], [-75.069330855, 6.536202978], [-75.069263998, 6.536179868], [-75.069156277, 6.53616121], [-75.069091139, 6.536160439], [-75.069072779, 6.536160222], [-75.069051235, 6.53616132], [-75.069037562, 6.536162016], [-75.069035974, 6.536162097], [-75.069024903, 6.536165332], [-75.069004038, 6.53617143], [-75.068973473, 6.536187505], [-75.068874206, 6.536252823], [-75.068869989, 6.53625553], [-75.068863632, 6.536259514], [-75.06871951, 6.536349832], [-75.068612174, 6.53641999], [-75.068553812, 6.536458137], [-75.06832213, 6.536614427], [-75.068302421, 6.536627723], [-75.068177459, 6.536708406], [-75.068153162, 6.536724094], [-75.067886669, 6.53689616], [-75.067692499, 6.537024147], [-75.067664697, 6.537042473], [-75.067653319, 6.537049499], [-75.067634372, 6.537059277], [-75.067611808, 6.537069604], [-75.06753095, 6.537106612], [-75.067515549, 6.537113661], [-75.067511921, 6.537115322], [-75.06748922, 6.537125712], [-75.067469548, 6.537134715], [-75.067421187, 6.537156849], [-75.067417758, 6.537158419], [-75.067417448, 6.53715856], [-75.067413816, 6.537160097], [-75.067410529, 6.53716149], [-75.06740833, 6.537162422], [-75.067405694, 6.537163543], [-75.067209546, 6.537240237], [-75.067204542, 6.537242125], [-75.06717662, 6.537250295], [-75.067154411, 6.537255266], [-75.067020645, 6.537285212], [-75.067010514, 6.537287238], [-75.067002003, 6.537288571], [-75.066806886, 6.537315347], [-75.066614646, 6.537345344], [-75.066593722, 6.537347617], [-75.066566884, 6.537349273], [-75.066356573, 6.53736225], [-75.066201114, 6.53737964], [-75.066056211, 6.53739585], [-75.066049029, 6.537396537], [-75.065979117, 6.537402105], [-75.065847517, 6.537412586], [-75.065801523, 6.537416249], [-75.065771663, 6.537418627], [-75.065753712, 6.53741934], [-75.065748645, 6.537419284], [-75.065571104, 6.537415293], [-75.06554358, 6.537412985], [-75.065397466, 6.537391683], [-75.065390814, 6.53739061], [-75.065354525, 6.537381044], [-75.065190528, 6.537322872], [-75.064965481, 6.537241382], [-75.064756767, 6.537185834], [-75.064752055, 6.537184525], [-75.064646108, 6.53715386], [-75.064545115, 6.537124627], [-75.064530638, 6.537119902], [-75.064517282, 6.537114552], [-75.064515144, 6.537113615], [-75.064368397, 6.537049341], [-75.064346051, 6.537038039], [-75.064328021, 6.537026452], [-75.064296739, 6.537004188], [-75.064271347, 6.536986115], [-75.064246527, 6.53696845], [-75.064232287, 6.536957436], [-75.064214603, 6.536940901], [-75.064196966, 6.536922542], [-75.064117794, 6.536840137], [-75.064107623, 6.536828811], [-75.064089555, 6.53680404], [-75.064055653, 6.536750237], [-75.063986863, 6.53664107], [-75.063859143, 6.536438099], [-75.063761548, 6.536356988], [-75.063688945, 6.536321634], [-75.063673156, 6.536313946], [-75.063600594, 6.536295095], [-75.063488872, 6.536288294], [-75.063430567, 6.536292387], [-75.063359038, 6.536309255], [-75.063323769, 6.536323046], [-75.063245885, 6.536353499], [-75.063194772, 6.536373485], [-75.063020577, 6.536450594], [-75.062992174, 6.536463645], [-75.062919616, 6.536496986], [-75.062791884, 6.536555679], [-75.062781768, 6.536560032], [-75.062754628, 6.536570935], [-75.06252192, 6.536664415], [-75.06248539, 6.53667561], [-75.062467486, 6.536678729], [-75.062454162, 6.536680501], [-75.062254364, 6.536707083], [-75.06222454, 6.536709057], [-75.062170475, 6.536709049], [-75.062104267, 6.53670904], [-75.0620676, 6.536705901], [-75.06206659, 6.536705814], [-75.062065925, 6.536705757], [-75.062057373, 6.536704283], [-75.062013861, 6.536696785], [-75.061991402, 6.536692915], [-75.061950961, 6.536681908], [-75.061852743, 6.536644107], [-75.061833744, 6.536635771], [-75.061820625, 6.536629281], [-75.061707774, 6.536573454], [-75.061692901, 6.536565374], [-75.061639586, 6.536533067], [-75.061562921, 6.536486612], [-75.061535845, 6.536470204], [-75.061513382, 6.536460536], [-75.061491546, 6.536451137], [-75.061448848, 6.536432757], [-75.061420264, 6.536420453], [-75.061396599, 6.536415654], [-75.061347784, 6.536405753], [-75.061318754, 6.536399866], [-75.061274527, 6.536397817], [-75.061267163, 6.536397476], [-75.061184096, 6.536393628], [-75.061060535, 6.536387904], [-75.061038722, 6.536388129], [-75.060836483, 6.536390222], [-75.060814591, 6.53639045], [-75.060531398, 6.536391698], [-75.060493587, 6.536391865], [-75.060460472, 6.536392011], [-75.060452312, 6.536392047], [-75.060397487, 6.53639393], [-75.060389595, 6.536394201], [-75.060362934, 6.536395117], [-75.060332591, 6.536396159], [-75.060324822, 6.536396292], [-75.060313621, 6.536396014], [-75.06026871, 6.536393783], [-75.060212357, 6.536387354], [-75.060142861, 6.536380472], [-75.060101766, 6.536374516], [-75.060051158, 6.536363548], [-75.059978638, 6.536344974], [-75.059973172, 6.536343342], [-75.059904435, 6.536322805], [-75.059889623, 6.53631838], [-75.059883155, 6.536316275], [-75.059783878, 6.536283978], [-75.059613405, 6.536223982], [-75.059613226, 6.536223918], [-75.059580515, 6.536211897], [-75.059431238, 6.536157039], [-75.059377679, 6.536134952], [-75.059324336, 6.536112952], [-75.059316231, 6.53610961], [-75.059253207, 6.536085945], [-75.059241332, 6.536081573], [-75.059155238, 6.536049879], [-75.059152301, 6.536048797], [-75.059139539, 6.5360441], [-75.058995066, 6.536008675], [-75.058937466, 6.536005111], [-75.058897739, 6.536008587], [-75.058860348, 6.536015514], [-75.058824054, 6.536022237], [-75.058775359, 6.53603871], [-75.058734674, 6.536052473], [-75.058699775, 6.536067588], [-75.058665687, 6.536082354], [-75.058582909, 6.536118205], [-75.058574794, 6.536121535], [-75.058515186, 6.536144649], [-75.058465151, 6.53616405], [-75.058428415, 6.536178296], [-75.058401806, 6.53618856], [-75.058381975, 6.53619621], [-75.058250131, 6.536241169], [-75.058237713, 6.536245403], [-75.058209396, 6.536255059], [-75.058185108, 6.536264427], [-75.058116988, 6.536290702], [-75.058076289, 6.536306401], [-75.058017067, 6.536329244], [-75.057995143, 6.536337701], [-75.057988357, 6.536340281], [-75.057900046, 6.536373859], [-75.057898107, 6.536374596], [-75.057890893, 6.536377338], [-75.057859106, 6.536389425], [-75.057817523, 6.536405235], [-75.057766285, 6.536425198], [-75.05775033, 6.536431414], [-75.057743287, 6.536434158], [-75.057718846, 6.53644368], [-75.057712891, 6.536446], [-75.057703652, 6.536449599], [-75.057638444, 6.536475004], [-75.057599014, 6.536491035], [-75.057594956, 6.536492685], [-75.057560784, 6.536506578], [-75.05749829, 6.536531986], [-75.057391348, 6.536575464], [-75.057384763, 6.536578086], [-75.057360623, 6.536587697], [-75.057308838, 6.536608315], [-75.057206458, 6.536649079], [-75.057154037, 6.536669949], [-75.056998998, 6.536732906], [-75.056918107, 6.536765755], [-75.056891638, 6.536776503], [-75.056754652, 6.536835428], [-75.05674779, 6.536838159], [-75.05672689, 6.536846478], [-75.056721698, 6.536847984], [-75.056718024, 6.53684905], [-75.056715752, 6.536849709], [-75.056707799, 6.536852016], [-75.056690184, 6.536855097], [-75.056639247, 6.536864007], [-75.056614995, 6.536869567], [-75.056526401, 6.53688632], [-75.05651549, 6.536888063], [-75.05647873, 6.536893934], [-75.056462073, 6.536896595], [-75.056452334, 6.536898151], [-75.056417749, 6.536903675], [-75.05631734, 6.536915915], [-75.056171692, 6.536939271], [-75.05617149, 6.536928059], [-75.056171485, 6.536927756], [-75.056170805, 6.536889944], [-75.056170416, 6.536868387], [-75.056169727, 6.536830138], [-75.056169644, 6.536825535], [-75.056168342, 6.536753152], [-75.056168102, 6.536739818], [-75.056167373, 6.536699319], [-75.056167263, 6.536693213], [-75.056165837, 6.536613988], [-75.056165746, 6.536608912], [-75.056165266, 6.536582288], [-75.056164315, 6.536570867], [-75.056161479, 6.536536785], [-75.056161101, 6.53653225], [-75.056160632, 6.536526619], [-75.056158692, 6.536503329], [-75.056158646, 6.536502778], [-75.056158096, 6.536496172], [-75.056156466, 6.536476584], [-75.056259303, 6.53646415], [-75.056293737, 6.53646144], [-75.056346388, 6.536457296], [-75.056349584, 6.536456786], [-75.056363438, 6.536454574], [-75.05636405, 6.536454476], [-75.05636572, 6.53645421], [-75.056393777, 6.53644973], [-75.056414306, 6.536446452], [-75.056433704, 6.536443355], [-75.056456727, 6.53643968], [-75.056472889, 6.536434755], [-75.056519356, 6.536423011], [-75.056531252, 6.5364213], [-75.056559017, 6.536417305], [-75.056591336, 6.536412656], [-75.056633794, 6.536405729], [-75.056637233, 6.536405168], [-75.056649665, 6.536402687], [-75.056665484, 6.536398867], [-75.056675817, 6.536396372], [-75.056691612, 6.536392558], [-75.056707629, 6.53638869], [-75.056804449, 6.536346109], [-75.057043423, 6.536241012], [-75.057100769, 6.536215791], [-75.057116711, 6.53620878], [-75.057138523, 6.536199188], [-75.057375168, 6.536095114], [-75.057551318, 6.536026761], [-75.057657821, 6.535985432], [-75.057700675, 6.535968803], [-75.057852242, 6.535909988], [-75.057984112, 6.535860959], [-75.058032337, 6.535843029], [-75.058146555, 6.535800563], [-75.058283585, 6.535749616], [-75.058331767, 6.535730933], [-75.058364807, 6.535718122], [-75.058382122, 6.535711407], [-75.058407306, 6.535701641], [-75.058563609, 6.535633943], [-75.058576139, 6.535628956], [-75.058581011, 6.535627244], [-75.05860967, 6.535617549], [-75.058663002, 6.535599508], [-75.058683986, 6.535592411], [-75.058694563, 6.535588833], [-75.058722079, 6.535581668], [-75.058725808, 6.535580697], [-75.058752188, 6.535575812], [-75.058771876, 6.535572165], [-75.058827041, 6.535561947], [-75.058847547, 6.5355592], [-75.058871327, 6.535557119], [-75.058914886, 6.535553309], [-75.058934591, 6.53555245], [-75.058948987, 6.535552909], [-75.059043177, 6.535558737], [-75.05906848, 6.535561742], [-75.059083038, 6.535564807], [-75.059259506, 6.535608076], [-75.05928338, 6.53561535], [-75.059460025, 6.535680378], [-75.059473018, 6.535685162], [-75.059486496, 6.535690623], [-75.059748329, 6.535806642], [-75.059749763, 6.535807119], [-75.059951515, 6.535874108], [-75.060114811, 6.535917484], [-75.060147167, 6.535923491], [-75.060204194, 6.535934077], [-75.060232815, 6.535939391], [-75.060326566, 6.535944049], [-75.060440179, 6.535940147], [-75.06044694, 6.535940016], [-75.060811254, 6.535938411], [-75.060978309, 6.535936684], [-75.061063434, 6.535935805], [-75.061075055, 6.535936039], [-75.061357064, 6.535949104], [-75.061385862, 6.535952298], [-75.061391523, 6.535953372], [-75.061533031, 6.535982073], [-75.061565423, 6.535991197], [-75.06157746, 6.535995975], [-75.06172893, 6.536061174], [-75.06175466, 6.536074271], [-75.061874048, 6.536146616], [-75.06190277, 6.536164021], [-75.061916848, 6.536172552], [-75.062024844, 6.536225978], [-75.062090591, 6.536251295], [-75.062123644, 6.536256991], [-75.062209612, 6.536257004], [-75.062352052, 6.536238053], [-75.062379768, 6.536234366], [-75.062563692, 6.536160481], [-75.062608184, 6.536142608], [-75.062834747, 6.536038515], [-75.063016376, 6.535958102], [-75.063025554, 6.535954279], [-75.063209328, 6.535882421], [-75.063214335, 6.535880531], [-75.063239751, 6.535872937], [-75.063344633, 6.535848202], [-75.063357268, 6.535845602], [-75.063380683, 6.535842724], [-75.063397274, 6.53584156], [-75.063472005, 6.535836316], [-75.063486189, 6.535835819], [-75.063487834, 6.535835761], [-75.063501551, 6.53583618], [-75.063649928, 6.535845209], [-75.063675455, 6.535848227], [-75.06369302, 6.535852052], [-75.063763057, 6.535870247], [-75.063808631, 6.535882086], [-75.063829118, 6.535888462], [-75.063850747, 6.535897637], [-75.063983947, 6.535962498], [-75.06399802, 6.535969978], [-75.064029451, 6.535991878], [-75.064176116, 6.53611377], [-75.06420439, 6.536141982], [-75.064222532, 6.53616687], [-75.06436934, 6.536400176], [-75.064459679, 6.536543538], [-75.06446979, 6.536554063], [-75.064487956, 6.536572973], [-75.064494644, 6.536579934], [-75.064545839, 6.536620559], [-75.06457897, 6.536646848], [-75.064582399, 6.536649569], [-75.064590943, 6.536656349], [-75.064634173, 6.536690654], [-75.064684897, 6.536720416], [-75.064969191, 6.536828232], [-75.065133088, 6.536886903], [-75.065301661, 6.536918754], [-75.065484666, 6.536947566], [-75.065595095, 6.536963666], [-75.065653939, 6.536964989], [-75.065747276, 6.536967088], [-75.065813281, 6.536961831], [-75.06596024, 6.536950126], [-75.066009551, 6.536946198], [-75.066277164, 6.536916263], [-75.066311919, 6.536912374], [-75.066323125, 6.536911403], [-75.066555376, 6.536897073], [-75.06674132, 6.536868077], [-75.066931164, 6.536842005], [-75.067061042, 6.536812931], [-75.0671462, 6.536779634], [-75.067147809, 6.536779006], [-75.067235164, 6.53674485], [-75.067308203, 6.536711421], [-75.067430471, 6.53665546], [-75.067639725, 6.536517535], [-75.067716127, 6.53646821], [-75.067825546, 6.536397568], [-75.067938189, 6.536324844], [-75.068053445, 6.536250433], [-75.068303771, 6.536081552], [-75.068370905, 6.536037675], [-75.068421163, 6.536004829], [-75.068475857, 6.535969083], [-75.068516871, 6.535943372], [-75.068627865, 6.535873798], [-75.068667629, 6.535847633], [-75.068734276, 6.535803781], [-75.0687455, 6.535796856], [-75.068753298, 6.535792556], [-75.068813705, 6.535760784], [-75.068841613, 6.535748434], [-75.068855516, 6.535743878], [-75.068934635, 6.535720757], [-75.068958785, 6.535715118], [-75.068986524, 6.535711978], [-75.069056867, 6.535708395], [-75.069069706, 6.53570811], [-75.069161011, 6.535709184], [-75.069179705, 6.535709405], [-75.069215595, 6.535712705], [-75.069359474, 6.535737625], [-75.069394395, 6.53574665], [-75.069412454, 6.535752896], [-75.069499351, 6.535782948], [-75.069534337, 6.535798821], [-75.069555695, 6.535810803], [-75.069610667, 6.535841642], [-75.069611029, 6.535841845], [-75.069643389, 6.53586], [-75.069673669, 6.535880649], [-75.069693444, 6.535896636], [-75.069695667, 6.535898433], [-75.069696615, 6.5358992], [-75.069802557, 6.535984852], [-75.069813033, 6.535993323], [-75.069835974, 6.536015071], [-75.069938925, 6.536127413], [-75.069967804, 6.536158926], [-75.070083041, 6.536278723], [-75.070203681, 6.53636787], [-75.070247981, 6.536394194], [-75.070279392, 6.536412859], [-75.070293086, 6.536417175], [-75.070341067, 6.536421927], [-75.070410122, 6.536428767], [-75.070471155, 6.536428728], [-75.07050295, 6.536428709], [-75.070608108, 6.536428643], [-75.070904451, 6.536415397], [-75.071098459, 6.53640673], [-75.071110808, 6.53640653], [-75.07123926, 6.536409078], [-75.071280037, 6.536407825], [-75.07142243, 6.536403448], [-75.07142938, 6.53640334], [-75.071436927, 6.536403467], [-75.071556179, 6.536407476], [-75.071750638, 6.536417601], [-75.071778117, 6.536420729], [-75.071807233, 6.536427885], [-75.071945147, 6.536471662], [-75.071954082, 6.536474704], [-75.071983809, 6.536488025], [-75.072112131, 6.536557033], [-75.072148017, 6.536576332], [-75.072153994, 6.536579663], [-75.072187448, 6.53660327], [-75.072249017, 6.536656397], [-75.072376763, 6.536753939], [-75.072497953, 6.536829624], [-75.072524912, 6.53684646], [-75.072608748, 6.53689159], [-75.072655457, 6.536916735], [-75.072694316, 6.536938105], [-75.072783412, 6.5369871], [-75.07293164, 6.537051234], [-75.072963329, 6.537061613], [-75.072967445, 6.537062961], [-75.073229795, 6.537148888], [-75.073234464, 6.537150475], [-75.073304093, 6.537174975], [-75.073316534, 6.537179352], [-75.07332285, 6.537181575], [-75.073375525, 6.537200109], [-75.073435328, 6.537216166], [-75.073526178, 6.537228248], [-75.073538957, 6.537228236], [-75.073611736, 6.537222224], [-75.073679071, 6.537208554], [-75.073742254, 6.537187933], [-75.073779259, 6.537175856], [-75.073795269, 6.537169081], [-75.073800024, 6.537167219], [-75.073806622, 6.537164634], [-75.073810471, 6.537162955], [-75.073844138, 6.537148267], [-75.073879541, 6.53713282], [-75.07392175, 6.537114404], [-75.073983008, 6.537087677], [-75.07399846, 6.537080936], [-75.074012994, 6.537074595], [-75.074034596, 6.53706483], [-75.07403944, 6.53706264], [-75.074044064, 6.537060549], [-75.074052043, 6.537057834], [-75.074053124, 6.537057466], [-75.074065683, 6.537053489], [-75.074112062, 6.537038801], [-75.074152608, 6.53702596], [-75.074159958, 6.537023631], [-75.074166812, 6.53702158], [-75.074209922, 6.537011276], [-75.074243386, 6.537000451], [-75.074261709, 6.536995364], [-75.074338524, 6.536977484], [-75.074349598, 6.536975197], [-75.074363414, 6.53697314], [-75.074441475, 6.536963974], [-75.074466902, 6.536962434], [-75.074479452, 6.536962731], [-75.074580357, 6.536967923], [-75.074602875, 6.536970217], [-75.074705728, 6.536985949], [-75.074738321, 6.53699375], [-75.074793711, 6.537011456], [-75.074811833, 6.537017249], [-75.074819448, 6.537019833], [-75.074835105, 6.537026128], [-75.074851235, 6.537033332], [-75.074868446, 6.537041018], [-75.074934486, 6.537071695], [-75.074945671, 6.537077274], [-75.075058336, 6.537137418], [-75.075063481, 6.537140251], [-75.075133424, 6.537179958], [-75.075181113, 6.53720631], [-75.075272244, 6.537256671], [-75.075276846, 6.537259322], [-75.075352473, 6.537304208], [-75.075416633, 6.537339322], [-75.075522856, 6.537391589], [-75.07561387, 6.537427609], [-75.075680662, 6.53744188], [-75.075729992, 6.537450553], [-75.075843693, 6.537458601], [-75.075908704, 6.537456058], [-75.075967204, 6.537442582], [-75.075979907, 6.537440048], [-75.076146555, 6.537413214], [-75.076197103, 6.537400333], [-75.076204896, 6.537394827], [-75.076240542, 6.537378024], [-75.07626888, 6.537369634], [-75.076326004, 6.537356716], [-75.076334241, 6.537355015], [-75.076544485, 6.537315629], [-75.076555145, 6.537313633], [-75.076570406, 6.537311359], [-75.076645547, 6.537302781], [-75.076671422, 6.537301326], [-75.076831867, 6.537302317], [-75.076848215, 6.53730301], [-75.07692981, 6.537309438], [-75.076959352, 6.537311765], [-75.07697499, 6.537313546], [-75.077067207, 6.537327317], [-75.077072156, 6.537328113], [-75.077085754, 6.537330885], [-75.077463822, 6.537420154], [-75.077796609, 6.537505166], [-75.07786901, 6.537522062], [-75.077979709, 6.537547896], [-75.078031663, 6.53755941], [-75.078134018, 6.537582092], [-75.078307424, 6.537619123], [-75.078407269, 6.537632273], [-75.078447359, 6.537634946], [-75.078515134, 6.537639467], [-75.07874255, 6.537642288], [-75.078753356, 6.537642681], [-75.078870405, 6.537649742], [-75.078979518, 6.537651202], [-75.078998664, 6.537652271], [-75.079100007, 6.537662258], [-75.079135205, 6.537665727], [-75.079144178, 6.537666792], [-75.07920121, 6.537674726], [-75.079208076, 6.53767568], [-75.079233629, 6.537679235], [-75.079237748, 6.537679875], [-75.079240824, 6.537680354], [-75.079260942, 6.537684768], [-75.079220328, 6.538142006], [-75.079161113, 6.538126155], [-75.079157517, 6.538125192], [-75.079107056, 6.538118174], [-75.079086369, 6.538115296], [-75.078963876, 6.538103224], [-75.078859061, 6.538101823], [-75.078848473, 6.538101432], [-75.078731532, 6.538094378], [-75.078503398, 6.538091547], [-75.078491162, 6.538091063], [-75.078398196, 6.538084864], [-75.078393949, 6.53808458], [-75.078369926, 6.538082978], [-75.078355451, 6.538081544], [-75.078318191, 6.538076637], [-75.078239485, 6.538066271], [-75.078230665, 6.538064932], [-75.078221794, 6.538063222], [-75.078037901, 6.538023949], [-75.078013492, 6.538018541], [-75.077968133, 6.53800849], [-75.077952953, 6.538005127]]]}}, {"type": "Feature", "properties": {"Proyecto": "Puente Cisneros", "Municipio": "Cisneros", "sector": "R", "Matricula": "038-20295", "terreno_co": "051900001000000050033000000000", "Propietari": null, "ABS": null, "Area_Total": 4400.0, "Area_Req": 144.701744244, "Area_Rem": 0.0, "AreaSobran": 0.0, "Shape_Leng": 0.0, "Shape_Area": 0.0}, "geometry": {"type": "MultiPolygon", "coordinates": [[[[-75.065133088, 6.536886903], [-75.064969191, 6.536828232], [-75.064684897, 6.536720416], [-75.064634173, 6.536690654], [-75.064590943, 6.536656349], [-75.064582399, 6.536649569], [-75.06457897, 6.536646848], [-75.064545839, 6.536620559], [-75.064550689, 6.536616689], [-75.06455091, 6.536616529], [-75.064570711, 6.536602262], [-75.064584587, 6.536592264], [-75.064611503, 6.536575129], [-75.064669543, 6.536536666], [-75.064670177, 6.536537776], [-75.064673596, 6.536543768], [-75.064682755, 6.536555567], [-75.064698554, 6.536568412], [-75.06470671, 6.536573812], [-75.064723029, 6.53658308], [-75.064734501, 6.536590538], [-75.064749298, 6.536596732], [-75.064764869, 6.536601141], [-75.064796497, 6.536616859], [-75.064803884, 6.536623023], [-75.064811755, 6.536636345], [-75.064816831, 6.536645822], [-75.064819093, 6.536655798], [-75.064826697, 6.536681664], [-75.06483602, 6.536687805], [-75.064844668, 6.536691103], [-75.064851736, 6.536693141], [-75.064858342, 6.536694349], [-75.064861113, 6.536694856], [-75.064874038, 6.536696616], [-75.064888189, 6.536699454], [-75.064894769, 6.536702531], [-75.064901227, 6.53670635], [-75.064905607, 6.536710656], [-75.064910487, 6.536717447], [-75.064915732, 6.536723536], [-75.064925626, 6.536726496], [-75.0649345, 6.536725902], [-75.064949199, 6.536727507], [-75.064961873, 6.536735107], [-75.064975515, 6.536745483], [-75.064978753, 6.536746657], [-75.064984185, 6.536747318], [-75.064988324, 6.536747134], [-75.064998288, 6.536744429], [-75.065005716, 6.536746118], [-75.065014327, 6.536752427], [-75.065025675, 6.536752573], [-75.065037212, 6.536751659], [-75.065042786, 6.536745532], [-75.06504394, 6.536738288], [-75.065046405, 6.536732071], [-75.065050457, 6.536727569], [-75.065052609, 6.536725649], [-75.065058981, 6.536726617], [-75.065066907, 6.536730968], [-75.065071493, 6.536732975], [-75.06509911, 6.536751037], [-75.065106864, 6.536755033], [-75.065113626, 6.536753172], [-75.065122564, 6.536747443], [-75.065133418, 6.536744396], [-75.065146132, 6.536748809], [-75.065155619, 6.536756014], [-75.065159093, 6.536761902], [-75.065160942, 6.536770071], [-75.065159785, 6.536777493], [-75.065156147, 6.536784884], [-75.065154104, 6.536790073], [-75.065154623, 6.536793363], [-75.06515645, 6.536796002], [-75.065164628, 6.536801637], [-75.06520659, 6.536820946], [-75.065208207, 6.53682197], [-75.065231824, 6.536836946], [-75.065249329, 6.536848046], [-75.06526192, 6.536862017], [-75.065289402, 6.536876179], [-75.065317065, 6.536875825], [-75.065364876, 6.536865815], [-75.065374394, 6.536861589], [-75.0653827, 6.5368579], [-75.065393055, 6.536852013], [-75.065402521, 6.536846293], [-75.065415146, 6.536843091], [-75.065430238, 6.53684116], [-75.065439294, 6.536839859], [-75.065447996, 6.536838555], [-75.065456127, 6.536840429], [-75.065463126, 6.536847778], [-75.065467994, 6.536855452], [-75.065473943, 6.536861724], [-75.065478521, 6.536864262], [-75.065493731, 6.536866936], [-75.065508251, 6.536868185], [-75.065513414, 6.536867559], [-75.06553204, 6.536865304], [-75.065561177, 6.536860013], [-75.065586409, 6.536855027], [-75.065688469, 6.536831178], [-75.065701792, 6.536829224], [-75.065717616, 6.536825708], [-75.065750184, 6.536818335], [-75.065752486, 6.536817814], [-75.065784814, 6.536810494], [-75.065795505, 6.536803743], [-75.065807148, 6.53679153], [-75.065815379, 6.53678351], [-75.065829002, 6.536782626], [-75.065839893, 6.536788242], [-75.065851616, 6.536798109], [-75.065865286, 6.536807648], [-75.065870154, 6.536811226], [-75.06587825, 6.536817177], [-75.065893717, 6.536824441], [-75.065957248, 6.536833387], [-75.065988291, 6.536839088], [-75.066011398, 6.536843272], [-75.066032401, 6.536846016], [-75.066054849, 6.536846306], [-75.066070421, 6.536845094], [-75.066084767, 6.536842983], [-75.06614225, 6.536826414], [-75.066158791, 6.536818325], [-75.066170248, 6.536806815], [-75.066178713, 6.536794206], [-75.066185411, 6.536781575], [-75.066188393, 6.536769249], [-75.066188172, 6.536758471], [-75.066188963, 6.536751769], [-75.06619132, 6.53674703], [-75.066200803, 6.53673779], [-75.066212966, 6.536726466], [-75.066219421, 6.53671913], [-75.06623081, 6.536713096], [-75.066256078, 6.536710605], [-75.066271279, 6.53670939], [-75.066289946, 6.536713516], [-75.066306109, 6.536720079], [-75.06632579, 6.536727747], [-75.066345154, 6.536732588], [-75.066359483, 6.53673048], [-75.066380482, 6.53671734], [-75.066401309, 6.536703845], [-75.066420396, 6.536702505], [-75.066428281, 6.536707373], [-75.066435059, 6.536716108], [-75.066442716, 6.536725209], [-75.066457975, 6.536733525], [-75.066473848, 6.536734967], [-75.066489065, 6.536732518], [-75.066502912, 6.536726521], [-75.066521916, 6.53671759], [-75.066537392, 6.536708437], [-75.066566074, 6.536687986], [-75.066598815, 6.536667763], [-75.066609463, 6.536663489], [-75.066618248, 6.536661908], [-75.066620435, 6.536661514], [-75.066636697, 6.536660137], [-75.066652972, 6.536657702], [-75.066668432, 6.536649784], [-75.066680366, 6.536641468], [-75.066688451, 6.536630278], [-75.066690027, 6.53662382], [-75.066692644, 6.536621613], [-75.066695576, 6.53662015], [-75.066700098, 6.536618622], [-75.066705051, 6.536617891], [-75.066713619, 6.536616329], [-75.066728282, 6.536615109], [-75.066742955, 6.536613006], [-75.06676061, 6.536612352], [-75.066795423, 6.53662268], [-75.066810705, 6.536628347], [-75.066820686, 6.536634651], [-75.066839718, 6.53664402], [-75.066845568, 6.536648356], [-75.066874226, 6.536640546], [-75.066912717, 6.536630057], [-75.067078211, 6.536554833], [-75.06712682, 6.536536898], [-75.067198543, 6.536521033], [-75.067360058, 6.536502531], [-75.067399421, 6.536494996], [-75.067456106, 6.536476119], [-75.067557236, 6.536407322], [-75.067612093, 6.536365964], [-75.067650294, 6.536339116], [-75.067701407, 6.536317006], [-75.067747159, 6.536303243], [-75.067847486, 6.536299346], [-75.067858315, 6.536297853], [-75.067870666, 6.536296152], [-75.067889604, 6.536289887], [-75.067918547, 6.536280314], [-75.068071327, 6.536182795], [-75.068106865, 6.536172753], [-75.068133196, 6.536169953], [-75.068157073, 6.536167121], [-75.068166924, 6.536164448], [-75.068177922, 6.536154071], [-75.068186547, 6.536136996], [-75.068197022, 6.536112227], [-75.068205254, 6.536098654], [-75.068221147, 6.536089398], [-75.068290253, 6.536058409], [-75.068334407, 6.536031993], [-75.068397696, 6.535989346], [-75.06848373, 6.535922098], [-75.06859255, 6.535855159], [-75.068621664, 6.535840553], [-75.068631359, 6.535835688], [-75.068653652, 6.53581909], [-75.068667456, 6.535808812], [-75.068688482, 6.535781379], [-75.068712894, 6.535735396], [-75.068714732, 6.535729757], [-75.06872969, 6.535683879], [-75.068736583, 6.535662737], [-75.068743393, 6.535594059], [-75.068748785, 6.535584233], [-75.068751886, 6.535570737], [-75.068754458, 6.535555842], [-75.06876053, 6.53554076], [-75.068766437, 6.53552848], [-75.068776536, 6.535512858], [-75.068787164, 6.535498634], [-75.068795869, 6.535484943], [-75.068812373, 6.535449858], [-75.068820038, 6.535439323], [-75.06882649, 6.535431945], [-75.068835213, 6.535423157], [-75.06884254, 6.535415775], [-75.068848978, 6.53540472], [-75.068850637, 6.535400526], [-75.068853487, 6.53539332], [-75.068856597, 6.535381925], [-75.068861624, 6.535368248], [-75.068865943, 6.535352472], [-75.068869369, 6.535332145], [-75.068870026, 6.535320585], [-75.068870789, 6.535290636], [-75.068873747, 6.535285547], [-75.068881605, 6.535279564], [-75.068888753, 6.535271132], [-75.068892573, 6.535262363], [-75.068893594, 6.535254829], [-75.06889619, 6.535246238], [-75.068902619, 6.535232906], [-75.068903987, 6.535224319], [-75.068902713, 6.53521154], [-75.068902679, 6.535202259], [-75.068904057, 6.5351963], [-75.068908589, 6.535190679], [-75.068914531, 6.53518733], [-75.068925725, 6.535184138], [-75.0689642, 6.535170688], [-75.068973478, 6.535169954], [-75.068982945, 6.535172722], [-75.068987686, 6.535176207], [-75.068992093, 6.53518372], [-75.068994384, 6.535187915], [-75.068995266, 6.535189488], [-75.069002448, 6.535190162], [-75.069011206, 6.535190831], [-75.069019957, 6.535189573], [-75.069028005, 6.535187443], [-75.069053365, 6.535178944], [-75.069064557, 6.535174875], [-75.069077677, 6.535171326], [-75.069101987, 6.535163181], [-75.069111785, 6.535161394], [-75.069120367, 6.535162063], [-75.069125627, 6.53516432], [-75.069130372, 6.535168855], [-75.069134418, 6.535173918], [-75.069136538, 6.535178988], [-75.069137962, 6.535185111], [-75.069138862, 6.535191587], [-75.069142029, 6.535195952], [-75.069148522, 6.535199955], [-75.069154834, 6.535202384], [-75.069162013, 6.535202358], [-75.069175103, 6.535196362], [-75.069187002, 6.535198941], [-75.069197667, 6.535198377], [-75.069200452, 6.535195045], [-75.069203051, 6.53518874], [-75.069205824, 6.53518226], [-75.069209114, 6.535173505], [-75.069212757, 6.535165797], [-75.069218674, 6.53515843], [-75.069226869, 6.535152106], [-75.069234363, 6.535145433], [-75.069240462, 6.53513999], [-75.069247964, 6.535135416], [-75.069265077, 6.535129407], [-75.069303176, 6.535124372], [-75.069310174, 6.535125395], [-75.069313331, 6.535127657], [-75.069314933, 6.535135345], [-75.069316883, 6.535142508], [-75.069322658, 6.535143536], [-75.069328583, 6.535138443], [-75.069335222, 6.53513667], [-75.069342935, 6.535142063], [-75.069348208, 6.535149213], [-75.069358548, 6.535155645], [-75.069366957, 6.535159811], [-75.069371517, 6.535163292], [-75.069375043, 6.535170973], [-75.069382939, 6.535178463], [-75.069388189, 6.535179493], [-75.06939518, 6.535178768], [-75.06940514, 6.535176808], [-75.069414401, 6.535175375], [-75.069426469, 6.53517603], [-75.069442581, 6.535182616], [-75.069454673, 6.535189916], [-75.069475885, 6.535204527], [-75.069486579, 6.535212008], [-75.069494461, 6.535215651], [-75.069498657, 6.535215285], [-75.069502845, 6.535212997], [-75.069512452, 6.535210514], [-75.069517889, 6.535214691], [-75.069520361, 6.535221326], [-75.069523201, 6.535232507], [-75.069523927, 6.535239674], [-75.069522902, 6.535245798], [-75.069520471, 6.535250528], [-75.069514711, 6.535253173], [-75.069507539, 6.5352525], [-75.069499311, 6.535249906], [-75.069494414, 6.535249749], [-75.069489703, 6.53525239], [-75.069484659, 6.535259403], [-75.069484121, 6.535264996], [-75.069483649, 6.535269899], [-75.069485953, 6.535278109], [-75.069491573, 6.535284733], [-75.069496652, 6.535286813], [-75.06950487, 6.535286783], [-75.069517976, 6.535284636], [-75.06952637, 6.535284781], [-75.069537564, 6.535285614], [-75.069548235, 6.535286974], [-75.069561017, 6.535291648], [-75.069566625, 6.535295125], [-75.069574689, 6.535300691], [-75.069578205, 6.535305399], [-75.069581902, 6.535312032], [-75.069584195, 6.535317619], [-75.069585092, 6.535323736], [-75.069583728, 6.535332833], [-75.069579571, 6.535343341], [-75.069576639, 6.535354194], [-75.069577544, 6.535362409], [-75.069580533, 6.535366944], [-75.06958825, 6.535373036], [-75.069594218, 6.535379135], [-75.069596857, 6.535383497], [-75.069599154, 6.535389609], [-75.069600931, 6.535397297], [-75.069602361, 6.53540551], [-75.0696071, 6.535410389], [-75.069614623, 6.53541141], [-75.069624944, 6.535412596], [-75.069633339, 6.535413091], [-75.069642088, 6.535414807], [-75.069649795, 6.535418451], [-75.069656983, 6.535423495], [-75.069670323, 6.535437261], [-75.069676831, 6.535447205], [-75.069678951, 6.535453142], [-75.069681088, 6.535463276], [-75.069680764, 6.535470448], [-75.069679568, 6.535477796], [-75.06967942, 6.535484792], [-75.069681397, 6.535499124], [-75.069684231, 6.535508906], [-75.069686357, 6.535516417], [-75.069691107, 6.535523918], [-75.069694273, 6.535528804], [-75.069697262, 6.535533339], [-75.06969798, 6.535538408], [-75.06969677, 6.535541909], [-75.069692585, 6.535545073], [-75.069685783, 6.535549469], [-75.069679496, 6.53555159], [-75.069675132, 6.535553704], [-75.069672698, 6.535557561], [-75.069672771, 6.535558171], [-75.06967324, 6.535562105], [-75.06968588, 6.535585945], [-75.0696908, 6.535596385], [-75.069693625, 6.535605963], [-75.06969663, 6.535616934], [-75.069698065, 6.53562791], [-75.069698638, 6.535641331], [-75.069698499, 6.53565057], [-75.069696993, 6.535667484], [-75.069697227, 6.535683172], [-75.069700828, 6.535713839], [-75.069703472, 6.535722022], [-75.069705768, 6.535729858], [-75.06970859, 6.535738912], [-75.069712107, 6.535747091], [-75.069718586, 6.535754912], [-75.069726964, 6.535757844], [-75.069732894, 6.535758868], [-75.069741096, 6.535761453], [-75.069748604, 6.535765085], [-75.069753675, 6.535769425], [-75.069755266, 6.535775345], [-75.069756173, 6.535784756], [-75.069756025, 6.535791903], [-75.069754841, 6.535801495], [-75.069753018, 6.535810861], [-75.069749882, 6.535826963], [-75.069750603, 6.535833062], [-75.069753594, 6.535840547], [-75.069758153, 6.535847851], [-75.069766719, 6.535854618], [-75.069774749, 6.5358579], [-75.069784867, 6.535859954], [-75.069795854, 6.535861831], [-75.069804582, 6.535865111], [-75.06981366, 6.535868912], [-75.069824487, 6.535874276], [-75.069829908, 6.535878788], [-75.069833237, 6.535883483], [-75.069835351, 6.535889401], [-75.069836249, 6.53589672], [-75.0698361, 6.535903344], [-75.069837349, 6.535911184], [-75.069839814, 6.535917625], [-75.069841943, 6.535927727], [-75.069840225, 6.535934183], [-75.069835371, 6.535941348], [-75.069824257, 6.535952371], [-75.069817148, 6.535962334], [-75.069810028, 6.535969158], [-75.069804636, 6.535972491], [-75.069800642, 6.535976515], [-75.069800135, 6.535980351], [-75.069802557, 6.535984852], [-75.069696615, 6.5358992], [-75.069695667, 6.535898433], [-75.069693444, 6.535896636], [-75.069673669, 6.535880649], [-75.069643389, 6.53586], [-75.069611029, 6.535841845], [-75.069610667, 6.535841642], [-75.069555695, 6.535810803], [-75.069534337, 6.535798821], [-75.069499351, 6.535782948], [-75.069412454, 6.535752896], [-75.069394395, 6.53574665], [-75.069359474, 6.535737625], [-75.069215595, 6.535712705], [-75.069179705, 6.535709405], [-75.069161011, 6.535709184], [-75.069069706, 6.53570811], [-75.069056867, 6.535708395], [-75.068986524, 6.535711978], [-75.068958785, 6.535715118], [-75.068934635, 6.535720757], [-75.068855516, 6.535743878], [-75.068841613, 6.535748434], [-75.068813705, 6.535760784], [-75.068753298, 6.535792556], [-75.0687455, 6.535796856], [-75.068734276, 6.535803781], [-75.068667629, 6.535847633], [-75.068627865, 6.535873798], [-75.068516871, 6.535943372], [-75.068475857, 6.535969083], [-75.068421163, 6.536004829], [-75.068370905, 6.536037675], [-75.068303771, 6.536081552], [-75.068053445, 6.536250433], [-75.067938189, 6.536324844], [-75.067825546, 6.536397568], [-75.067716127, 6.53646821], [-75.067639725, 6.536517535], [-75.067430471, 6.53665546], [-75.067308203, 6.536711421], [-75.067235164, 6.53674485], [-75.067147809, 6.536779006], [-75.0671462, 6.536779634], [-75.067061042, 6.536812931], [-75.066931164, 6.536842005], [-75.06674132, 6.536868077], [-75.066555376, 6.536897073], [-75.066323125, 6.536911403], [-75.066311919, 6.536912374], [-75.066277164, 6.536916263], [-75.066009551, 6.536946198], [-75.06596024, 6.536950126], [-75.065813281, 6.536961831], [-75.065747276, 6.536967088], [-75.065653939, 6.536964989], [-75.065595095, 6.536963666], [-75.065484666, 6.536947566], [-75.065301661, 6.536918754], [-75.065133088, 6.536886903]]], [[[-75.077796609, 6.537505166], [-75.077463822, 6.537420154], [-75.077085754, 6.537330885], [-75.077072156, 6.537328113], [-75.077067207, 6.537327317], [-75.07697499, 6.537313546], [-75.076959352, 6.537311765], [-75.07692981, 6.537309438], [-75.076848215, 6.53730301], [-75.076831867, 6.537302317], [-75.076671422, 6.537301326], [-75.076645547, 6.537302781], [-75.076570406, 6.537311359], [-75.076555145, 6.537313633], [-75.076544485, 6.537315629], [-75.076334241, 6.537355015], [-75.076326004, 6.537356716], [-75.07626888, 6.537369634], [-75.076240542, 6.537378024], [-75.076204896, 6.537394827], [-75.076197103, 6.537400333], [-75.076146555, 6.537413214], [-75.075979907, 6.537440048], [-75.075967204, 6.537442582], [-75.075908704, 6.537456058], [-75.075843693, 6.537458601], [-75.075729992, 6.537450553], [-75.075680662, 6.53744188], [-75.07561387, 6.537427609], [-75.075522856, 6.537391589], [-75.075416633, 6.537339322], [-75.075352473, 6.537304208], [-75.075276846, 6.537259322], [-75.075272244, 6.537256671], [-75.075181113, 6.53720631], [-75.075228988, 6.537199127], [-75.075239724, 6.537197214], [-75.07531696, 6.53721949], [-75.075351179, 6.537220474], [-75.075401032, 6.537214606], [-75.07547225, 6.537198205], [-75.075526363, 6.537182857], [-75.07553937, 6.537178302], [-75.075596192, 6.537158402], [-75.075685315, 6.537114369], [-75.07568567, 6.537114193], [-75.075726856, 6.537093846], [-75.075837338, 6.537015029], [-75.075861873, 6.536992571], [-75.075877683, 6.5369781], [-75.075936539, 6.536922068], [-75.075972002, 6.536905582], [-75.076021656, 6.536880051], [-75.076080803, 6.536871092], [-75.076121553, 6.536871344], [-75.076145306, 6.536880751], [-75.076170258, 6.536890472], [-75.076188051, 6.536897403], [-75.076237776, 6.536912833], [-75.076267428, 6.536930009], [-75.076318228, 6.536930078], [-75.076327325, 6.53693359], [-75.076346606, 6.536941073], [-75.07635824, 6.536946632], [-75.076369745, 6.536952459], [-75.076375149, 6.536955373], [-75.07638054, 6.53695831], [-75.076385105, 6.536960826], [-75.076389625, 6.536963443], [-75.076394808, 6.536967849], [-75.076399209, 6.536973156], [-75.076406793, 6.536984296], [-75.076414339, 6.536995525], [-75.076422726, 6.5370059], [-75.076432268, 6.537014953], [-75.076439833, 6.537019294], [-75.076459837, 6.537026124], [-75.076480122, 6.537031558], [-75.0764844, 6.537032537], [-75.076488648, 6.537033665], [-75.076500436, 6.537039471], [-75.076511427, 6.537046824], [-75.076519748, 6.537053331], [-75.076528287, 6.537059468], [-75.076530827, 6.537060821], [-75.076533425, 6.537062054], [-75.076563854, 6.537081379], [-75.076588037, 6.537094889], [-75.076612854, 6.537107336], [-75.076636995, 6.537119895], [-75.076661872, 6.537130914], [-75.076666289, 6.53713206], [-75.076670757, 6.537132999], [-75.07667868, 6.53713514], [-75.076679493, 6.537135386], [-75.076686548, 6.53713752], [-75.076693675, 6.537140423], [-75.076700504, 6.537144001], [-75.07671714, 6.537154948], [-75.076733352, 6.537166493], [-75.076744769, 6.537173152], [-75.076781115, 6.537190464], [-75.076817878, 6.537206943], [-75.076864845, 6.537227347], [-75.076912303, 6.537246685], [-75.076929376, 6.537252939], [-75.076946645, 6.537258515], [-75.076981759, 6.537267371], [-75.077005583, 6.537271368], [-75.077062006, 6.537278527], [-75.077118459, 6.537285356], [-75.077136993, 6.537286619], [-75.077144134, 6.53728722], [-75.077155456, 6.537288172], [-75.077167369, 6.537290982], [-75.077205176, 6.537303695], [-75.077257725, 6.537321367], [-75.0772689, 6.537326319], [-75.077279999, 6.537331443], [-75.077292004, 6.537336819], [-75.077304009, 6.537342192], [-75.0773164, 6.537348067], [-75.077328912, 6.537353668], [-75.077342342, 6.537358555], [-75.077355855, 6.537363198], [-75.07736607, 6.537366902], [-75.077376288, 6.5373706], [-75.077383017, 6.537372092], [-75.07738999, 6.537372325], [-75.077404172, 6.537371525], [-75.077413409, 6.537372059], [-75.077418474, 6.537373431], [-75.077425878, 6.53737628], [-75.077433279, 6.537379134], [-75.077442085, 6.53738249], [-75.077450896, 6.537385832], [-75.07745557, 6.53738745], [-75.077460362, 6.537388656], [-75.07747607, 6.537391383], [-75.077491813, 6.53739384], [-75.077500558, 6.537394948], [-75.077509233, 6.53739641], [-75.077523938, 6.537399938], [-75.077538642, 6.537403465], [-75.077542822, 6.537404637], [-75.077547029, 6.537405739], [-75.077556817, 6.537407446], [-75.077566728, 6.537408372], [-75.07757769, 6.537409105], [-75.077588642, 6.537409225], [-75.07760452, 6.537407552], [-75.077610677, 6.537406973], [-75.077620378, 6.537406058], [-75.07762608, 6.537406083], [-75.077631763, 6.537406186], [-75.077634603, 6.537406274], [-75.077637447, 6.53740636], [-75.077640293, 6.537406383], [-75.077643147, 6.537406313], [-75.077647362, 6.537406042], [-75.07765157, 6.537405567], [-75.077655786, 6.537404965], [-75.077659999, 6.537404359], [-75.077664212, 6.537403777], [-75.077668436, 6.537403211], [-75.077672659, 6.537402804], [-75.077676885, 6.537402649], [-75.077702788, 6.53740304], [-75.077728692, 6.537404667], [-75.077748919, 6.537406695], [-75.077764457, 6.537408251], [-75.07780021, 6.537411883], [-75.07781096, 6.537412756], [-75.077821718, 6.537413249], [-75.077829454, 6.537413046], [-75.077837191, 6.537412534], [-75.077850169, 6.537411901], [-75.077863058, 6.53741006], [-75.077886093, 6.537403271], [-75.077908728, 6.537396061], [-75.077917717, 6.537393504], [-75.077926614, 6.537390786], [-75.077932692, 6.537388158], [-75.07793866, 6.537385131], [-75.077942057, 6.537383314], [-75.077945512, 6.537381565], [-75.077954666, 6.537378334], [-75.077964071, 6.537376158], [-75.077983247, 6.537373164], [-75.078006452, 6.537369736], [-75.078029667, 6.537367416], [-75.078045135, 6.537367036], [-75.078065331, 6.537368535], [-75.078085498, 6.537371983], [-75.078098874, 6.537374832], [-75.078111984, 6.537378373], [-75.078126128, 6.537382954], [-75.078140264, 6.53738755], [-75.078153288, 6.537391919], [-75.078166394, 6.537396084], [-75.078183312, 6.537400108], [-75.078200479, 6.537402913], [-75.078234987, 6.537407655], [-75.078251491, 6.537410316], [-75.078267995, 6.537412984], [-75.07828081, 6.537415168], [-75.078282498, 6.537415455], [-75.078297009, 6.537417875], [-75.078307212, 6.537419299], [-75.078317426, 6.537420627], [-75.078329573, 6.537422436], [-75.078373627, 6.537428998], [-75.078429829, 6.537437037], [-75.078445385, 6.537437791], [-75.078461021, 6.537436761], [-75.078492242, 6.537432742], [-75.078500519, 6.53743127], [-75.078508784, 6.537429932], [-75.078522372, 6.537429396], [-75.07853604, 6.537429947], [-75.078563351, 6.53743343], [-75.078577, 6.5374361], [-75.078588016, 6.53743941], [-75.078590298, 6.537440096], [-75.078601029, 6.537444419], [-75.078611493, 6.537449223], [-75.078619869, 6.537453412], [-75.078629399, 6.537458461], [-75.078659811, 6.537474571], [-75.078702386, 6.537486521], [-75.07874015, 6.537494897], [-75.078770089, 6.537490071], [-75.078773168, 6.537490506], [-75.078776881, 6.53749099], [-75.078780595, 6.537491475], [-75.078787817, 6.537492601], [-75.078794977, 6.537494211], [-75.078800534, 6.537496648], [-75.078805622, 6.537500126], [-75.078810124, 6.537503669], [-75.078814253, 6.537507598], [-75.078821212, 6.537515581], [-75.078827441, 6.537524099], [-75.078828688, 6.537526057], [-75.078829781, 6.537528093], [-75.078830754, 6.5375302], [-75.078831727, 6.537532309], [-75.078832709, 6.537534428], [-75.078833691, 6.537536547], [-75.078834792, 6.537538615], [-75.078836078, 6.537540604], [-75.078838952, 6.537543882], [-75.078842592, 6.537546368], [-75.078845239, 6.537547436], [-75.078847979, 6.537547973], [-75.078855201, 6.537548555], [-75.07886242, 6.537549143], [-75.078865424, 6.537549431], [-75.078868417, 6.537549839], [-75.078874306, 6.537551346], [-75.078880055, 6.537553341], [-75.078885702, 6.537555453], [-75.078891359, 6.537557528], [-75.078896272, 6.537559224], [-75.078901212, 6.537560839], [-75.078908754, 6.537563163], [-75.078916301, 6.537565474], [-75.078924773, 6.53756806], [-75.078933256, 6.537570619], [-75.078947395, 6.537574065], [-75.078961762, 6.53757653], [-75.07896945, 6.537577645], [-75.078977159, 6.53757853], [-75.078984896, 6.53757923], [-75.078992633, 6.537579929], [-75.079000366, 6.537580655], [-75.079008095, 6.537581407], [-75.079015793, 6.537582362], [-75.079023452, 6.537583647], [-75.079052062, 6.537589526], [-75.079080418, 6.537596463], [-75.079103191, 6.537602693], [-75.079125928, 6.537609011], [-75.079131559, 6.537610408], [-75.07913719, 6.537611849], [-75.079144156, 6.537614623], [-75.079150605, 6.537618586], [-75.079156366, 6.537623911], [-75.079161727, 6.537628868], [-75.079176078, 6.5376453], [-75.079192896, 6.537663943], [-75.079201521, 6.537671234], [-75.079208076, 6.53767568], [-75.07920121, 6.537674726], [-75.079144178, 6.537666792], [-75.079135205, 6.537665727], [-75.079100007, 6.537662258], [-75.078998664, 6.537652271], [-75.078979518, 6.537651202], [-75.078870405, 6.537649742], [-75.078753356, 6.537642681], [-75.07874255, 6.537642288], [-75.078515134, 6.537639467], [-75.078447359, 6.537634946], [-75.078407269, 6.537632273], [-75.078307424, 6.537619123], [-75.078134018, 6.537582092], [-75.078031663, 6.53755941], [-75.077979709, 6.537547896], [-75.07786901, 6.537522062], [-75.077796609, 6.537505166]]], [[[-75.062378687, 6.540646337], [-75.062374454, 6.540646137], [-75.062371, 6.540646305], [-75.062367557, 6.540646735], [-75.062364114, 6.540647392], [-75.062360708, 6.540648265], [-75.06235678, 6.540649538], [-75.062357739, 6.540646577], [-75.062357848, 6.540642074], [-75.062357902, 6.540639834], [-75.06236152, 6.540637348], [-75.062376834, 6.540623959], [-75.062403628, 6.540612488], [-75.062428708, 6.540609364], [-75.062434245, 6.540608675], [-75.062466772, 6.540610604], [-75.062471145, 6.540610059], [-75.062478393, 6.540609156], [-75.062497391, 6.540606788], [-75.062518436, 6.540602852], [-75.062528009, 6.540601061], [-75.062546786, 6.540595732], [-75.062551986, 6.540601969], [-75.062565676, 6.540622382], [-75.062576012, 6.540644682], [-75.06258274, 6.540668322], [-75.062585695, 6.540692723], [-75.062584806, 6.540717286], [-75.062580094, 6.54074141], [-75.062573116, 6.540761245], [-75.06256355, 6.54077997], [-75.062551567, 6.540797249], [-75.062542456, 6.540807688], [-75.062526396, 6.540822345], [-75.062508465, 6.540834642], [-75.062496791, 6.540843324], [-75.062448018, 6.54075045], [-75.062431458, 6.540710377], [-75.062425779, 6.540696636], [-75.062425718, 6.540696456], [-75.062424146, 6.540692347], [-75.062422456, 6.540688284], [-75.062420685, 6.540684267], [-75.062418824, 6.540680295], [-75.062416855, 6.540676378], [-75.062414777, 6.540672552], [-75.062412546, 6.540668844], [-75.062410117, 6.540665291], [-75.062407708, 6.540662253], [-75.062405956, 6.540660327], [-75.06240511, 6.540659397], [-75.062403802, 6.540658149], [-75.062402332, 6.540656749], [-75.062399374, 6.540654356], [-75.062396464, 6.540652387], [-75.062393409, 6.540650672], [-75.062390238, 6.540649211], [-75.062386968, 6.540648021], [-75.062382877, 6.540646971], [-75.062378687, 6.540646337]]], [[[-75.07356706, 6.552498538], [-75.073534149, 6.552483903], [-75.073529636, 6.552484254], [-75.073505086, 6.552486166], [-75.073492639, 6.552481363], [-75.073457855, 6.552470973], [-75.073456801, 6.552470822], [-75.073450113, 6.55246986], [-75.073431444, 6.552468495], [-75.073414549, 6.55246102], [-75.07340591, 6.552454592], [-75.073403707, 6.552441319], [-75.073406531, 6.552428747], [-75.073415827, 6.55241902], [-75.07342549, 6.552411805], [-75.073426867, 6.552406806], [-75.073429494, 6.552397268], [-75.073414272, 6.552387201], [-75.073371172, 6.552378748], [-75.073322221, 6.552382443], [-75.073321857, 6.552382376], [-75.073275544, 6.552385464], [-75.073127167, 6.552392105], [-75.073019383, 6.55238961], [-75.072949135, 6.552387985], [-75.072876185, 6.552390569], [-75.072737648, 6.552395477], [-75.072593156, 6.552397175], [-75.072586433, 6.552397255], [-75.072572309, 6.552393988], [-75.072522087, 6.552376026], [-75.072508017, 6.552365784], [-75.072505508, 6.552360746], [-75.072482765, 6.552315073], [-75.072464387, 6.552263456], [-75.07246609, 6.552206978], [-75.072486049, 6.552169574], [-75.072497416, 6.552137945], [-75.072492505, 6.552104463], [-75.072468414, 6.552060525], [-75.07244154, 6.552040525], [-75.072414606, 6.552004254], [-75.072398167, 6.551959329], [-75.07235572, 6.551869516], [-75.072319196, 6.551831263], [-75.072297089, 6.551808109], [-75.072179198, 6.551757137], [-75.072052356, 6.551704841], [-75.07199495, 6.551701229], [-75.071951897, 6.551697622], [-75.071942275, 6.551696991], [-75.071903407, 6.551694444], [-75.071787011, 6.551686818], [-75.071705118, 6.551669895], [-75.071630359, 6.55164146], [-75.071561359, 6.55161731], [-75.071508275, 6.551626123], [-75.071442236, 6.55162637], [-75.071279832, 6.55160921], [-75.071236375, 6.551604619], [-75.071230773, 6.551604027], [-75.071203416, 6.551592747], [-75.071186509, 6.551585777], [-75.071180585, 6.551581786], [-75.071109984, 6.551534229], [-75.071095694, 6.551524602], [-75.071094291, 6.551523658], [-75.070879095, 6.551378696], [-75.07084984, 6.55135897], [-75.070832216, 6.551347087], [-75.070827122, 6.551343652], [-75.070818095, 6.551339024], [-75.07079921, 6.55132934], [-75.070788769, 6.551320974], [-75.070770294, 6.55130617], [-75.070755142, 6.551294027], [-75.070748055, 6.551288349], [-75.070740684, 6.551276526], [-75.070733225, 6.551264565], [-75.070704628, 6.5512187], [-75.070679773, 6.551175586], [-75.070666073, 6.551137355], [-75.070661327, 6.551084102], [-75.070723785, 6.550740156], [-75.070735313, 6.550697226], [-75.070748417, 6.550615425], [-75.070756833, 6.550562895], [-75.070764772, 6.550513342], [-75.070775758, 6.550379779], [-75.070774127, 6.550195595], [-75.070756073, 6.550197433], [-75.070502038, 6.550223285], [-75.070209053, 6.550253102], [-75.070069308, 6.550267323], [-75.069846902, 6.550289956], [-75.069710038, 6.550298086], [-75.069668821, 6.550294144], [-75.069659049, 6.550291067], [-75.069355161, 6.550195384], [-75.069173967, 6.550129194], [-75.069131653, 6.550113735], [-75.069044862, 6.550075152], [-75.068665362, 6.549906439], [-75.068661818, 6.549904864], [-75.068585749, 6.549871047], [-75.068511094, 6.549837859], [-75.068418218, 6.549800539], [-75.06825089, 6.549733301], [-75.068238957, 6.549728506], [-75.068235866, 6.549727264], [-75.068153157, 6.549681759], [-75.068078882, 6.549643485], [-75.067988139, 6.549612108], [-75.067959062, 6.549604954], [-75.067838392, 6.549583868], [-75.06777379, 6.549584109], [-75.067717538, 6.549595578], [-75.067701239, 6.549598902], [-75.067694354, 6.549579341], [-75.067678834, 6.549535249], [-75.067665555, 6.549497523], [-75.067635659, 6.549425759], [-75.067611743, 6.549365955], [-75.067569888, 6.549246347], [-75.067528034, 6.549174582], [-75.067517589, 6.549150207], [-75.067492159, 6.549090858], [-75.067444326, 6.548983211], [-75.067423618, 6.548929953], [-75.067337735, 6.548771937], [-75.067306392, 6.548714269], [-75.06725004, 6.548528339], [-75.06720421, 6.548377128], [-75.067189341, 6.5483312], [-75.067173912, 6.548283548], [-75.067161767, 6.54825011], [-75.067135556, 6.548191647], [-75.067110529, 6.548103401], [-75.067095495, 6.548050392], [-75.06704443, 6.547825229], [-75.067005703, 6.547685367], [-75.066980831, 6.547572046], [-75.06694718, 6.547418561], [-75.066902119, 6.547283069], [-75.066883755, 6.547239838], [-75.066863703, 6.547192633], [-75.066816896, 6.547106947], [-75.066802308, 6.547082233], [-75.066739158, 6.546967734], [-75.066702927, 6.546890083], [-75.06668365, 6.5468377], [-75.066655197, 6.546760378], [-75.066638368, 6.546686571], [-75.066634318, 6.546668813], [-75.066623908, 6.546623156], [-75.066616676, 6.546591441], [-75.066589329, 6.546531262], [-75.066568097, 6.546499412], [-75.06655298, 6.546476732], [-75.066421869, 6.546343061], [-75.066245484, 6.546157618], [-75.066239944, 6.5461513], [-75.066151139, 6.546049998], [-75.066123829, 6.546019522], [-75.066101433, 6.54599453], [-75.066049699, 6.545924978], [-75.066005974, 6.545866193], [-75.065897232, 6.545722109], [-75.065775779, 6.545557713], [-75.065715217, 6.545475737], [-75.065704941, 6.545461828], [-75.065697489, 6.545451742], [-75.06569063, 6.545443854], [-75.065587518, 6.545325273], [-75.065581654, 6.545318529], [-75.065575213, 6.545310105], [-75.065547781, 6.545274225], [-75.065509395, 6.54522402], [-75.065503226, 6.545215207], [-75.065495097, 6.545203591], [-75.065493407, 6.5452019], [-75.06548534, 6.545193832], [-75.065469474, 6.545177964], [-75.065464592, 6.545173081], [-75.065435302, 6.545143786], [-75.065405194, 6.545099774], [-75.065380565, 6.545063771], [-75.065357572, 6.545030157], [-75.065321782, 6.544994362], [-75.065303756, 6.544976332], [-75.06527984, 6.54492849], [-75.065269643, 6.544901968], [-75.065261566, 6.544880964], [-75.065249946, 6.544850744], [-75.065208091, 6.544790939], [-75.065203345, 6.54478026], [-75.065196551, 6.54476497], [-75.065184173, 6.544737116], [-75.065184003, 6.544735421], [-75.065178196, 6.544677313], [-75.065178038, 6.544676524], [-75.065176283, 6.544667742], [-75.065172218, 6.544647411], [-75.065150831, 6.544599279], [-75.065148302, 6.544593587], [-75.065136347, 6.544503882], [-75.065118412, 6.544426138], [-75.065093318, 6.544380962], [-75.065090302, 6.544375532], [-75.065079707, 6.544362245], [-75.065058651, 6.544338177], [-75.065049876, 6.544328146], [-75.065046661, 6.54432447], [-75.064986865, 6.544282605], [-75.064974513, 6.544277854], [-75.064972065, 6.544276911], [-75.06497103, 6.544276513], [-75.064952603, 6.544269424], [-75.064909129, 6.5442527], [-75.064870213, 6.544234735], [-75.064865397, 6.544232511], [-75.064831395, 6.544216815], [-75.064777578, 6.544210832], [-75.064764443, 6.544207249], [-75.064763734, 6.544206078], [-75.064746545, 6.544172742], [-75.064739457, 6.544158998], [-75.064687714, 6.544058646], [-75.064668984, 6.544024557], [-75.064666102, 6.544019311], [-75.064635322, 6.543963287], [-75.064597886, 6.543895151], [-75.064595742, 6.543891469], [-75.064583662, 6.543870725], [-75.064556434, 6.54382397], [-75.064524207, 6.543778517], [-75.064485106, 6.543745027], [-75.064460579, 6.543720137], [-75.064432651, 6.543691795], [-75.064414909, 6.543675132], [-75.064399701, 6.543660848], [-75.064365189, 6.543628435], [-75.064337876, 6.543602781], [-75.064288641, 6.543552301], [-75.06426454, 6.543509049], [-75.064263306, 6.543506835], [-75.064244884, 6.543475148], [-75.064232447, 6.543453105], [-75.064208523, 6.543430621], [-75.064187369, 6.543417328], [-75.06416401, 6.543406515], [-75.064154725, 6.543402216], [-75.064045572, 6.543358412], [-75.063976812, 6.543330819], [-75.063932024, 6.543314945], [-75.063869703, 6.543292855], [-75.06382249, 6.543286812], [-75.063812823, 6.543285575], [-75.063784686, 6.543281974], [-75.063707949, 6.543277054], [-75.063620301, 6.543266698], [-75.063600279, 6.543264333], [-75.063558329, 6.543259376], [-75.063527808, 6.54325577], [-75.063514205, 6.543253097], [-75.063476794, 6.543245747], [-75.063444621, 6.543237989], [-75.063420202, 6.543231373], [-75.063414284, 6.543229769], [-75.063399108, 6.543219683], [-75.063382548, 6.543205921], [-75.063371954, 6.543187552], [-75.063357676, 6.543162753], [-75.063357625, 6.543162606], [-75.063344373, 6.543124854], [-75.063315737, 6.543043272], [-75.063301395, 6.543002414], [-75.063294904, 6.542961512], [-75.063293273, 6.542945991], [-75.063290314, 6.542917851], [-75.063289782, 6.542912791], [-75.063284656, 6.542861774], [-75.063280057, 6.542817637], [-75.063279532, 6.542812593], [-75.063270002, 6.542762705], [-75.063269349, 6.542759286], [-75.063262415, 6.542728957], [-75.063297567, 6.54274646], [-75.063369609, 6.542772532], [-75.06344354, 6.542786291], [-75.063533631, 6.54276923], [-75.063694097, 6.54273884], [-75.063760951, 6.542613912], [-75.063761049, 6.542613728], [-75.063777024, 6.542583876], [-75.063817631, 6.542507992], [-75.063783512, 6.542454644], [-75.063733114, 6.542417761], [-75.063669286, 6.542403142], [-75.063660635, 6.542401161], [-75.063434539, 6.542363202], [-75.063350901, 6.542230854], [-75.063330188, 6.542190577], [-75.063219236, 6.541974832], [-75.063164386, 6.541913408], [-75.063079655, 6.541789324], [-75.063064614, 6.541762102], [-75.062997551, 6.541640727], [-75.062884263, 6.541437796], [-75.062623615, 6.541274318], [-75.062619371, 6.541245242], [-75.062598637, 6.541203905], [-75.062588902, 6.541185849], [-75.062579651, 6.541168688], [-75.062578829, 6.541167163], [-75.062570055, 6.541136379], [-75.062562654, 6.541100535], [-75.062557886, 6.541041483], [-75.062555639, 6.541013662], [-75.062550523, 6.540969999], [-75.062540687, 6.540929995], [-75.062539177, 6.540926685], [-75.062535774, 6.54091922], [-75.062530022, 6.540906605], [-75.062519459, 6.54088649], [-75.062518171, 6.540884038], [-75.062521351, 6.540881413], [-75.062540332, 6.540867695], [-75.062554999, 6.540856463], [-75.062578762, 6.54083296], [-75.062598404, 6.540805918], [-75.062613404, 6.540776049], [-75.062623367, 6.540744144], [-75.062627986, 6.540711782], [-75.062627418, 6.540679097], [-75.062621678, 6.540646915], [-75.062610909, 6.540616049], [-75.062595384, 6.540587281], [-75.062593905, 6.540584986], [-75.062599536, 6.540580761], [-75.062617543, 6.54056724], [-75.062664867, 6.540531706], [-75.062793183, 6.54043536], [-75.062801995, 6.540428744], [-75.062894987, 6.540358921], [-75.063007326, 6.540274571], [-75.063150516, 6.540167057], [-75.063169883, 6.540152515], [-75.063172338, 6.540150672], [-75.063143519, 6.540123343], [-75.063115083, 6.540096377], [-75.063104198, 6.540086054], [-75.063014546, 6.539989135], [-75.062969573, 6.539937978], [-75.062935653, 6.539899396], [-75.062913929, 6.539876614], [-75.062882116, 6.539843253], [-75.062860344, 6.539820422], [-75.062820812, 6.539780818], [-75.062748663, 6.539708536], [-75.06274688, 6.539706749], [-75.062663206, 6.539614017], [-75.062589054, 6.53946459], [-75.062573438, 6.53943312], [-75.062487051, 6.539259035], [-75.062418204, 6.539120299], [-75.062405154, 6.539085659], [-75.06239832, 6.53906752], [-75.062377345, 6.539011845], [-75.062351041, 6.538942027], [-75.062257122, 6.538852926], [-75.062214061, 6.538812073], [-75.062176226, 6.538776178], [-75.062114167, 6.53871808], [-75.062040605, 6.538649212], [-75.06199429, 6.538605853], [-75.061954668, 6.53856876], [-75.061940066, 6.53855509], [-75.061922581, 6.538538043], [-75.061855683, 6.538472817], [-75.061744739, 6.538364648], [-75.061733223, 6.538353421], [-75.061731733, 6.538351968], [-75.061723408, 6.538207156], [-75.061721525, 6.538174399], [-75.061719042, 6.538131216], [-75.061717986, 6.538112864], [-75.061716063, 6.538094398], [-75.061713009, 6.538065083], [-75.061707652, 6.538013645], [-75.061706861, 6.538006058], [-75.061698826, 6.537973852], [-75.061694687, 6.537957264], [-75.061685777, 6.537931822], [-75.061681859, 6.537920633], [-75.061677881, 6.537909273], [-75.0616735, 6.537896762], [-75.061664302, 6.537870494], [-75.061658133, 6.537856769], [-75.061644167, 6.537818539], [-75.061640063, 6.53780731], [-75.061634035, 6.537790813], [-75.061633527, 6.537789421], [-75.061659847, 6.537771491], [-75.061669817, 6.537764481], [-75.061685268, 6.537753614], [-75.061692145, 6.53774878], [-75.06172684, 6.537721287], [-75.061737706, 6.537714458], [-75.061753246, 6.537704692], [-75.061793883, 6.537679156], [-75.06181139, 6.537668154], [-75.061822015, 6.537661478], [-75.061836319, 6.537653784], [-75.061871776, 6.537634708], [-75.061904312, 6.537621326], [-75.061940771, 6.537609495], [-75.061942587, 6.537608905], [-75.061975564, 6.537600925], [-75.061977703, 6.537600407], [-75.062017661, 6.537588245], [-75.062023758, 6.537586388], [-75.062076773, 6.537570252], [-75.062102892, 6.537559922], [-75.062150232, 6.537536276], [-75.062220011, 6.537485368], [-75.062230905, 6.537472332], [-75.062246701, 6.537453432], [-75.062258882, 6.537415044], [-75.062265717, 6.53737806], [-75.062266828, 6.537349558], [-75.062264899, 6.537309056], [-75.062263683, 6.537283539], [-75.062258605, 6.537253559], [-75.062254746, 6.53723077], [-75.062250236, 6.537202113], [-75.062243297, 6.537158045], [-75.062233187, 6.537128124], [-75.062201256, 6.537033637], [-75.062180798, 6.536987741], [-75.062155918, 6.536944085], [-75.062153653, 6.536940561], [-75.062149036, 6.53693357], [-75.062141895, 6.536923229], [-75.062118929, 6.536893244], [-75.06211139, 6.536884329], [-75.062090878, 6.536861789], [-75.062074412, 6.536836144], [-75.062066713, 6.536819665], [-75.062060695, 6.536802499], [-75.062059291, 6.536797486], [-75.062058654, 6.536795001], [-75.062056753, 6.536786503], [-75.062055564, 6.536779925], [-75.062056618, 6.536758141], [-75.062059672, 6.536736546], [-75.062060229, 6.536733691], [-75.062061332, 6.536728499], [-75.062063067, 6.536721298], [-75.062065203, 6.536713561], [-75.06206612, 6.536710629], [-75.062066282, 6.536710111], [-75.0620676, 6.536705901], [-75.062104267, 6.53670904], [-75.062170475, 6.536709049], [-75.06222454, 6.536709057], [-75.062254364, 6.536707083], [-75.062454162, 6.536680501], [-75.062467486, 6.536678729], [-75.06248539, 6.53667561], [-75.06252192, 6.536664415], [-75.062754628, 6.536570935], [-75.062781768, 6.536560032], [-75.062791884, 6.536555679], [-75.062919616, 6.536496986], [-75.062992174, 6.536463645], [-75.063020577, 6.536450594], [-75.063194772, 6.536373485], [-75.063245885, 6.536353499], [-75.063323769, 6.536323046], [-75.063359038, 6.536309255], [-75.063430567, 6.536292387], [-75.063488872, 6.536288294], [-75.063600594, 6.536295095], [-75.063673156, 6.536313946], [-75.063688945, 6.536321634], [-75.063761548, 6.536356988], [-75.063859143, 6.536438099], [-75.063986863, 6.53664107], [-75.064055653, 6.536750237], [-75.064089555, 6.53680404], [-75.064107623, 6.536828811], [-75.064117794, 6.536840137], [-75.064196966, 6.536922542], [-75.064214603, 6.536940901], [-75.064232287, 6.536957436], [-75.064246527, 6.53696845], [-75.064271347, 6.536986115], [-75.064296739, 6.537004188], [-75.064328021, 6.537026452], [-75.064346051, 6.537038039], [-75.064368397, 6.537049341], [-75.064515144, 6.537113615], [-75.064517282, 6.537114552], [-75.064530638, 6.537119902], [-75.064545115, 6.537124627], [-75.064646108, 6.53715386], [-75.064752055, 6.537184525], [-75.064756767, 6.537185834], [-75.064965481, 6.537241382], [-75.065190528, 6.537322872], [-75.065354525, 6.537381044], [-75.065390814, 6.53739061], [-75.065397466, 6.537391683], [-75.06554358, 6.537412985], [-75.065571104, 6.537415293], [-75.065748645, 6.537419284], [-75.065753712, 6.53741934], [-75.065771663, 6.537418627], [-75.065801523, 6.537416249], [-75.065847517, 6.537412586], [-75.065979117, 6.537402105], [-75.066049029, 6.537396537], [-75.066056211, 6.53739585], [-75.066201114, 6.53737964], [-75.066356573, 6.53736225], [-75.066566884, 6.537349273], [-75.066593722, 6.537347617], [-75.066614646, 6.537345344], [-75.066806886, 6.537315347], [-75.067002003, 6.537288571], [-75.067010514, 6.537287238], [-75.067020645, 6.537285212], [-75.067154411, 6.537255266], [-75.06717662, 6.537250295], [-75.067204542, 6.537242125], [-75.067209546, 6.537240237], [-75.067405694, 6.537163543], [-75.06740833, 6.537162422], [-75.067410529, 6.53716149], [-75.067413816, 6.537160097], [-75.067417448, 6.53715856], [-75.067417758, 6.537158419], [-75.067421187, 6.537156849], [-75.067469548, 6.537134715], [-75.06748922, 6.537125712], [-75.067511921, 6.537115322], [-75.067515549, 6.537113661], [-75.06753095, 6.537106612], [-75.067611808, 6.537069604], [-75.067634372, 6.537059277], [-75.067653319, 6.537049499], [-75.067664697, 6.537042473], [-75.067692499, 6.537024147], [-75.067886669, 6.53689616], [-75.068153162, 6.536724094], [-75.068177459, 6.536708406], [-75.068302421, 6.536627723], [-75.06832213, 6.536614427], [-75.068553812, 6.536458137], [-75.068612174, 6.53641999], [-75.06871951, 6.536349832], [-75.068863632, 6.536259514], [-75.068869989, 6.53625553], [-75.068874206, 6.536252823], [-75.068973473, 6.536187505], [-75.069004038, 6.53617143], [-75.069024903, 6.536165332], [-75.069035974, 6.536162097], [-75.069037562, 6.536162016], [-75.069051235, 6.53616132], [-75.069072779, 6.536160222], [-75.069091139, 6.536160439], [-75.069156277, 6.53616121], [-75.069263998, 6.536179868], [-75.069330855, 6.536202978], [-75.069404398, 6.536244231], [-75.069494744, 6.536317259], [-75.069494831, 6.536317329], [-75.069495129, 6.536317571], [-75.069506074, 6.536326418], [-75.069516762, 6.536335792], [-75.069520916, 6.536340325], [-75.069636429, 6.536466374], [-75.069640172, 6.53647036], [-75.069770527, 6.536605875], [-75.069777469, 6.536612361], [-75.069788118, 6.536622312], [-75.069799092, 6.536630959], [-75.069832454, 6.536655612], [-75.069944191, 6.53673818], [-75.069963056, 6.53675071], [-75.070055038, 6.536805358], [-75.070072248, 6.536815582], [-75.070109166, 6.536832947], [-75.07011853, 6.536836125], [-75.070179553, 6.536855362], [-75.070208241, 6.536862381], [-75.070225223, 6.536864717], [-75.070376758, 6.536879724], [-75.070399095, 6.536880825], [-75.070561392, 6.536880724], [-75.070613368, 6.536880692], [-75.070623319, 6.536880466], [-75.070924626, 6.536866997], [-75.071111323, 6.536858658], [-75.071238204, 6.536861176], [-75.071247414, 6.536861093], [-75.071273762, 6.536860282], [-75.071429066, 6.536855509], [-75.071536849, 6.536859113], [-75.071698134, 6.536867528], [-75.071788315, 6.536896153], [-75.071912116, 6.53696273], [-75.072011644, 6.537048622], [-75.072014629, 6.537051151], [-75.072168808, 6.537178697], [-75.072200868, 6.537200853], [-75.072245823, 6.53722639], [-75.072311197, 6.537263525], [-75.072425329, 6.537328359], [-75.072581513, 6.537407572], [-75.072613993, 6.537421506], [-75.072731628, 6.537461394], [-75.073086775, 6.53757772], [-75.073233618, 6.53762939], [-75.073250024, 6.537634471], [-75.073392185, 6.537672642], [-75.073411534, 6.537676938], [-75.073450889, 6.537680372], [-75.0735486, 6.537680278], [-75.073566986, 6.537679511], [-75.073645934, 6.53767299], [-75.073704828, 6.537668125], [-75.073875627, 6.537609532], [-75.073903568, 6.537599946], [-75.073953601, 6.537580686], [-75.074062146, 6.537538904], [-75.074210482, 6.537481806], [-75.074257299, 6.537466978], [-75.07426928, 6.537463184], [-75.074270979, 6.537462646], [-75.074277429, 6.537460603], [-75.074288199, 6.537459615], [-75.074326221, 6.537449259], [-75.074330928, 6.537447392], [-75.074373478, 6.537433628], [-75.074377601, 6.537432668], [-75.074393533, 6.537428959], [-75.074428699, 6.537420773], [-75.074440747, 6.537419358], [-75.074467921, 6.537416168], [-75.074470733, 6.537415838], [-75.074475258, 6.537415306], [-75.07449241, 6.537416189], [-75.074510651, 6.537417128], [-75.074537, 6.537418484], [-75.074545806, 6.537418937], [-75.074565419, 6.537421933], [-75.074617687, 6.537429917], [-75.074662294, 6.537444177], [-75.07468107, 6.537452553], [-75.074691489, 6.537457396], [-75.074738276, 6.53747914], [-75.074750032, 6.537485416], [-75.07476423, 6.537492995], [-75.074842834, 6.537534956], [-75.074888708, 6.537560993], [-75.074912501, 6.537574497], [-75.074974171, 6.537608574], [-75.075015567, 6.537631448], [-75.075049096, 6.537649976], [-75.075055782, 6.537653942], [-75.075126687, 6.537696009], [-75.075131963, 6.537698997], [-75.075147598, 6.537707554], [-75.075203893, 6.537738364], [-75.075212616, 6.537742894], [-75.075263021, 6.537767696], [-75.07530815, 6.537789902], [-75.07533141, 6.537801348], [-75.075348028, 6.53780871], [-75.075465024, 6.537855013], [-75.075466101, 6.53785542], [-75.075471765, 6.537857557], [-75.075488006, 6.537862187], [-75.075500976, 6.537865885], [-75.075590228, 6.537884955], [-75.075598319, 6.53788653], [-75.075663627, 6.537898012], [-75.075686408, 6.537900792], [-75.075727153, 6.537903676], [-75.07582416, 6.537910542], [-75.075841053, 6.537911104], [-75.075848954, 6.537910933], [-75.075882231, 6.537909632], [-75.07589576, 6.537909103], [-75.07591578, 6.53790832], [-75.075947591, 6.537907076], [-75.075978932, 6.537903649], [-75.075989501, 6.537901479], [-75.076061323, 6.537884934], [-75.076099249, 6.537878827], [-75.076101496, 6.537878465], [-75.076129578, 6.537873944], [-75.076230554, 6.537857685], [-75.076248334, 6.537853919], [-75.076351175, 6.537827712], [-75.076354013, 6.537826988], [-75.076365686, 6.537823359], [-75.076376389, 6.537820032], [-75.076404452, 6.537806804], [-75.076412035, 6.53780323], [-75.076419284, 6.53779923], [-75.076519732, 6.53778037], [-75.076602869, 6.537764759], [-75.07662972, 6.537759717], [-75.076633422, 6.537759295], [-75.076683348, 6.537753595], [-75.076694406, 6.537753664], [-75.076682993, 6.537756395], [-75.076664461, 6.537765625], [-75.076657161, 6.537769261], [-75.076638706, 6.537787125], [-75.076626451, 6.537798988], [-75.076617702, 6.537807458], [-75.076538528, 6.537909816], [-75.07649244, 6.537979184], [-75.076485169, 6.537997509], [-75.076480491, 6.538018121], [-75.076482249, 6.538039693], [-75.076488347, 6.538058392], [-75.076496651, 6.538066273], [-75.07650714, 6.538070279], [-75.076513681, 6.538072777], [-75.076527847, 6.538075713], [-75.076541507, 6.538079425], [-75.076547208, 6.538083991], [-75.076550124, 6.538092957], [-75.076549168, 6.538100164], [-75.076545392, 6.538108171], [-75.076533393, 6.538116266], [-75.076513646, 6.538123992], [-75.076511117, 6.538124981], [-75.076475244, 6.538136153], [-75.076458304, 6.538138644], [-75.076446559, 6.53814198], [-75.076444207, 6.538142648], [-75.076436694, 6.538148201], [-75.076408231, 6.538169243], [-75.076375896, 6.538209629], [-75.07630828, 6.538294083], [-75.076245048, 6.538356192], [-75.076132783, 6.538466464], [-75.075965212, 6.538609489], [-75.075865219, 6.538678351], [-75.075852751, 6.538687642], [-75.075776265, 6.538744644], [-75.075772931, 6.538747129], [-75.075561064, 6.538929658], [-75.075544916, 6.53895859], [-75.075541571, 6.538968969], [-75.075539435, 6.538975597], [-75.075533097, 6.539009559], [-75.075516751, 6.539173044], [-75.07551854, 6.539352255], [-75.075524576, 6.539541292], [-75.075526014, 6.539586355], [-75.075524196, 6.539609998], [-75.075516224, 6.539634734], [-75.075503609, 6.539657466], [-75.075498814, 6.539660871], [-75.075455154, 6.53969188], [-75.075445, 6.539699796], [-75.075328237, 6.539790816], [-75.07532066, 6.539803737], [-75.075315195, 6.539822283], [-75.075311378, 6.539851931], [-75.075310428, 6.539859309], [-75.075309667, 6.539886023], [-75.075310119, 6.539931211], [-75.075311607, 6.539977415], [-75.075309788, 6.540052413], [-75.075296731, 6.540082339], [-75.075280084, 6.540112817], [-75.075239841, 6.540146629], [-75.075199018, 6.540173772], [-75.075139623, 6.540192896], [-75.075060129, 6.540205561], [-75.074981259, 6.540215486], [-75.074957522, 6.540218473], [-75.074903792, 6.540239078], [-75.074808263, 6.540291971], [-75.074725255, 6.540364245], [-75.074674323, 6.540407929], [-75.07461901, 6.540475798], [-75.074577497, 6.540536842], [-75.074487529, 6.540683656], [-75.074460635, 6.540716812], [-75.074440963, 6.540752972], [-75.074438607, 6.540759372], [-75.074414957, 6.540823608], [-75.074386572, 6.54091327], [-75.074367203, 6.540979726], [-75.074339498, 6.541029096], [-75.074326322, 6.541052576], [-75.074319478, 6.541071308], [-75.074298821, 6.54112785], [-75.074294797, 6.541139506], [-75.074280848, 6.541179911], [-75.074275157, 6.541216051], [-75.074274631, 6.54121939], [-75.074268289, 6.541259646], [-75.074263834, 6.541303209], [-75.074258929, 6.54135116], [-75.074254215, 6.541368567], [-75.074250523, 6.541382204], [-75.074244563, 6.541404209], [-75.074214936, 6.541472317], [-75.074118187, 6.541608932], [-75.074099547, 6.541645594], [-75.074094836, 6.541665663], [-75.074089923, 6.54168659], [-75.074086736, 6.541700168], [-75.074083395, 6.541730673], [-75.074081681, 6.541746325], [-75.074074967, 6.541807627], [-75.074071906, 6.541821393], [-75.074069238, 6.541833387], [-75.074068424, 6.541837048], [-75.074066944, 6.541843441], [-75.074065224, 6.541850878], [-75.074060357, 6.541860715], [-75.074051657, 6.541877682], [-75.074045017, 6.541893653], [-75.074044695, 6.541894426], [-75.074037352, 6.541919345], [-75.074031473, 6.541945528], [-75.07402823, 6.541968276], [-75.074027369, 6.541974308], [-75.074027276, 6.541974959], [-75.074021748, 6.542039371], [-75.074019012, 6.542071254], [-75.074016726, 6.542089809], [-75.074010883, 6.542111279], [-75.074009874, 6.542114983], [-75.073999758, 6.542142834], [-75.073996967, 6.54214787], [-75.073983422, 6.542172319], [-75.073959039, 6.542206586], [-75.073958829, 6.54220688], [-75.073951745, 6.542219126], [-75.073943955, 6.542232592], [-75.073941494, 6.542236846], [-75.073929323, 6.542269125], [-75.073925966, 6.542281169], [-75.073923552, 6.542289832], [-75.073923271, 6.542290842], [-75.073921558, 6.542304696], [-75.07392045, 6.542326988], [-75.073921323, 6.542349311], [-75.073921576, 6.542350998], [-75.073923332, 6.542362729], [-75.073924213, 6.542366813], [-75.073926788, 6.542378758], [-75.073893479, 6.5424092], [-75.073891714, 6.542410814], [-75.0738904, 6.542415359], [-75.073888638, 6.542421454], [-75.073880867, 6.542436982], [-75.07387887, 6.542440971], [-75.073850149, 6.542484018], [-75.073828804, 6.542517195], [-75.073807067, 6.542550979], [-75.073791531, 6.542585471], [-75.073737587, 6.542748519], [-75.07373633, 6.542752318], [-75.073699987, 6.542862168], [-75.073696907, 6.542871476], [-75.073663326, 6.543058768], [-75.073655263, 6.543140564], [-75.073649297, 6.543201075], [-75.073639235, 6.543303145], [-75.07363434, 6.54371792], [-75.073644728, 6.54384556], [-75.073650506, 6.54391656], [-75.073659151, 6.544022787], [-75.073570096, 6.544331366], [-75.073503398, 6.544541728], [-75.073502007, 6.544546113], [-75.073501923, 6.544546381], [-75.07350522, 6.544555475], [-75.073508518, 6.544564572], [-75.073520689, 6.544598149], [-75.073539197, 6.544649209], [-75.073539331, 6.544650062], [-75.073547131, 6.544699977], [-75.073547444, 6.544701984], [-75.073549978, 6.544718195], [-75.073552766, 6.544736036], [-75.073553318, 6.544740772], [-75.073562469, 6.544819318], [-75.073565062, 6.544841576], [-75.073568012, 6.544866886], [-75.07357002, 6.544917156], [-75.073571341, 6.544950228], [-75.07357291, 6.544989467], [-75.07357471, 6.545034518], [-75.073574812, 6.545037075], [-75.073581185, 6.54505303], [-75.073589359, 6.545064485], [-75.073609391, 6.545092557], [-75.073613478, 6.545096394], [-75.073624279, 6.545106536], [-75.073630076, 6.545111977], [-75.073631362, 6.545113186], [-75.073751086, 6.545225588], [-75.073776617, 6.545265349], [-75.07378216, 6.545279707], [-75.073791688, 6.545304386], [-75.073805242, 6.545334651], [-75.073806885, 6.545348623], [-75.073813664, 6.545406265], [-75.073818393, 6.545446474], [-75.073839916, 6.545561296], [-75.07384106, 6.545579623], [-75.07384141, 6.545585213], [-75.07384439, 6.545632923], [-75.073862968, 6.545787303], [-75.073864256, 6.545796322], [-75.073868611, 6.545826821], [-75.07387825, 6.545887883], [-75.073890134, 6.545963172], [-75.073890696, 6.545969912], [-75.073897307, 6.546049287], [-75.073898159, 6.546061074], [-75.073910589, 6.546232984], [-75.073913843, 6.546277987], [-75.07392955, 6.546495225], [-75.073933091, 6.546544198], [-75.073936451, 6.546590669], [-75.073938875, 6.546624184], [-75.073940343, 6.546652101], [-75.073940343, 6.546668066], [-75.073940342, 6.546682128], [-75.073940339, 6.546788451], [-75.073938149, 6.546806694], [-75.073936769, 6.546818187], [-75.073924463, 6.546920722], [-75.073921476, 6.54693739], [-75.073918447, 6.5469543], [-75.07391472, 6.546975102], [-75.073899598, 6.547059509], [-75.0738933, 6.547094661], [-75.073880808, 6.547164382], [-75.073878501, 6.547177262], [-75.073877604, 6.547182268], [-75.073872917, 6.547208426], [-75.073867372, 6.547239376], [-75.073856281, 6.547301279], [-75.073850546, 6.547333289], [-75.073842035, 6.54738079], [-75.073835247, 6.547418684], [-75.073828874, 6.547454618], [-75.073779088, 6.54773535], [-75.073777518, 6.54779589], [-75.073774068, 6.547928883], [-75.07377679, 6.547983903], [-75.073793297, 6.548054099], [-75.07383567, 6.548234293], [-75.07385458, 6.548280299], [-75.073831127, 6.548395255], [-75.073776542, 6.548503159], [-75.073752045, 6.54852445], [-75.073694531, 6.54855502], [-75.073694507, 6.548612446], [-75.073694489, 6.548655594], [-75.073701622, 6.548756065], [-75.073723096, 6.548885248], [-75.073723294, 6.548889855], [-75.073724805, 6.548924966], [-75.073726401, 6.548962033], [-75.073728574, 6.549012506], [-75.073730202, 6.549050305], [-75.073730145, 6.549186656], [-75.073731872, 6.549209236], [-75.073737283, 6.549279951], [-75.073737275, 6.549299616], [-75.073737244, 6.549373243], [-75.073737216, 6.549439079], [-75.073737202, 6.549473712], [-75.073746808, 6.549550829], [-75.073751505, 6.549588539], [-75.073758371, 6.549657499], [-75.073758651, 6.549660306], [-75.073765785, 6.549760777], [-75.073769299, 6.54980139], [-75.073778702, 6.549910053], [-75.073780067, 6.549925838], [-75.073791671, 6.55004238], [-75.073794358, 6.55006937], [-75.073822999, 6.550220085], [-75.073828623, 6.550232462], [-75.073843441, 6.550265069], [-75.073881458, 6.550348729], [-75.073998759, 6.550606862], [-75.074006263, 6.550623374], [-75.074027324, 6.550669723], [-75.074109628, 6.550850841], [-75.074117439, 6.550868029], [-75.074143773, 6.550927095], [-75.074302262, 6.551282569], [-75.074323046, 6.551343431], [-75.074328764, 6.551360176], [-75.074337422, 6.551385532], [-75.074360542, 6.551430322], [-75.074362231, 6.551432467], [-75.074382237, 6.55145788], [-75.074416224, 6.551524513], [-75.074434432, 6.551594796], [-75.074438217, 6.551647186], [-75.074434121, 6.551703194], [-75.074424961, 6.551749172], [-75.074419917, 6.551787882], [-75.074419309, 6.551792552], [-75.074417425, 6.55180252], [-75.074398555, 6.551902377], [-75.074396564, 6.551915323], [-75.074396441, 6.551915393], [-75.074391492, 6.55193587], [-75.074391541, 6.551938608], [-75.074374809, 6.551985769], [-75.074364485, 6.552004942], [-75.074320551, 6.552054097], [-75.0742427, 6.552117606], [-75.074240473, 6.552119422], [-75.074209314, 6.552142292], [-75.074142268, 6.552191506], [-75.073940722, 6.552330409], [-75.073931745, 6.552336596], [-75.073897836, 6.552360999], [-75.073752825, 6.552465355], [-75.073742341, 6.552472365], [-75.073657654, 6.552528999], [-75.073652012, 6.552532772], [-75.073613273, 6.552519089], [-75.07356706, 6.552498538]]]]}}, {"type": "Feature", "properties": {"Proyecto": "Puente Cisneros", "Municipio": "Cisneros", "sector": "U", "Matricula": "038-19832", "terreno_co": "051900100001700070001000000000", "Propietari": null, "ABS": null, "Area_Total": 0.0, "Area_Req": 250.994867504, "Area_Rem": 0.0, "AreaSobran": 0.0, "Shape_Leng": 0.0, "Shape_Area": 0.0}, "geometry": {"type": "Polygon", "coordinates": [[[-75.078607242, 6.537254693], [-75.078603135, 6.537254292], [-75.078594231, 6.537254854], [-75.078585331, 6.537255298], [-75.078570651, 6.537254494], [-75.078555988, 6.537253126], [-75.07854931, 6.537252209], [-75.078542642, 6.537251287], [-75.078536623, 6.537250581], [-75.078530593, 6.537250045], [-75.078521702, 6.537249918], [-75.078512811, 6.537250517], [-75.078500534, 6.537251937], [-75.078488291, 6.537253589], [-75.078479432, 6.537255405], [-75.078470632, 6.537256865], [-75.07846701, 6.537254673], [-75.07846426, 6.537251704], [-75.078461946, 6.537248512], [-75.078458881, 6.537243], [-75.078455838, 6.537237482], [-75.078453461, 6.537233755], [-75.078450567, 6.537230405], [-75.078444808, 6.537226111], [-75.07843866, 6.537222476], [-75.078432429, 6.537218851], [-75.078426007, 6.537215639], [-75.078424938, 6.537215211], [-75.078403729, 6.537209509], [-75.078398182, 6.537208968], [-75.078392541, 6.53720921], [-75.078381561, 6.537209443], [-75.07837058, 6.537209736], [-75.07836178, 6.537210034], [-75.078352985, 6.5372105], [-75.078340931, 6.537211841], [-75.078328928, 6.537213653], [-75.078303062, 6.537217836], [-75.078277317, 6.537222821], [-75.078254547, 6.537228349], [-75.078221103, 6.537239051], [-75.078188581, 6.537252527], [-75.078179346, 6.537257378], [-75.078170143, 6.537262222], [-75.078163165, 6.537265383], [-75.078156138, 6.537268458], [-75.078146132, 6.537272696], [-75.078135747, 6.537276322], [-75.078130519, 6.537277127], [-75.078125267, 6.537277232], [-75.078118202, 6.537277289], [-75.078111139, 6.53727665], [-75.078106139, 6.537275354], [-75.078101288, 6.53727356], [-75.078094393, 6.537270717], [-75.078087739, 6.53726737], [-75.078071802, 6.537256756], [-75.078056727, 6.537245074], [-75.078045828, 6.537235182], [-75.07803059, 6.537219088], [-75.078022525, 6.537211397], [-75.078013579, 6.537204511], [-75.078006963, 6.537201314], [-75.077999878, 6.537199462], [-75.077993798, 6.53719842], [-75.0779877, 6.53719768], [-75.07798183, 6.53719726], [-75.077975956, 6.537197588], [-75.07796762, 6.537200393], [-75.077960594, 6.537205763], [-75.077955591, 6.537211257], [-75.07795072, 6.53721679], [-75.07793253, 6.53723785], [-75.077914284, 6.537258904], [-75.077908539, 6.537264482], [-75.077901933, 6.537269443], [-75.077894883, 6.537273002], [-75.077887523, 6.53727484], [-75.077880805, 6.537275522], [-75.077870364, 6.53727465], [-75.07786543, 6.537273024], [-75.077860964, 6.537270399], [-75.077853504, 6.537264156], [-75.077846541, 6.537257606], [-75.077831202, 6.537242761], [-75.077815861, 6.537227909], [-75.077798065, 6.537210507], [-75.07778856, 6.537202342], [-75.077777878, 6.537194993], [-75.077773785, 6.53719435], [-75.077769546, 6.53719517], [-75.07776406, 6.537195855], [-75.077758872, 6.537197653], [-75.077743447, 6.537208447], [-75.077728683, 6.537219599], [-75.077715051, 6.537230051], [-75.077701254, 6.537240461], [-75.077693852, 6.537244973], [-75.077681748, 6.537249728], [-75.07766904, 6.53725242], [-75.077660832, 6.537252951], [-75.077652647, 6.537252385], [-75.077644815, 6.53725097], [-75.07763697, 6.537249577], [-75.07762684, 6.537248725], [-75.077616713, 6.537248719], [-75.077606583, 6.537250893], [-75.077596488, 6.537253267], [-75.07758562, 6.537253324], [-75.077574752, 6.537252079], [-75.077564893, 6.537248672], [-75.077557491, 6.537246277], [-75.077522562, 6.53722025], [-75.077504255, 6.537209022], [-75.077474273, 6.537201958], [-75.077455962, 6.537205392], [-75.077453372, 6.537213045], [-75.077454656, 6.537230296], [-75.077448546, 6.537230878], [-75.07743973, 6.537231574], [-75.077430922, 6.537232236], [-75.077428909, 6.537232576], [-75.07739893, 6.537209143], [-75.077374992, 6.537199044], [-75.077322697, 6.53718845], [-75.077259874, 6.537174383], [-75.077257146, 6.537172455], [-75.077250231, 6.53716776], [-75.077235736, 6.537160554], [-75.077221115, 6.537153609], [-75.077216931, 6.5371512], [-75.077212713, 6.537148826], [-75.077208214, 6.537146831], [-75.077203564, 6.537145207], [-75.077199182, 6.537143899], [-75.077194741, 6.53714286], [-75.077187951, 6.537141627], [-75.077181151, 6.537140455], [-75.077174425, 6.537139386], [-75.077167709, 6.537138259], [-75.077167098, 6.537138137], [-75.077155282, 6.53713579], [-75.077142872, 6.537133231], [-75.077128263, 6.537130524], [-75.077113679, 6.537127633], [-75.077101151, 6.537123826], [-75.077082989, 6.537116135], [-75.077064718, 6.53710872], [-75.077057164, 6.537106172], [-75.077049601, 6.537103646], [-75.077006601, 6.537088768], [-75.076997481, 6.537086462], [-75.076991703, 6.537085892], [-75.076932391, 6.537056818], [-75.076864836, 6.537024561], [-75.07682779, 6.537006174], [-75.076805906, 6.536992529], [-75.076781334, 6.536976079], [-75.076751759, 6.536955676], [-75.076706284, 6.536923738], [-75.076638865, 6.536877555], [-75.076602908, 6.536845652], [-75.076597684, 6.536841017], [-75.0765606, 6.536809749], [-75.076528023, 6.536786432], [-75.076490327, 6.5367477], [-75.076468021, 6.5367205], [-75.076447266, 6.536694753], [-75.076422468, 6.536672114], [-75.076398851, 6.536656325], [-75.076375251, 6.536648018], [-75.076341107, 6.536644199], [-75.076317102, 6.536647575], [-75.076308389, 6.53664121], [-75.076299054, 6.53663582], [-75.076286791, 6.536630089], [-75.076274069, 6.536625632], [-75.076258063, 6.536621544], [-75.076241872, 6.53661864], [-75.076240602, 6.536618487], [-75.076221958, 6.536616238], [-75.076202008, 6.536614111], [-75.076181637, 6.536612031], [-75.076161271, 6.536610925], [-75.076142311, 6.536612001], [-75.076114035, 6.536616985], [-75.076085906, 6.536623711], [-75.076049443, 6.536632758], [-75.076047709, 6.536587789], [-75.076045302, 6.536525343], [-75.076045553, 6.536524443], [-75.076049845, 6.536510526], [-75.076057169, 6.536484049], [-75.076057387, 6.536483263], [-75.076066141, 6.536451619], [-75.076074712, 6.536420633], [-75.076075113, 6.536419184], [-75.076078958, 6.536405286], [-75.076085797, 6.536380564], [-75.076086627, 6.536378496], [-75.076089509, 6.536371324], [-75.07609675, 6.5363533], [-75.07611775, 6.536296682], [-75.076118105, 6.536229965], [-75.076118211, 6.536210116], [-75.07611823, 6.536206663], [-75.076127232, 6.536205455], [-75.076139883, 6.536203757], [-75.076174416, 6.53619272], [-75.076186099, 6.536190216], [-75.076281821, 6.536167207], [-75.07635788, 6.536152894], [-75.076462895, 6.53613638], [-75.076478356, 6.536130134], [-75.076499872, 6.53612144], [-75.07659157, 6.536113165], [-75.076635348, 6.536111548], [-75.076714441, 6.53610993], [-75.076799962, 6.536108854], [-75.07679971, 6.536113399], [-75.07679895, 6.536127056], [-75.076797297, 6.536152525], [-75.076796588, 6.536163428], [-75.076795566, 6.536179184], [-75.076806112, 6.53618133], [-75.076828322, 6.536185847], [-75.076818094, 6.536254085], [-75.076816446, 6.53626508], [-75.076825077, 6.536265883], [-75.076832668, 6.53626659], [-75.076853486, 6.536268528], [-75.07685549, 6.536268714], [-75.076887903, 6.536271731], [-75.076887472, 6.536274776], [-75.076886048, 6.536284835], [-75.076944908, 6.53629504], [-75.076946254, 6.536295273], [-75.076949604, 6.536286196], [-75.076970275, 6.536230165], [-75.076976814, 6.536207775], [-75.076994174, 6.536143801], [-75.076995682, 6.536138243], [-75.076999646, 6.536123638], [-75.077000161, 6.536121739], [-75.077002281, 6.536113928], [-75.0770094, 6.536114034], [-75.077038479, 6.536114464], [-75.077367686, 6.536142117], [-75.077501207, 6.536153333], [-75.078125469, 6.53620577], [-75.078100346, 6.536417498], [-75.078033102, 6.536984192], [-75.078109473, 6.536997588], [-75.078215851, 6.537008148], [-75.078216557, 6.537008218], [-75.078220076, 6.537008567], [-75.078295745, 6.537016079], [-75.078294852, 6.537025078], [-75.078300443, 6.537025633], [-75.078325717, 6.537028142], [-75.078334358, 6.537028237], [-75.078388023, 6.537028825], [-75.078465819, 6.537036928], [-75.078494156, 6.537039879], [-75.078503006, 6.537040603], [-75.078605255, 6.537048969], [-75.078605298, 6.537048974], [-75.078664655, 6.53705661], [-75.078721632, 6.537062783], [-75.078772538, 6.5370683], [-75.078767081, 6.537084984], [-75.078764608, 6.537092544], [-75.078753099, 6.537127728], [-75.07874882, 6.53714081], [-75.078728432, 6.537203136], [-75.078725843, 6.53721105], [-75.078723302, 6.537218821], [-75.078711175, 6.537255892], [-75.07868367, 6.537323302], [-75.078674289, 6.537316237], [-75.078648746, 6.537293961], [-75.078647265, 6.537292156], [-75.078642874, 6.53728623], [-75.0786385, 6.537280289], [-75.078636205, 6.537277233], [-75.0786339, 6.537274186], [-75.078631896, 6.537271637], [-75.07862983, 6.53726913], [-75.078627191, 6.537266239], [-75.078624322, 6.537263553], [-75.078621782, 6.537261583], [-75.078619086, 6.537259815], [-75.078615308, 6.537257615], [-75.078611284, 6.537255804], [-75.078607242, 6.537254693]]]}}, {"type": "Feature", "properties": {"Proyecto": "Puente Cisneros", "Municipio": "El Santuario", "sector": "U", "Matricula": "038-12732", "terreno_co": "051900100001700060008900000000", "Propietari": null, "ABS": null, "Area_Total": 72.0, "Area_Req": 72.0, "Area_Rem": 0.0, "AreaSobran": 0.0, "Shape_Leng": 0.0, "Shape_Area": 0.0}, "geometry": {"type": "Polygon", "coordinates": [[[-75.078109473, 6.536997588], [-75.078113527, 6.536956741], [-75.078114832, 6.53694359], [-75.07812234, 6.536944337], [-75.078196959, 6.536951754], [-75.078209125, 6.536952964], [-75.078221894, 6.536954233], [-75.078222936, 6.536954336], [-75.078222929, 6.5369544], [-75.078221918, 6.53696294], [-75.078221749, 6.536964361], [-75.078216876, 6.537005525], [-75.078216557, 6.537008218], [-75.078215851, 6.537008148], [-75.078109473, 6.536997588]]]}}, {"type": "Feature", "properties": {"Proyecto": "Puente Cisneros", "Municipio": "El Santuario", "sector": "U", "Matricula": "038-4956", "terreno_co": "051900100001700060009000000000", "Propietari": null, "ABS": null, "Area_Total": 72.0, "Area_Req": 72.0, "Area_Rem": 0.0, "AreaSobran": 0.0, "Shape_Leng": 0.0, "Shape_Area": 0.0}, "geometry": {"type": "Polygon", "coordinates": [[[-75.078114832, 6.53694359], [-75.078119093, 6.536900717], [-75.078120196, 6.536889589], [-75.078216526, 6.536899176], [-75.078220061, 6.536899528], [-75.078223584, 6.536899878], [-75.078227936, 6.536900312], [-75.078228885, 6.536900406], [-75.078229316, 6.536900449], [-75.078228728, 6.536905422], [-75.07822846, 6.536907679], [-75.078227911, 6.536912318], [-75.078227562, 6.536915266], [-75.078225868, 6.536929572], [-75.07822498, 6.53693707], [-75.078223087, 6.536953062], [-75.078222936, 6.536954336], [-75.078221894, 6.536954233], [-75.078209125, 6.536952964], [-75.078196959, 6.536951754], [-75.07812234, 6.536944337], [-75.078114832, 6.53694359]]]}}, {"type": "Feature", "properties": {"Proyecto": "Puente Cisneros", "Municipio": "Cisneros", "sector": "U", "Matricula": "038-4957", "terreno_co": "051900100001700060010000000000", "Propietari": null, "ABS": null, "Area_Total": 72.0, "Area_Req": 72.0, "Area_Rem": 0.0, "AreaSobran": 0.0, "Shape_Leng": 0.0, "Shape_Area": 0.0}, "geometry": {"type": "Polygon", "coordinates": [[[-75.078120196, 6.536889589], [-75.078124417, 6.536847142], [-75.078125566, 6.536835592], [-75.078137002, 6.53683666], [-75.078139494, 6.536836893], [-75.078140887, 6.536837023], [-75.078153868, 6.536838236], [-75.078157234, 6.53683855], [-75.078180396, 6.536840713], [-75.078213781, 6.536843831], [-75.078218037, 6.536844229], [-75.078229426, 6.536845292], [-75.078234053, 6.536845725], [-75.078234422, 6.536845759], [-75.078230361, 6.536889253], [-75.078230162, 6.536891386], [-75.078229621, 6.536897177], [-75.078229454, 6.536898967], [-75.078229439, 6.536899131], [-75.078229402, 6.536899522], [-75.078229316, 6.536900449], [-75.078228885, 6.536900406], [-75.078227936, 6.536900312], [-75.078223584, 6.536899878], [-75.078220061, 6.536899528], [-75.078216526, 6.536899176], [-75.078120196, 6.536889589]]]}}, {"type": "Feature", "properties": {"Proyecto": "Puente Cisneros", "Municipio": "Cisneros", "sector": "U", "Matricula": "038-12732", "terreno_co": "051900100001700060008900000000", "Propietari": null, "ABS": null, "Area_Total": 91.0, "Area_Req": 91.0, "Area_Rem": 0.0, "AreaSobran": 0.0, "Shape_Leng": 0.0, "Shape_Area": 0.0}, "geometry": {"type": "Polygon", "coordinates": [[[-75.078109473, 6.536997588], [-75.078113527, 6.536956741], [-75.078114832, 6.53694359], [-75.07812234, 6.536944337], [-75.078196959, 6.536951754], [-75.078209125, 6.536952964], [-75.078221894, 6.536954233], [-75.078222936, 6.536954336], [-75.078222929, 6.5369544], [-75.078221918, 6.53696294], [-75.078221749, 6.536964361], [-75.078216876, 6.537005525], [-75.078216557, 6.537008218], [-75.078215851, 6.537008148], [-75.078109473, 6.536997588]]]}}, {"type": "Feature", "properties": {"Proyecto": "Puente El Volcan", "Municipio": "Urrao", "sector": "R", "Matricula": "035-4921", "terreno_co": "058470001000000230021000000000", "Propietari": null, "ABS": null, "Area_Total": 0.0, "Area_Req": 0.0, "Area_Rem": 0.0, "AreaSobran": 0.0, "Shape_Leng": 0.0, "Shape_Area": 1864903.15911}, "geometry": {"type": "MultiPolygon", "coordinates": [[[[-76.130137313, 6.281453382], [-76.130189501, 6.281190067], [-76.130212328, 6.281087079], [-76.130250542, 6.280775472], [-76.130258957, 6.280584147], [-76.130307505, 6.280439648], [-76.130313307, 6.280422379], [-76.130435649, 6.280462945], [-76.130505084, 6.280486439], [-76.130583961, 6.280490749], [-76.130636571, 6.280497606], [-76.130703616, 6.280521114], [-76.130790088, 6.280546347], [-76.13087598, 6.280575074], [-76.13091421, 6.280574845], [-76.130981027, 6.280560099], [-76.13105255, 6.280533371], [-76.131148217, 6.280476977], [-76.131212184, 6.280455073], [-76.131232906, 6.28043698], [-76.131330271, 6.280972438], [-76.131389791, 6.281299771], [-76.131392487, 6.281314598], [-76.131662035, 6.281248081], [-76.131677188, 6.281329027], [-76.131684495, 6.281368066], [-76.131783581, 6.281897385], [-76.13194808, 6.282761796], [-76.132024116, 6.283169711], [-76.132093022, 6.283504028], [-76.132134446, 6.283718007], [-76.132179406, 6.283963924], [-76.132111236, 6.284071924], [-76.131906422, 6.28440491], [-76.13166027, 6.284658491], [-76.131387795, 6.284904587], [-76.131368063, 6.284922408], [-76.131221214, 6.285062162], [-76.13113361, 6.285145533], [-76.131081133, 6.285195475], [-76.131047965, 6.285227041], [-76.13100478, 6.285268139], [-76.130909071, 6.285361897], [-76.130770855, 6.285497295], [-76.130508957, 6.285782673], [-76.130494131, 6.285799294], [-76.130460241, 6.28578057], [-76.130390647, 6.285730778], [-76.130377407, 6.285717687], [-76.130328152, 6.285668988], [-76.130268016, 6.285602403], [-76.130234135, 6.285530877], [-76.130209811, 6.285459295], [-76.130211672, 6.285370819], [-76.130213546, 6.285284734], [-76.130234207, 6.285143546], [-76.130268307, 6.285068746], [-76.1303145, 6.285007808], [-76.130385275, 6.284957603], [-76.130399611, 6.284943991], [-76.130399819, 6.284943794], [-76.130411703, 6.284932511], [-76.130425583, 6.284919333], [-76.130432793, 6.284912488], [-76.13044599, 6.284895777], [-76.130459113, 6.284879161], [-76.130480224, 6.28485243], [-76.130530516, 6.284771435], [-76.130556949, 6.28469656], [-76.13057732, 6.284606778], [-76.13057977, 6.284517104], [-76.130605793, 6.284373492], [-76.130632209, 6.284295628], [-76.130678959, 6.284122005], [-76.130666368, 6.284014489], [-76.13060531, 6.283793694], [-76.130502367, 6.283561194], [-76.130411513, 6.283352531], [-76.130326133, 6.283060154], [-76.130246655, 6.282755786], [-76.130178551, 6.282355712], [-76.130135236, 6.282104924], [-76.130110163, 6.281907822], [-76.130120858, 6.281698551], [-76.130137313, 6.281453382]]], [[[-76.131324179, 6.285761418], [-76.13110227, 6.285702699], [-76.13092711, 6.285753046], [-76.130856198, 6.285784228], [-76.130844976, 6.285785438], [-76.130760652, 6.285812109], [-76.130744807, 6.28581712], [-76.13066125, 6.285829576], [-76.130584732, 6.285820471], [-76.130539947, 6.285815763], [-76.130543419, 6.285811886], [-76.130803575, 6.285528473], [-76.131036007, 6.28530078], [-76.131398598, 6.284955695], [-76.131445185, 6.284913619], [-76.131691823, 6.284690863], [-76.131941723, 6.284433319], [-76.132148957, 6.284096767], [-76.132227193, 6.283972968], [-76.132178743, 6.283709249], [-76.132137306, 6.283495205], [-76.132067816, 6.283161844], [-76.131992384, 6.282753072], [-76.131827928, 6.28188888], [-76.131692898, 6.281167531], [-76.131686922, 6.281135614], [-76.131585871, 6.280591157], [-76.131573635, 6.280525232], [-76.131583881, 6.280428842], [-76.13162609, 6.280280964], [-76.131627425, 6.280276287], [-76.131627679, 6.280275397], [-76.131667497, 6.280189031], [-76.131701206, 6.280141577], [-76.13180534, 6.280075708], [-76.132023251, 6.279947751], [-76.132223413, 6.279830218], [-76.132460594, 6.279690945], [-76.132684876, 6.279564154], [-76.133118625, 6.279315848], [-76.133161029, 6.279291572], [-76.133455861, 6.279121644], [-76.133599942, 6.279038602], [-76.133668465, 6.279001007], [-76.134001443, 6.278863635], [-76.134004929, 6.278862431], [-76.134082544, 6.278835618], [-76.134293155, 6.278762856], [-76.134314576, 6.278755717], [-76.134385192, 6.278732181], [-76.134754525, 6.278609081], [-76.135049185, 6.278512391], [-76.135068241, 6.278506138], [-76.135074767, 6.278539337], [-76.135091305, 6.27860769], [-76.135134313, 6.278612907], [-76.13515942, 6.278610082], [-76.135176646, 6.278602937], [-76.135191729, 6.278591481], [-76.135211858, 6.278564964], [-76.135219765, 6.278555648], [-76.135238424, 6.278549223], [-76.135272862, 6.278542825], [-76.135310165, 6.278538587], [-76.135321962, 6.278537645], [-76.135328051, 6.278537159], [-76.135333368, 6.278536734], [-76.135345313, 6.27853578], [-76.13537832, 6.278527944], [-76.135399124, 6.278525111], [-76.135417655, 6.278520797], [-76.135457243, 6.278511581], [-76.135493104, 6.278511645], [-76.135536858, 6.278509571], [-76.135588505, 6.278505357], [-76.135652356, 6.278494707], [-76.135683284, 6.278490235], [-76.135689127, 6.27848303], [-76.135693738, 6.278474981], [-76.135696997, 6.278466294], [-76.135698819, 6.278457196], [-76.135699157, 6.278447924], [-76.135698003, 6.278438717], [-76.135698117, 6.278432624], [-76.135742787, 6.278455946], [-76.135757751, 6.278462218], [-76.13582248, 6.278489346], [-76.13587241, 6.278503783], [-76.135888747, 6.278508507], [-76.135929192, 6.278513117], [-76.135968897, 6.278508108], [-76.136005696, 6.278499379], [-76.136055955, 6.278494997], [-76.136134031, 6.27849595], [-76.136199657, 6.278494784], [-76.136256812, 6.278493768], [-76.136308945, 6.278490088], [-76.13634804, 6.278487329], [-76.136427797, 6.278468755], [-76.136502842, 6.278435004], [-76.136571144, 6.278414199], [-76.13661956, 6.278386565], [-76.136671554, 6.278353268], [-76.136724728, 6.278337916], [-76.136793319, 6.278314581], [-76.136810646, 6.278308685], [-76.136819121, 6.278306176], [-76.136865929, 6.278292312], [-76.136898381, 6.278278165], [-76.136942223, 6.278252957], [-76.136969073, 6.278237898], [-76.136994518, 6.278223629], [-76.137038973, 6.278208943], [-76.137072272, 6.278204895], [-76.137106654, 6.278206012], [-76.137139107, 6.278211272], [-76.137154914, 6.278221767], [-76.137197725, 6.278245493], [-76.137298071, 6.278294939], [-76.137405416, 6.278309111], [-76.137518718, 6.278358726], [-76.137540298, 6.278338309], [-76.137563046, 6.278316787], [-76.137645901, 6.278248392], [-76.137721942, 6.278185555], [-76.137818194, 6.278113279], [-76.137890847, 6.278054776], [-76.137952572, 6.278010169], [-76.137977957, 6.277991823], [-76.138074085, 6.277928109], [-76.138082341, 6.277924439], [-76.138154339, 6.277892436], [-76.138247476, 6.277827939], [-76.138475672, 6.277803866], [-76.138567984, 6.277720737], [-76.138687013, 6.277700405], [-76.138779808, 6.277739767], [-76.139041154, 6.277732116], [-76.139285868, 6.277701356], [-76.13935993, 6.277691018], [-76.139367736, 6.277689928], [-76.139532068, 6.277678576], [-76.139801412, 6.277629576], [-76.139968449, 6.277599188], [-76.140268543, 6.277545253], [-76.140486725, 6.27750604], [-76.140491763, 6.277505135], [-76.14054163, 6.277490759], [-76.14095722, 6.277370952], [-76.141149495, 6.277338185], [-76.141175266, 6.277333793], [-76.141575564, 6.277280974], [-76.141674171, 6.277261482], [-76.141843597, 6.277227991], [-76.142010316, 6.277180633], [-76.142180396, 6.27713232], [-76.142312349, 6.277111701], [-76.142349984, 6.277100098], [-76.142384698, 6.277100395], [-76.142465798, 6.277087722], [-76.142633818, 6.277085776], [-76.142837819, 6.277083413], [-76.143383413, 6.277237979], [-76.143399604, 6.277242566], [-76.143410597, 6.27724568], [-76.143555153, 6.277285284], [-76.143841837, 6.277363825], [-76.143846893, 6.277365547], [-76.144207565, 6.277488426], [-76.144301635, 6.27749608], [-76.144666497, 6.277525762], [-76.144687724, 6.277527488], [-76.144689918, 6.277322982], [-76.144690353, 6.277282425], [-76.144694881, 6.276860444], [-76.144693093, 6.276559317], [-76.144692768, 6.27650457], [-76.144689792, 6.275944715], [-76.144689389, 6.275868897], [-76.144696995, 6.275239925], [-76.144687539, 6.274963458], [-76.144684169, 6.27457712], [-76.144694904, 6.274395766], [-76.144694249, 6.274329511], [-76.144722205, 6.274323017], [-76.144808178, 6.274315327], [-76.144883491, 6.274323244], [-76.144968405, 6.274338274], [-76.145008724, 6.274338083], [-76.145093409, 6.274337311], [-76.145094872, 6.274336849], [-76.145149896, 6.2743195], [-76.145157836, 6.274308486], [-76.145174842, 6.274284898], [-76.145189301, 6.274228062], [-76.145216374, 6.27417048], [-76.145249256, 6.274124445], [-76.145271057, 6.274088906], [-76.145291567, 6.274055471], [-76.145364869, 6.273966534], [-76.14543453, 6.273913476], [-76.14553245, 6.273867919], [-76.145610626, 6.273838203], [-76.145702536, 6.273808313], [-76.145834874, 6.273772265], [-76.145919585, 6.273731105], [-76.14598943, 6.27369067], [-76.146053456, 6.27364093], [-76.1461584, 6.273593467], [-76.146245911, 6.273552602], [-76.146333716, 6.273473872], [-76.14638761, 6.273409728], [-76.146396258, 6.273399436], [-76.146448113, 6.273328851], [-76.146491801, 6.27326214], [-76.146515916, 6.273161235], [-76.146600422, 6.2731437], [-76.146641919, 6.273125384], [-76.14671879, 6.273097916], [-76.146789029, 6.273070148], [-76.146871981, 6.273042584], [-76.146904524, 6.27302936], [-76.146940631, 6.273008981], [-76.146998443, 6.272977348], [-76.147056361, 6.272952488], [-76.147105357, 6.272924863], [-76.147126455, 6.27287934], [-76.147135061, 6.272841056], [-76.147147192, 6.272802796], [-76.14717753, 6.272748927], [-76.147223491, 6.272684995], [-76.147267763, 6.272609804], [-76.147310728, 6.272548425], [-76.147369386, 6.272488486], [-76.147399999, 6.272458323], [-76.14742906, 6.272441941], [-76.147443296, 6.272433916], [-76.147474822, 6.272433421], [-76.147500788, 6.272435057], [-76.147528112, 6.27243535], [-76.147546274, 6.272430039], [-76.147569617, 6.272417712], [-76.147596718, 6.272385355], [-76.147634002, 6.272348596], [-76.147680761, 6.272333562], [-76.147728307, 6.27232286], [-76.147769773, 6.272312263], [-76.147787684, 6.27230555], [-76.147833416, 6.272330758], [-76.147914974, 6.272344555], [-76.147979335, 6.272355293], [-76.148046972, 6.272357429], [-76.148063819, 6.27235381], [-76.148091545, 6.272347853], [-76.148125679, 6.272336653], [-76.148152444, 6.27232787], [-76.148189949, 6.272308696], [-76.148220992, 6.272286677], [-76.148244368, 6.272270096], [-76.148254816, 6.272257551], [-76.14827674, 6.27223123], [-76.14831113, 6.272190496], [-76.148312258, 6.272188506], [-76.148349782, 6.272211929], [-76.148401943, 6.272249236], [-76.148456751, 6.272276051], [-76.148516204, 6.272302612], [-76.148576361, 6.27232467], [-76.148636423, 6.27233909], [-76.148725277, 6.272351345], [-76.148775312, 6.272356233], [-76.148780428, 6.272355819], [-76.148876223, 6.272348065], [-76.149098893, 6.272326923], [-76.149717007, 6.272268234], [-76.150309286, 6.272189384], [-76.151169223, 6.272119039], [-76.152191678, 6.272057614], [-76.153835158, 6.271936349], [-76.153880048, 6.271932207], [-76.153862393, 6.272071187], [-76.153815196, 6.27222081], [-76.153708429, 6.272412511], [-76.153542328, 6.272706064], [-76.153347835, 6.272920231], [-76.153205, 6.273054692], [-76.153071909, 6.273236935], [-76.15294902, 6.273581725], [-76.152892357, 6.2737541], [-76.152797688, 6.27398401], [-76.152731539, 6.274175551], [-76.152703813, 6.27441476], [-76.152704721, 6.274644289], [-76.152724897, 6.274912001], [-76.152773782, 6.275189162], [-76.152784401, 6.275456909], [-76.1527467, 6.275590954], [-76.152613534, 6.27575407], [-76.152528573, 6.276022197], [-76.15241547, 6.276424331], [-76.152369649, 6.276921838], [-76.152362288, 6.277476576], [-76.152315482, 6.277725424], [-76.152259915, 6.278175151], [-76.152155177, 6.278601532], [-76.151942602, 6.279174193], [-76.151795664, 6.279480823], [-76.151648727, 6.27978745], [-76.151440569, 6.280323856], [-76.151117942, 6.280918099], [-76.150661166, 6.281426796], [-76.150335194, 6.281591499], [-76.150279603, 6.281619587], [-76.149955276, 6.281783455], [-76.149889389, 6.282041943], [-76.149746775, 6.282233787], [-76.149641674, 6.282243768], [-76.149468692, 6.282401619], [-76.149328324, 6.282555843], [-76.149135416, 6.282672975], [-76.149072858, 6.282715066], [-76.149009521, 6.28273859], [-76.148983383, 6.282748297], [-76.148911697, 6.282748581], [-76.148842953, 6.282736899], [-76.148783109, 6.282710237], [-76.148776869, 6.282683243], [-76.148769034, 6.28266594], [-76.148758252, 6.282658212], [-76.148737326, 6.282654109], [-76.148683249, 6.2826572], [-76.148615608, 6.282651125], [-76.148597017, 6.282647918], [-76.14853893, 6.28263756], [-76.148502865, 6.282639476], [-76.148468052, 6.282650513], [-76.148400872, 6.282678322], [-76.148322909, 6.282685518], [-76.148229278, 6.282695453], [-76.148173841, 6.282695673], [-76.14803271, 6.282656743], [-76.147980528, 6.282635229], [-76.147882894, 6.282599271], [-76.147812097, 6.282582337], [-76.147729793, 6.282555884], [-76.147587806, 6.28252924], [-76.147526285, 6.282526203], [-76.147455434, 6.282536752], [-76.147411695, 6.282557276], [-76.147396795, 6.282568252], [-76.147376043, 6.28258191], [-76.147352702, 6.282585626], [-76.147325738, 6.282569797], [-76.147298263, 6.282571101], [-76.147248175, 6.282594014], [-76.14720205, 6.282635364], [-76.147152793, 6.282644603], [-76.147109834, 6.282657923], [-76.147075219, 6.282666428], [-76.147038257, 6.282685702], [-76.147010849, 6.282703742], [-76.146977679, 6.282760116], [-76.146948601, 6.282793891], [-76.146911643, 6.28281436], [-76.146840015, 6.282828989], [-76.14675636, 6.282823345], [-76.146681062, 6.282816468], [-76.1465764, 6.282816642], [-76.146507095, 6.282814527], [-76.146464075, 6.282812307], [-76.146348648, 6.282809176], [-76.146304443, 6.282809351], [-76.146238049, 6.28281218], [-76.146216796, 6.282873551], [-76.146215748, 6.282876574], [-76.14620309, 6.282913127], [-76.146202733, 6.282914163], [-76.146067016, 6.283192333], [-76.145977223, 6.283279949], [-76.145958825, 6.283288281], [-76.145850791, 6.28333721], [-76.145542676, 6.283275693], [-76.145420648, 6.283269527], [-76.145283783, 6.283329688], [-76.145142197, 6.283412519], [-76.145005944, 6.283529472], [-76.144652274, 6.283633397], [-76.144615585, 6.283644178], [-76.144509016, 6.283675492], [-76.144490698, 6.283680876], [-76.144488825, 6.283681426], [-76.144486306, 6.283682168], [-76.144480098, 6.283676548], [-76.141344768, 6.282396018], [-76.140098692, 6.282996845], [-76.139764731, 6.283329225], [-76.138650193, 6.283726479], [-76.137958924, 6.284064681], [-76.137830724, 6.284119014], [-76.137826658, 6.28410079], [-76.137746433, 6.283894113], [-76.137205226, 6.284108479], [-76.136593533, 6.284359462], [-76.13637124, 6.28445067], [-76.135704411, 6.284716173], [-76.135707276, 6.284720211], [-76.135506168, 6.284816363], [-76.13550691, 6.284822332], [-76.135498223, 6.284825902], [-76.135374788, 6.284876645], [-76.131706196, 6.286384726], [-76.131719192, 6.286328319], [-76.131733428, 6.286211676], [-76.131714792, 6.286092241], [-76.131684424, 6.286008741], [-76.131624277, 6.285940362], [-76.131486314, 6.285845552], [-76.131393043, 6.285804888], [-76.131324179, 6.285761418]]]]}}, {"type": "Feature", "properties": {"Proyecto": "Puente El Volcan", "Municipio": "Urrao", "sector": "R", "Matricula": "035-5624", "terreno_co": "058470001000000220011000000000", "Propietari": null, "ABS": null, "Area_Total": 0.0, "Area_Req": 0.0, "Area_Rem": 0.0, "AreaSobran": 0.0, "Shape_Leng": 0.0, "Shape_Area": 37450.9768607}, "geometry": {"type": "MultiPolygon", "coordinates": [[[[-76.129305599, 6.279577545], [-76.130341573, 6.279558883], [-76.130316323, 6.279624202], [-76.130270578, 6.2797533], [-76.130040742, 6.280272425], [-76.129959681, 6.280502439], [-76.129917723, 6.280678425], [-76.129893491, 6.280822025], [-76.129904455, 6.281019382], [-76.129900799, 6.281044624], [-76.12983503, 6.281498667], [-76.129805934, 6.281723931], [-76.129782612, 6.281819709], [-76.129759276, 6.281913094], [-76.12975733, 6.281987225], [-76.129767273, 6.282051721], [-76.12979865, 6.282104133], [-76.129830155, 6.282178064], [-76.129852031, 6.282240097], [-76.129864479, 6.282323706], [-76.129877255, 6.282462303], [-76.129885151, 6.282584193], [-76.129902463, 6.282682118], [-76.129910318, 6.282796836], [-76.12991358, 6.282942664], [-76.129911677, 6.283023966], [-76.129928889, 6.283105155], [-76.129962854, 6.283191025], [-76.130059274, 6.283331513], [-76.130139011, 6.283479273], [-76.13020461, 6.283660591], [-76.130262842, 6.28380848], [-76.130289756, 6.28391352], [-76.130316854, 6.284049641], [-76.130336842, 6.284195368], [-76.130330446, 6.284324517], [-76.130300342, 6.28448489], [-76.130293276, 6.284517217], [-76.13027941, 6.284580653], [-76.130241677, 6.284664083], [-76.130192013, 6.284751476], [-76.130176467, 6.284778832], [-76.130169222, 6.284791581], [-76.13016142, 6.284805309], [-76.130117342, 6.284882873], [-76.130091454, 6.284917694], [-76.129986298, 6.285059139], [-76.129884355, 6.285191353], [-76.129811916, 6.285382034], [-76.129809352, 6.285411534], [-76.12972005, 6.285278631], [-76.129628196, 6.285137673], [-76.129583102, 6.285065837], [-76.129557843, 6.285006628], [-76.129534068, 6.284941652], [-76.129516643, 6.284887405], [-76.129515967, 6.2848853], [-76.129503137, 6.284836707], [-76.129498331, 6.284818505], [-76.129490058, 6.284753024], [-76.129487438, 6.284720602], [-76.1294834, 6.284670643], [-76.129478764, 6.284613291], [-76.129476678, 6.284587482], [-76.129476169, 6.28457546], [-76.12946725, 6.284364905], [-76.129443203, 6.283713986], [-76.129430433, 6.283305529], [-76.12942845, 6.283242106], [-76.129415536, 6.282874734], [-76.129402719, 6.28253054], [-76.129394582, 6.282282472], [-76.12938324, 6.281948384], [-76.129366559, 6.2813514], [-76.129349207, 6.280949609], [-76.129335794, 6.280557495], [-76.129331411, 6.280429342], [-76.129321372, 6.280062177], [-76.129320564, 6.280037029], [-76.129306665, 6.279604253], [-76.129305599, 6.279577545]]], [[[-76.119695681, 6.286376147], [-76.11969484, 6.286313613], [-76.11964065, 6.286242208], [-76.119571888, 6.286131439], [-76.119524417, 6.285984679], [-76.119477118, 6.285866609], [-76.119458642, 6.285773472], [-76.119461627, 6.285673034], [-76.119475194, 6.285543841], [-76.119485368, 6.285446947], [-76.119470283, 6.285321511], [-76.119426996, 6.285275147], [-76.119372656, 6.285178637], [-76.11936449, 6.285011318], [-76.119354338, 6.284813818], [-76.119431443, 6.284727935], [-76.119538693, 6.284655785], [-76.119622003, 6.284571774], [-76.119800708, 6.284439571], [-76.12035765, 6.284211279], [-76.120643989, 6.284106151], [-76.120840915, 6.284051582], [-76.120865531, 6.283929544], [-76.120900449, 6.283692695], [-76.120949748, 6.28346655], [-76.120990915, 6.28326332], [-76.121038288, 6.28315554], [-76.121145258, 6.283011661], [-76.121432229, 6.282574571], [-76.121673676, 6.282233145], [-76.121677045, 6.28209443], [-76.121712152, 6.282091061], [-76.121907865, 6.282028328], [-76.122017175, 6.281971468], [-76.122114509, 6.281905234], [-76.122124338, 6.281898546], [-76.122209469, 6.281856361], [-76.122290998, 6.281832478], [-76.122453894, 6.281773102], [-76.12256506, 6.281744807], [-76.122685266, 6.281733272], [-76.122772039, 6.281732345], [-76.122864455, 6.281743563], [-76.122988525, 6.281767706], [-76.123032272, 6.281776219], [-76.123101082, 6.281790221], [-76.123252358, 6.281821004], [-76.123356602, 6.281851446], [-76.123533181, 6.281886054], [-76.12365325, 6.281910323], [-76.123810324, 6.281905497], [-76.123914933, 6.281902282], [-76.124096439, 6.281900127], [-76.124134038, 6.28189968], [-76.124284378, 6.28193819], [-76.124403295, 6.281990341], [-76.124534735, 6.282066962], [-76.12466374, 6.282156318], [-76.124783585, 6.282233992], [-76.124867812, 6.282276541], [-76.125104271, 6.282365948], [-76.125311385, 6.282433276], [-76.125462486, 6.282501254], [-76.125614742, 6.282569232], [-76.125781061, 6.282631514], [-76.125970785, 6.282686993], [-76.126112924, 6.282714014], [-76.126244476, 6.282749098], [-76.126386357, 6.282804138], [-76.126494389, 6.282858871], [-76.126625534, 6.282939507], [-76.126830346, 6.283090879], [-76.126929708, 6.283168382], [-76.127033666, 6.283257709], [-76.127120883, 6.283346626], [-76.127124643, 6.283350458], [-76.127230247, 6.283453351], [-76.127306899, 6.283502955], [-76.127384349, 6.283530772], [-76.127542347, 6.283537532], [-76.127690131, 6.283515866], [-76.127806892, 6.283466731], [-76.127885142, 6.283431422], [-76.12797005, 6.28337844], [-76.128027874, 6.283351782], [-76.128072858, 6.283349242], [-76.128114122, 6.283365899], [-76.128146139, 6.283389582], [-76.128174843, 6.283420637], [-76.128199445, 6.283447209], [-76.128228449, 6.283477966], [-76.12825596, 6.283509606], [-76.128285099, 6.283525264], [-76.12832382, 6.283528879], [-76.128357223, 6.283530964], [-76.128392015, 6.283543126], [-76.128445414, 6.283575454], [-76.128465122, 6.283589414], [-76.128488868, 6.283599268], [-76.12851536, 6.283599505], [-76.128543658, 6.28359651], [-76.128583412, 6.283603254], [-76.128606131, 6.283612056], [-76.128632479, 6.283627701], [-76.128652044, 6.283640919], [-76.128656583, 6.283644046], [-76.128679696, 6.283659992], [-76.128695599, 6.283669325], [-76.128756216, 6.283712002], [-76.128768823, 6.283719382], [-76.128862622, 6.283702439], [-76.128934214, 6.28367825], [-76.129005783, 6.28364808], [-76.12912526, 6.283647612], [-76.129232859, 6.283665125], [-76.129315111, 6.283655538], [-76.129332946, 6.283655529], [-76.129334889, 6.283717684], [-76.129358958, 6.284369204], [-76.129368488, 6.284594151], [-76.129382231, 6.284764201], [-76.129391714, 6.284839245], [-76.129411916, 6.284915761], [-76.129431554, 6.284976898], [-76.129457053, 6.285046583], [-76.129486783, 6.285116274], [-76.129536911, 6.285196132], [-76.129585859, 6.285271246], [-76.129629685, 6.285338502], [-76.129721269, 6.285474799], [-76.129792343, 6.285596026], [-76.129853961, 6.28570571], [-76.129892658, 6.285800765], [-76.129897497, 6.285825762], [-76.129906947, 6.28587457], [-76.129907453, 6.285888313], [-76.129911513, 6.285998421], [-76.129900963, 6.286190757], [-76.129886823, 6.286401678], [-76.129884113, 6.286442106], [-76.129880485, 6.286496225], [-76.1298738, 6.286595934], [-76.129807218, 6.286545516], [-76.129754898, 6.286511298], [-76.129688486, 6.286481017], [-76.129592897, 6.286454678], [-76.129563837, 6.286449809], [-76.129480669, 6.286435875], [-76.12937648, 6.286447578], [-76.129276524, 6.286458806], [-76.129201493, 6.286462249], [-76.129115363, 6.286451994], [-76.129036486, 6.286422892], [-76.128982434, 6.286392848], [-76.128917216, 6.286356782], [-76.128813636, 6.286317408], [-76.128721101, 6.286296454], [-76.128651778, 6.286295461], [-76.128604179, 6.286294778], [-76.128458733, 6.286350615], [-76.128385385, 6.286378773], [-76.128344732, 6.286409141], [-76.128318519, 6.286428723], [-76.128251494, 6.286496899], [-76.128195955, 6.286593407], [-76.128159864, 6.286684215], [-76.128130618, 6.286796845], [-76.128116255, 6.286889023], [-76.128102357, 6.28699415], [-76.128092714, 6.287032718], [-76.128084491, 6.287059733], [-76.126458798, 6.287010046], [-76.125830399, 6.286988329], [-76.125318383, 6.286972477], [-76.121714166, 6.286860882], [-76.120350419, 6.286859704], [-76.120161959, 6.286752261], [-76.119553538, 6.286692319], [-76.119553325, 6.286637756], [-76.119624223, 6.28655403], [-76.119690588, 6.286482201], [-76.119695681, 6.286376147]]]]}}, {"type": "Feature", "properties": {"Proyecto": "PAP El Tres - San Pedro", "Municipio": "Turbo", "sector": "R", "Matricula": "034-13299", "terreno_co": "058370010000000190062000000000", "Propietari": null, "ABS": null, "Area_Total": 0.0, "Area_Req": 0.0, "Area_Rem": 0.0, "AreaSobran": 0.0, "Shape_Leng": 0.0, "Shape_Area": 0.0}, "geometry": {"type": "Polygon", "coordinates": [[[-76.608402679, 8.110238299], [-76.608262599, 8.110261939], [-76.608172593, 8.110272971], [-76.608164556, 8.110274095], [-76.607851761, 8.110317819], [-76.607907106, 8.109635516], [-76.608289679, 8.109718593], [-76.608597358, 8.109771524], [-76.608790774, 8.109789273], [-76.608808155, 8.109964536], [-76.608773074, 8.110276513], [-76.608627018, 8.1102007], [-76.608421646, 8.11023512], [-76.608402679, 8.110238299]]]}}, {"type": "Feature", "properties": {"Proyecto": "PAP El Tres - San Pedro", "Municipio": "Turbo", "sector": "R", "Matricula": "034-3534", "terreno_co": "058370010000000190032000000000", "Propietari": null, "ABS": null, "Area_Total": 0.0, "Area_Req": 0.0, "Area_Rem": 0.0, "AreaSobran": 0.0, "Shape_Leng": 0.0, "Shape_Area": 2912841.21767}, "geometry": {"type": "MultiPolygon", "coordinates": [[[[-76.600498965, 8.110282473], [-76.600404977, 8.109962623], [-76.600424209, 8.109661716], [-76.600311549, 8.10917257], [-76.600169264, 8.109044652], [-76.600120484, 8.108987969], [-76.599982866, 8.108893035], [-76.599838678, 8.108807897], [-76.599704224, 8.108811007], [-76.599582867, 8.108830471], [-76.599454893, 8.108898947], [-76.599451124, 8.108901742], [-76.59937792, 8.108663648], [-76.599454892, 8.107422402], [-76.599417751, 8.106914538], [-76.59917307, 8.106350006], [-76.598890464, 8.105935892], [-76.598792823, 8.105948872], [-76.597581919, 8.106289227], [-76.596392616, 8.106472144], [-76.595758376, 8.106524055], [-76.59377819, 8.105178715], [-76.593197244, 8.104862025], [-76.592589811, 8.104597969], [-76.592220354, 8.104202533], [-76.592115008, 8.103912746], [-76.592221086, 8.103596879], [-76.59261773, 8.103360359], [-76.592935102, 8.103123744], [-76.592459727, 8.102912512], [-76.592089825, 8.102885735], [-76.591667363, 8.102621899], [-76.591456515, 8.102173987], [-76.591272058, 8.10175244], [-76.59100798, 8.101620459], [-76.590717702, 8.101304115], [-76.590295498, 8.100829616], [-76.589820575, 8.100249722], [-76.590404984, 8.099881765], [-76.5909125, 8.099639357], [-76.592144479, 8.099050915], [-76.592164757, 8.09904123], [-76.592426205, 8.099199866], [-76.593149953, 8.099639007], [-76.594028439, 8.100381589], [-76.595163782, 8.101286268], [-76.597551978, 8.101005977], [-76.597606464, 8.100695945], [-76.597701457, 8.100453374], [-76.597971678, 8.099399245], [-76.597974382, 8.099388699], [-76.598059127, 8.098595448], [-76.598433611, 8.097851262], [-76.598753871, 8.097895976], [-76.599285233, 8.098080869], [-76.599801224, 8.09823503], [-76.600178532, 8.098396707], [-76.600521493, 8.098461209], [-76.600548246, 8.098466241], [-76.600931624, 8.098510783], [-76.600948803, 8.098512779], [-76.601310723, 8.09865908], [-76.601634168, 8.098766947], [-76.601875471, 8.098794562], [-76.601973102, 8.098805734], [-76.60231985, 8.09890911], [-76.602415085, 8.099016137], [-76.602658918, 8.099278441], [-76.602940289, 8.099559506], [-76.603071374, 8.099877827], [-76.603164788, 8.100289681], [-76.603164456, 8.100570415], [-76.603164147, 8.100832434], [-76.603201332, 8.101150644], [-76.603220458, 8.101137743], [-76.603220351, 8.10122838], [-76.604642049, 8.100245826], [-76.604755795, 8.100120174], [-76.604780105, 8.100104414], [-76.60451835, 8.099112178], [-76.605194545, 8.09901939], [-76.605494302, 8.099637356], [-76.605775982, 8.099656401], [-76.606188992, 8.099787892], [-76.606564355, 8.099994201], [-76.607390135, 8.100463053], [-76.607634059, 8.100650493], [-76.607745919, 8.100710687], [-76.607878048, 8.100781786], [-76.607903679, 8.100822761], [-76.607971775, 8.100931621], [-76.60799858, 8.100962516], [-76.608459405, 8.101493657], [-76.608158593, 8.101774043], [-76.607669715, 8.102278799], [-76.607331187, 8.102690149], [-76.607124231, 8.103008075], [-76.607011199, 8.103307395], [-76.606916947, 8.103606736], [-76.606898034, 8.103719008], [-76.606916683, 8.103831323], [-76.606939275, 8.103944582], [-76.606954025, 8.104018524], [-76.606878618, 8.10426174], [-76.606840772, 8.104504999], [-76.606840509, 8.104729587], [-76.606896565, 8.104972956], [-76.607103041, 8.105066775], [-76.607422285, 8.105085862], [-76.607816761, 8.105011457], [-76.608004741, 8.10486195], [-76.608418041, 8.104750135], [-76.608624735, 8.104656797], [-76.608756264, 8.104600803], [-76.608850166, 8.104600912], [-76.608981562, 8.104657211], [-76.609094158, 8.104732204], [-76.609281875, 8.104807284], [-76.609450854, 8.104844912], [-76.609601098, 8.104845085], [-76.609695, 8.104845194], [-76.609826485, 8.10482663], [-76.609825835, 8.104822601], [-76.609790719, 8.104604835], [-76.609776403, 8.104491071], [-76.609750563, 8.104285729], [-76.609808598, 8.104059267], [-76.609866565, 8.103955568], [-76.609863925, 8.103896159], [-76.609878585, 8.103758909], [-76.609886011, 8.103607202], [-76.609920579, 8.10348374], [-76.609965041, 8.103442936], [-76.610249662, 8.103446854], [-76.610230188, 8.103706649], [-76.610182383, 8.104344449], [-76.610257544, 8.104349478], [-76.611581761, 8.104438097], [-76.611650933, 8.104833709], [-76.611651334, 8.104839954], [-76.611654465, 8.104888672], [-76.611735269, 8.10584563], [-76.611838191, 8.10636157], [-76.611985434, 8.106918089], [-76.612022219, 8.107080245], [-76.612025566, 8.107382372], [-76.611973582, 8.107573903], [-76.61188461, 8.107780129], [-76.611762419, 8.107938418], [-76.611577379, 8.108092951], [-76.611321967, 8.108354251], [-76.611252078, 8.108402884], [-76.610831177, 8.108785356], [-76.610507164, 8.109045135], [-76.610166435, 8.109313218], [-76.609840298, 8.109604213], [-76.609639041, 8.109917398], [-76.609422263, 8.110152974], [-76.609274123, 8.110242328], [-76.609094565, 8.110293636], [-76.608922112, 8.110330559], [-76.608773074, 8.110276513], [-76.608808155, 8.109964536], [-76.608790774, 8.109789273], [-76.608597358, 8.109771524], [-76.608289679, 8.109718593], [-76.607929275, 8.109639315], [-76.607907106, 8.109635516], [-76.607568851, 8.109577562], [-76.607419387, 8.109568626], [-76.607217159, 8.109568391], [-76.60705008, 8.109585719], [-76.606751121, 8.109594134], [-76.606566477, 8.109593918], [-76.606381874, 8.109558656], [-76.606056611, 8.109505702], [-76.60578401, 8.109531671], [-76.605133319, 8.10956596], [-76.604807963, 8.109591865], [-76.604640894, 8.109600432], [-76.604130945, 8.109582311], [-76.603744093, 8.109564334], [-76.603278046, 8.109598835], [-76.602838427, 8.109589557], [-76.602328438, 8.109606482], [-76.602099821, 8.109614976], [-76.602003019, 8.109684959], [-76.601985371, 8.109737511], [-76.601941305, 8.109825081], [-76.601862047, 8.109930133], [-76.601791644, 8.109982623], [-76.601659683, 8.110043802], [-76.601510136, 8.110104962], [-76.60150133, 8.110119892], [-76.601499481, 8.110095571], [-76.60123503, 8.11028334], [-76.601027265, 8.110414752], [-76.600835018, 8.110424609], [-76.600668648, 8.110433138], [-76.600498965, 8.110282473]]], [[[-76.603132605, 8.117163044], [-76.602945516, 8.116518029], [-76.602842016, 8.115789913], [-76.602947018, 8.115249239], [-76.602885336, 8.114458773], [-76.6026774, 8.113792934], [-76.60215727, 8.112377933], [-76.602116092, 8.111899488], [-76.602074496, 8.111774639], [-76.601699414, 8.111254203], [-76.601707826, 8.111252183], [-76.601729044, 8.111227572], [-76.601933362, 8.111000548], [-76.602137708, 8.110749601], [-76.602330039, 8.110510601], [-76.602486216, 8.110391171], [-76.602762438, 8.110259921], [-76.602780819, 8.110275458], [-76.602843134, 8.110265183], [-76.602932581, 8.110273154], [-76.603100942, 8.11029695], [-76.603227209, 8.110318074], [-76.603332424, 8.110341796], [-76.603456029, 8.110389136], [-76.603563823, 8.110457433], [-76.603647931, 8.110530947], [-76.603742544, 8.110620206], [-76.603805604, 8.110693694], [-76.603889702, 8.110775075], [-76.603965929, 8.11083809], [-76.604029031, 8.110874873], [-76.60411057, 8.110895943], [-76.604178961, 8.110911756], [-76.604386689, 8.1110195], [-76.604515541, 8.111079957], [-76.604625966, 8.111148257], [-76.604736423, 8.111190337], [-76.604854803, 8.111206208], [-76.604931107, 8.111203675], [-76.604999534, 8.111188023], [-76.605115349, 8.111148829], [-76.605225921, 8.111091275], [-76.605310181, 8.111036311], [-76.605397118, 8.110942022], [-76.605499865, 8.110826776], [-76.60558688, 8.110735616], [-76.605795922, 8.110569361], [-76.605983992, 8.110475927], [-76.606192898, 8.11042414], [-76.606401806, 8.110372353], [-76.606662946, 8.110299815], [-76.606777836, 8.110279136], [-76.607143352, 8.110248343], [-76.607572217, 8.110393919], [-76.607902246, 8.110395693], [-76.608256895, 8.110345687], [-76.60858467, 8.110293937], [-76.608761555, 8.110352112], [-76.608928907, 8.110419906], [-76.609174301, 8.110387787], [-76.609451689, 8.110256042], [-76.609676735, 8.11003858], [-76.609880197, 8.109744769], [-76.609988052, 8.109561697], [-76.610125152, 8.109458111], [-76.610186781, 8.109519671], [-76.610254078, 8.109568224], [-76.610362483, 8.109661571], [-76.610482185, 8.109695271], [-76.61057946, 8.10970657], [-76.610852603, 8.109718072], [-76.611035197, 8.109718283], [-76.611177238, 8.109587924], [-76.611237503, 8.10937269], [-76.611189755, 8.109145369], [-76.611022007, 8.108893987], [-76.610913566, 8.108810661], [-76.611332779, 8.108463346], [-76.611594965, 8.108230769], [-76.611790386, 8.108051194], [-76.611908854, 8.107915743], [-76.612009586, 8.10777143], [-76.612083721, 8.107606452], [-76.612140166, 8.107393558], [-76.612136853, 8.107061955], [-76.612077996, 8.106803977], [-76.61196019, 8.106369079], [-76.611838786, 8.105849434], [-76.611758316, 8.105101402], [-76.611731186, 8.104880947], [-76.611726854, 8.104845744], [-76.613397109, 8.105164127], [-76.613915021, 8.105298954], [-76.613812102, 8.105492148], [-76.613780999, 8.105630874], [-76.613857857, 8.106062665], [-76.613888692, 8.106155208], [-76.614074296, 8.106201675], [-76.614213501, 8.106232671], [-76.614368126, 8.106309937], [-76.614538187, 8.106418057], [-76.614599983, 8.106495218], [-76.614708069, 8.106680358], [-76.614800189, 8.10680689], [-76.614831645, 8.106850097], [-76.614955238, 8.107004418], [-76.615094285, 8.107174174], [-76.615248732, 8.107405621], [-76.615465083, 8.107621719], [-76.61565051, 8.107822364], [-76.615866826, 8.108069298], [-76.615974788, 8.108362363], [-76.616035859, 8.109071659], [-76.616112897, 8.10934927], [-76.616130929, 8.109395637], [-76.616026465, 8.109416334], [-76.615845534, 8.109528736], [-76.615618988, 8.11000144], [-76.615460501, 8.110249001], [-76.615369866, 8.110451595], [-76.615279206, 8.110676711], [-76.61521112, 8.110924376], [-76.615142904, 8.111284649], [-76.614961687, 8.111644794], [-76.614780469, 8.112004938], [-76.614554024, 8.112387553], [-76.614418214, 8.112567573], [-76.614282351, 8.112792637], [-76.614033435, 8.113062615], [-76.613829771, 8.113287602], [-76.613716613, 8.113422604], [-76.613535446, 8.113737703], [-76.613354355, 8.113985237], [-76.613195918, 8.114187753], [-76.612833972, 8.114480123], [-76.612652854, 8.114750178], [-76.612562243, 8.11493025], [-76.612562061, 8.115087903], [-76.6125618, 8.115313122], [-76.612584061, 8.115605934], [-76.612493268, 8.115943659], [-76.612334697, 8.116258784], [-76.612285075, 8.116299897], [-76.612135144, 8.116326883], [-76.61199108, 8.116350639], [-76.611582948, 8.116374092], [-76.611294875, 8.116373759], [-76.610886743, 8.116397211], [-76.610622648, 8.116420827], [-76.610214489, 8.116468201], [-76.609902299, 8.116563531], [-76.609590136, 8.116634937], [-76.609157969, 8.116682281], [-76.608534034, 8.116490176], [-76.608294057, 8.116418128], [-76.608005983, 8.116417794], [-76.60771791, 8.116417458], [-76.607429726, 8.116512814], [-76.607069521, 8.116608085], [-76.606805342, 8.116703467], [-76.606613209, 8.116775011], [-76.606325023, 8.116870366], [-76.606132917, 8.116917987], [-76.606058075, 8.1169179], [-76.606059478, 8.116942134], [-76.606048629, 8.116937485], [-76.605805367, 8.116885242], [-76.605492545, 8.116867558], [-76.605197142, 8.116815253], [-76.60483222, 8.116762866], [-76.604432496, 8.116745078], [-76.604119551, 8.116831309], [-76.603910784, 8.117004263], [-76.603597532, 8.117350289], [-76.603423709, 8.117367405], [-76.603232445, 8.117436459], [-76.603212803, 8.11744035], [-76.603132605, 8.117163044]]]]}}, {"type": "Feature", "properties": {"Proyecto": "Puente San Fermín - Briceño", "Municipio": "Briceño", "sector": "R", "Matricula": "N/A", "terreno_co": "051070001000000070012000000000", "Propietari": null, "ABS": null, "Area_Total": 0.0, "Area_Req": 0.0, "Area_Rem": 0.0, "AreaSobran": 0.0, "Shape_Leng": 0.0, "Shape_Area": 0.0}, "geometry": {"type": "Polygon", "coordinates": [[[-75.505319852, 7.098473851], [-75.505416113, 7.098409603], [-75.505599308, 7.098287333], [-75.505691849, 7.098156803], [-75.505782805, 7.09802851], [-75.505989569, 7.097907492], [-75.506305559, 7.097774775], [-75.506535321, 7.097653712], [-75.506615508, 7.097492732], [-75.506730106, 7.097285736], [-75.506885097, 7.097153329], [-75.506982578, 7.097015292], [-75.507154786, 7.096865621], [-75.507292394, 7.096664323], [-75.507355242, 7.096457427], [-75.507429422, 7.096164353], [-75.507618879, 7.096014649], [-75.507843058, 7.095979753], [-75.507998618, 7.096140276], [-75.508159938, 7.096306532], [-75.508527876, 7.0962771], [-75.508570619, 7.09624008], [-75.509085894, 7.096419613], [-75.509885733, 7.096728222], [-75.510568514, 7.097096048], [-75.510329526, 7.097267272], [-75.510031324, 7.097675657], [-75.509876736, 7.098014837], [-75.509785476, 7.0983941], [-75.509550097, 7.098584101], [-75.509182359, 7.098716921], [-75.508751627, 7.098981968], [-75.508642938, 7.099269365], [-75.508470964, 7.099539655], [-75.508201298, 7.099838852], [-75.50781017, 7.100079394], [-75.507709959, 7.100142982], [-75.507697129, 7.100045439], [-75.507680962, 7.099952173], [-75.507652969, 7.09989287], [-75.507611396, 7.099832597], [-75.507560585, 7.099801581], [-75.507452204, 7.099744798], [-75.507339773, 7.099711507], [-75.507246233, 7.099695845], [-75.507145233, 7.099652061], [-75.506962171, 7.099591509], [-75.506759706, 7.099514897], [-75.506664402, 7.099462737], [-75.50656495, 7.099415815], [-75.506458804, 7.09938614], [-75.506335505, 7.099370639], [-75.506208147, 7.099376542], [-75.506064677, 7.099396092], [-75.505774801, 7.099471716], [-75.505621516, 7.099510616], [-75.505510353, 7.099518519], [-75.50543043, 7.099510605], [-75.505356187, 7.099491188], [-75.505325236, 7.099468434], [-75.505299261, 7.099445504], [-75.505243034, 7.099395867], [-75.505071506, 7.09925054], [-75.504878118, 7.099161401], [-75.504877992, 7.099161354], [-75.504833476, 7.099140848], [-75.504673997, 7.099023271], [-75.504671827, 7.098973556], [-75.504751766, 7.098927015], [-75.504883063, 7.098824134], [-75.50488306, 7.098824049], [-75.504935462, 7.098783127], [-75.505319852, 7.098473851]]]}}, {"type": "Feature", "properties": {"Proyecto": "Puente La Loma Urrao", "Municipio": "Urrao", "sector": "R", "Matricula": "035-5037", "terreno_co": "058470001000000470018000000000", "Propietari": null, "ABS": null, "Area_Total": 0.0, "Area_Req": 0.0, "Area_Rem": 0.0, "AreaSobran": 0.0, "Shape_Leng": 0.0, "Shape_Area": 0.0}, "geometry": {"type": "Polygon", "coordinates": [[[-76.206445172, 6.370918537], [-76.206439165, 6.370884239], [-76.206445161, 6.370781488], [-76.206453947, 6.370760927], [-76.206483033, 6.370692869], [-76.206530308, 6.370565956], [-76.206546613, 6.370463081], [-76.20659144, 6.370321833], [-76.206634061, 6.37022602], [-76.206705301, 6.37015228], [-76.20673728, 6.370131697], [-76.206755463, 6.370119863], [-76.206756638, 6.370124162], [-76.206759995, 6.370141487], [-76.206765618, 6.370183468], [-76.206771545, 6.370241007], [-76.2067716, 6.370249919], [-76.206772404, 6.370379313], [-76.206772407, 6.370379656], [-76.206772733, 6.370432116], [-76.20679351, 6.370460327], [-76.20679417, 6.370461224], [-76.206840823, 6.37051308], [-76.20686811, 6.370546503], [-76.206886914, 6.370569535], [-76.206922379, 6.370635759], [-76.20697695, 6.370739468], [-76.20703646, 6.370835365], [-76.207080569, 6.370887242], [-76.207113536, 6.370909773], [-76.207157148, 6.370916766], [-76.207215809, 6.370912208], [-76.20727857, 6.370898063], [-76.207336684, 6.370886058], [-76.207432291, 6.370858086], [-76.207482602, 6.370838854], [-76.207519118, 6.370811581], [-76.207523411, 6.370808376], [-76.207551252, 6.370780174], [-76.20758784, 6.37075656], [-76.207621768, 6.37074501], [-76.207636759, 6.370743553], [-76.207659448, 6.370741347], [-76.207692615, 6.370741141], [-76.207730448, 6.370746308], [-76.207762242, 6.370751717], [-76.207792432, 6.370757562], [-76.207812426, 6.370761433], [-76.207861387, 6.370761129], [-76.207928949, 6.37075872], [-76.207949653, 6.370754602], [-76.207948676, 6.37075862], [-76.207922125, 6.370793212], [-76.207884023, 6.370814489], [-76.207823003, 6.370839732], [-76.207744755, 6.370861257], [-76.207699285, 6.370891931], [-76.207611364, 6.370960863], [-76.207569985, 6.371040216], [-76.207549349, 6.37110346], [-76.207526695, 6.371149505], [-76.207502092, 6.371189822], [-76.207492688, 6.371214744], [-76.207508148, 6.371241425], [-76.207534923, 6.37124317], [-76.207561676, 6.371241092], [-76.20757279, 6.371235792], [-76.207668613, 6.371202291], [-76.207667761, 6.371206254], [-76.207662997, 6.371211724], [-76.207648171, 6.371236339], [-76.207634466, 6.371264194], [-76.2076288, 6.371288972], [-76.2076255, 6.371315575], [-76.207616991, 6.371343864], [-76.207593262, 6.371410438], [-76.207571527, 6.371456006], [-76.207542504, 6.371509328], [-76.207524074, 6.371538702], [-76.207499806, 6.371567565], [-76.207489076, 6.371578485], [-76.207479752, 6.371586183], [-76.207460951, 6.371601705], [-76.207423915, 6.371615863], [-76.207397058, 6.37161603], [-76.207365547, 6.371606543], [-76.207332284, 6.371590825], [-76.207229831, 6.371533299], [-76.207121693, 6.371468734], [-76.207087164, 6.371444187], [-76.207051823, 6.371419062], [-76.206990364, 6.37136386], [-76.206931936, 6.371301908], [-76.206871529, 6.371238152], [-76.206868819, 6.371235292], [-76.20670361, 6.371044872], [-76.206656128, 6.371000831], [-76.206630444, 6.370977007], [-76.206599555, 6.370955661], [-76.206570153, 6.370937196], [-76.206565609, 6.370934343], [-76.206539354, 6.370923046], [-76.206506688, 6.370912949], [-76.206471154, 6.37091317], [-76.206445172, 6.370918537]]]}}, {"type": "Feature", "properties": {"Proyecto": "Puente La Loma Urrao", "Municipio": "Urrao", "sector": "R", "Matricula": "035-11464", "terreno_co": "058470001000000470019000000000", "Propietari": null, "ABS": null, "Area_Total": 0.0, "Area_Req": 0.0, "Area_Rem": 0.0, "AreaSobran": 0.0, "Shape_Leng": 0.0, "Shape_Area": 0.0}, "geometry": {"type": "MultiPolygon", "coordinates": [[[[-76.209531369, 6.370666682], [-76.209484081, 6.370643394], [-76.209444353, 6.370634381], [-76.209401791, 6.370627139], [-76.209373837, 6.370624862], [-76.209332134, 6.370621463], [-76.209237288, 6.370616125], [-76.209183794, 6.37060866], [-76.20914069, 6.370593077], [-76.209117192, 6.370584581], [-76.209037551, 6.370562707], [-76.208994847, 6.370557797], [-76.208954445, 6.370556701], [-76.208922623, 6.370563831], [-76.208885775, 6.370575346], [-76.208879205, 6.370577399], [-76.20879738, 6.370598993], [-76.208743668, 6.370608484], [-76.208739705, 6.370608798], [-76.208696062, 6.370612267], [-76.208643736, 6.370616163], [-76.208578973, 6.370620234], [-76.208524222, 6.370630325], [-76.208498049, 6.370634041], [-76.208417811, 6.370634273], [-76.208310616, 6.370639175], [-76.208302933, 6.370640464], [-76.208191377, 6.370659178], [-76.208186042, 6.370659756], [-76.208097182, 6.370669386], [-76.208031157, 6.370683415], [-76.207970229, 6.370695237], [-76.207922661, 6.370704695], [-76.207860253, 6.37070692], [-76.207817454, 6.370707187], [-76.207771934, 6.370698374], [-76.207738658, 6.370692712], [-76.207729743, 6.370691494], [-76.207762235, 6.370556099], [-76.207769547, 6.370522353], [-76.207788033, 6.370437044], [-76.207832276, 6.370299384], [-76.207864692, 6.370191661], [-76.207876173, 6.370078045], [-76.207863891, 6.370010834], [-76.207860892, 6.369994427], [-76.207842685, 6.369925764], [-76.207830504, 6.36986903], [-76.20783317, 6.369791315], [-76.207844862, 6.369728505], [-76.207840259, 6.369609801], [-76.207854323, 6.369542798], [-76.207901629, 6.369552552], [-76.207900094, 6.369516513], [-76.207890691, 6.369467849], [-76.207902494, 6.369441316], [-76.207931656, 6.369451789], [-76.207964244, 6.369456], [-76.20799125, 6.369459488], [-76.208012313, 6.369431594], [-76.208007695, 6.36941732], [-76.207992203, 6.36936944], [-76.208010656, 6.369350825], [-76.208043761, 6.36935466], [-76.208087795, 6.369364908], [-76.208125791, 6.369346377], [-76.208152186, 6.36932773], [-76.208148101, 6.369299938], [-76.208101732, 6.369289535], [-76.20807888, 6.369260151], [-76.208065804, 6.369243338], [-76.208086741, 6.369184988], [-76.208107809, 6.369158417], [-76.208127712, 6.369170252], [-76.208165036, 6.369165887], [-76.208175099, 6.369106495], [-76.208190856, 6.369075973], [-76.208229098, 6.369041387], [-76.208259735, 6.369040547], [-76.208286006, 6.369039828], [-76.208321616, 6.369009225], [-76.20828313, 6.368984224], [-76.208233384, 6.368961935], [-76.208212848, 6.368952734], [-76.208231215, 6.368912932], [-76.208285352, 6.368846961], [-76.208299732, 6.368890339], [-76.20833074, 6.368875866], [-76.208378505, 6.368868497], [-76.208409494, 6.368849241], [-76.208430393, 6.368817116], [-76.208430359, 6.368808988], [-76.208429855, 6.368802295], [-76.20842357, 6.368785107], [-76.208429748, 6.368776475], [-76.208436416, 6.368770709], [-76.208448816, 6.368764441], [-76.208464082, 6.368757204], [-76.20848175, 6.368753308], [-76.208507549, 6.368750331], [-76.208517631, 6.36876129], [-76.20852197, 6.368770357], [-76.208524375, 6.368774171], [-76.208537292, 6.368776988], [-76.208550673, 6.368776453], [-76.208563087, 6.368773534], [-76.208578204, 6.368751462], [-76.20859633, 6.36880064], [-76.20868017, 6.368848114], [-76.208740149, 6.36890465], [-76.208782191, 6.368958272], [-76.208809286, 6.369008968], [-76.208827466, 6.369071653], [-76.208848624, 6.369131337], [-76.20886983, 6.369202978], [-76.208891786, 6.369244493], [-76.20894828, 6.36928478], [-76.209080109, 6.36934851], [-76.209219091, 6.369409805], [-76.209389199, 6.369480468], [-76.209540011, 6.369522563], [-76.209653918, 6.369540829], [-76.209683536, 6.369545578], [-76.209807988, 6.369575882], [-76.209934919, 6.369620516], [-76.210049872, 6.369660444], [-76.210151142, 6.369676338], [-76.210256211, 6.369670623], [-76.210370882, 6.369665129], [-76.210452026, 6.369672874], [-76.210511958, 6.369678595], [-76.210588523, 6.369693897], [-76.210647999, 6.369727953], [-76.210707546, 6.369773484], [-76.210770918, 6.369818993], [-76.210813105, 6.369839768], [-76.210859092, 6.369856695], [-76.210905809, 6.369868757], [-76.210938082, 6.369871321], [-76.210947411, 6.369947926], [-76.210935892, 6.370052574], [-76.210948064, 6.370106319], [-76.210952712, 6.370270669], [-76.21095366, 6.370304142], [-76.210944385, 6.370373517], [-76.210932772, 6.370454855], [-76.210883268, 6.370589018], [-76.210856567, 6.370633958], [-76.21082098, 6.370696865], [-76.210806117, 6.370724082], [-76.21079283, 6.370750103], [-76.210774201, 6.370740004], [-76.210743557, 6.370730459], [-76.210704745, 6.370724013], [-76.21066353, 6.370724269], [-76.210626909, 6.370736298], [-76.210553833, 6.37075535], [-76.21052613, 6.370759791], [-76.21049991, 6.370759954], [-76.210470446, 6.370754046], [-76.210439475, 6.37074145], [-76.210382562, 6.370710538], [-76.210319751, 6.370672875], [-76.210281298, 6.370658556], [-76.210244531, 6.370649264], [-76.210189527, 6.370648265], [-76.210163911, 6.370653311], [-76.210136303, 6.370664623], [-76.210114848, 6.370674541], [-76.210081528, 6.370694577], [-76.20996934, 6.370760988], [-76.209930914, 6.370775539], [-76.20988713, 6.370787879], [-76.209848503, 6.370790268], [-76.209806573, 6.370788262], [-76.209766733, 6.370783958], [-76.209765315, 6.370783675], [-76.209763948, 6.370783681], [-76.209762902, 6.370783194], [-76.209730337, 6.370776697], [-76.209700666, 6.370763139], [-76.209628707, 6.370722809], [-76.209611893, 6.370715452], [-76.209585978, 6.370698787], [-76.20953586, 6.370668893], [-76.209531369, 6.370666682]]], [[[-76.208198781, 6.370712907], [-76.208253332, 6.370703755], [-76.208247662, 6.370706963], [-76.208197235, 6.370791838], [-76.208175986, 6.370816955], [-76.208116825, 6.370881585], [-76.208074183, 6.370918948], [-76.208011979, 6.370971267], [-76.207956688, 6.371012689], [-76.207889252, 6.371057496], [-76.207842107, 6.371086445], [-76.20775362, 6.371141037], [-76.207684751, 6.371186748], [-76.207668613, 6.371202291], [-76.20757279, 6.371235792], [-76.207561676, 6.371241092], [-76.207534923, 6.37124317], [-76.207508148, 6.371241425], [-76.207492688, 6.371214744], [-76.207502092, 6.371189822], [-76.207526695, 6.371149505], [-76.207549349, 6.37110346], [-76.207569985, 6.371040216], [-76.207611364, 6.370960863], [-76.207699285, 6.370891931], [-76.207744755, 6.370861257], [-76.207823003, 6.370839732], [-76.207884023, 6.370814489], [-76.207922125, 6.370793212], [-76.207948676, 6.37075862], [-76.207949653, 6.370754602], [-76.20798067, 6.370748435], [-76.208041946, 6.370736545], [-76.20810575, 6.370722989], [-76.208152055, 6.370717971], [-76.208198781, 6.370712907]]], [[[-76.209110059, 6.372059055], [-76.209004901, 6.372057319], [-76.208911767, 6.372067462], [-76.20882353, 6.3720967], [-76.208721132, 6.372154715], [-76.208604443, 6.372219991], [-76.208445097, 6.372342912], [-76.208302479, 6.372465728], [-76.208197975, 6.372569181], [-76.208081583, 6.37268227], [-76.208007787, 6.372728154], [-76.207969612, 6.372737955], [-76.207871638, 6.372738565], [-76.207787943, 6.372729522], [-76.207720855, 6.37270125], [-76.20764403, 6.372644351], [-76.207559918, 6.37256837], [-76.207492429, 6.372475551], [-76.207403404, 6.372378084], [-76.2072323, 6.372147246], [-76.207193207, 6.372110181], [-76.20715413, 6.372053715], [-76.207058156, 6.371961462], [-76.206938099, 6.37182448], [-76.20672224, 6.371637087], [-76.206689978, 6.371578081], [-76.206683111, 6.371565521], [-76.206565845, 6.371380708], [-76.206511421, 6.371222535], [-76.206455805, 6.371151917], [-76.206436347, 6.37112721], [-76.206427065, 6.371049542], [-76.206432424, 6.370982303], [-76.206447971, 6.370973316], [-76.206476856, 6.37096735], [-76.206498083, 6.370967218], [-76.206498673, 6.370967214], [-76.206520597, 6.370973991], [-76.206540348, 6.37098249], [-76.206569737, 6.371000944], [-76.206596449, 6.371019405], [-76.206664612, 6.37108263], [-76.206677665, 6.371097674], [-76.206821012, 6.371262896], [-76.206828673, 6.371271727], [-76.206892565, 6.371339158], [-76.206952491, 6.371402701], [-76.207017917, 6.371461467], [-76.207070555, 6.371498888], [-76.207092065, 6.371514179], [-76.20720268, 6.371580223], [-76.207228532, 6.371594738], [-76.207300023, 6.371634879], [-76.207307419, 6.371639032], [-76.207346059, 6.371657293], [-76.207359356, 6.371661295], [-76.207362823, 6.37166234], [-76.207389247, 6.371670294], [-76.207434079, 6.371670015], [-76.207488591, 6.371649176], [-76.207532433, 6.37161298], [-76.20756797, 6.371570716], [-76.207589293, 6.371536728], [-76.207619811, 6.371480661], [-76.207643368, 6.371431272], [-76.207668492, 6.371360792], [-76.207678714, 6.371326804], [-76.207682239, 6.371298378], [-76.207685881, 6.371282455], [-76.207695774, 6.371262348], [-76.207706966, 6.371243767], [-76.207720804, 6.37122788], [-76.207782829, 6.37118671], [-76.207870504, 6.371132621], [-76.207962008, 6.371076431], [-76.208045683, 6.371013749], [-76.208109475, 6.370960092], [-76.208154773, 6.370920402], [-76.208216665, 6.370852789], [-76.208279736, 6.370778239], [-76.208310312, 6.370751537], [-76.208355652, 6.370727415], [-76.208403074, 6.370711272], [-76.208463851, 6.370693654], [-76.208532942, 6.370683844], [-76.208585606, 6.370674139], [-76.208647446, 6.37067025], [-76.208700219, 6.370666321], [-76.208750542, 6.370662322], [-76.208809023, 6.370651989], [-76.208894202, 6.37062951], [-76.208936647, 6.370616245], [-76.208959711, 6.370611079], [-76.208991013, 6.370611928], [-76.209027224, 6.37061609], [-76.209100785, 6.370636295], [-76.209170702, 6.370661573], [-76.209232015, 6.370670128], [-76.209328411, 6.370675554], [-76.209395036, 6.370680982], [-76.20943381, 6.370687579], [-76.209465873, 6.370694854], [-76.209509976, 6.370716574], [-76.209560927, 6.370746963], [-76.209676125, 6.370811527], [-76.209713557, 6.370828631], [-76.20975851, 6.370837599], [-76.209802366, 6.370842337], [-76.209848881, 6.370844562], [-76.20989625, 6.370841633], [-76.209947886, 6.370827081], [-76.209992904, 6.370810033], [-76.210109284, 6.37074114], [-76.210140246, 6.370722523], [-76.210175284, 6.370706326], [-76.210194323, 6.370702575], [-76.210237308, 6.370703356], [-76.210265163, 6.370710396], [-76.210296172, 6.370721942], [-76.210355692, 6.370757632], [-76.210416272, 6.370790537], [-76.210454778, 6.370806197], [-76.2104947, 6.370814202], [-76.210530611, 6.370813978], [-76.210564978, 6.370808469], [-76.210642209, 6.370788335], [-76.210672363, 6.37077843], [-76.210700445, 6.370778255], [-76.210731007, 6.370783331], [-76.210753037, 6.370790193], [-76.210766274, 6.370797369], [-76.21073204, 6.370861607], [-76.210669567, 6.370924625], [-76.210645478, 6.370940836], [-76.210607007, 6.370966726], [-76.210502724, 6.371032905], [-76.210481143, 6.371055956], [-76.210453135, 6.37108587], [-76.210452161, 6.37108691], [-76.210404613, 6.371146878], [-76.210339348, 6.371257726], [-76.210312636, 6.371299677], [-76.21027995, 6.371341653], [-76.210274183, 6.371392483], [-76.210283367, 6.371446239], [-76.210286613, 6.371508988], [-76.210262901, 6.371553915], [-76.210227435, 6.371646708], [-76.210197796, 6.371703614], [-76.210153568, 6.371844262], [-76.210163059, 6.371972735], [-76.210180024, 6.372030046], [-76.210165962, 6.37209705], [-76.210159058, 6.372161631], [-76.210154505, 6.372216642], [-76.210188259, 6.372288229], [-76.210216996, 6.372302456], [-76.21026247, 6.372319004], [-76.210296114, 6.372364292], [-76.210300057, 6.372444406], [-76.210267621, 6.372456388], [-76.210249771, 6.372474392], [-76.210226133, 6.37253725], [-76.210199494, 6.372597133], [-76.210172918, 6.372671959], [-76.210104494, 6.37274098], [-76.210059882, 6.372788982], [-76.209976386, 6.37282519], [-76.209970694, 6.37283587], [-76.209958262, 6.372804468], [-76.209933965, 6.372740069], [-76.209890639, 6.372690133], [-76.209828286, 6.372654661], [-76.209773072, 6.372614361], [-76.209715349, 6.372554952], [-76.209645471, 6.372462149], [-76.209587555, 6.372371661], [-76.209527383, 6.372302704], [-76.209464896, 6.372245714], [-76.209373645, 6.37217456], [-76.209280124, 6.372122547], [-76.209213021, 6.372091884], [-76.209110059, 6.372059055]]]]}}, {"type": "Feature", "properties": {"Proyecto": "Puente La Loma Urrao", "Municipio": "Urrao", "sector": "R", "Matricula": "035-10276", "terreno_co": "058470001000000470137000000000", "Propietari": null, "ABS": null, "Area_Total": 0.0, "Area_Req": 0.0, "Area_Rem": 0.0, "AreaSobran": 0.0, "Shape_Leng": 0.0, "Shape_Area": 0.0}, "geometry": {"type": "Polygon", "coordinates": [[[-76.207275992, 6.373959846], [-76.207368487, 6.373881992], [-76.207420671, 6.373835002], [-76.207459479, 6.373797203], [-76.207461913, 6.373794101], [-76.207492935, 6.373750675], [-76.20751125, 6.3737159], [-76.207527828, 6.373684424], [-76.207550424, 6.373613608], [-76.207554863, 6.373588285], [-76.207557722, 6.373571979], [-76.207559433, 6.373562219], [-76.207562179, 6.373509982], [-76.207560309, 6.373468136], [-76.207556857, 6.373453742], [-76.207548843, 6.373420319], [-76.207526614, 6.373361096], [-76.207515407, 6.373343281], [-76.207498167, 6.373315874], [-76.207456234, 6.373259676], [-76.207402074, 6.373197252], [-76.207349039, 6.373150677], [-76.207269779, 6.373075211], [-76.207259381, 6.373065966], [-76.207125095, 6.37294656], [-76.207050036, 6.372880944], [-76.206646739, 6.372508087], [-76.206381257, 6.372269076], [-76.206337797, 6.37222995], [-76.206184724, 6.372097266], [-76.206095481, 6.372020434], [-76.206082668, 6.372009404], [-76.205983517, 6.371938859], [-76.205915502, 6.371890681], [-76.205817353, 6.371839389], [-76.205672411, 6.371780229], [-76.205645716, 6.371768574], [-76.2057163, 6.371396945], [-76.206030316, 6.371214724], [-76.206163449, 6.371137772], [-76.206185993, 6.371175791], [-76.206404684, 6.371544589], [-76.206568927, 6.371786679], [-76.206752761, 6.371964686], [-76.206974241, 6.372177848], [-76.207175987, 6.372419784], [-76.207322429, 6.372624429], [-76.207480416, 6.372773443], [-76.207501814, 6.372793626], [-76.207676597, 6.372916494], [-76.207961642, 6.373030081], [-76.208082954, 6.373025164], [-76.208294536, 6.372977944], [-76.208428601, 6.372856006], [-76.208604149, 6.372630168], [-76.208808303, 6.372386558], [-76.208951417, 6.372319757], [-76.209149883, 6.37230128], [-76.209340253, 6.372459397], [-76.209453651, 6.372675211], [-76.209564056, 6.372780485], [-76.209624186, 6.372837822], [-76.209723975, 6.372963208], [-76.209792825, 6.373075479], [-76.209800437, 6.373316008], [-76.209801084, 6.373472701], [-76.209748588, 6.373581061], [-76.209541663, 6.373679875], [-76.209510715, 6.373700091], [-76.209420139, 6.373757846], [-76.20936302, 6.373815463], [-76.209286742, 6.373863596], [-76.209229564, 6.373906868], [-76.209177204, 6.373959684], [-76.209120006, 6.373998174], [-76.209062769, 6.374027101], [-76.208995953, 6.374051286], [-76.208952955, 6.374056244], [-76.208924198, 6.374037237], [-76.208895344, 6.37399432], [-76.20886169, 6.37394664], [-76.208780277, 6.373908721], [-76.208675027, 6.373885246], [-76.208569875, 6.37388568], [-76.208197357, 6.373958945], [-76.20809256, 6.374045449], [-76.207992483, 6.374117588], [-76.207925786, 6.374170463], [-76.207854326, 6.37422814], [-76.20778757, 6.37426667], [-76.20772093, 6.374333889], [-76.207697327, 6.374405714], [-76.207692726, 6.37444877], [-76.207688201, 6.374510951], [-76.207512104, 6.374693386], [-76.207486475, 6.374728947], [-76.207436061, 6.374798899], [-76.207393301, 6.374861239], [-76.20735532, 6.37492356], [-76.207307701, 6.374966791], [-76.207255261, 6.375000481], [-76.207212402, 6.375038912], [-76.207140944, 6.375096587], [-76.207069506, 6.375159046], [-76.207055541, 6.375249958], [-76.2070223, 6.375302695], [-76.207008158, 6.375350572], [-76.206998874, 6.375417554], [-76.207003891, 6.375474916], [-76.207004165, 6.375541859], [-76.20700934, 6.375637475], [-76.207023935, 6.375699577], [-76.207048012, 6.375742515], [-76.207057669, 6.375766384], [-76.207072204, 6.375814142], [-76.207081846, 6.37589781], [-76.207079461, 6.375893012], [-76.206893023, 6.375886608], [-76.206778267, 6.375876323], [-76.206598911, 6.375848372], [-76.206475268, 6.375820975], [-76.206404305, 6.375805251], [-76.20637645, 6.375799079], [-76.20622998, 6.375756845], [-76.206229295, 6.375756654], [-76.206220268, 6.375754316], [-76.206224742, 6.375743208], [-76.206256301, 6.375693867], [-76.206325105, 6.375608502], [-76.20638399, 6.375532823], [-76.206408587, 6.375498392], [-76.206415286, 6.375489014], [-76.206437121, 6.37544943], [-76.206459561, 6.37538996], [-76.206478449, 6.37532299], [-76.206494297, 6.375248436], [-76.206501088, 6.375216488], [-76.206530091, 6.375045876], [-76.206549115, 6.374963389], [-76.206577976, 6.37487494], [-76.206594166, 6.374832776], [-76.20660239, 6.374811359], [-76.206639058, 6.374742403], [-76.206679949, 6.374680204], [-76.20674764, 6.374597623], [-76.206870254, 6.374474849], [-76.206946857, 6.374401644], [-76.206978887, 6.374363011], [-76.207011532, 6.374314867], [-76.207078407, 6.374202258], [-76.207154971, 6.374083671], [-76.207205085, 6.37402604], [-76.207275992, 6.373959846]]]}}, {"type": "Feature", "properties": {"Proyecto": "Puente La Loma Urrao", "Municipio": "Urrao", "sector": "R", "Matricula": "035-3460", "terreno_co": "058470001000000470140000000000", "Propietari": null, "ABS": null, "Area_Total": 0.0, "Area_Req": 0.0, "Area_Rem": 0.0, "AreaSobran": 0.0, "Shape_Leng": 0.0, "Shape_Area": 0.0}, "geometry": {"type": "MultiPolygon", "coordinates": [[[[-76.204727354, 6.371664388], [-76.204726205, 6.37165687], [-76.204719253, 6.371509652], [-76.204715702, 6.371434448], [-76.204712236, 6.371361079], [-76.204817511, 6.371290713], [-76.20510101, 6.37102912], [-76.205276896, 6.37088494], [-76.205472656, 6.370745093], [-76.205684502, 6.370761874], [-76.205933702, 6.370877364], [-76.205962992, 6.370890939], [-76.206028195, 6.370965117], [-76.206129223, 6.371080052], [-76.206135799, 6.371091142], [-76.206077093, 6.371125075], [-76.206003167, 6.371167805], [-76.205729678, 6.371326508], [-76.205386517, 6.371525641], [-76.205179851, 6.371632783], [-76.205148457, 6.371641079], [-76.205063778, 6.371645767], [-76.204954, 6.371651843], [-76.204901329, 6.371656013], [-76.204876828, 6.371656114], [-76.204727354, 6.371664388]]], [[[-76.205412593, 6.371573183], [-76.2057163, 6.371396945], [-76.205645716, 6.371768574], [-76.205633396, 6.371765025], [-76.205559371, 6.371739183], [-76.205351284, 6.371676986], [-76.205307515, 6.3716656], [-76.205262739, 6.371650873], [-76.205412593, 6.371573183]]]]}}, {"type": "Feature", "properties": {"Proyecto": "Puente Churimbo", "Municipio": "Santa Fe de Antioquia", "sector": "R", "Matricula": "024-5689", "terreno_co": "050420001000000340116000000000", "Propietari": null, "ABS": null, "Area_Total": 0.0, "Area_Req": 0.0, "Area_Rem": 0.0, "AreaSobran": 0.0, "Shape_Leng": 0.0, "Shape_Area": 116570.346765}, "geometry": {"type": "Polygon", "coordinates": [[[-75.976736117, 6.599766893], [-75.97674696, 6.599766747], [-75.976813911, 6.599793857], [-75.976882363, 6.599815106], [-75.9769191, 6.599820019], [-75.976919441, 6.599823606], [-75.976912311, 6.599883104], [-75.976912956, 6.599886436], [-75.976918612, 6.599915654], [-75.976919441, 6.599919937], [-75.976920342, 6.599978272], [-75.97697078, 6.600004934], [-75.977014988, 6.600047433], [-75.977038646, 6.600086767], [-75.977088442, 6.60012628], [-75.977120709, 6.600305087], [-75.977142689, 6.600547086], [-75.977279962, 6.600651815], [-75.977470077, 6.600808969], [-75.977544259, 6.600934989], [-75.977608154, 6.601124201], [-75.97768594, 6.601211165], [-75.977629375, 6.601242399], [-75.977432083, 6.601193979], [-75.977140733, 6.601239926], [-75.97679895, 6.601291668], [-75.976642063, 6.601314683], [-75.976576519, 6.601768889], [-75.976261119, 6.601602021], [-75.976053498, 6.601552373], [-75.975901982, 6.601513721], [-75.975772976, 6.601497398], [-75.975317876, 6.601498981], [-75.975087958, 6.601483043], [-75.974897306, 6.601472561], [-75.974683993, 6.601400516], [-75.974522079, 6.601431357], [-75.974289573, 6.601453024], [-75.973986519, 6.601370111], [-75.973726014, 6.601295429], [-75.973492471, 6.601182948], [-75.973373869, 6.601473121], [-75.973199042, 6.601889474], [-75.97312459, 6.602192075], [-75.972992665, 6.60229335], [-75.972816855, 6.602451478], [-75.972777323, 6.60245657], [-75.972770378, 6.602361901], [-75.97273158, 6.602292014], [-75.972696272, 6.602218611], [-75.972601335, 6.602124426], [-75.972524059, 6.602068692], [-75.972439737, 6.602002479], [-75.972365857, 6.601918719], [-75.97220026, 6.601753719], [-75.972116005, 6.601705014], [-75.972031697, 6.601642304], [-75.97198604, 6.601610962], [-75.971961294, 6.601551526], [-75.971925493, 6.60134856], [-75.971907289, 6.60121761], [-75.971875484, 6.601144194], [-75.971682299, 6.601232762], [-75.971591238, 6.60123661], [-75.971482609, 6.601226517], [-75.97134942, 6.601206013], [-75.971254751, 6.601181861], [-75.971138685, 6.601166334], [-75.971125274, 6.600964157], [-75.971086912, 6.600850549], [-75.971023192, 6.600718079], [-75.970984756, 6.600585512], [-75.97093988, 6.600421373], [-75.970913234, 6.600318301], [-75.970943921, 6.600202613], [-75.970903413, 6.60007386], [-75.970871933, 6.599980635], [-75.970838051, 6.599922788], [-75.97082112, 6.599894797], [-75.970797385, 6.599847023], [-75.970835331, 6.599859902], [-75.970928963, 6.59989168], [-75.971031782, 6.599932342], [-75.971122296, 6.599977156], [-75.97124574, 6.600042368], [-75.971436909, 6.600222704], [-75.971511044, 6.600279895], [-75.971605556, 6.600295956], [-75.971691731, 6.600279208], [-75.971790161, 6.600245993], [-75.97185991, 6.600229306], [-75.971950142, 6.600200227], [-75.972069152, 6.600179247], [-75.972155264, 6.60014608], [-75.972229009, 6.600100642], [-75.972290465, 6.600063462], [-75.972393127, 6.600063072], [-75.972483533, 6.600079148], [-75.97257962, 6.600049606], [-75.972645261, 6.600032935], [-75.972727531, 6.600069569], [-75.972846604, 6.60006501], [-75.97288339, 6.600019713], [-75.972932575, 6.599994895], [-75.97298599, 6.600002902], [-75.973031333, 6.600047887], [-75.973084763, 6.60006], [-75.973138087, 6.600043376], [-75.973215923, 6.599993818], [-75.973269135, 6.599948458], [-75.973318333, 6.599927746], [-75.973400525, 6.599943854], [-75.97347032, 6.599939483], [-75.973544112, 6.59990636], [-75.973630237, 6.599889259], [-75.97367653, 6.599896791], [-75.973717808, 6.599937743], [-75.97376153, 6.599945286], [-75.973810247, 6.599896256], [-75.97387093, 6.599816299], [-75.973950576, 6.599787857], [-75.974081986, 6.599801426], [-75.974138531, 6.599866869], [-75.974218658, 6.599965052], [-75.974308259, 6.600086647], [-75.974378558, 6.60006762], [-75.974444236, 6.60006737], [-75.97464271, 6.59994432], [-75.97477378, 6.599868783], [-75.974853427, 6.599840341], [-75.974937745, 6.599807191], [-75.975092683, 6.599839429], [-75.975149266, 6.599914251], [-75.975158933, 6.599989253], [-75.975149872, 6.600073705], [-75.97525774, 6.600150424], [-75.975399905, 6.600130923], [-75.975542651, 6.600263095], [-75.975722639, 6.600215011], [-75.975864552, 6.600129153], [-75.976079451, 6.600051549], [-75.976153663, 6.6000141], [-75.97620227, 6.599965137], [-75.976246224, 6.599913868], [-75.976285493, 6.599853325], [-75.97629016, 6.599838465], [-75.976320488, 6.599834939], [-75.976404627, 6.599826439], [-75.976464522, 6.599803773], [-75.97650512, 6.599761863], [-75.976524525, 6.59977576], [-75.97658491, 6.599768562], [-75.976622086, 6.599768421], [-75.976650385, 6.599768041], [-75.976687289, 6.599767547], [-75.976736117, 6.599766893]]]}}, {"type": "Feature", "properties": {"Proyecto": "Puente Churimbo", "Municipio": "Santa Fe de Antioquia", "sector": "R", "Matricula": "024-12770", "terreno_co": "050420001000000340065000000000", "Propietari": null, "ABS": null, "Area_Total": 0.0, "Area_Req": 0.0, "Area_Rem": 0.0, "AreaSobran": 0.0, "Shape_Leng": 0.0, "Shape_Area": 124124.433751}, "geometry": {"type": "Polygon", "coordinates": [[[-75.9769191, 6.599820019], [-75.976882363, 6.599815106], [-75.976813911, 6.599793857], [-75.97674696, 6.599766747], [-75.976736117, 6.599766893], [-75.976692869, 6.599767472], [-75.976622086, 6.599768421], [-75.976593009, 6.599768531], [-75.97658491, 6.599768562], [-75.976524525, 6.59977576], [-75.97650512, 6.599761863], [-75.976464522, 6.599803773], [-75.976404627, 6.599826439], [-75.976320488, 6.599834939], [-75.97629016, 6.599838465], [-75.976285493, 6.599853325], [-75.976246224, 6.599913868], [-75.97620227, 6.599965137], [-75.976153663, 6.6000141], [-75.976079451, 6.600051549], [-75.975864552, 6.600129153], [-75.975901497, 6.599865215], [-75.975906731, 6.599565653], [-75.975905565, 6.599259741], [-75.97586627, 6.59898584], [-75.975852768, 6.598788322], [-75.975915501, 6.598520407], [-75.975929877, 6.598466905], [-75.975990936, 6.598239696], [-75.976066653, 6.597961821], [-75.976135493, 6.597623777], [-75.976211219, 6.597419544], [-75.976248985, 6.597291936], [-75.976229374, 6.597164545], [-75.976024274, 6.596878531], [-75.975891858, 6.596613623], [-75.975548194, 6.595857563], [-75.975759636, 6.595559244], [-75.97609919, 6.595409193], [-75.976463832, 6.595128154], [-75.976791211, 6.594997156], [-75.977004012, 6.595387872], [-75.977300966, 6.595588088], [-75.977419984, 6.595729762], [-75.97761004, 6.595859321], [-75.977764373, 6.59594164], [-75.978109758, 6.596414081], [-75.978337571, 6.597123848], [-75.978433299, 6.597372205], [-75.978576373, 6.597608539], [-75.978813639, 6.597690541], [-75.97902685, 6.597677884], [-75.979454664, 6.59775865], [-75.979508422, 6.597831953], [-75.979421878, 6.597925841], [-75.979288312, 6.597959762], [-75.979168295, 6.598040411], [-75.979041668, 6.598141133], [-75.978988471, 6.598214845], [-75.978848807, 6.59840249], [-75.978778631, 6.59842685], [-75.978710008, 6.598448244], [-75.97860451, 6.598501479], [-75.978514849, 6.598549371], [-75.978436339, 6.598750437], [-75.978367938, 6.598829947], [-75.978299394, 6.598872476], [-75.978156761, 6.598888869], [-75.978088098, 6.598899698], [-75.977743285, 6.599042174], [-75.977716909, 6.599204185], [-75.97762305, 6.599366453], [-75.977434714, 6.599529081], [-75.977313861, 6.599691451], [-75.977152262, 6.599786515], [-75.977113388, 6.599830689], [-75.976982188, 6.599850522], [-75.976934215, 6.599827327], [-75.9769191, 6.599820019]]]}}, {"type": "Feature", "properties": {"Proyecto": "Puente La Florida Toledo", "Municipio": "Toledo", "sector": "R", "Matricula": "037-37853", "terreno_co": "058190001000000110019000000000", "Propietari": null, "ABS": null, "Area_Total": 0.0, "Area_Req": 0.0, "Area_Rem": 0.0, "AreaSobran": 0.0, "Shape_Leng": 0.0, "Shape_Area": 47766.6212086}, "geometry": {"type": "Polygon", "coordinates": [[[-75.709187516, 7.023358386], [-75.709206394, 7.023302452], [-75.709249543, 7.023234691], [-75.709258313, 7.02319657], [-75.709264505, 7.023183195], [-75.709271401, 7.023168304], [-75.709275981, 7.023158416], [-75.709288625, 7.023138057], [-75.709302517, 7.023110072], [-75.709336701, 7.023068055], [-75.709382346, 7.023029805], [-75.709406346, 7.022984011], [-75.709427849, 7.022904538], [-75.709468402, 7.022865035], [-75.709498831, 7.022839534], [-75.70953817, 7.022816543], [-75.70956988, 7.022793577], [-75.709616845, 7.022769289], [-75.709632892, 7.022753289], [-75.709649469, 7.022719095], [-75.709676358, 7.022678515], [-75.709701715, 7.022654612], [-75.709744579, 7.022635411], [-75.709771606, 7.022634524], [-75.709821709, 7.022639112], [-75.709873454, 7.022658778], [-75.709949814, 7.022635074], [-75.7100381, 7.022556163], [-75.710077311, 7.022513448], [-75.710106625, 7.022454392], [-75.710135939, 7.022395337], [-75.710184842, 7.022310012], [-75.710214122, 7.02224113], [-75.710238443, 7.022196748], [-75.71026627, 7.022145969], [-75.710318304, 7.022018055], [-75.710397001, 7.021918719], [-75.710446075, 7.021882521], [-75.710488486, 7.02181687], [-75.710530818, 7.021728293], [-75.71061236, 7.021597], [-75.710703948, 7.021524628], [-75.710752907, 7.021455677], [-75.710759193, 7.021377051], [-75.710762119, 7.021275509], [-75.710784761, 7.021166929], [-75.710814411, 7.021043889], [-75.710856742, 7.020955312], [-75.710895862, 7.020886396], [-75.710964558, 7.020833753], [-75.71102346, 7.020794246], [-75.711065917, 7.020741696], [-75.711105025, 7.020669504], [-75.711140773, 7.0205744], [-75.711183127, 7.020492372], [-75.711201008, 7.020464693], [-75.711310959, 7.020542168], [-75.711391918, 7.020653286], [-75.711457682, 7.020851102], [-75.711563636, 7.021020928], [-75.711725985, 7.021366939], [-75.71184142, 7.021589337], [-75.712084802, 7.021957245], [-75.712348839, 7.022138896], [-75.712476269, 7.022246758], [-75.712535568, 7.022367235], [-75.712602502, 7.02256716], [-75.712465078, 7.022582481], [-75.712368551, 7.022605079], [-75.712275648, 7.022601692], [-75.712152722, 7.022513074], [-75.712039861, 7.022409719], [-75.711935428, 7.022363228], [-75.711812911, 7.022363655], [-75.711745264, 7.022400334], [-75.711646598, 7.022426572], [-75.711576093, 7.022444755], [-75.711514576, 7.022464186], [-75.711446638, 7.022482361], [-75.71137618, 7.022513355], [-75.71132624, 7.022541715], [-75.711280162, 7.022573906], [-75.711246907, 7.022603489], [-75.711221331, 7.022627923], [-75.711193167, 7.022645957], [-75.711163721, 7.022663997], [-75.711068576, 7.022713362], [-75.710999449, 7.022758445], [-75.710940596, 7.022806054], [-75.710902333, 7.022871529], [-75.71086783, 7.022911366], [-75.710793527, 7.022943656], [-75.710769306, 7.022988582], [-75.710752729, 7.023018107], [-75.710697644, 7.023042642], [-75.710647701, 7.023069721], [-75.710576931, 7.023120718], [-75.710501425, 7.023176072], [-75.710443859, 7.023224958], [-75.710400429, 7.023280201], [-75.710356962, 7.023325196], [-75.710301926, 7.023363822], [-75.71026609, 7.023389572], [-75.710168533, 7.023476188], [-75.710103218, 7.023511008], [-75.710061022, 7.023552153], [-75.710030345, 7.023585572], [-75.709958607, 7.023617851], [-75.70988168, 7.023633494], [-75.709785444, 7.023631266], [-75.709665766, 7.023641015], [-75.709596381, 7.023662914], [-75.709498974, 7.023692722], [-75.709399045, 7.02373535], [-75.709296537, 7.023774143], [-75.709187494, 7.023778366], [-75.709048894, 7.02376988], [-75.709005248, 7.023767909], [-75.709044943, 7.023678851], [-75.709076595, 7.02363938], [-75.709095562, 7.023608841], [-75.709125965, 7.023575722], [-75.709151303, 7.023548969], [-75.709171511, 7.023509538], [-75.709182774, 7.02345744], [-75.709181335, 7.023409199], [-75.709187516, 7.023358386]]]}}, {"type": "Feature", "properties": {"Proyecto": "Puente La Florida Toledo", "Municipio": "Toledo", "sector": "R", "Matricula": "037-48916", "terreno_co": "058190001000000110055000000000", "Propietari": null, "ABS": null, "Area_Total": 0.0, "Area_Req": 0.0, "Area_Rem": 0.0, "AreaSobran": 0.0, "Shape_Leng": 0.0, "Shape_Area": 12472.8951554}, "geometry": {"type": "Polygon", "coordinates": [[[-75.708764951, 7.023219274], [-75.708852564, 7.023176355], [-75.708965462, 7.023151586], [-75.709054592, 7.023149226], [-75.709102128, 7.023161021], [-75.709133027, 7.023161022], [-75.709172243, 7.023155124], [-75.70920433, 7.023157483], [-75.70922691, 7.023162201], [-75.709271401, 7.023168304], [-75.709264505, 7.023183195], [-75.709258313, 7.02319657], [-75.709249543, 7.023234691], [-75.709206394, 7.023302452], [-75.709187516, 7.023358386], [-75.70918301, 7.023395423], [-75.709181335, 7.023409196], [-75.709182774, 7.02345744], [-75.709171511, 7.023509538], [-75.709151303, 7.023548969], [-75.709125965, 7.023575722], [-75.709095562, 7.023608841], [-75.709076595, 7.02363938], [-75.709044943, 7.023678851], [-75.709005248, 7.023767909], [-75.708989784, 7.023802607], [-75.708908582, 7.023838621], [-75.708840405, 7.023877837], [-75.708788472, 7.023910499], [-75.708762584, 7.023949568], [-75.708723763, 7.024011419], [-75.708697852, 7.024043992], [-75.708694803, 7.024102471], [-75.708698236, 7.024154431], [-75.708675625, 7.024199985], [-75.708672518, 7.024242222], [-75.708672654, 7.024281201], [-75.708679353, 7.024336398], [-75.708672983, 7.024375399], [-75.708643864, 7.024420976], [-75.708619195, 7.02448433], [-75.708530409, 7.024550734], [-75.708498581, 7.024587311], [-75.708441574, 7.024603464], [-75.708370856, 7.024615104], [-75.708283734, 7.024424066], [-75.708226456, 7.024249777], [-75.708152112, 7.023914801], [-75.708075453, 7.023740224], [-75.708049764, 7.023681721], [-75.707935238, 7.023384864], [-75.708030542, 7.023378886], [-75.708155331, 7.023379522], [-75.708221266, 7.023348151], [-75.708254895, 7.023315946], [-75.708285818, 7.023275729], [-75.708314575, 7.023228566], [-75.708388605, 7.023182677], [-75.708430309, 7.023162744], [-75.708459185, 7.023149809], [-75.708502048, 7.023155007], [-75.708529953, 7.023170954], [-75.70856858, 7.023190072], [-75.708598541, 7.023181412], [-75.708638459, 7.023190835], [-75.708638522, 7.023209017], [-75.708624663, 7.023227784], [-75.708642362, 7.023235209], [-75.708695365, 7.023229677], [-75.708731965, 7.023224205], [-75.708764951, 7.023219274]]]}}, {"type": "Feature", "properties": {"Proyecto": "Puente El Verdun Jardin", "Municipio": "Jardin", "sector": "R", "Matricula": "004-14015", "terreno_co": "053640001000000100104000000000", "Propietari": null, "ABS": null, "Area_Total": 0.0, "Area_Req": 0.0, "Area_Rem": 0.0, "AreaSobran": 0.0, "Shape_Leng": 0.0, "Shape_Area": 48275.2325398}, "geometry": {"type": "Polygon", "coordinates": [[[-75.851262825, 5.59254267], [-75.851210951, 5.592529553], [-75.85115263, 5.592496933], [-75.851109845, 5.592453896], [-75.851081416, 5.592425287], [-75.851003794, 5.592314626], [-75.850926092, 5.592242966], [-75.850848322, 5.592203803], [-75.850770565, 5.592158142], [-75.850751359, 5.592034604], [-75.850745102, 5.591924093], [-75.850749313, 5.591843107], [-75.85075186, 5.591794112], [-75.850726113, 5.591696558], [-75.85068093, 5.591585967], [-75.850648695, 5.591488402], [-75.850597024, 5.591377796], [-75.850577711, 5.591306258], [-75.85062334, 5.591202355], [-75.850655859, 5.591163425], [-75.850740348, 5.591092101], [-75.8507486, 5.591055256], [-75.850755794, 5.591023128], [-75.850917796, 5.591117755], [-75.851105105, 5.591234259], [-75.851530659, 5.591307897], [-75.85193266, 5.59132073], [-75.852450913, 5.591425755], [-75.852569608, 5.591518044], [-75.852645209, 5.591545274], [-75.852785591, 5.591605124], [-75.852871921, 5.591670274], [-75.85293668, 5.591713724], [-75.853060862, 5.591768127], [-75.853212018, 5.591844242], [-75.853309281, 5.59184986], [-75.853482391, 5.591763593], [-75.853608514, 5.59187895], [-75.853567359, 5.59193597], [-75.853514756, 5.592015804], [-75.853457589, 5.592097915], [-75.853382177, 5.592182272], [-75.85334097, 5.592264416], [-75.853306644, 5.592326015], [-75.853320162, 5.592403705], [-75.853402123, 5.592458696], [-75.853527456, 5.592486368], [-75.853777191, 5.592606239], [-75.853599299, 5.592716752], [-75.853339477, 5.592921953], [-75.853182498, 5.593046153], [-75.852939156, 5.593121445], [-75.852673951, 5.593315807], [-75.852409373, 5.593390038], [-75.852325277, 5.593272866], [-75.852202202, 5.59318161], [-75.852079019, 5.593142355], [-75.852001577, 5.593122785], [-75.85197527, 5.593116138], [-75.851878038, 5.593076937], [-75.851793849, 5.593005261], [-75.851670731, 5.592933505], [-75.851631955, 5.592861926], [-75.851593233, 5.592764348], [-75.851528478, 5.592705713], [-75.851467848, 5.592682205], [-75.851444208, 5.592673039], [-75.851372991, 5.59260139], [-75.851281132, 5.592552425], [-75.851262825, 5.59254267]]]}}, {"type": "Feature", "properties": {"Proyecto": "Puente El Verdun Jardin", "Municipio": "Jardin", "sector": "R", "Matricula": "004-12937", "terreno_co": "053640001000000110112000000000", "Propietari": null, "ABS": null, "Area_Total": 0.0, "Area_Req": 0.0, "Area_Rem": 0.0, "AreaSobran": 0.0, "Shape_Leng": 0.0, "Shape_Area": 19773.7775906}, "geometry": {"type": "Polygon", "coordinates": [[[-75.850520854, 5.592609605], [-75.850415709, 5.592577793], [-75.850366411, 5.592579242], [-75.850318411, 5.592580687], [-75.850254762, 5.592556181], [-75.850220919, 5.592519886], [-75.850183109, 5.592458906], [-75.850141282, 5.592356342], [-75.85013219, 5.592273873], [-75.850113376, 5.592226461], [-75.850105829, 5.592141301], [-75.850117554, 5.592075531], [-75.850094553, 5.591990339], [-75.850048361, 5.591912839], [-75.849990651, 5.591800485], [-75.849909636, 5.591750001], [-75.849874958, 5.591707357], [-75.84982871, 5.591656949], [-75.849763145, 5.591606498], [-75.849682145, 5.591548275], [-75.849643661, 5.591478533], [-75.849639896, 5.591432082], [-75.849640009, 5.591377901], [-75.849605395, 5.591304294], [-75.849605476, 5.591265593], [-75.849609492, 5.591192067], [-75.849632872, 5.591095362], [-75.849578847, 5.591068157], [-75.84950167, 5.591029294], [-75.849428348, 5.590994308], [-75.849393704, 5.590936183], [-75.849362914, 5.590881937], [-75.849366897, 5.590823893], [-75.849378672, 5.590734901], [-75.849347906, 5.590669045], [-75.849324864, 5.590603204], [-75.849329114, 5.59054733], [-75.849858128, 5.590515304], [-75.850552451, 5.590974712], [-75.850532812, 5.59105917], [-75.850506618, 5.591176111], [-75.850486953, 5.591273568], [-75.850493101, 5.591436078], [-75.850538271, 5.591553169], [-75.850570505, 5.591650734], [-75.850576614, 5.591832743], [-75.850596812, 5.591935037], [-75.850608714, 5.591995308], [-75.850627879, 5.592138344], [-75.850744438, 5.592242586], [-75.850847956, 5.592379298], [-75.850932146, 5.592450972], [-75.851016337, 5.592522648], [-75.851056918, 5.592554057], [-75.8510838, 5.59257468], [-75.851108731, 5.592593815], [-75.851093667, 5.592687199], [-75.851068515, 5.592743339], [-75.851029938, 5.592783349], [-75.850969151, 5.592793688], [-75.850839371, 5.592781894], [-75.850697251, 5.592711236], [-75.850615982, 5.592652581], [-75.850520854, 5.592609605]]]}}, {"type": "Feature", "properties": {"Proyecto": "Puente El Verdun Jardin", "Municipio": "Jardin", "sector": "R", "Matricula": "004-7628", "terreno_co": "053640001000000110142000000000", "Propietari": null, "ABS": null, "Area_Total": 0.0, "Area_Req": 0.0, "Area_Rem": 0.0, "AreaSobran": 0.0, "Shape_Leng": 0.0, "Shape_Area": 188818.463818}, "geometry": {"type": "MultiPolygon", "coordinates": [[[[-75.852971382, 5.595520944], [-75.852943271, 5.595505994], [-75.852680032, 5.595273999], [-75.852641157, 5.595237582], [-75.852606714, 5.595196931], [-75.85257716, 5.595152586], [-75.852552886, 5.595105134], [-75.852534214, 5.595055202], [-75.85252139, 5.595003451], [-75.852518358, 5.594953629], [-75.852509527, 5.594904504], [-75.85249502, 5.594856753], [-75.852475036, 5.59481103], [-75.852449848, 5.594767964], [-75.852419804, 5.594728147], [-75.852017681, 5.594358669], [-75.85184085, 5.594230385], [-75.851759014, 5.59417906], [-75.851674333, 5.594132595], [-75.851587095, 5.594091149], [-75.851521616, 5.594061126], [-75.851454088, 5.594036071], [-75.851384885, 5.594016122], [-75.851314392, 5.59400139], [-75.851298269, 5.593994148], [-75.85128344, 5.593984521], [-75.851270255, 5.593972735], [-75.851259025, 5.593959067], [-75.851250012, 5.59394384], [-75.851243429, 5.593927411], [-75.851239432, 5.593910167], [-75.851238113, 5.593892514], [-75.851239692, 5.593873709], [-75.851244308, 5.593855414], [-75.851251837, 5.593838117], [-75.851262079, 5.59382228], [-75.851275694, 5.593806597], [-75.851286666, 5.593788957], [-75.851294719, 5.593769801], [-75.85129965, 5.593749612], [-75.851301337, 5.593728895], [-75.851299562, 5.593707092], [-75.851294193, 5.593685888], [-75.851409798, 5.593694375], [-75.851430626, 5.593694312], [-75.851435461, 5.593672201], [-75.851381447, 5.593583675], [-75.851296779, 5.593432563], [-75.851227568, 5.593277613], [-75.851195303, 5.593161415], [-75.851146962, 5.593002362], [-75.851090941, 5.59283566], [-75.851077239, 5.592803087], [-75.85106807, 5.592757361], [-75.851068512, 5.592743341], [-75.85108781, 5.592700272], [-75.851093667, 5.592687199], [-75.851108731, 5.592593815], [-75.851171794, 5.59263997], [-75.851217245, 5.592665829], [-75.851243597, 5.592680826], [-75.851320834, 5.59272478], [-75.851392145, 5.592750929], [-75.851399434, 5.592759729], [-75.851456857, 5.59282906], [-75.851489134, 5.592907126], [-75.851514949, 5.59297218], [-75.851579635, 5.593063313], [-75.851644389, 5.593121947], [-75.851786955, 5.593200243], [-75.851871252, 5.593219918], [-75.851909084, 5.593235171], [-75.851936075, 5.593246053], [-75.85200091, 5.593265688], [-75.852072301, 5.593252838], [-75.852150044, 5.593305], [-75.852208298, 5.593370119], [-75.852247061, 5.593448199], [-75.852298731, 5.593558803], [-75.852350443, 5.59364991], [-75.852415077, 5.593767042], [-75.852440879, 5.593838594], [-75.852421171, 5.593955551], [-75.852446824, 5.594098602], [-75.852465964, 5.594254639], [-75.852504605, 5.594391215], [-75.852530016, 5.594438122], [-75.852543383, 5.594462796], [-75.852608043, 5.594566927], [-75.852659862, 5.594606035], [-75.852731145, 5.594645182], [-75.852873818, 5.59467148], [-75.852997029, 5.594697737], [-75.853107306, 5.594704467], [-75.853198105, 5.594717656], [-75.853275876, 5.594756819], [-75.853386126, 5.594776548], [-75.853437878, 5.594848154], [-75.853418674, 5.594874972], [-75.85340924, 5.594864019], [-75.85338513, 5.594842375], [-75.853358095, 5.594824533], [-75.853328728, 5.594810885], [-75.853297671, 5.59480173], [-75.853265606, 5.594797267], [-75.853233235, 5.594797596], [-75.85321233, 5.59479924], [-75.853191983, 5.59480432], [-75.853172751, 5.594812694], [-75.853155164, 5.594824134], [-75.853139702, 5.594838325], [-75.85312679, 5.594854879], [-75.853116783, 5.594873341], [-75.853109955, 5.594893205], [-75.853094225, 5.594943615], [-75.853082875, 5.594995192], [-75.853075986, 5.595047555], [-75.853073611, 5.595100317], [-75.85307408, 5.595125625], [-75.853078023, 5.595155651], [-75.853086691, 5.595184665], [-75.85309986, 5.595211925], [-75.853117196, 5.595236735], [-75.853138255, 5.595258461], [-75.853162499, 5.59527655], [-75.853301653, 5.595350729], [-75.853338908, 5.595377738], [-75.853372984, 5.595408675], [-75.853403471, 5.595443167], [-75.853407101, 5.5954519], [-75.853409307, 5.595461097], [-75.853410036, 5.595470529], [-75.853409246, 5.595480093], [-75.853406936, 5.595489406], [-75.853403167, 5.595498229], [-75.853398035, 5.595506332], [-75.853391673, 5.595513506], [-75.853384245, 5.595519566], [-75.853375944, 5.595524355], [-75.853366985, 5.595527749], [-75.853357598, 5.595529661], [-75.853348027, 5.595530041], [-75.853338518, 5.595528879], [-75.853288432, 5.595523166], [-75.853239174, 5.595512431], [-75.853210591, 5.595510068], [-75.853181961, 5.595511787], [-75.853153863, 5.595517552], [-75.853126864, 5.595527247], [-75.853096091, 5.595535381], [-75.853064453, 5.595538842], [-75.853032653, 5.595537553], [-75.853001398, 5.595531542], [-75.852971382, 5.595520944]]], [[[-75.852118983, 5.596496441], [-75.852004767, 5.596269419], [-75.851841682, 5.596320482], [-75.851754634, 5.596090492], [-75.851583627, 5.595854399], [-75.851569949, 5.595842602], [-75.851550388, 5.595865368], [-75.85148055, 5.595910144], [-75.851411702, 5.595943611], [-75.851345751, 5.595968868], [-75.85129407, 5.595989454], [-75.851238942, 5.596022092], [-75.851154067, 5.596076263], [-75.851071175, 5.596121798], [-75.850971144, 5.596172494], [-75.850900669, 5.596205937], [-75.850835357, 5.596222569], [-75.850777934, 5.596235979], [-75.850729068, 5.596244616], [-75.850683033, 5.596271096], [-75.850629648, 5.596311036], [-75.850542445, 5.596332684], [-75.850491933, 5.5963535], [-75.850448653, 5.596379395], [-75.85039137, 5.596418042], [-75.850323952, 5.596446584], [-75.850255375, 5.596480757], [-75.850202051, 5.596513346], [-75.850120655, 5.59657208], [-75.850107375, 5.596588053], [-75.85009173, 5.596601709], [-75.850074118, 5.596612702], [-75.850054987, 5.596620752], [-75.850034823, 5.596625654], [-75.850014137, 5.596627284], [-75.849993455, 5.596625601], [-75.849926885, 5.596602102], [-75.849866423, 5.596571656], [-75.849797959, 5.596535461], [-75.84973168, 5.596514339], [-75.849677115, 5.596510698], [-75.849607455, 5.596519274], [-75.849574304, 5.596530267], [-75.849546909, 5.59655418], [-75.849510478, 5.596568376], [-75.84947568, 5.596571623], [-75.849427798, 5.596580402], [-75.84935658, 5.596623707], [-75.849325407, 5.596643821], [-75.849290469, 5.596717916], [-75.849206131, 5.596789434], [-75.849153099, 5.596773966], [-75.848906587, 5.59662831], [-75.84869777, 5.596418222], [-75.848526488, 5.596218965], [-75.848380912, 5.596108112], [-75.848412387, 5.595795727], [-75.848387895, 5.595580787], [-75.848398279, 5.595385909], [-75.848248753, 5.595330625], [-75.84814915, 5.595255455], [-75.84797986, 5.595110175], [-75.84801008, 5.594970311], [-75.847874624, 5.594911323], [-75.847874916, 5.594771559], [-75.84793452, 5.594492153], [-75.847999367, 5.594271887], [-75.848058578, 5.594180625], [-75.848069433, 5.594121517], [-75.848123503, 5.593922732], [-75.848171293, 5.593867718], [-75.848193422, 5.593842244], [-75.848574821, 5.593628019], [-75.849173789, 5.593400412], [-75.849278262, 5.593360712], [-75.849540688, 5.593266799], [-75.849756151, 5.593189691], [-75.84999249, 5.593066548], [-75.850003477, 5.593057785], [-75.85003598, 5.59309278], [-75.850073235, 5.593122643], [-75.850201721, 5.593244156], [-75.850331626, 5.593338277], [-75.850414534, 5.593385231], [-75.850527699, 5.593452998], [-75.850624397, 5.593486253], [-75.850722145, 5.593516267], [-75.850820836, 5.593543006], [-75.851149947, 5.593637388], [-75.85117661, 5.593637096], [-75.85120292, 5.593641443], [-75.851228079, 5.593650297], [-75.851251324, 5.593663388], [-75.851261169, 5.593678036], [-75.851268399, 5.593694142], [-75.851272807, 5.59371124], [-75.851274266, 5.593728839], [-75.851272874, 5.593745602], [-75.851268805, 5.593761922], [-75.851262163, 5.593777371], [-75.851253124, 5.593791546], [-75.851241924, 5.593804077], [-75.851228739, 5.593823904], [-75.851219033, 5.593845653], [-75.851213079, 5.593868719], [-75.851211042, 5.593892455], [-75.851212719, 5.593914571], [-75.851217799, 5.593936159], [-75.85122616, 5.593956696], [-75.851237599, 5.593975685], [-75.85125184, 5.593992666], [-75.851268538, 5.594007228], [-75.851287289, 5.594019019], [-75.851307638, 5.594027753], [-75.85137691, 5.594042085], [-75.851444909, 5.594061598], [-75.851511249, 5.594086181], [-75.851575556, 5.594115696], [-75.851661446, 5.594156457], [-75.85174482, 5.594202163], [-75.851825393, 5.594252658], [-75.852000537, 5.594379718], [-75.85240026, 5.594746993], [-75.852428246, 5.594784402], [-75.852451669, 5.594824836], [-75.852470207, 5.59486774], [-75.852483605, 5.594912522], [-75.852491679, 5.594958568], [-75.852494318, 5.595005244], [-75.852494317, 5.595005931], [-75.852507711, 5.595061131], [-75.852527385, 5.59511441], [-75.852553076, 5.595165053], [-75.852584438, 5.595212381], [-75.852621052, 5.595255758], [-75.852662425, 5.595294604], [-75.85292696, 5.595527741], [-75.852958997, 5.595545112], [-75.852993284, 5.595557438], [-75.853029037, 5.595564436], [-75.853065433, 5.595565946], [-75.853101641, 5.595561934], [-75.853136828, 5.59555249], [-75.853160064, 5.595543982], [-75.853184266, 5.595538844], [-75.85320895, 5.595537179], [-75.853233622, 5.595539021], [-75.853283944, 5.595549913], [-75.853335087, 5.595555837], [-75.853348767, 5.595557198], [-75.853362489, 5.595556374], [-75.853375909, 5.595553386], [-75.853388689, 5.595548309], [-75.853400506, 5.595541271], [-75.853411063, 5.595532449], [-75.853420095, 5.595522065], [-75.853427373, 5.595510381], [-75.853432716, 5.595497691], [-75.853435988, 5.595484313], [-75.853437107, 5.595470586], [-75.853435894, 5.595455923], [-75.853432226, 5.595441677], [-75.85342621, 5.595428255], [-75.853393117, 5.595390502], [-75.853356004, 5.595356709], [-75.85331534, 5.595327304], [-75.8531761, 5.595253078], [-75.853155548, 5.595237579], [-75.853137703, 5.595219018], [-75.853123013, 5.595197863], [-75.853111848, 5.595174646], [-75.853104491, 5.595149951], [-75.853101124, 5.595124401], [-75.853100684, 5.595100374], [-75.853102984, 5.595049595], [-75.853109658, 5.594999207], [-75.853120655, 5.594949585], [-75.853135892, 5.594901101], [-75.853141183, 5.594885139], [-75.853149076, 5.594870294], [-75.853159346, 5.59485699], [-75.853171703, 5.594845605], [-75.853185794, 5.594836462], [-75.853201218, 5.594829822], [-75.853217536, 5.594825874], [-75.853234285, 5.594824729], [-75.853262531, 5.594824433], [-75.853290457, 5.594828691], [-75.853317337, 5.594837392], [-75.85334247, 5.594850311], [-75.853365203, 5.59486711], [-75.853384944, 5.594887353], [-75.853398326, 5.594903388], [-75.853372811, 5.594939018], [-75.853314302, 5.594997392], [-75.853288149, 5.595094837], [-75.853287987, 5.595172834], [-75.853378692, 5.595231522], [-75.853508363, 5.595270793], [-75.853559036, 5.595313278], [-75.853586081, 5.595335954], [-75.853650794, 5.595414088], [-75.853715482, 5.59550522], [-75.853715266, 5.595609217], [-75.853695573, 5.595719674], [-75.853693021, 5.595727799], [-75.853662919, 5.595823604], [-75.853636847, 5.595882047], [-75.853578336, 5.595940424], [-75.853500469, 5.595946762], [-75.853416105, 5.595959585], [-75.853331683, 5.595998409], [-75.853266685, 5.596056771], [-75.853201592, 5.596160633], [-75.853181873, 5.596284089], [-75.853175195, 5.596375074], [-75.853246369, 5.59646622], [-75.853343551, 5.596531421], [-75.85348613, 5.596603219], [-75.853628723, 5.596668514], [-75.853771275, 5.59675331], [-75.853887878, 5.596838051], [-75.853972014, 5.596935724], [-75.854036784, 5.596987858], [-75.854108012, 5.597053006], [-75.854108338, 5.597053365], [-75.854048718, 5.597086159], [-75.853963457, 5.597128648], [-75.853866052, 5.597158921], [-75.853732204, 5.597161688], [-75.853570957, 5.597173542], [-75.853434067, 5.597176305], [-75.85332755, 5.597200462], [-75.853236243, 5.597224652], [-75.853163143, 5.597270214], [-75.853017103, 5.597112146], [-75.852923597, 5.597084736], [-75.852848303, 5.597008986], [-75.852742876, 5.596908981], [-75.852595126, 5.596842148], [-75.852525622, 5.596791575], [-75.852399247, 5.596699621], [-75.852194109, 5.596653835], [-75.852118983, 5.596496441]]]]}}, {"type": "Feature", "properties": {"Proyecto": "PAP Ituango y Carolina", "Municipio": "Ituango", "sector": "R", "Matricula": "013-7579", "terreno_co": "053610001000000140095000000000", "Propietari": null, "ABS": null, "Area_Total": 0.0, "Area_Req": 0.0, "Area_Rem": 0.0, "AreaSobran": 0.0, "Shape_Leng": 0.0, "Shape_Area": 6518.8}, "geometry": {"type": "Polygon", "coordinates": [[[-75.749165892, 7.166269428], [-75.74928264, 7.166255594], [-75.749341767, 7.166240399], [-75.749419122, 7.166197074], [-75.749402438, 7.166241293], [-75.749350645, 7.166475162], [-75.749304423, 7.166633065], [-75.749182244, 7.166814611], [-75.749054855, 7.167171436], [-75.748821217, 7.167265758], [-75.748624749, 7.167370827], [-75.748465035, 7.167442313], [-75.748368255, 7.167697413], [-75.74828976, 7.167848072], [-75.748052811, 7.167897804], [-75.747911233, 7.167764329], [-75.748082826, 7.167614413], [-75.748219212, 7.167474986], [-75.748322853, 7.167335756], [-75.748406504, 7.167243367], [-75.748485597, 7.167171253], [-75.74859146, 7.167142586], [-75.748747314, 7.167129194], [-75.748890629, 7.167104975], [-75.748923682, 7.16709133], [-75.748956376, 7.167074106], [-75.749024232, 7.167021633], [-75.749075342, 7.166963702], [-75.749118601, 7.166896474], [-75.749146191, 7.166816881], [-75.749161269, 7.16677138], [-75.749165907, 7.166726925], [-75.749170415, 7.166660684], [-75.749172887, 7.166620543], [-75.749167726, 7.166341116], [-75.749165892, 7.166269428]]]}}]}
